[2026-04-21T17:40:26.210] [DEBUG] debug-file - env: nodejsVersion=v18.20.1
[2026-04-21T17:40:26.502] [DEBUG] debug-file - Hvigor init with startParameters:{
  hvigorfileTypeCheck: false,
  parallelExecution: true,
  incrementalExecution: true,
  printStackTrace: false,
  daemon: false,
  analyze: 0,
  logLevel: Level { level: 20000, levelStr: 'INFO', colour: 'green' },
  optimizationStrategy: 'memory',
  hotCompile: undefined,
  hotReloadBuild: undefined,
  customizedParam: undefined
}
[2026-04-21T17:40:27.650] [DEBUG] debug-file - hvigorfile, require result:  { appTasks: [Getter] }
[2026-04-21T17:40:27.652] [DEBUG] debug-file - Starting plugin build process
[2026-04-21T17:40:27.791] [DEBUG] debug-file - App plugin register hook start...
[2026-04-21T17:40:27.792] [DEBUG] debug-file - Start initialize project's product build option map with build mode debug.
[2026-04-21T17:40:27.795] [DEBUG] debug-file - Obtain build option for product 'default'in this build.
[2026-04-21T17:40:27.803] [DEBUG] debug-file - Start recording SDK configuration permission data.
[2026-04-21T17:40:27.858] [DEBUG] debug-file - project has submodules:entry
[2026-04-21T17:40:27.860] [DEBUG] debug-file - start to load updatedOhPackageInfo to the disk
[2026-04-21T17:40:26.211] [DEBUG] debug-file - env: hvigor-config.json5 content = { modelVersion: '5.0.4', dependencies: {} }
[2026-04-21T17:40:27.869] [DEBUG] debug-file - Start to initialize dependency information.
[2026-04-21T17:40:27.877] [DEBUG] debug-file - entry : clean cost memory 0.10977935791015625
[2026-04-21T17:40:27.894] [DEBUG] debug-file - Create  resident worker with id: 0.
[2026-04-21T17:40:27.843] [DEBUG] debug-file - failed to load cangjie to dynamically generate schemas: Error: Cannot find module '@ohos/cangjie-build-support/index'
Require stack:
- D:\HUAWEI\DevEco\DevEco Studio\tools\hvigor\hvigor-ohos-plugin\src\plugin\hooks\cangjie-register.js
- D:\HUAWEI\DevEco\DevEco Studio\tools\hvigor\hvigor-ohos-plugin\src\plugin\strategy\stage-init-strategy.js
- D:\HUAWEI\DevEco\DevEco Studio\tools\hvigor\hvigor-ohos-plugin\src\plugin\builder\abstract-plugin-builder.js
- D:\HUAWEI\DevEco\DevEco Studio\tools\hvigor\hvigor-ohos-plugin\src\plugin\builder\app-plugin-builder.js
- D:\HUAWEI\DevEco\DevEco Studio\tools\hvigor\hvigor-ohos-plugin\src\plugin\factory\plugin-factory.js
- D:\HUAWEI\DevEco\DevEco Studio\tools\hvigor\hvigor-ohos-plugin\index.js
- D:\HUAWEI\Lab2\ndk-opengl-master\hvigorfile.ts
- D:\HUAWEI\DevEco\DevEco Studio\tools\hvigor\hvigor\src\base\internal\lifecycle\configuration.js
- D:\HUAWEI\DevEco\DevEco Studio\tools\hvigor\hvigor\src\base\boot\index.js
- D:\HUAWEI\DevEco\DevEco Studio\tools\hvigor\hvigor\src\cli\main\cli.js
- D:\HUAWEI\DevEco\DevEco Studio\tools\hvigor\hvigor\bin\hvigor.js
[2026-04-21T17:40:26.502] [DEBUG] debug-file - Since current hvigor version 6.22.4 differs from last hvigor version 
      undefined, delete file-cache.json and task-cache.json.
[2026-04-21T17:40:27.650] [DEBUG] debug-file - hvigorfile, binding system plugins { appTasks: [Getter] }
[2026-04-21T17:40:27.652] [DEBUG] debug-file - App plugin prepare start...
[2026-04-21T17:40:27.791] [DEBUG] debug-file - App plugin register hook end...
[2026-04-21T17:40:27.793] [DEBUG] debug-file - Picking option from product 'default' with build mode 'debug'.
[2026-04-21T17:40:27.837] [DEBUG] debug-file - Project task initialization takes 6 ms 
[2026-04-21T17:40:27.796] [DEBUG] debug-file - No signingConfig found, initRemoteHspCache failed.
[2026-04-21T17:40:27.830] [DEBUG] debug-file - Sdk init in 33 ms 
[2026-04-21T17:40:27.865] [DEBUG] debug-file - load to the disk finished
[2026-04-21T17:40:26.213] [DEBUG] debug-file - env: daemon=false
[2026-04-21T17:40:27.872] [DEBUG] debug-file - Module entry Collected Dependency: 
[2026-04-21T17:40:27.853] [DEBUG] debug-file - Start initialize module-target build option map, moduleName=entry, buildMode=debug
[2026-04-21T17:40:27.877] [DEBUG] debug-file - runTaskFromQueue task cost before running: 1 s 382 ms 
[2026-04-21T17:40:27.895] [DEBUG] debug-file - Create  resident worker with id: 1.
[2026-04-21T17:40:26.503] [DEBUG] debug-file - Cache service initialization finished in 1 ms 
[2026-04-21T17:40:27.652] [DEBUG] debug-file - App plugin prepare end...
[2026-04-21T17:40:27.791] [DEBUG] debug-file - Plugin build process completed
[2026-04-21T17:40:27.793] [DEBUG] debug-file - Product 'default' build option initialized
[2026-04-21T17:40:27.837] [DEBUG] debug-file - hvigorfile, resolve finished D:\HUAWEI\Lab2\ndk-opengl-master\hvigorfile.ts
[2026-04-21T17:40:27.798] [DEBUG] debug-file - Local scan or download HarmonyOS sdk components toolchains,ets,js,native,previewer
[2026-04-21T17:40:27.866] [DEBUG] debug-file - Start to initialize dependency information.
[2026-04-21T17:40:26.213] [DEBUG] debug-file - no-daemon, use the parent process.execArgv --max-old-space-size=8192,--max-semi-space-size=16,--expose-gc
[2026-04-21T17:40:27.872] [DEBUG] debug-file - Module entry's total dependency: 0
[2026-04-21T17:40:27.853] [DEBUG] debug-file - Target 'default' config initialized
[2026-04-21T17:40:27.878] [INFO] debug-file - Finished :entry:clean... after 2 ms 
[2026-04-21T17:40:27.896] [DEBUG] debug-file - Current worker pool is stopped or closed.
[2026-04-21T17:40:26.504] [DEBUG] debug-file - hvigorfile, resolving D:\HUAWEI\Lab2\ndk-opengl-master\hvigorfile.ts
[2026-04-21T17:40:27.793] [DEBUG] debug-file - End initialize project's product build option map with build mode 'debug'.
[2026-04-21T17:40:27.652] [DEBUG] debug-file - App plugin creating...
[2026-04-21T17:40:27.800] [DEBUG] debug-file - Local scan or download hmscore sdk components toolchains,ets,native
[2026-04-21T17:40:27.838] [DEBUG] debug-file - hvigorfile, resolving D:\HUAWEI\Lab2\ndk-opengl-master\entry\hvigorfile.ts
[2026-04-21T17:40:27.867] [DEBUG] debug-file - Module ndk-opengl-master Collected Dependency: 
[2026-04-21T17:40:27.874] [DEBUG] debug-file - Configuration phase cost:1 s 372 ms 
[2026-04-21T17:40:27.854] [DEBUG] debug-file - Module 'entry' target 'default' build option initialized
[2026-04-21T17:40:27.878] [DEBUG] debug-file - Executing task ::clean
[2026-04-21T17:40:27.897] [DEBUG] debug-file - Clear worker 0.
[2026-04-21T17:40:27.841] [DEBUG] debug-file - hvigorfile, require result:  { hapTasks: [Getter] }
[2026-04-21T17:40:27.867] [DEBUG] debug-file - Module ndk-opengl-master's total dependency: 0
[2026-04-21T17:40:27.876] [DEBUG] debug-file - Configuration task cost before running: 1 s 381 ms 
[2026-04-21T17:40:27.854] [DEBUG] debug-file - End initialize module-target build option map, moduleName=entry
[2026-04-21T17:40:27.878] [DEBUG] debug-file - clean: Worker pool is inactive.
[2026-04-21T17:40:27.897] [DEBUG] debug-file - Worker 0 has been cleared.
[2026-04-21T17:40:27.841] [DEBUG] debug-file - hvigorfile, binding system plugins { hapTasks: [Getter] }
[2026-04-21T17:40:27.876] [DEBUG] debug-file - Executing task :entry:clean
[2026-04-21T17:40:27.878] [DEBUG] debug-file - ndk-opengl-master : clean cost memory 0.01984405517578125
[2026-04-21T17:40:27.854] [DEBUG] debug-file - Start initialize module-target build option map, moduleName=entry, buildMode=release
[2026-04-21T17:40:27.897] [DEBUG] debug-file - Current idle worker size: 1.
[2026-04-21T17:40:27.842] [DEBUG] debug-file - Starting plugin build process
[2026-04-21T17:40:27.876] [DEBUG] debug-file - clean: Worker pool is inactive.
[2026-04-21T17:40:27.879] [DEBUG] debug-file - runTaskFromQueue task cost before running: 1 s 383 ms 
[2026-04-21T17:40:27.854] [DEBUG] debug-file - Target 'default' config initialized
[2026-04-21T17:40:27.897] [DEBUG] debug-file - Current busy worker size: 0.
[2026-04-21T17:40:27.842] [DEBUG] debug-file - Hap plugin creating...
[2026-04-21T17:40:27.879] [INFO] debug-file - Finished ::clean... after 1 ms 
[2026-04-21T17:40:27.854] [DEBUG] debug-file - Module 'entry' target 'default' build option initialized
[2026-04-21T17:40:27.897] [DEBUG] debug-file - Clear worker 1.
[2026-04-21T17:40:27.879] [DEBUG] debug-file - Executing task :entry:init
[2026-04-21T17:40:27.854] [DEBUG] debug-file - End initialize module-target build option map, moduleName=entry
[2026-04-21T17:40:27.897] [DEBUG] debug-file - Worker 1 has been cleared.
[2026-04-21T17:40:27.879] [DEBUG] debug-file - entry : init cost memory 0.01263427734375
[2026-04-21T17:40:27.854] [DEBUG] debug-file - Start initialize module-target build option map, moduleName=entry, buildMode=debug
[2026-04-21T17:40:27.897] [DEBUG] debug-file - Current idle worker size: 0.
[2026-04-21T17:40:27.879] [DEBUG] debug-file - runTaskFromQueue task cost before running: 1 s 384 ms 
[2026-04-21T17:40:27.854] [DEBUG] debug-file - Target 'default' config initialized
[2026-04-21T17:40:27.897] [DEBUG] debug-file - Current busy worker size: 0.
[2026-04-21T17:40:27.879] [INFO] debug-file - Finished :entry:init... after 1 ms 
[2026-04-21T17:40:27.854] [DEBUG] debug-file - Module 'entry' target 'default' build option initialized
[2026-04-21T17:40:27.897] [DEBUG] debug-file - hvigor build process will be closed.
[2026-04-21T17:40:27.879] [DEBUG] debug-file - Executing task ::init
[2026-04-21T17:40:27.854] [DEBUG] debug-file - End initialize module-target build option map, moduleName=entry
[2026-04-21T17:40:27.900] [DEBUG] debug-file - worker[0] exits with exit code 0.
[2026-04-21T17:40:27.879] [DEBUG] debug-file - ndk-opengl-master : init cost memory 0.01142120361328125
[2026-04-21T17:40:27.854] [DEBUG] debug-file - Obtain build option for module 'entry' target 'default'in this build.
[2026-04-21T17:40:27.902] [DEBUG] debug-file - Current worker pool is terminated.
[2026-04-21T17:40:27.879] [DEBUG] debug-file - runTaskFromQueue task cost before running: 1 s 384 ms 
[2026-04-21T17:40:27.857] [DEBUG] debug-file - Module entry task initialization takes 3 ms 
[2026-04-21T17:40:27.904] [DEBUG] debug-file - worker[1] exits with exit code 0.
[2026-04-21T17:40:27.879] [INFO] debug-file - Finished ::init... after 1 ms 
[2026-04-21T17:40:27.858] [DEBUG] debug-file - Hap plugin register hook start...
[2026-04-21T17:40:27.887] [DEBUG] debug-file - Obtain build option for module 'entry' target 'default'in this build.
[2026-04-21T17:40:27.858] [DEBUG] debug-file - Hap plugin register hook end...
[2026-04-21T17:40:27.892] [DEBUG] debug-file - Since there is no instance or instance is terminated, create a new worker pool.
[2026-04-21T17:40:27.858] [DEBUG] debug-file - Plugin build process completed
[2026-04-21T17:40:27.892] [DEBUG] debug-file - Worker pool is initialized with config:  {
  minPoolNum: 2,
  maxPoolNum: undefined,
  maxCoreSize: undefined,
  cacheCapacity: undefined,
  cacheTtl: undefined
}
[2026-04-21T17:40:27.858] [DEBUG] debug-file - hvigorfile, resolve finished D:\HUAWEI\Lab2\ndk-opengl-master\entry\hvigorfile.ts
[2026-04-21T17:40:29.685] [DEBUG] debug-file - env: nodejsVersion=v18.20.1
[2026-04-21T17:40:29.766] [DEBUG] debug-file - env: daemon=true
[2026-04-21T17:40:29.687] [DEBUG] debug-file - env: hvigor-config.json5 content = { modelVersion: '5.0.4', dependencies: {} }
[2026-04-21T17:40:30.354] [DEBUG] debug-file - java daemon tryConnect failed Error: connect ECONNREFUSED 127.0.0.1:45050
[2026-04-21T17:40:30.370] [DEBUG] debug-file - java daemon started at port 45050 pid 14176
[2026-04-21T17:40:30.402] [WARN] debug-file - 'C:\Windows\System32\wbem\wmic' 不是内部或外部命令，也不是可运行的程序
或批处理文件。

[2026-04-21T17:40:31.709] [DEBUG] debug-file - hvigor client: Check process info failed. If process with pid=30864 exists and it is an hvigor process, please check the WMI function of your environment or starting hvigor with --no-daemon param.
[2026-04-21T17:40:31.772] [WARN] debug-file - 'C:\Windows\System32\wbem\wmic' 不是内部或外部命令，也不是可运行的程序
或批处理文件。

[2026-04-21T17:40:33.009] [DEBUG] debug-file - hvigor client: Check process info failed. If process with pid=30864 exists and it is an hvigor process, please check the WMI function of your environment or starting hvigor with --no-daemon param.
[2026-04-21T17:40:35.631] [DEBUG] debug-file - session manager: set active socket. socketId=ZgKJeh2fgLJM4bMeAAAB
[2026-04-21T17:40:33.053] [WARN] debug-file - 'C:\Windows\System32\wbem\wmic' 不是内部或外部命令，也不是可运行的程序
或批处理文件。

[2026-04-21T17:40:34.336] [DEBUG] debug-file - hvigor client: Check process info failed. If process with pid=30864 exists and it is an hvigor process, please check the WMI function of your environment or starting hvigor with --no-daemon param.
[2026-04-21T17:40:34.372] [WARN] debug-file - 'C:\Windows\System32\wbem\wmic' 不是内部或外部命令，也不是可运行的程序
或批处理文件。

[2026-04-21T17:40:35.625] [DEBUG] debug-file - hvigor client: Check process info failed. If process with pid=30864 exists and it is an hvigor process, please check the WMI function of your environment or starting hvigor with --no-daemon param.
[2026-04-21T17:40:35.638] [DEBUG] debug-file - watch worker: worker id should be larger than 0. Nothing will be sent to any worker thread.
[2026-04-21T17:40:35.640] [DEBUG] debug-file - Since there is no instance or instance is terminated, create a new worker pool.
[2026-04-21T17:40:35.641] [DEBUG] debug-file - Worker pool is initialized with config:  {
  minPoolNum: 2,
  maxPoolNum: undefined,
  maxCoreSize: undefined,
  cacheCapacity: undefined,
  cacheTtl: undefined
}
[2026-04-21T17:40:35.641] [DEBUG] debug-file - Create  resident worker with id: 0.
[2026-04-21T17:40:35.643] [DEBUG] debug-file - Create  resident worker with id: 1.
[2026-04-21T17:40:35.644] [DEBUG] debug-file - Workers' log level updated to INFO
[2026-04-21T17:40:35.650] [DEBUG] debug-file - Hvigor init with startParameters:{
  hvigorfileTypeCheck: false,
  parallelExecution: true,
  incrementalExecution: true,
  printStackTrace: false,
  daemon: true,
  analyze: 0,
  logLevel: Level { level: 20000, levelStr: 'INFO', colour: 'green' },
  optimizationStrategy: 'memory',
  hotCompile: undefined,
  hotReloadBuild: undefined,
  customizedParam: undefined
}
[2026-04-21T17:40:35.651] [DEBUG] debug-file - Cache service initialization finished in 1 ms 
[2026-04-21T17:40:35.652] [DEBUG] debug-file - hvigorfile, resolving D:\HUAWEI\Lab2\ndk-opengl-master\hvigorfile.ts
[2026-04-21T17:40:36.801] [DEBUG] debug-file - hvigorfile, require result:  {}
[2026-04-21T17:40:36.801] [DEBUG] debug-file - hvigorfile, binding system plugins {}
[2026-04-21T17:40:36.801] [DEBUG] debug-file - Starting plugin build process
[2026-04-21T17:40:36.801] [DEBUG] debug-file - App plugin prepare start...
[2026-04-21T17:40:36.801] [DEBUG] debug-file - App plugin prepare end...
[2026-04-21T17:40:36.802] [DEBUG] debug-file - App plugin creating...
[2026-04-21T17:40:36.929] [DEBUG] debug-file - App plugin register hook start...
[2026-04-21T17:40:36.929] [DEBUG] debug-file - App plugin register hook end...
[2026-04-21T17:40:36.929] [DEBUG] debug-file - Plugin build process completed
[2026-04-21T17:40:36.930] [DEBUG] debug-file - Start initialize project's product build option map with build mode debug.
[2026-04-21T17:40:36.930] [DEBUG] debug-file - Picking option from product 'default' with build mode 'debug'.
[2026-04-21T17:40:36.931] [DEBUG] debug-file - Product 'default' build option initialized
[2026-04-21T17:40:36.931] [DEBUG] debug-file - End initialize project's product build option map with build mode 'debug'.
[2026-04-21T17:40:36.932] [DEBUG] debug-file - Obtain build option for product 'default'in this build.
[2026-04-21T17:40:36.933] [DEBUG] debug-file - No signingConfig found, initRemoteHspCache failed.
[2026-04-21T17:40:36.934] [DEBUG] debug-file - Local scan or download HarmonyOS sdk components toolchains,ets,js,native,previewer
[2026-04-21T17:40:36.936] [DEBUG] debug-file - Local scan or download hmscore sdk components toolchains,ets,native
[2026-04-21T17:40:36.938] [DEBUG] debug-file - Start recording SDK configuration permission data.
[2026-04-21T17:40:36.963] [DEBUG] debug-file - Sdk init in 30 ms 
[2026-04-21T17:40:36.967] [DEBUG] debug-file - Project task initialization takes 4 ms 
[2026-04-21T17:40:36.967] [DEBUG] debug-file - hvigorfile, resolve finished D:\HUAWEI\Lab2\ndk-opengl-master\hvigorfile.ts
[2026-04-21T17:40:36.968] [DEBUG] debug-file - hvigorfile, resolving D:\HUAWEI\Lab2\ndk-opengl-master\entry\hvigorfile.ts
[2026-04-21T17:40:36.972] [DEBUG] debug-file - hvigorfile, require result:  {}
[2026-04-21T17:40:36.972] [DEBUG] debug-file - hvigorfile, binding system plugins {}
[2026-04-21T17:40:36.973] [DEBUG] debug-file - Starting plugin build process
[2026-04-21T17:40:36.973] [DEBUG] debug-file - Hap plugin creating...
[2026-04-21T17:40:36.973] [DEBUG] debug-file - failed to load cangjie to dynamically generate schemas: Error: Cannot find module '@ohos/cangjie-build-support/index'
Require stack:
- D:\HUAWEI\DevEco\DevEco Studio\tools\hvigor\hvigor-ohos-plugin\src\plugin\hooks\cangjie-register.js
- D:\HUAWEI\DevEco\DevEco Studio\tools\hvigor\hvigor-ohos-plugin\src\plugin\strategy\stage-init-strategy.js
- D:\HUAWEI\DevEco\DevEco Studio\tools\hvigor\hvigor-ohos-plugin\src\plugin\builder\abstract-plugin-builder.js
- D:\HUAWEI\DevEco\DevEco Studio\tools\hvigor\hvigor-ohos-plugin\src\plugin\builder\app-plugin-builder.js
- D:\HUAWEI\DevEco\DevEco Studio\tools\hvigor\hvigor-ohos-plugin\src\plugin\factory\plugin-factory.js
- D:\HUAWEI\DevEco\DevEco Studio\tools\hvigor\hvigor-ohos-plugin\index.js
- D:\HUAWEI\Lab2\ndk-opengl-master\hvigorfile.ts
- D:\HUAWEI\DevEco\DevEco Studio\tools\hvigor\hvigor\src\base\internal\lifecycle\configuration.js
- D:\HUAWEI\DevEco\DevEco Studio\tools\hvigor\hvigor\src\base\boot\index.js
- D:\HUAWEI\DevEco\DevEco Studio\tools\hvigor\hvigor\src\base\daemon\cluster\worker-process-lifecycle.js
- D:\HUAWEI\DevEco\DevEco Studio\tools\hvigor\hvigor\src\base\daemon\process\daemon-process-boot-script.js
[2026-04-21T17:40:36.982] [DEBUG] debug-file - Start initialize module-target build option map, moduleName=entry, buildMode=debug
[2026-04-21T17:40:36.982] [DEBUG] debug-file - Target 'default' config initialized
[2026-04-21T17:40:36.983] [DEBUG] debug-file - Module 'entry' target 'default' build option initialized
[2026-04-21T17:40:36.983] [DEBUG] debug-file - End initialize module-target build option map, moduleName=entry
[2026-04-21T17:40:36.983] [DEBUG] debug-file - Start initialize module-target build option map, moduleName=entry, buildMode=release
[2026-04-21T17:40:36.983] [DEBUG] debug-file - Target 'default' config initialized
[2026-04-21T17:40:36.983] [DEBUG] debug-file - Module 'entry' target 'default' build option initialized
[2026-04-21T17:40:36.984] [DEBUG] debug-file - End initialize module-target build option map, moduleName=entry
[2026-04-21T17:40:36.984] [DEBUG] debug-file - Start initialize module-target build option map, moduleName=entry, buildMode=debug
[2026-04-21T17:40:36.984] [DEBUG] debug-file - Target 'default' config initialized
[2026-04-21T17:40:36.984] [DEBUG] debug-file - Module 'entry' target 'default' build option initialized
[2026-04-21T17:40:36.984] [DEBUG] debug-file - End initialize module-target build option map, moduleName=entry
[2026-04-21T17:40:36.984] [DEBUG] debug-file - Obtain build option for module 'entry' target 'default'in this build.
[2026-04-21T17:40:36.988] [DEBUG] debug-file - Module entry task initialization takes 3 ms 
[2026-04-21T17:40:36.988] [DEBUG] debug-file - Hap plugin register hook start...
[2026-04-21T17:40:36.988] [DEBUG] debug-file - Hap plugin register hook end...
[2026-04-21T17:40:36.988] [DEBUG] debug-file - Plugin build process completed
[2026-04-21T17:40:36.988] [DEBUG] debug-file - hvigorfile, resolve finished D:\HUAWEI\Lab2\ndk-opengl-master\entry\hvigorfile.ts
[2026-04-21T17:40:37.001] [DEBUG] debug-file - hvigorfile, resolve hvigorfile dependencies in 14 ms 
[2026-04-21T17:40:37.002] [DEBUG] debug-file - project has submodules:entry
[2026-04-21T17:40:37.003] [DEBUG] debug-file - start to load updatedOhPackageInfo to the disk
[2026-04-21T17:40:37.008] [DEBUG] debug-file - load to the disk finished
[2026-04-21T17:40:37.008] [DEBUG] debug-file - Start to initialize dependency information.
[2026-04-21T17:40:37.010] [DEBUG] debug-file - Module ndk-opengl-master Collected Dependency: 
[2026-04-21T17:40:37.010] [DEBUG] debug-file - Module ndk-opengl-master's total dependency: 0
[2026-04-21T17:40:37.011] [DEBUG] debug-file - Start to initialize dependency information.
[2026-04-21T17:40:37.015] [DEBUG] debug-file - Module entry Collected Dependency: 
[2026-04-21T17:40:37.015] [DEBUG] debug-file - Module entry's total dependency: 0
[2026-04-21T17:40:37.017] [DEBUG] debug-file - Configuration phase cost:1 s 366 ms 
[2026-04-21T17:40:37.018] [DEBUG] debug-file - Configuration task cost before running: 1 s 374 ms 
[2026-04-21T17:40:37.023] [DEBUG] debug-file - Executing task :entry:default@PreBuild
[2026-04-21T17:40:37.024] [DEBUG] debug-file - Task 'entry:default@PreBuild' cost while wrapping incremental declarations: 1 ms 
[2026-04-21T17:40:37.130] [DEBUG] debug-file - current product is not Atomic service.
[2026-04-21T17:40:37.130] [DEBUG] debug-file - Use tool [win32: JAVA_HOME, CLASSPATH]
 [
  { JAVA_HOME: 'D:\\HUAWEI\\DevEco\\DevEco Studio\\jbr' },
  { CLASSPATH: undefined }
]
[2026-04-21T17:40:37.130] [DEBUG] debug-file - Use tool [win32: NODE_HOME]
 [ { NODE_HOME: 'D:\\HUAWEI\\DevEco\\DevEco Studio\\tools\\node' } ]
[2026-04-21T17:40:37.131] [DEBUG] debug-file - entry : default@PreBuild cost memory 6.2107086181640625
[2026-04-21T17:40:37.132] [DEBUG] debug-file - runTaskFromQueue task cost before running: 1 s 487 ms 
[2026-04-21T17:40:37.133] [INFO] debug-file - Finished :entry:default@PreBuild... after 109 ms 
[2026-04-21T17:40:37.134] [DEBUG] debug-file - Executing task :entry:default@ConfigureCmake
[2026-04-21T17:40:37.141] [DEBUG] debug-file - entry : default@ConfigureCmake cost memory 0.3402252197265625
[2026-04-21T17:40:37.141] [DEBUG] debug-file - runTaskFromQueue task cost before running: 1 s 497 ms 
[2026-04-21T17:40:37.141] [INFO] debug-file - Finished :entry:default@ConfigureCmake... after 8 ms 
[2026-04-21T17:40:37.142] [DEBUG] debug-file - Executing task :entry:default@BuildNativeWithCmake
[2026-04-21T17:40:37.146] [DEBUG] debug-file - Use tool [Cmake]
 [
  'D:\\HUAWEI\\DevEco\\DevEco Studio\\sdk\\default\\openharmony\\native\\build-tools\\cmake\\bin\\cmake.exe',
  '-HD:\\HUAWEI\\Lab2\\ndk-opengl-master\\entry\\src\\main\\cpp',
  '-BD:\\HUAWEI\\Lab2\\ndk-opengl-master\\entry\\.cxx\\default\\default\\debug\\arm64-v8a',
  '-DOHOS_ARCH=arm64-v8a',
  '-DCMAKE_LIBRARY_OUTPUT_DIRECTORY=D:\\HUAWEI\\Lab2\\ndk-opengl-master\\entry\\build\\default\\intermediates\\cmake\\default\\obj\\arm64-v8a',
  '-DCMAKE_BUILD_TYPE=Debug',
  '-DOHOS_SDK_NATIVE=D:\\HUAWEI\\DevEco\\DevEco Studio\\sdk\\default\\openharmony\\native',
  '-DCMAKE_SYSTEM_NAME=OHOS',
  '-DCMAKE_OHOS_ARCH_ABI=arm64-v8a',
  '-DCMAKE_EXPORT_COMPILE_COMMANDS=ON',
  '-DCMAKE_TOOLCHAIN_FILE=D:\\HUAWEI\\DevEco\\DevEco Studio\\sdk\\default\\hms\\native\\build\\cmake\\hmos.toolchain.cmake',
  '-GNinja',
  '-DCMAKE_MAKE_PROGRAM=D:\\HUAWEI\\DevEco\\DevEco Studio\\sdk\\default\\openharmony\\native\\build-tools\\cmake\\bin\\ninja.exe',
  '-DCMAKE_FIND_ROOT_PATH=D:\\HUAWEI\\Lab2\\ndk-opengl-master\\entry\\.cxx\\default\\default\\debug\\hvigor\\arm64-v8a',
  '-DPACKAGE_FIND_FILE=D:\\HUAWEI\\Lab2\\ndk-opengl-master\\entry\\.cxx\\default\\default\\debug\\hvigor\\arm64-v8a\\summary.cmake',
  '--no-warn-unused-cli',
  '-DHMOS_SDK_NATIVE=D:\\HUAWEI\\DevEco\\DevEco Studio\\sdk\\default\\hms\\native'
]
[2026-04-21T17:40:37.148] [DEBUG] debug-file - Clean CMakeCache.txt due to outdated CMake configuration.
[2026-04-21T17:40:37.149] [DEBUG] debug-file - - no fingerprint file, will remove stale cache CMakeCache.txt
[2026-04-21T17:40:37.151] [DEBUG] debug-file - default@BuildNativeWithCmake work[0] is submitted.
[2026-04-21T17:40:37.152] [DEBUG] debug-file - default@BuildNativeWithCmake work[0] is pushed to ready queue.
[2026-04-21T17:40:37.152] [DEBUG] debug-file - A work dispatched to worker[19] failed because unable to get work from ready queue.
[2026-04-21T17:40:37.152] [DEBUG] debug-file - Create  resident worker with id: 18.
[2026-04-21T17:40:37.153] [DEBUG] debug-file - default@BuildNativeWithCmake work[0] has been dispatched to worker[18].
[2026-04-21T17:40:37.153] [DEBUG] debug-file - default@BuildNativeWithCmake work[0] is dispatched.
[2026-04-21T17:40:37.154] [DEBUG] debug-file - Use tool [Cmake]
 [
  'D:\\HUAWEI\\DevEco\\DevEco Studio\\sdk\\default\\openharmony\\native\\build-tools\\cmake\\bin\\cmake.exe',
  '-HD:\\HUAWEI\\Lab2\\ndk-opengl-master\\entry\\src\\main\\cpp',
  '-BD:\\HUAWEI\\Lab2\\ndk-opengl-master\\entry\\.cxx\\default\\default\\debug\\x86_64',
  '-DOHOS_ARCH=x86_64',
  '-DCMAKE_LIBRARY_OUTPUT_DIRECTORY=D:\\HUAWEI\\Lab2\\ndk-opengl-master\\entry\\build\\default\\intermediates\\cmake\\default\\obj\\x86_64',
  '-DCMAKE_BUILD_TYPE=Debug',
  '-DOHOS_SDK_NATIVE=D:\\HUAWEI\\DevEco\\DevEco Studio\\sdk\\default\\openharmony\\native',
  '-DCMAKE_SYSTEM_NAME=OHOS',
  '-DCMAKE_OHOS_ARCH_ABI=x86_64',
  '-DCMAKE_EXPORT_COMPILE_COMMANDS=ON',
  '-DCMAKE_TOOLCHAIN_FILE=D:\\HUAWEI\\DevEco\\DevEco Studio\\sdk\\default\\hms\\native\\build\\cmake\\hmos.toolchain.cmake',
  '-GNinja',
  '-DCMAKE_MAKE_PROGRAM=D:\\HUAWEI\\DevEco\\DevEco Studio\\sdk\\default\\openharmony\\native\\build-tools\\cmake\\bin\\ninja.exe',
  '-DCMAKE_FIND_ROOT_PATH=D:\\HUAWEI\\Lab2\\ndk-opengl-master\\entry\\.cxx\\default\\default\\debug\\hvigor\\x86_64',
  '-DPACKAGE_FIND_FILE=D:\\HUAWEI\\Lab2\\ndk-opengl-master\\entry\\.cxx\\default\\default\\debug\\hvigor\\x86_64\\summary.cmake',
  '--no-warn-unused-cli',
  '-DHMOS_SDK_NATIVE=D:\\HUAWEI\\DevEco\\DevEco Studio\\sdk\\default\\hms\\native'
]
[2026-04-21T17:40:37.156] [DEBUG] debug-file - Clean CMakeCache.txt due to outdated CMake configuration.
[2026-04-21T17:40:37.156] [DEBUG] debug-file - - no fingerprint file, will remove stale cache CMakeCache.txt
[2026-04-21T17:40:37.158] [DEBUG] debug-file - default@BuildNativeWithCmake work[1] is submitted.
[2026-04-21T17:40:37.158] [DEBUG] debug-file - default@BuildNativeWithCmake work[1] is pushed to ready queue.
[2026-04-21T17:40:37.158] [DEBUG] debug-file - A work dispatched to worker[19] failed because unable to get work from ready queue.
[2026-04-21T17:40:37.158] [DEBUG] debug-file - A work dispatched to worker[18] failed because of worker busy.
[2026-04-21T17:40:37.158] [DEBUG] debug-file - Create  resident worker with id: 17.
[2026-04-21T17:40:37.159] [DEBUG] debug-file - default@BuildNativeWithCmake work[1] has been dispatched to worker[17].
[2026-04-21T17:40:37.159] [DEBUG] debug-file - default@BuildNativeWithCmake work[1] is dispatched.
[2026-04-21T17:40:37.159] [DEBUG] debug-file - entry : default@BuildNativeWithCmake cost memory 0.8857574462890625
[2026-04-21T17:40:38.996] [DEBUG] debug-file - Not searching for unused variables given on the command line.

[2026-04-21T17:40:38.996] [DEBUG] debug-file - Not searching for unused variables given on the command line.

[2026-04-21T17:40:40.381] [DEBUG] debug-file - -- The C compiler identification is Clang 15.0.4

[2026-04-21T17:40:40.393] [DEBUG] debug-file - -- The C compiler identification is Clang 15.0.4

[2026-04-21T17:40:40.909] [DEBUG] debug-file - -- The CXX compiler identification is Clang 15.0.4

[2026-04-21T17:40:40.910] [DEBUG] debug-file - -- The CXX compiler identification is Clang 15.0.4

[2026-04-21T17:40:42.011] [DEBUG] debug-file - -- Detecting C compiler ABI info

[2026-04-21T17:40:42.011] [DEBUG] debug-file - -- Detecting C compiler ABI info

[2026-04-21T17:40:42.444] [DEBUG] debug-file - -- Detecting C compiler ABI info - done

[2026-04-21T17:40:42.446] [DEBUG] debug-file - -- Detecting C compiler ABI info - done

[2026-04-21T17:40:42.451] [DEBUG] debug-file - -- Check for working C compiler: D:/HUAWEI/DevEco/DevEco Studio/sdk/default/openharmony/native/llvm/bin/clang.exe - skipped

[2026-04-21T17:40:42.452] [DEBUG] debug-file - -- Check for working C compiler: D:/HUAWEI/DevEco/DevEco Studio/sdk/default/openharmony/native/llvm/bin/clang.exe - skipped

[2026-04-21T17:40:42.452] [DEBUG] debug-file - -- Detecting C compile features

[2026-04-21T17:40:42.453] [DEBUG] debug-file - -- Detecting C compile features

[2026-04-21T17:40:42.453] [DEBUG] debug-file - -- Detecting C compile features - done

[2026-04-21T17:40:42.453] [DEBUG] debug-file - -- Detecting C compile features - done

[2026-04-21T17:40:42.528] [DEBUG] debug-file - -- Detecting CXX compiler ABI info

[2026-04-21T17:40:42.528] [DEBUG] debug-file - -- Detecting CXX compiler ABI info

[2026-04-21T17:40:42.930] [DEBUG] debug-file - -- Detecting CXX compiler ABI info - done

[2026-04-21T17:40:42.930] [DEBUG] debug-file - -- Detecting CXX compiler ABI info - done

[2026-04-21T17:40:42.936] [DEBUG] debug-file - -- Check for working CXX compiler: D:/HUAWEI/DevEco/DevEco Studio/sdk/default/openharmony/native/llvm/bin/clang++.exe - skipped

[2026-04-21T17:40:42.936] [DEBUG] debug-file - -- Check for working CXX compiler: D:/HUAWEI/DevEco/DevEco Studio/sdk/default/openharmony/native/llvm/bin/clang++.exe - skipped

[2026-04-21T17:40:42.937] [DEBUG] debug-file - -- Detecting CXX compile features

[2026-04-21T17:40:42.937] [DEBUG] debug-file - -- Detecting CXX compile features

[2026-04-21T17:40:42.937] [DEBUG] debug-file - -- Detecting CXX compile features - done

[2026-04-21T17:40:42.937] [DEBUG] debug-file - -- Detecting CXX compile features - done

[2026-04-21T17:40:42.940] [DEBUG] debug-file - -- Configuring done (3.9s)

[2026-04-21T17:40:42.940] [DEBUG] debug-file - -- Configuring done (3.9s)

[2026-04-21T17:40:42.953] [DEBUG] debug-file - -- Generating done (0.0s)

[2026-04-21T17:40:42.953] [DEBUG] debug-file - -- Generating done (0.0s)

[2026-04-21T17:40:42.975] [DEBUG] debug-file - -- Build files have been written to: D:/HUAWEI/Lab2/ndk-opengl-master/entry/.cxx/default/default/debug/arm64-v8a

[2026-04-21T17:40:42.975] [DEBUG] debug-file - -- Build files have been written to: D:/HUAWEI/Lab2/ndk-opengl-master/entry/.cxx/default/default/debug/x86_64

[2026-04-21T17:40:42.981] [DEBUG] debug-file - worker[17] has one work done.
[2026-04-21T17:40:42.996] [DEBUG] debug-file - worker[18] has one work done.
[2026-04-21T17:40:43.021] [DEBUG] debug-file - default@BuildNativeWithCmake work[1] done.
[2026-04-21T17:40:43.021] [DEBUG] debug-file - A work dispatched to worker[17] failed because unable to get work from ready queue.
[2026-04-21T17:40:43.022] [DEBUG] debug-file - default@BuildNativeWithCmake work[0] done.
[2026-04-21T17:40:43.022] [DEBUG] debug-file - A work dispatched to worker[18] failed because unable to get work from ready queue.
[2026-04-21T17:40:43.022] [INFO] debug-file - Finished :entry:default@BuildNativeWithCmake... after 4 s 952 ms 
[2026-04-21T17:40:43.023] [DEBUG] debug-file - Executing task :entry:compileNative
[2026-04-21T17:40:43.023] [DEBUG] debug-file - entry : compileNative cost memory 0.01371002197265625
[2026-04-21T17:40:43.023] [DEBUG] debug-file - runTaskFromQueue task cost before running: 7 s 378 ms 
[2026-04-21T17:40:43.023] [INFO] debug-file - Finished :entry:compileNative... after 1 ms 
[2026-04-21T17:40:43.030] [INFO] debug-file - BUILD SUCCESSFUL in 7 s 386 ms 
[2026-04-21T17:40:43.031] [DEBUG] debug-file - Update task entry:default@PreBuild input file:D:\HUAWEI\Lab2\ndk-opengl-master\AppScope\app.json5 cache by regenerate.
[2026-04-21T17:40:43.032] [DEBUG] debug-file - Update task entry:default@PreBuild input file:D:\HUAWEI\Lab2\ndk-opengl-master\entry\src\main\module.json5 cache by regenerate.
[2026-04-21T17:40:43.032] [DEBUG] debug-file - Update task entry:default@PreBuild input file:D:\HUAWEI\Lab2\ndk-opengl-master\build-profile.json5 cache by regenerate.
[2026-04-21T17:40:43.032] [DEBUG] debug-file - Update task entry:default@PreBuild input file:D:\HUAWEI\Lab2\ndk-opengl-master\entry\build-profile.json5 cache by regenerate.
[2026-04-21T17:40:43.032] [DEBUG] debug-file - Update task entry:default@PreBuild input file:D:\HUAWEI\Lab2\ndk-opengl-master\entry\src\main\resources\base\profile\main_pages.json cache by regenerate.
[2026-04-21T17:40:43.033] [DEBUG] debug-file - Update task entry:default@PreBuild input file:D:\HUAWEI\Lab2\ndk-opengl-master\hvigor\hvigor-config.json5 cache by regenerate.
[2026-04-21T17:40:43.033] [DEBUG] debug-file - Update task entry:default@PreBuild input file:D:\HUAWEI\Lab2\ndk-opengl-master\entry\oh-package.json5 cache by regenerate.
[2026-04-21T17:40:43.033] [DEBUG] debug-file - Update task entry:default@PreBuild input file:D:\HUAWEI\Lab2\ndk-opengl-master\oh-package.json5 cache by regenerate.
[2026-04-21T17:40:43.033] [DEBUG] debug-file - Incremental task entry:default@PreBuild post-execution cost:3 ms .
[2026-04-21T17:40:43.048] [DEBUG] debug-file - Cleanup worker 0.
[2026-04-21T17:40:43.048] [DEBUG] debug-file - Worker 0 has been cleaned up.
[2026-04-21T17:40:43.048] [DEBUG] debug-file - Current idle worker size: 3.
[2026-04-21T17:40:43.048] [DEBUG] debug-file - Current resident worker size: 4.
[2026-04-21T17:40:43.048] [DEBUG] debug-file - Cleanup worker 1.
[2026-04-21T17:40:43.048] [DEBUG] debug-file - Worker 1 has been cleaned up.
[2026-04-21T17:40:43.048] [DEBUG] debug-file - Current idle worker size: 2.
[2026-04-21T17:40:43.048] [DEBUG] debug-file - Current resident worker size: 4.
[2026-04-21T17:40:43.049] [DEBUG] debug-file - hvigor build process will be closed.
[2026-04-21T17:40:43.052] [DEBUG] debug-file - session manager: send message to worker process.
[2026-04-21T17:40:43.053] [DEBUG] debug-file - session manager: send message to worker process.
[2026-04-21T17:40:43.052] [DEBUG] debug-file - worker[0] exits with exit code 1.
[2026-04-21T17:40:43.053] [DEBUG] debug-file - worker[1] exits with exit code 1.
[2026-04-21T17:40:43.053] [DEBUG] debug-file - watch worker: worker id should be larger than 0. Nothing will be sent to any worker thread.
[2026-04-21T17:40:43.053] [DEBUG] debug-file - watch worker: worker id should be larger than 0. Nothing will be sent to any worker thread.
[2026-04-21T17:42:45.683] [DEBUG] debug-file - session manager: set active socket. socketId=MGV34zJbF87uf9GtAAAD
[2026-04-21T17:42:45.688] [DEBUG] debug-file - watch worker: worker id should be larger than 0. Nothing will be sent to any worker thread.
[2026-04-21T17:42:45.691] [DEBUG] debug-file - Workers' log level updated to INFO
[2026-04-21T17:42:45.694] [DEBUG] debug-file - Hvigor init with startParameters:{
  hvigorfileTypeCheck: false,
  parallelExecution: true,
  incrementalExecution: true,
  printStackTrace: false,
  daemon: true,
  analyze: 0,
  logLevel: Level { level: 20000, levelStr: 'INFO', colour: 'green' },
  optimizationStrategy: 'memory',
  hotCompile: undefined,
  hotReloadBuild: undefined,
  customizedParam: undefined
}
[2026-04-21T17:42:45.696] [DEBUG] debug-file - Cache service initialization finished in 2 ms 
[2026-04-21T17:42:45.697] [DEBUG] debug-file - hvigorfile, resolving D:\HUAWEI\Lab2\ndk-opengl-master\hvigorfile.ts
[2026-04-21T17:42:45.749] [DEBUG] debug-file - hvigorfile, require result:  {}
[2026-04-21T17:42:45.750] [DEBUG] debug-file - hvigorfile, binding system plugins {}
[2026-04-21T17:42:45.750] [DEBUG] debug-file - Starting plugin build process
[2026-04-21T17:42:45.750] [DEBUG] debug-file - App plugin prepare start...
[2026-04-21T17:42:45.750] [DEBUG] debug-file - App plugin prepare end...
[2026-04-21T17:42:45.750] [DEBUG] debug-file - App plugin creating...
[2026-04-21T17:42:45.763] [DEBUG] debug-file - App plugin register hook start...
[2026-04-21T17:42:45.763] [DEBUG] debug-file - App plugin register hook end...
[2026-04-21T17:42:45.763] [DEBUG] debug-file - Plugin build process completed
[2026-04-21T17:42:45.763] [DEBUG] debug-file - Start initialize project's product build option map with build mode debug.
[2026-04-21T17:42:45.764] [DEBUG] debug-file - Picking option from product 'default' with build mode 'debug'.
[2026-04-21T17:42:45.764] [DEBUG] debug-file - Product 'default' build option initialized
[2026-04-21T17:42:45.764] [DEBUG] debug-file - End initialize project's product build option map with build mode 'debug'.
[2026-04-21T17:42:45.765] [DEBUG] debug-file - Obtain build option for product 'default'in this build.
[2026-04-21T17:42:45.766] [DEBUG] debug-file - No signingConfig found, initRemoteHspCache failed.
[2026-04-21T17:42:45.769] [DEBUG] debug-file - Start recording SDK configuration permission data.
[2026-04-21T17:42:45.790] [DEBUG] debug-file - Sdk init in 24 ms 
[2026-04-21T17:42:45.794] [DEBUG] debug-file - Project task initialization takes 4 ms 
[2026-04-21T17:42:45.794] [DEBUG] debug-file - hvigorfile, resolve finished D:\HUAWEI\Lab2\ndk-opengl-master\hvigorfile.ts
[2026-04-21T17:42:45.794] [DEBUG] debug-file - hvigorfile, resolving D:\HUAWEI\Lab2\ndk-opengl-master\entry\hvigorfile.ts
[2026-04-21T17:42:45.796] [DEBUG] debug-file - hvigorfile, require result:  {}
[2026-04-21T17:42:45.797] [DEBUG] debug-file - hvigorfile, binding system plugins {}
[2026-04-21T17:42:45.797] [DEBUG] debug-file - Starting plugin build process
[2026-04-21T17:42:45.797] [DEBUG] debug-file - Hap plugin creating...
[2026-04-21T17:42:45.798] [DEBUG] debug-file - failed to load cangjie to dynamically generate schemas: Error: Cannot find module '@ohos/cangjie-build-support/index'
Require stack:
- D:\HUAWEI\DevEco\DevEco Studio\tools\hvigor\hvigor-ohos-plugin\src\plugin\hooks\cangjie-register.js
- D:\HUAWEI\DevEco\DevEco Studio\tools\hvigor\hvigor-ohos-plugin\src\plugin\strategy\stage-init-strategy.js
- D:\HUAWEI\DevEco\DevEco Studio\tools\hvigor\hvigor-ohos-plugin\src\plugin\builder\abstract-plugin-builder.js
- D:\HUAWEI\DevEco\DevEco Studio\tools\hvigor\hvigor-ohos-plugin\src\plugin\builder\app-plugin-builder.js
- D:\HUAWEI\DevEco\DevEco Studio\tools\hvigor\hvigor-ohos-plugin\src\plugin\factory\plugin-factory.js
- D:\HUAWEI\DevEco\DevEco Studio\tools\hvigor\hvigor-ohos-plugin\index.js
- D:\HUAWEI\Lab2\ndk-opengl-master\hvigorfile.ts
- D:\HUAWEI\DevEco\DevEco Studio\tools\hvigor\hvigor\src\base\internal\lifecycle\configuration.js
- D:\HUAWEI\DevEco\DevEco Studio\tools\hvigor\hvigor\src\base\boot\index.js
- D:\HUAWEI\DevEco\DevEco Studio\tools\hvigor\hvigor\src\base\daemon\cluster\worker-process-lifecycle.js
- D:\HUAWEI\DevEco\DevEco Studio\tools\hvigor\hvigor\src\base\daemon\process\daemon-process-boot-script.js
[2026-04-21T17:42:45.803] [DEBUG] debug-file - Start initialize module-target build option map, moduleName=entry, buildMode=debug
[2026-04-21T17:42:45.803] [DEBUG] debug-file - Target 'default' config initialized
[2026-04-21T17:42:45.804] [DEBUG] debug-file - Module 'entry' target 'default' build option initialized
[2026-04-21T17:42:45.804] [DEBUG] debug-file - End initialize module-target build option map, moduleName=entry
[2026-04-21T17:42:45.804] [DEBUG] debug-file - Start initialize module-target build option map, moduleName=entry, buildMode=release
[2026-04-21T17:42:45.804] [DEBUG] debug-file - Target 'default' config initialized
[2026-04-21T17:42:45.804] [DEBUG] debug-file - Module 'entry' target 'default' build option initialized
[2026-04-21T17:42:45.804] [DEBUG] debug-file - End initialize module-target build option map, moduleName=entry
[2026-04-21T17:42:45.804] [DEBUG] debug-file - Start initialize module-target build option map, moduleName=entry, buildMode=debug
[2026-04-21T17:42:45.804] [DEBUG] debug-file - Target 'default' config initialized
[2026-04-21T17:42:45.804] [DEBUG] debug-file - Module 'entry' target 'default' build option initialized
[2026-04-21T17:42:45.804] [DEBUG] debug-file - End initialize module-target build option map, moduleName=entry
[2026-04-21T17:42:45.805] [DEBUG] debug-file - Obtain build option for module 'entry' target 'default'in this build.
[2026-04-21T17:42:45.807] [DEBUG] debug-file - Module entry task initialization takes 2 ms 
[2026-04-21T17:42:45.807] [DEBUG] debug-file - Hap plugin register hook start...
[2026-04-21T17:42:45.807] [DEBUG] debug-file - Hap plugin register hook end...
[2026-04-21T17:42:45.807] [DEBUG] debug-file - Plugin build process completed
[2026-04-21T17:42:45.807] [DEBUG] debug-file - hvigorfile, resolve finished D:\HUAWEI\Lab2\ndk-opengl-master\entry\hvigorfile.ts
[2026-04-21T17:42:45.822] [DEBUG] debug-file - hvigorfile, resolve hvigorfile dependencies in 14 ms 
[2026-04-21T17:42:45.822] [DEBUG] debug-file - project has submodules:entry
[2026-04-21T17:42:45.824] [DEBUG] debug-file - start to load updatedOhPackageInfo to the disk
[2026-04-21T17:42:45.828] [DEBUG] debug-file - load to the disk finished
[2026-04-21T17:42:45.829] [DEBUG] debug-file - Start to initialize dependency information.
[2026-04-21T17:42:45.831] [DEBUG] debug-file - Module ndk-opengl-master Collected Dependency: 
[2026-04-21T17:42:45.831] [DEBUG] debug-file - Module ndk-opengl-master's total dependency: 0
[2026-04-21T17:42:45.832] [DEBUG] debug-file - Start to initialize dependency information.
[2026-04-21T17:42:45.834] [DEBUG] debug-file - Module entry Collected Dependency: 
[2026-04-21T17:42:45.834] [DEBUG] debug-file - Module entry's total dependency: 0
[2026-04-21T17:42:45.837] [DEBUG] debug-file - Configuration phase cost:141 ms 
[2026-04-21T17:42:45.838] [DEBUG] debug-file - Configuration task cost before running: 147 ms 
[2026-04-21T17:42:45.841] [DEBUG] debug-file - Executing task :entry:default@PreBuild
[2026-04-21T17:42:45.842] [DEBUG] debug-file - Task 'entry:default@PreBuild' cost while wrapping incremental declarations: 1 ms 
[2026-04-21T17:42:45.847] [DEBUG] debug-file - entry:default@PreBuild is not up-to-date, since the task snapshots are different.
[2026-04-21T17:42:45.847] [DEBUG] debug-file - Incremental task entry:default@PreBuild pre-execution cost: 4 ms .
[2026-04-21T17:42:45.853] [DEBUG] debug-file - current product is not Atomic service.
[2026-04-21T17:42:45.853] [DEBUG] debug-file - Use tool [win32: JAVA_HOME, CLASSPATH]
 [
  { JAVA_HOME: 'D:\\HUAWEI\\DevEco\\DevEco Studio\\jbr' },
  { CLASSPATH: undefined }
]
[2026-04-21T17:42:45.853] [DEBUG] debug-file - Use tool [win32: NODE_HOME]
 [ { NODE_HOME: 'D:\\HUAWEI\\DevEco\\DevEco Studio\\tools\\node' } ]
[2026-04-21T17:42:45.853] [DEBUG] debug-file - entry : default@PreBuild cost memory 0.556365966796875
[2026-04-21T17:42:45.853] [DEBUG] debug-file - runTaskFromQueue task cost before running: 163 ms 
[2026-04-21T17:42:45.854] [INFO] debug-file - Finished :entry:default@PreBuild... after 13 ms 
[2026-04-21T17:42:45.855] [DEBUG] debug-file - Executing task :entry:default@CreateModuleInfo
[2026-04-21T17:42:45.855] [DEBUG] debug-file - Task 'entry:default@CreateModuleInfo' cost while wrapping incremental declarations: 1 ms 
[2026-04-21T17:42:45.855] [DEBUG] debug-file - entry : default@CreateModuleInfo cost memory 0.04522705078125
[2026-04-21T17:42:45.856] [DEBUG] debug-file - runTaskFromQueue task cost before running: 165 ms 
[2026-04-21T17:42:45.856] [INFO] debug-file - Finished :entry:default@CreateModuleInfo... after 1 ms 
[2026-04-21T17:42:45.857] [DEBUG] debug-file - Executing task :entry:default@GenerateMetadata
[2026-04-21T17:42:45.857] [DEBUG] debug-file - Task 'entry:default@GenerateMetadata' cost while wrapping incremental declarations: 1 ms 
[2026-04-21T17:42:45.859] [DEBUG] debug-file - entry : default@GenerateMetadata cost memory 0.08594512939453125
[2026-04-21T17:42:45.859] [DEBUG] debug-file - runTaskFromQueue task cost before running: 169 ms 
[2026-04-21T17:42:45.860] [INFO] debug-file - Finished :entry:default@GenerateMetadata... after 3 ms 
[2026-04-21T17:42:45.860] [DEBUG] debug-file - Executing task :entry:default@ConfigureCmake
[2026-04-21T17:42:45.861] [DEBUG] debug-file - entry : default@ConfigureCmake cost memory -1.41082763671875
[2026-04-21T17:42:45.862] [DEBUG] debug-file - runTaskFromQueue task cost before running: 171 ms 
[2026-04-21T17:42:45.862] [INFO] debug-file - Finished :entry:default@ConfigureCmake... after 2 ms 
[2026-04-21T17:42:45.863] [DEBUG] debug-file - Executing task :entry:default@MergeProfile
[2026-04-21T17:42:45.863] [DEBUG] debug-file - Task 'entry:default@MergeProfile' cost while wrapping incremental declarations: 1 ms 
[2026-04-21T17:42:45.864] [DEBUG] debug-file - Change app api release type with 'Release'
[2026-04-21T17:42:45.864] [DEBUG] debug-file - Change app compile API version with '6.0.2.130'
[2026-04-21T17:42:45.864] [DEBUG] debug-file - Change app target API version with '50005017'
[2026-04-21T17:42:45.864] [DEBUG] debug-file - Change app minimum API version with '50005017'
[2026-04-21T17:42:45.864] [DEBUG] debug-file - Use cli appEnvironment
[2026-04-21T17:42:45.866] [DEBUG] debug-file - entry : default@MergeProfile cost memory 0.18538665771484375
[2026-04-21T17:42:45.866] [DEBUG] debug-file - runTaskFromQueue task cost before running: 176 ms 
[2026-04-21T17:42:45.867] [INFO] debug-file - Finished :entry:default@MergeProfile... after 4 ms 
[2026-04-21T17:42:45.868] [DEBUG] debug-file - Executing task :entry:default@CreateBuildProfile
[2026-04-21T17:42:45.869] [DEBUG] debug-file - Task 'entry:default@CreateBuildProfile' cost while wrapping incremental declarations: 1 ms 
[2026-04-21T17:42:45.871] [DEBUG] debug-file - entry : default@CreateBuildProfile cost memory 0.0646514892578125
[2026-04-21T17:42:45.871] [DEBUG] debug-file - runTaskFromQueue task cost before running: 180 ms 
[2026-04-21T17:42:45.871] [INFO] debug-file - Finished :entry:default@CreateBuildProfile... after 3 ms 
[2026-04-21T17:42:45.872] [DEBUG] debug-file - Executing task :entry:default@PreCheckSyscap
[2026-04-21T17:42:45.872] [DEBUG] debug-file - entry : default@PreCheckSyscap cost memory 0.01548004150390625
[2026-04-21T17:42:45.872] [DEBUG] debug-file - runTaskFromQueue task cost before running: 182 ms 
[2026-04-21T17:42:45.872] [INFO] debug-file - Finished :entry:default@PreCheckSyscap... after 1 ms 
[2026-04-21T17:42:45.874] [DEBUG] debug-file - Executing task :entry:default@GeneratePkgContextInfo
[2026-04-21T17:42:45.881] [DEBUG] debug-file - Task 'entry:default@GeneratePkgContextInfo' cost while wrapping incremental declarations: 1 ms 
[2026-04-21T17:42:45.882] [DEBUG] debug-file - entry : default@GeneratePkgContextInfo cost memory 0.2798309326171875
[2026-04-21T17:42:45.882] [DEBUG] debug-file - runTaskFromQueue task cost before running: 191 ms 
[2026-04-21T17:42:45.882] [INFO] debug-file - Finished :entry:default@GeneratePkgContextInfo... after 8 ms 
[2026-04-21T17:42:45.885] [DEBUG] debug-file - Executing task :entry:default@ProcessIntegratedHsp
[2026-04-21T17:42:45.885] [DEBUG] debug-file - entry : default@ProcessIntegratedHsp cost memory 0.0287017822265625
[2026-04-21T17:42:45.885] [DEBUG] debug-file - runTaskFromQueue task cost before running: 195 ms 
[2026-04-21T17:42:45.885] [INFO] debug-file - Finished :entry:default@ProcessIntegratedHsp... after 1 ms 
[2026-04-21T17:42:45.887] [DEBUG] debug-file - Executing task :entry:default@BuildNativeWithCmake
[2026-04-21T17:42:45.888] [DEBUG] debug-file - Use tool [Cmake]
 [
  'D:\\HUAWEI\\DevEco\\DevEco Studio\\sdk\\default\\openharmony\\native\\build-tools\\cmake\\bin\\cmake.exe',
  '-HD:\\HUAWEI\\Lab2\\ndk-opengl-master\\entry\\src\\main\\cpp',
  '-BD:\\HUAWEI\\Lab2\\ndk-opengl-master\\entry\\.cxx\\default\\default\\debug\\arm64-v8a',
  '-DOHOS_ARCH=arm64-v8a',
  '-DCMAKE_LIBRARY_OUTPUT_DIRECTORY=D:\\HUAWEI\\Lab2\\ndk-opengl-master\\entry\\build\\default\\intermediates\\cmake\\default\\obj\\arm64-v8a',
  '-DCMAKE_BUILD_TYPE=Debug',
  '-DOHOS_SDK_NATIVE=D:\\HUAWEI\\DevEco\\DevEco Studio\\sdk\\default\\openharmony\\native',
  '-DCMAKE_SYSTEM_NAME=OHOS',
  '-DCMAKE_OHOS_ARCH_ABI=arm64-v8a',
  '-DCMAKE_EXPORT_COMPILE_COMMANDS=ON',
  '-DCMAKE_TOOLCHAIN_FILE=D:\\HUAWEI\\DevEco\\DevEco Studio\\sdk\\default\\hms\\native\\build\\cmake\\hmos.toolchain.cmake',
  '-GNinja',
  '-DCMAKE_MAKE_PROGRAM=D:\\HUAWEI\\DevEco\\DevEco Studio\\sdk\\default\\openharmony\\native\\build-tools\\cmake\\bin\\ninja.exe',
  '-DCMAKE_FIND_ROOT_PATH=D:\\HUAWEI\\Lab2\\ndk-opengl-master\\entry\\.cxx\\default\\default\\debug\\hvigor\\arm64-v8a',
  '-DPACKAGE_FIND_FILE=D:\\HUAWEI\\Lab2\\ndk-opengl-master\\entry\\.cxx\\default\\default\\debug\\hvigor\\arm64-v8a\\summary.cmake',
  '--no-warn-unused-cli',
  '-DHMOS_SDK_NATIVE=D:\\HUAWEI\\DevEco\\DevEco Studio\\sdk\\default\\hms\\native'
]
[2026-04-21T17:42:45.894] [DEBUG] debug-file - CMake configuration was up-to-date
[2026-04-21T17:42:45.898] [DEBUG] debug-file - Use tool [Cmake]
 [
  'D:\\HUAWEI\\DevEco\\DevEco Studio\\sdk\\default\\openharmony\\native\\build-tools\\cmake\\bin\\cmake.exe',
  '-HD:\\HUAWEI\\Lab2\\ndk-opengl-master\\entry\\src\\main\\cpp',
  '-BD:\\HUAWEI\\Lab2\\ndk-opengl-master\\entry\\.cxx\\default\\default\\debug\\x86_64',
  '-DOHOS_ARCH=x86_64',
  '-DCMAKE_LIBRARY_OUTPUT_DIRECTORY=D:\\HUAWEI\\Lab2\\ndk-opengl-master\\entry\\build\\default\\intermediates\\cmake\\default\\obj\\x86_64',
  '-DCMAKE_BUILD_TYPE=Debug',
  '-DOHOS_SDK_NATIVE=D:\\HUAWEI\\DevEco\\DevEco Studio\\sdk\\default\\openharmony\\native',
  '-DCMAKE_SYSTEM_NAME=OHOS',
  '-DCMAKE_OHOS_ARCH_ABI=x86_64',
  '-DCMAKE_EXPORT_COMPILE_COMMANDS=ON',
  '-DCMAKE_TOOLCHAIN_FILE=D:\\HUAWEI\\DevEco\\DevEco Studio\\sdk\\default\\hms\\native\\build\\cmake\\hmos.toolchain.cmake',
  '-GNinja',
  '-DCMAKE_MAKE_PROGRAM=D:\\HUAWEI\\DevEco\\DevEco Studio\\sdk\\default\\openharmony\\native\\build-tools\\cmake\\bin\\ninja.exe',
  '-DCMAKE_FIND_ROOT_PATH=D:\\HUAWEI\\Lab2\\ndk-opengl-master\\entry\\.cxx\\default\\default\\debug\\hvigor\\x86_64',
  '-DPACKAGE_FIND_FILE=D:\\HUAWEI\\Lab2\\ndk-opengl-master\\entry\\.cxx\\default\\default\\debug\\hvigor\\x86_64\\summary.cmake',
  '--no-warn-unused-cli',
  '-DHMOS_SDK_NATIVE=D:\\HUAWEI\\DevEco\\DevEco Studio\\sdk\\default\\hms\\native'
]
[2026-04-21T17:42:45.905] [DEBUG] debug-file - CMake configuration was up-to-date
[2026-04-21T17:42:45.908] [DEBUG] debug-file - entry : default@BuildNativeWithCmake cost memory -0.5317840576171875
[2026-04-21T17:42:45.908] [DEBUG] debug-file - runTaskFromQueue task cost before running: 217 ms 
[2026-04-21T17:42:45.908] [INFO] debug-file - Finished :entry:default@BuildNativeWithCmake... after 22 ms 
[2026-04-21T17:42:45.909] [DEBUG] debug-file - Executing task :entry:default@MakePackInfo
[2026-04-21T17:42:45.910] [DEBUG] debug-file - Module Pack Info:  {
  summary: {
    app: { bundleName: 'c***l', bundleType: 'app', version: [Object] },
    modules: [ [Object] ]
  },
  packages: [
    {
      deviceType: [Array],
      moduleType: 'entry',
      deliveryWithInstall: true,
      name: 'entry-default'
    }
  ]
}
[2026-04-21T17:42:45.912] [DEBUG] debug-file - entry : default@MakePackInfo cost memory 0.09932708740234375
[2026-04-21T17:42:45.912] [DEBUG] debug-file - runTaskFromQueue task cost before running: 222 ms 
[2026-04-21T17:42:45.913] [INFO] debug-file - Finished :entry:default@MakePackInfo... after 4 ms 
[2026-04-21T17:42:45.913] [DEBUG] debug-file - Executing task :entry:default@SyscapTransform
[2026-04-21T17:42:45.914] [DEBUG] debug-file - File: 'D:\HUAWEI\Lab2\ndk-opengl-master\entry\src\main\syscap.json' from 'sysCapJsonPath' is not exists, just ignore.
[2026-04-21T17:42:45.914] [DEBUG] debug-file - Task 'entry:default@SyscapTransform' cost while wrapping incremental declarations: 1 ms 
[2026-04-21T17:42:45.915] [DEBUG] debug-file - entry : default@SyscapTransform cost memory 0.05507659912109375
[2026-04-21T17:42:45.915] [DEBUG] debug-file - runTaskFromQueue task cost before running: 224 ms 
[2026-04-21T17:42:45.915] [INFO] debug-file - Finished :entry:default@SyscapTransform... after 2 ms 
[2026-04-21T17:42:45.916] [DEBUG] debug-file - Executing task :entry:default@ProcessProfile
[2026-04-21T17:42:45.917] [DEBUG] debug-file - Task 'entry:default@ProcessProfile' cost while wrapping incremental declarations: 1 ms 
[2026-04-21T17:42:45.918] [DEBUG] debug-file - [
  'D:\\HUAWEI\\DevEco\\DevEco Studio\\tools\\node\\node.exe',
  'D:\\HUAWEI\\DevEco\\DevEco Studio\\sdk\\default\\openharmony\\ets\\build-tools\\ets-loader\\bin\\ark\\ts2abc.js',
  '--target-api-version',
  '17'
]
[2026-04-21T17:42:46.674] [DEBUG] debug-file - 12.0.6.0
[2026-04-21T17:42:46.678] [DEBUG] debug-file - No need to add fake ui ability because of not in preview process.
[2026-04-21T17:42:46.679] [DEBUG] debug-file - entry : default@ProcessProfile cost memory 0.5884170532226562
[2026-04-21T17:42:46.679] [DEBUG] debug-file - runTaskFromQueue task cost before running: 989 ms 
[2026-04-21T17:42:46.680] [INFO] debug-file - Finished :entry:default@ProcessProfile... after 764 ms 
[2026-04-21T17:42:46.681] [DEBUG] debug-file - Executing task :entry:default@ProcessRouterMap
[2026-04-21T17:42:46.683] [DEBUG] debug-file - entry : default@ProcessRouterMap cost memory 0.08336639404296875
[2026-04-21T17:42:46.684] [DEBUG] debug-file - runTaskFromQueue task cost before running: 993 ms 
[2026-04-21T17:42:46.684] [INFO] debug-file - Finished :entry:default@ProcessRouterMap... after 3 ms 
[2026-04-21T17:42:46.685] [DEBUG] debug-file - Executing task :entry:default@ProcessShareConfig
[2026-04-21T17:42:46.687] [DEBUG] debug-file - entry : default@ProcessShareConfig cost memory 0.06525421142578125
[2026-04-21T17:42:46.687] [DEBUG] debug-file - runTaskFromQueue task cost before running: 997 ms 
[2026-04-21T17:42:46.687] [INFO] debug-file - Finished :entry:default@ProcessShareConfig... after 3 ms 
[2026-04-21T17:42:46.688] [DEBUG] debug-file - Executing task :entry:default@ProcessStartupConfig
[2026-04-21T17:42:46.688] [DEBUG] debug-file - Task 'entry:default@ProcessStartupConfig' cost while wrapping incremental declarations: 1 ms 
[2026-04-21T17:42:46.689] [DEBUG] debug-file - entry : default@ProcessStartupConfig cost memory 0.06063079833984375
[2026-04-21T17:42:46.689] [DEBUG] debug-file - runTaskFromQueue task cost before running: 998 ms 
[2026-04-21T17:42:46.689] [INFO] debug-file - Finished :entry:default@ProcessStartupConfig... after 1 ms 
[2026-04-21T17:42:46.690] [DEBUG] debug-file - Executing task :entry:default@BuildNativeWithNinja
[2026-04-21T17:42:46.691] [DEBUG] debug-file - Use tool [Ninja]
 [
  'D:\\HUAWEI\\DevEco\\DevEco Studio\\sdk\\default\\openharmony\\native\\build-tools\\cmake\\bin\\ninja.exe',
  '-C',
  'D:\\HUAWEI\\Lab2\\ndk-opengl-master\\entry\\.cxx\\default\\default\\debug\\arm64-v8a'
]
[2026-04-21T17:42:46.691] [DEBUG] debug-file - default@BuildNativeWithNinja work[2] is submitted.
[2026-04-21T17:42:46.691] [DEBUG] debug-file - default@BuildNativeWithNinja work[2] is pushed to ready queue.
[2026-04-21T17:42:46.691] [DEBUG] debug-file - A work dispatched to worker[19] failed because unable to get work from ready queue.
[2026-04-21T17:42:46.691] [DEBUG] debug-file - default@BuildNativeWithNinja work[2] has been dispatched to worker[18].
[2026-04-21T17:42:46.691] [DEBUG] debug-file - default@BuildNativeWithNinja work[2] is dispatched.
[2026-04-21T17:42:46.697] [DEBUG] debug-file - OHOS_STL is c++_shared
[2026-04-21T17:42:46.697] [DEBUG] debug-file - Copy STL libc++_shared.so to D:\HUAWEI\Lab2\ndk-opengl-master\entry\build\default\intermediates\cmake\default\obj\arm64-v8a due to OHOS_STL is 'c++_shared'
[2026-04-21T17:42:46.704] [DEBUG] debug-file - Use tool [Ninja]
 [
  'D:\\HUAWEI\\DevEco\\DevEco Studio\\sdk\\default\\openharmony\\native\\build-tools\\cmake\\bin\\ninja.exe',
  '-C',
  'D:\\HUAWEI\\Lab2\\ndk-opengl-master\\entry\\.cxx\\default\\default\\debug\\x86_64'
]
[2026-04-21T17:42:46.704] [DEBUG] debug-file - default@BuildNativeWithNinja work[3] is submitted.
[2026-04-21T17:42:46.704] [DEBUG] debug-file - default@BuildNativeWithNinja work[3] is pushed to ready queue.
[2026-04-21T17:42:46.704] [DEBUG] debug-file - A work dispatched to worker[19] failed because unable to get work from ready queue.
[2026-04-21T17:42:46.704] [DEBUG] debug-file - A work dispatched to worker[18] failed because of worker busy.
[2026-04-21T17:42:46.704] [DEBUG] debug-file - default@BuildNativeWithNinja work[3] has been dispatched to worker[17].
[2026-04-21T17:42:46.704] [DEBUG] debug-file - default@BuildNativeWithNinja work[3] is dispatched.
[2026-04-21T17:42:46.708] [DEBUG] debug-file - OHOS_STL is c++_shared
[2026-04-21T17:42:46.708] [DEBUG] debug-file - Copy STL libc++_shared.so to D:\HUAWEI\Lab2\ndk-opengl-master\entry\build\default\intermediates\cmake\default\obj\x86_64 due to OHOS_STL is 'c++_shared'
[2026-04-21T17:42:46.714] [DEBUG] debug-file - entry : default@BuildNativeWithNinja cost memory -0.12232208251953125
[2026-04-21T17:42:46.715] [DEBUG] debug-file - restool module names: entry; moduleName=entry, taskName=default@ProcessResource
[2026-04-21T17:42:46.717] [DEBUG] debug-file - Executing task :entry:default@ProcessResource
[2026-04-21T17:42:46.717] [DEBUG] debug-file - Task 'entry:default@ProcessResource' cost while wrapping incremental declarations: 1 ms 
[2026-04-21T17:42:46.719] [DEBUG] debug-file - entry : default@ProcessResource cost memory 0.114715576171875
[2026-04-21T17:42:46.719] [DEBUG] debug-file - runTaskFromQueue task cost before running: 1 s 29 ms 
[2026-04-21T17:42:46.720] [INFO] debug-file - Finished :entry:default@ProcessResource... after 4 ms 
[2026-04-21T17:42:46.721] [DEBUG] debug-file - Executing task :entry:default@GenerateLoaderJson
[2026-04-21T17:42:46.722] [DEBUG] debug-file - Task 'entry:default@GenerateLoaderJson' cost while wrapping incremental declarations: 1 ms 
[2026-04-21T17:42:46.729] [DEBUG] debug-file - entry : default@GenerateLoaderJson cost memory 0.476806640625
[2026-04-21T17:42:46.729] [DEBUG] debug-file - runTaskFromQueue task cost before running: 1 s 38 ms 
[2026-04-21T17:42:46.731] [INFO] debug-file - Finished :entry:default@GenerateLoaderJson... after 8 ms 
[2026-04-21T17:42:46.732] [DEBUG] debug-file - restool module names: entry; moduleName=entry, taskName=default@CompileResource
[2026-04-21T17:42:46.733] [DEBUG] debug-file - Executing task :entry:default@CompileResource
[2026-04-21T17:42:46.736] [DEBUG] debug-file - Use tool [D:\HUAWEI\DevEco\DevEco Studio\sdk\default\openharmony\toolchains\restool.exe]
 [
  'D:\\HUAWEI\\DevEco\\DevEco Studio\\sdk\\default\\openharmony\\toolchains\\restool.exe',
  '-l',
  'D:\\HUAWEI\\Lab2\\ndk-opengl-master\\entry\\build\\default\\intermediates\\res\\default\\resConfig.json'
]
[2026-04-21T17:42:46.737] [DEBUG] debug-file - current process  memoryUsage: {
  rss: 288260096,
  heapTotal: 124694528,
  heapUsed: 111960896,
  external: 3151044,
  arrayBuffers: 120359
} os memoryUsage :19.478076934814453
[2026-04-21T17:42:47.324] [DEBUG] debug-file - Info: Pack: normal pack mode

[2026-04-21T17:42:47.478] [DEBUG] debug-file - Info: hardware concurrency count is : 20
Info: thread count is : 20

[2026-04-21T17:42:47.478] [DEBUG] debug-file - Info: thread pool is started

[2026-04-21T17:42:47.479] [DEBUG] debug-file - Info: GenericCompiler::CompileFiles

[2026-04-21T17:42:47.488] [DEBUG] debug-file - Info: GenericCompiler::CompileFiles

[2026-04-21T17:42:47.491] [DEBUG] debug-file - Info: GenericCompiler::CompileFiles

[2026-04-21T17:42:47.502] [DEBUG] debug-file - 04-21 17:42:47.502 29152 27340 E C01400/ImageTranscoderUtils: DecodeToRGBA IN
04-21 17:42:47.502 29152 27340 E C01400/ImageTranscoderUtils: ImageFilter IN D:\HUAWEI\Lab2\ndk-opengl-master\AppScope\resources\base\media\app_icon.png

[2026-04-21T17:42:47.502] [DEBUG] debug-file - 04-21 17:42:47.503 29152 27340 E C01400/ImageTranscoder: TranscodeSLR Only zoom-out is supported.

[2026-04-21T17:42:47.502] [DEBUG] debug-file - Warning: ScaleImage failed, error message: INVALID_PARAMETERS, file path = D:\HUAWEI\Lab2\ndk-opengl-master\AppScope\resources\base\media\app_icon.png

[2026-04-21T17:42:47.505] [DEBUG] debug-file - 04-21 17:42:47.506 29152 27340 E C01400/ImageTranscoderUtils: DecodeToRGBA IN

[2026-04-21T17:42:47.506] [DEBUG] debug-file - 04-21 17:42:47.506 29152 27340 E C01400/ImageTranscoderUtils: ImageFilter IN D:\HUAWEI\Lab2\ndk-opengl-master\entry\src\main\resources\base\media\icon.png

[2026-04-21T17:42:47.506] [DEBUG] debug-file - 04-21 17:42:47.507 29152 27340 E C01400/ImageTranscoder: TranscodeSLR Only zoom-out is supported.

[2026-04-21T17:42:47.507] [DEBUG] debug-file - Warning: ScaleImage failed, error message: INVALID_PARAMETERS, file path = D:\HUAWEI\Lab2\ndk-opengl-master\entry\src\main\resources\base\media\icon.png

[2026-04-21T17:42:47.508] [DEBUG] debug-file - Warning: The width or height of the png file referenced by the icon exceeds the limit (41 pixels)
at D:\HUAWEI\Lab2\ndk-opengl-master\AppScope\resources\base\media\app_icon.png

[2026-04-21T17:42:47.509] [DEBUG] debug-file - Warning: The width or height of the png file referenced by the icon exceeds the limit (41 pixels)
at D:\HUAWEI\Lab2\ndk-opengl-master\entry\src\main\resources\base\media\icon.png

[2026-04-21T17:42:47.511] [DEBUG] debug-file - Info: restool resources compile success.

[2026-04-21T17:42:47.512] [DEBUG] debug-file - Info: thread pool is stopped

[2026-04-21T17:42:47.583] [WARN] debug-file - libpng warning: iCCP: known incorrect sRGB profile
libpng warning: iCCP: known incorrect sRGB profile

[2026-04-21T17:42:47.585] [DEBUG] debug-file - entry : default@CompileResource cost memory -4.756416320800781
[2026-04-21T17:42:47.585] [DEBUG] debug-file - runTaskFromQueue task cost before running: 1 s 894 ms 
[2026-04-21T17:42:47.586] [INFO] debug-file - Finished :entry:default@CompileResource... after 853 ms 
[2026-04-21T17:42:47.587] [DEBUG] debug-file - Executing task :entry:default@CompileArkTS
[2026-04-21T17:42:47.588] [DEBUG] debug-file - obfuscationOptions: undefined
[2026-04-21T17:42:47.589] [DEBUG] debug-file - Task 'entry:default@CompileArkTS' cost while wrapping incremental declarations: 1 ms 
[2026-04-21T17:42:47.601] [DEBUG] debug-file - build config:
[2026-04-21T17:42:47.602] [DEBUG] debug-file - {
  moduleType: 'entry',
  perf: 0,
  targetName: '.default',
  packageManagerType: 'ohpm',
  localPropertiesPath: 'D:\\HUAWEI\\Lab2\\ndk-opengl-master\\local.properties',
  isPreview: false,
  isOhosTest: false,
  isLocalTest: false,
  buildMode: 'Debug',
  hotReloadBuild: undefined,
  watchMode: 'false',
  aceProfilePath: 'D:\\HUAWEI\\Lab2\\ndk-opengl-master\\entry\\build\\default\\intermediates\\res\\default\\resources\\base\\profile',
  etsLoaderPath: 'D:\\HUAWEI\\DevEco\\DevEco Studio\\sdk\\default\\openharmony\\ets\\build-tools\\ets-loader',
  modulePath: 'D:\\HUAWEI\\Lab2\\ndk-opengl-master\\entry',
  testFrameworkPar: {
    testMode: undefined,
    coveragePathFilter: undefined,
    coverageMode: undefined
  },
  needCoverageInsert: false,
  debugLine: false,
  projectTopDir: 'D:\\HUAWEI\\Lab2\\ndk-opengl-master',
  compileSdkVersion: 22,
  compatibleSdkVersion: 17,
  originCompatibleSdkVersion: '5.0.5(17)',
  compatibleSdkVersionStage: undefined,
  bundleName: 'c***l',
  etsLoaderVersion: '6.0.2.130',
  etsLoaderReleaseType: 'Release',
  aotCompileMode: 'type',
  apPath: 'D:\\HUAWEI\\Lab2\\ndk-opengl-master\\entry\\modules.ap',
  entryModuleName: 'entry',
  entryModuleVersion: '1.0.0',
  entryPackageName: 'entry',
  allModuleNameHash: '66f3c8041c023c38db49f629f07ca7e98f6276f17f4308e3f90230a419a9692b',
  externalApiPaths: [ 'D:\\HUAWEI\\DevEco\\DevEco Studio\\sdk\\default\\hms\\ets' ],
  compilerTypes: [],
  isCrossplatform: false,
  hvigorPluginFile: undefined,
  compilePluginPath: undefined,
  buildGeneratedProfilePath: 'D:\\HUAWEI\\Lab2\\ndk-opengl-master\\entry\\build\\default\\generated\\profile\\default',
  bundleType: 'app',
  arkTSVersion: undefined,
  apiVersion: 22,
  needCompleteSourcesMap: false,
  isFaMode: false,
  buildDir: 'D:\\HUAWEI\\Lab2\\ndk-opengl-master\\entry\\build',
  deviceTypes: [ 'phone', 'tablet' ],
  pkgContextInfo: undefined,
  ohPackagePathMap: {},
  dependencyAliasMap: {},
  permission: { requestPermissions: undefined, definePermissions: undefined },
  useGetCurrentBundleName: false,
  projectArkOption: undefined,
  sourceMapDir: undefined,
  branchElimination: false,
  transformLib: undefined,
  tsImportSendable: false,
  resolveConflictMode: true,
  depName2RootPath: {},
  depName2DepInfo: {},
  rootPathSet: [ 'D:\\HUAWEI\\Lab2\\ndk-opengl-master' ],
  useNativeResolver: true,
  shouldEmitJs: true,
  useTscResolve: false,
  singleFileEmit: false,
  userProjectConfig: {
    autoLazyImport: false,
    allowEmptyBundleName: false,
    reExportCheckMode: 'noCheck',
    executionMode: 'memory',
    usePathPlaceholder: false,
    writeRollupCache: true,
    isExpandImportEnabled: false,
    expandImportExclude: '',
    lazyImportExclude: '',
    lazyImportInclude: '',
    ignoreCrossplatformCheck: false,
    isHarDeduplicateEnabled: false,
    skipOhModulesLint: false,
    enableStrictCheckOHModule: false,
    disableSendableCheckRules: [],
    useDeclarationFileSignature: false,
    customizedOptions: undefined,
    integratedHsp: false,
    isPreloadSoEnabled: false
  },
  executionMode: 'memory',
  arkCompileCachePath: 'D:\\HUAWEI\\Lab2\\ndk-opengl-master\\entry\\build\\default\\cache\\default\\default@CompileArkTS\\esmodule',
  autoLazyFilter: undefined,
  isHarDeduplicateEnabled: false,
  intermediateHarDuplicateDirPath: 'D:\\HUAWEI\\Lab2\\ndk-opengl-master\\entry\\build\\default\\intermediates\\har_duplicate\\default',
  autoLazyImport: false,
  allowEmptyBundleName: false,
  reExportCheckMode: 'noCheck',
  usePathPlaceholder: false,
  writeRollupCache: true,
  isExpandImportEnabled: false,
  expandImportExclude: '',
  lazyImportExclude: '',
  lazyImportInclude: '',
  ignoreCrossplatformCheck: false,
  skipOhModulesLint: false,
  enableStrictCheckOHModule: false,
  disableSendableCheckRules: [],
  useDeclarationFileSignature: false,
  customizedOptions: undefined,
  integratedHsp: false,
  isPreloadSoEnabled: false,
  strictMode: undefined,
  useNormalizedOHMUrl: false,
  caseSensitiveCheck: false,
  aceModuleJsonPath: 'D:\\HUAWEI\\Lab2\\ndk-opengl-master\\entry\\build\\default\\intermediates\\res\\default\\ark_module.json',
  appResource: 'D:\\HUAWEI\\Lab2\\ndk-opengl-master\\entry\\build\\default\\intermediates\\res\\default\\ResourceTable.txt',
  rawFileResource: 'D:\\HUAWEI\\Lab2\\ndk-opengl-master\\entry\\build\\default\\intermediates\\res\\default\\resources\\rawfile',
  resourceTableHash: '3373ab0ff82e89b8179ad2e7bef6ed49d956c81c8513b8ba47a640c335e48807',
  runtimeOS: 'HarmonyOS',
  sdkInfo: 'false:22:6.0.2.130:Release',
  aceModuleRoot: 'D:\\HUAWEI\\Lab2\\ndk-opengl-master\\entry\\src\\main\\ets',
  compileMode: 'esmodule',
  aceSuperVisualPath: 'D:\\HUAWEI\\Lab2\\ndk-opengl-master\\entry\\src\\main\\supervisual',
  aceBuildJson: 'D:\\HUAWEI\\Lab2\\ndk-opengl-master\\entry\\build\\default\\intermediates\\loader\\default\\loader.json',
  cachePath: 'D:\\HUAWEI\\Lab2\\ndk-opengl-master\\entry\\build\\default\\cache\\default\\default@CompileArkTS\\esmodule\\debug',
  aceModuleBuild: 'D:\\HUAWEI\\Lab2\\ndk-opengl-master\\entry\\build\\default\\intermediates\\loader_out\\default\\ets',
  supportChunks: true,
  declaredFilesPath: undefined,
  shouldCollectDirectImportees: false,
  isByteCodeHarOptimize: false,
  expandImportPath: undefined,
  pkgNameToPkgBriefInfo: {
    entry: {
      pkgRoot: 'D:\\HUAWEI\\Lab2\\ndk-opengl-master\\entry',
      originalSourceRoots: undefined,
      sourceRoots: [Array],
      pkgName: 'entry'
    }
  },
  projectModel: {
    'D:\\HUAWEI\\Lab2\\ndk-opengl-master\\entry\\src\\main': {
      moduleName: 'entry',
      modulePkgPath: 'D:\\HUAWEI\\Lab2\\ndk-opengl-master\\entry',
      belongProjectPath: 'D:\\HUAWEI\\Lab2\\ndk-opengl-master'
    },
    'D:\\HUAWEI\\Lab2\\ndk-opengl-master\\entry': {
      moduleName: 'entry',
      modulePkgPath: 'D:\\HUAWEI\\Lab2\\ndk-opengl-master\\entry',
      belongProjectPath: 'D:\\HUAWEI\\Lab2\\ndk-opengl-master'
    },
    'D:\\HUAWEI\\Lab2\\ndk-opengl-master': {
      moduleName: 'ndk-opengl-master',
      modulePkgPath: 'D:\\HUAWEI\\Lab2\\ndk-opengl-master',
      belongProjectPath: 'D:\\HUAWEI\\Lab2\\ndk-opengl-master'
    }
  },
  pkgJsonFileHash: '8697a744fece5f253756dfbef32bca746d8a3cbf1dc4911b3a4766bf5c08e877',
  allModulePaths: [ 'D:\\HUAWEI\\Lab2\\ndk-opengl-master\\entry' ],
  routerMap: {},
  obfuscationOptions: undefined,
  byteCodeHarToDependencyKeys: undefined,
  compileBlockPkg: [],
  mockParams: {
    decorator: '@MockSetup',
    packageName: '@ohos/hamock',
    etsSourceRootPath: 'src/main/ets',
    mockConfigPath: undefined,
    mockConfigKey2ModuleInfo: {},
    source2ModuleIdMap: {}
  },
  copyCodeResourceEnable: true,
  copyCodeResourceExcludes: [],
  copyCodeResourceIncludes: undefined,
  uiTransformOptimization: false,
  sdkPath: 'D:/HUAWEI/DevEco/DevEco Studio/sdk',
  needPreloadSoFileSet: {},
  preloadSoFilePath: 'D:\\HUAWEI\\Lab2\\ndk-opengl-master\\entry\\build\\default\\intermediates\\preload\\default\\preload.json',
  useSourceHash: false,
  localModuleParamMap: {},
  otherPaths: {
    'entry/*': [
      '..\\*',
      '..\\..\\..\\build\\default\\generated\\profile\\default\\*'
    ]
  },
  collectImportersConfig: undefined
}
[2026-04-21T17:42:47.602] [DEBUG] debug-file - Compile arkts with external api path: D:\HUAWEI\DevEco\DevEco Studio\sdk\default\hms\ets
[2026-04-21T17:42:47.604] [DEBUG] debug-file - default@CompileArkTS work[4] is submitted.
[2026-04-21T17:42:47.604] [DEBUG] debug-file - default@CompileArkTS work[4] is pushed to ready queue.
[2026-04-21T17:42:47.604] [DEBUG] debug-file - A work dispatched to worker[19] failed because unable to get work from ready queue.
[2026-04-21T17:42:47.604] [DEBUG] debug-file - A work dispatched to worker[18] failed because of worker busy.
[2026-04-21T17:42:47.604] [DEBUG] debug-file - A work dispatched to worker[17] failed because of worker busy.
[2026-04-21T17:42:47.604] [DEBUG] debug-file - A work dispatched to worker[16] failed because unable to get work from ready queue.
[2026-04-21T17:42:47.604] [DEBUG] debug-file - A work dispatched to worker[15] failed because unable to get work from ready queue.
[2026-04-21T17:42:47.604] [DEBUG] debug-file - A work dispatched to worker[14] failed because unable to get work from ready queue.
[2026-04-21T17:42:47.604] [DEBUG] debug-file - A work dispatched to worker[13] failed because unable to get work from ready queue.
[2026-04-21T17:42:47.604] [DEBUG] debug-file - A work dispatched to worker[12] failed because unable to get work from ready queue.
[2026-04-21T17:42:47.604] [DEBUG] debug-file - A work dispatched to worker[11] failed because unable to get work from ready queue.
[2026-04-21T17:42:47.605] [DEBUG] debug-file - A work dispatched to worker[10] failed because unable to get work from ready queue.
[2026-04-21T17:42:47.605] [DEBUG] debug-file - A work dispatched to worker[9] failed because unable to get work from ready queue.
[2026-04-21T17:42:47.605] [DEBUG] debug-file - A work dispatched to worker[8] failed because unable to get work from ready queue.
[2026-04-21T17:42:47.605] [DEBUG] debug-file - A work dispatched to worker[7] failed because unable to get work from ready queue.
[2026-04-21T17:42:47.605] [DEBUG] debug-file - A work dispatched to worker[6] failed because unable to get work from ready queue.
[2026-04-21T17:42:47.605] [DEBUG] debug-file - A work dispatched to worker[5] failed because unable to get work from ready queue.
[2026-04-21T17:42:47.605] [DEBUG] debug-file - Create  resident worker with id: 4.
[2026-04-21T17:42:47.606] [DEBUG] debug-file - default@CompileArkTS work[4] has been dispatched to worker[4].
[2026-04-21T17:42:47.606] [DEBUG] debug-file - default@CompileArkTS work[4] is dispatched.
[2026-04-21T17:42:47.606] [DEBUG] debug-file - CopyResources startTime: 416711254080500
[2026-04-21T17:42:47.606] [DEBUG] debug-file - default@CompileArkTS work[5] is submitted.
[2026-04-21T17:42:47.606] [DEBUG] debug-file - default@CompileArkTS work[5] is pushed to ready queue.
[2026-04-21T17:42:47.606] [DEBUG] debug-file - A work dispatched to worker[19] failed because unable to get work from ready queue.
[2026-04-21T17:42:47.606] [DEBUG] debug-file - A work dispatched to worker[18] failed because of worker busy.
[2026-04-21T17:42:47.606] [DEBUG] debug-file - A work dispatched to worker[17] failed because of worker busy.
[2026-04-21T17:42:47.606] [DEBUG] debug-file - Create  resident worker with id: 16.
[2026-04-21T17:42:47.607] [DEBUG] debug-file - default@CompileArkTS work[5] has been dispatched to worker[16].
[2026-04-21T17:42:47.607] [DEBUG] debug-file - default@CompileArkTS work[5] is dispatched.
[2026-04-21T17:42:47.607] [DEBUG] debug-file - entry : default@CompileArkTS cost memory 1.6526031494140625
[2026-04-21T17:42:47.608] [DEBUG] debug-file - Executing task :entry:default@BuildJS
[2026-04-21T17:42:47.609] [DEBUG] debug-file - Task 'entry:default@BuildJS' cost while wrapping incremental declarations: 1 ms 
[2026-04-21T17:42:47.610] [DEBUG] debug-file - entry : default@BuildJS cost memory 0.1526641845703125
[2026-04-21T17:42:47.610] [DEBUG] debug-file - runTaskFromQueue task cost before running: 1 s 920 ms 
[2026-04-21T17:42:47.610] [INFO] debug-file - Finished :entry:default@BuildJS... after 3 ms 
[2026-04-21T17:42:47.802] [DEBUG] debug-file - ninja: Entering directory `D:\HUAWEI\Lab2\ndk-opengl-master\entry\.cxx\default\default\debug\arm64-v8a'
[1/7] Building CXX object CMakeFiles/tetrahedron_napi.dir/tetrahedron.cpp.o

[2026-04-21T17:42:47.843] [DEBUG] debug-file - clang++: warning: argument unused during compilation: '--gcc-toolchain=D:/HUAWEI/DevEco/DevEco Studio/sdk/default/openharmony/native/llvm' [-Wunused-command-line-argument]
[2/7] Building CXX object CMakeFiles/tetrahedron_napi.dir/frame_handle.cpp.o

[2026-04-21T17:42:47.859] [DEBUG] debug-file - ninja: Entering directory `D:\HUAWEI\Lab2\ndk-opengl-master\entry\.cxx\default\default\debug\x86_64'
[1/7] Building CXX object CMakeFiles/tetrahedron_napi.dir/frame_handle.cpp.o

[2026-04-21T17:42:47.872] [DEBUG] debug-file - clang++: warning: argument unused during compilation: '--gcc-toolchain=D:/HUAWEI/DevEco/DevEco Studio/sdk/default/openharmony/native/llvm' [-Wunused-command-line-argument]
[2/7] Building CXX object CMakeFiles/tetrahedron_napi.dir/tetrahedron.cpp.o

[2026-04-21T17:42:47.921] [DEBUG] debug-file - clang++: warning: argument unused during compilation: '--gcc-toolchain=D:/HUAWEI/DevEco/DevEco Studio/sdk/default/openharmony/native/llvm' [-Wunused-command-line-argument]
[3/7] Building CXX object CMakeFiles/tetrahedron_napi.dir/napi_util.cpp.o

[2026-04-21T17:42:47.939] [DEBUG] debug-file - clang++: warning: argument unused during compilation: '--gcc-toolchain=D:/HUAWEI/DevEco/DevEco Studio/sdk/default/openharmony/native/llvm' [-Wunused-command-line-argument]
[3/7] Building CXX object CMakeFiles/tetrahedron_napi.dir/napi_util.cpp.o

[2026-04-21T17:42:47.939] [DEBUG] debug-file - clang++: warning: argument unused during compilation: '--gcc-toolchain=D:/HUAWEI/DevEco/DevEco Studio/sdk/default/openharmony/native/llvm' [-Wunused-command-line-argument]
[4/7] Building CXX object CMakeFiles/tetrahedron_napi.dir/module.cpp.o

[2026-04-21T17:42:47.943] [DEBUG] debug-file - clang++: warning: argument unused during compilation: '--gcc-toolchain=D:/HUAWEI/DevEco/DevEco Studio/sdk/default/openharmony/native/llvm' [-Wunused-command-line-argument]
[4/7] Building CXX object CMakeFiles/tetrahedron_napi.dir/module.cpp.o

[2026-04-21T17:42:48.018] [DEBUG] debug-file - clang++: warning: argument unused during compilation: '--gcc-toolchain=D:/HUAWEI/DevEco/DevEco Studio/sdk/default/openharmony/native/llvm' [-Wunused-command-line-argument]
[5/7] Building CXX object CMakeFiles/tetrahedron_napi.dir/app_napi.cpp.o

[2026-04-21T17:42:48.037] [DEBUG] debug-file - clang++: warning: argument unused during compilation: '--gcc-toolchain=D:/HUAWEI/DevEco/DevEco Studio/sdk/default/openharmony/native/llvm' [-Wunused-command-line-argument]
[5/7] Building CXX object CMakeFiles/tetrahedron_napi.dir/app_napi.cpp.o

[2026-04-21T17:42:48.047] [DEBUG] debug-file - clang++: warning: argument unused during compilation: '--gcc-toolchain=D:/HUAWEI/DevEco/DevEco Studio/sdk/default/openharmony/native/llvm' [-Wunused-command-line-argument]
[6/7] Building CXX object CMakeFiles/tetrahedron_napi.dir/napi_manager.cpp.o

[2026-04-21T17:42:48.070] [DEBUG] debug-file - clang++: warning: argument unused during compilation: '--gcc-toolchain=D:/HUAWEI/DevEco/DevEco Studio/sdk/default/openharmony/native/llvm' [-Wunused-command-line-argument]
[6/7] Building CXX object CMakeFiles/tetrahedron_napi.dir/napi_manager.cpp.o

[2026-04-21T17:42:48.271] [DEBUG] debug-file - clang++: warning: argument unused during compilation: '--gcc-toolchain=D:/HUAWEI/DevEco/DevEco Studio/sdk/default/openharmony/native/llvm' [-Wunused-command-line-argument]
[7/7] Linking CXX shared library D:\HUAWEI\Lab2\ndk-opengl-master\entry\build\default\intermediates\cmake\default\obj\x86_64\libtetrahedron_napi.so

[2026-04-21T17:42:48.273] [DEBUG] debug-file - clang++: warning: argument unused during compilation: '--gcc-toolchain=D:/HUAWEI/DevEco/DevEco Studio/sdk/default/openharmony/native/llvm' [-Wunused-command-line-argument]
[7/7] Linking CXX shared library D:\HUAWEI\Lab2\ndk-opengl-master\entry\build\default\intermediates\cmake\default\obj\arm64-v8a\libtetrahedron_napi.so

[2026-04-21T17:42:48.273] [DEBUG] debug-file - worker[17] has one work done.
[2026-04-21T17:42:48.282] [DEBUG] debug-file - default@BuildNativeWithNinja work[3] done.
[2026-04-21T17:42:48.283] [DEBUG] debug-file - A work dispatched to worker[17] failed because unable to get work from ready queue.
[2026-04-21T17:42:48.283] [DEBUG] debug-file - worker[18] has one work done.
[2026-04-21T17:42:48.289] [DEBUG] debug-file - default@BuildNativeWithNinja work[2] done.
[2026-04-21T17:42:48.289] [DEBUG] debug-file - A work dispatched to worker[18] failed because unable to get work from ready queue.
[2026-04-21T17:42:48.290] [INFO] debug-file - Finished :entry:default@BuildNativeWithNinja... after 1 s 585 ms 
[2026-04-21T17:42:48.290] [DEBUG] debug-file - Executing task :entry:default@ProcessLibs
[2026-04-21T17:42:48.303] [DEBUG] debug-file - Check content hash for D:\HUAWEI\Lab2\ndk-opengl-master\entry\build\default\intermediates\cmake\default\obj\x86_64\libtetrahedron_napi.so
[2026-04-21T17:42:48.319] [DEBUG] debug-file - Check content hash for D:\HUAWEI\Lab2\ndk-opengl-master\entry\build\default\intermediates\cmake\default\obj\x86_64\libc++_shared.so
[2026-04-21T17:42:48.324] [DEBUG] debug-file - Check content hash for D:\HUAWEI\Lab2\ndk-opengl-master\entry\build\default\intermediates\cmake\default\obj\arm64-v8a\libtetrahedron_napi.so
[2026-04-21T17:42:48.332] [DEBUG] debug-file - Check content hash for D:\HUAWEI\Lab2\ndk-opengl-master\entry\build\default\intermediates\cmake\default\obj\arm64-v8a\libc++_shared.so
[2026-04-21T17:42:48.334] [DEBUG] debug-file - worker[16] has one work done.
[2026-04-21T17:42:48.334] [DEBUG] debug-file - CopyResources is end, endTime: 416711981753400
[2026-04-21T17:42:48.334] [DEBUG] debug-file - default@CompileArkTS work[5] done.
[2026-04-21T17:42:48.334] [DEBUG] debug-file - A work dispatched to worker[16] failed because unable to get work from ready queue.
[2026-04-21T17:42:48.343] [DEBUG] debug-file - Worker dispatch failed, running processLibs on main thread.
[2026-04-21T17:42:48.346] [DEBUG] debug-file - Link D:\HUAWEI\Lab2\ndk-opengl-master\entry\build\default\intermediates\cmake\default\obj\x86_64\libtetrahedron_napi.so to D:\HUAWEI\Lab2\ndk-opengl-master\entry\build\default\intermediates\libs\default\x86_64\libtetrahedron_napi.so successfully.
[2026-04-21T17:42:48.347] [DEBUG] debug-file - Link D:\HUAWEI\Lab2\ndk-opengl-master\entry\build\default\intermediates\cmake\default\obj\x86_64\libc++_shared.so to D:\HUAWEI\Lab2\ndk-opengl-master\entry\build\default\intermediates\libs\default\x86_64\libc++_shared.so successfully.
[2026-04-21T17:42:48.348] [DEBUG] debug-file - Link D:\HUAWEI\Lab2\ndk-opengl-master\entry\build\default\intermediates\cmake\default\obj\arm64-v8a\libtetrahedron_napi.so to D:\HUAWEI\Lab2\ndk-opengl-master\entry\build\default\intermediates\libs\default\arm64-v8a\libtetrahedron_napi.so successfully.
[2026-04-21T17:42:48.349] [DEBUG] debug-file - Link D:\HUAWEI\Lab2\ndk-opengl-master\entry\build\default\intermediates\cmake\default\obj\arm64-v8a\libc++_shared.so to D:\HUAWEI\Lab2\ndk-opengl-master\entry\build\default\intermediates\libs\default\arm64-v8a\libc++_shared.so successfully.
[2026-04-21T17:42:48.350] [DEBUG] debug-file - entry : default@ProcessLibs cost memory 1.2557220458984375
[2026-04-21T17:42:48.350] [DEBUG] debug-file - runTaskFromQueue task cost before running: 2 s 659 ms 
[2026-04-21T17:42:48.350] [INFO] debug-file - Finished :entry:default@ProcessLibs... after 60 ms 
[2026-04-21T17:42:48.352] [DEBUG] debug-file - Executing task :entry:default@DoNativeStrip
[2026-04-21T17:42:48.353] [DEBUG] debug-file - Task 'entry:default@DoNativeStrip' cost while wrapping incremental declarations: 1 ms 
[2026-04-21T17:42:48.356] [DEBUG] debug-file - default@DoNativeStrip work[6] is submitted.
[2026-04-21T17:42:48.357] [DEBUG] debug-file - default@DoNativeStrip work[6] is pushed to ready queue.
[2026-04-21T17:42:48.357] [DEBUG] debug-file - A work dispatched to worker[19] failed because unable to get work from ready queue.
[2026-04-21T17:42:48.357] [DEBUG] debug-file - default@DoNativeStrip work[6] has been dispatched to worker[18].
[2026-04-21T17:42:48.357] [DEBUG] debug-file - default@DoNativeStrip work[6] is dispatched.
[2026-04-21T17:42:48.357] [DEBUG] debug-file - entry : default@DoNativeStrip cost memory 0.183319091796875
[2026-04-21T17:42:48.381] [DEBUG] debug-file - current process  memoryUsage: {
  rss: 431198208,
  heapTotal: 56799232,
  heapUsed: 53289976,
  external: 4050050,
  arrayBuffers: 62000
} os memoryUsage :19.575439453125
[2026-04-21T17:42:49.066] [DEBUG] debug-file - current process  memoryUsage: {
  rss: 492130304,
  heapTotal: 56799232,
  heapUsed: 53370784,
  external: 4050090,
  arrayBuffers: 62000
} os memoryUsage :19.642562866210938
[2026-04-21T17:42:49.090] [DEBUG] debug-file - current process  memoryUsage: {
  rss: 495202304,
  heapTotal: 56799232,
  heapUsed: 53443392,
  external: 4050090,
  arrayBuffers: 62000
} os memoryUsage :19.644622802734375
[2026-04-21T17:42:49.114] [DEBUG] debug-file - current process  memoryUsage: {
  rss: 495554560,
  heapTotal: 56799232,
  heapUsed: 53517744,
  external: 4050090,
  arrayBuffers: 62000
} os memoryUsage :19.647167205810547
[2026-04-21T17:42:49.170] [DEBUG] debug-file - worker[18] has one work done.
[2026-04-21T17:42:49.170] [DEBUG] debug-file - default@DoNativeStrip work[6] done.
[2026-04-21T17:42:49.170] [DEBUG] debug-file - A work dispatched to worker[18] failed because unable to get work from ready queue.
[2026-04-21T17:42:49.171] [INFO] debug-file - Finished :entry:default@DoNativeStrip... after 812 ms 
[2026-04-21T17:42:49.172] [DEBUG] debug-file - Executing task :entry:default@CacheNativeLibs
[2026-04-21T17:42:49.172] [DEBUG] debug-file - Task 'entry:default@CacheNativeLibs' cost while wrapping incremental declarations: 1 ms 
[2026-04-21T17:42:49.173] [DEBUG] debug-file - default@CacheNativeLibs work[7] is submitted.
[2026-04-21T17:42:49.173] [DEBUG] debug-file - default@CacheNativeLibs work[7] is pushed to ready queue.
[2026-04-21T17:42:49.173] [DEBUG] debug-file - A work dispatched to worker[19] failed because unable to get work from ready queue.
[2026-04-21T17:42:49.173] [DEBUG] debug-file - default@CacheNativeLibs work[7] has been dispatched to worker[18].
[2026-04-21T17:42:49.173] [DEBUG] debug-file - default@CacheNativeLibs work[7] is dispatched.
[2026-04-21T17:42:49.173] [DEBUG] debug-file - entry : default@CacheNativeLibs cost memory 0.09966278076171875
[2026-04-21T17:42:49.176] [DEBUG] debug-file - worker[18] has one work done.
[2026-04-21T17:42:49.176] [DEBUG] debug-file - default@CacheNativeLibs work[7] done.
[2026-04-21T17:42:49.177] [DEBUG] debug-file - A work dispatched to worker[18] failed because unable to get work from ready queue.
[2026-04-21T17:42:49.177] [INFO] debug-file - Finished :entry:default@CacheNativeLibs... after 5 ms 
[2026-04-21T17:42:54.088] [DEBUG] debug-file - worker[4] has one work done.
[2026-04-21T17:42:54.088] [DEBUG] debug-file - Ark compile task finished.finished time is 416717735489700
[2026-04-21T17:42:54.090] [DEBUG] debug-file - default@CompileArkTS work[4] done.
[2026-04-21T17:42:54.090] [DEBUG] debug-file - A work dispatched to worker[4] failed because unable to get work from ready queue.
[2026-04-21T17:42:54.091] [INFO] debug-file - Finished :entry:default@CompileArkTS... after 4 s 830 ms 
[2026-04-21T17:42:54.091] [DEBUG] debug-file - Executing task :entry:default@GeneratePkgModuleJson
[2026-04-21T17:42:54.091] [DEBUG] debug-file - File: 'D:\HUAWEI\Lab2\ndk-opengl-master\entry\build\default\intermediates\preload\default\preload.json' from 'preloadSoJsonPath' is not exists, just ignore.
[2026-04-21T17:42:54.092] [DEBUG] debug-file - Error occurs while handling @Input 'shouldDeduplicateHar': The "data" argument must be of type string or an instance of Buffer, TypedArray, or DataView. Received undefined
[2026-04-21T17:42:54.092] [DEBUG] debug-file - Task 'entry:default@GeneratePkgModuleJson' cost while wrapping incremental declarations: 1 ms 
[2026-04-21T17:42:54.094] [DEBUG] debug-file - entry : default@GeneratePkgModuleJson cost memory 0.14910888671875
[2026-04-21T17:42:54.094] [DEBUG] debug-file - runTaskFromQueue task cost before running: 8 s 404 ms 
[2026-04-21T17:42:54.094] [INFO] debug-file - Finished :entry:default@GeneratePkgModuleJson... after 3 ms 
[2026-04-21T17:42:54.095] [DEBUG] debug-file - Executing task :entry:default@ProcessCompiledResources
[2026-04-21T17:42:54.095] [DEBUG] debug-file - File: 'D:\HUAWEI\Lab2\ndk-opengl-master\entry\build\default\intermediates\preload\default\preload.json' from 'preloadSoJsonPath' is not exists, just ignore.
[2026-04-21T17:42:54.095] [DEBUG] debug-file - Task 'entry:default@ProcessCompiledResources' cost while wrapping incremental declarations: 1 ms 
[2026-04-21T17:42:54.096] [DEBUG] debug-file - entry : default@ProcessCompiledResources cost memory 0.05850982666015625
[2026-04-21T17:42:54.096] [DEBUG] debug-file - runTaskFromQueue task cost before running: 8 s 405 ms 
[2026-04-21T17:42:54.096] [INFO] debug-file - Finished :entry:default@ProcessCompiledResources... after 1 ms 
[2026-04-21T17:42:54.097] [DEBUG] debug-file - Executing task :entry:default@PackageHap
[2026-04-21T17:42:54.099] [DEBUG] debug-file - Use tool [D:\HUAWEI\DevEco\DevEco Studio\sdk\default\openharmony\toolchains\lib\app_packing_tool.jar]
 [
  'java',
  '-Dfile.encoding=GBK',
  '-jar',
  'D:\\HUAWEI\\DevEco\\DevEco Studio\\sdk\\default\\openharmony\\toolchains\\lib\\app_packing_tool.jar',
  '--mode',
  'hap',
  '--force',
  'true',
  '--lib-path',
  'D:\\HUAWEI\\Lab2\\ndk-opengl-master\\entry\\build\\default\\intermediates\\stripped_native_libs\\default',
  '--json-path',
  'D:\\HUAWEI\\Lab2\\ndk-opengl-master\\entry\\build\\default\\intermediates\\package\\default\\module.json',
  '--resources-path',
  'D:\\HUAWEI\\Lab2\\ndk-opengl-master\\entry\\build\\default\\intermediates\\res\\default\\resources',
  '--index-path',
  'D:\\HUAWEI\\Lab2\\ndk-opengl-master\\entry\\build\\default\\intermediates\\res\\default\\resources.index',
  '--pack-info-path',
  'D:\\HUAWEI\\Lab2\\ndk-opengl-master\\entry\\build\\default\\outputs\\default\\pack.info',
  '--out-path',
  'D:\\HUAWEI\\Lab2\\ndk-opengl-master\\entry\\build\\default\\outputs\\default\\entry-default-unsigned.hap',
  '--ets-path',
  'D:\\HUAWEI\\Lab2\\ndk-opengl-master\\entry\\build\\default\\intermediates\\loader_out\\default\\ets'
]
[2026-04-21T17:42:54.413] [DEBUG] debug-file - java daemon socket received message:{"code":0,"message":"pack success"}
[2026-04-21T17:42:54.420] [DEBUG] debug-file - entry : default@PackageHap cost memory -2.6782684326171875
[2026-04-21T17:42:54.420] [DEBUG] debug-file - runTaskFromQueue task cost before running: 8 s 729 ms 
[2026-04-21T17:42:54.420] [INFO] debug-file - Finished :entry:default@PackageHap... after 323 ms 
[2026-04-21T17:42:54.421] [DEBUG] debug-file - Executing task :entry:default@PackingCheck
[2026-04-21T17:42:54.426] [DEBUG] debug-file - entry : default@PackingCheck cost memory -0.04921722412109375
[2026-04-21T17:42:54.426] [DEBUG] debug-file - runTaskFromQueue task cost before running: 8 s 735 ms 
[2026-04-21T17:42:54.426] [INFO] debug-file - Finished :entry:default@PackingCheck... after 5 ms 
[2026-04-21T17:42:54.427] [DEBUG] debug-file - Executing task :entry:default@SignHap
[2026-04-21T17:42:54.427] [WARN] debug-file - Will skip sign 'hos_hap'. No signingConfigs profile is configured in current project.
             If needed, configure the signingConfigs in D:\HUAWEI\Lab2\ndk-opengl-master\build-profile.json5.
[2026-04-21T17:42:54.428] [DEBUG] debug-file - entry : default@SignHap cost memory 0.06148529052734375
[2026-04-21T17:42:54.428] [DEBUG] debug-file - runTaskFromQueue task cost before running: 8 s 738 ms 
[2026-04-21T17:42:54.429] [INFO] debug-file - Finished :entry:default@SignHap... after 2 ms 
[2026-04-21T17:42:54.430] [DEBUG] debug-file - Executing task :entry:default@CollectDebugSymbol
[2026-04-21T17:42:54.430] [DEBUG] debug-file - entry : default@CollectDebugSymbol cost memory 0.0987091064453125
[2026-04-21T17:42:54.430] [DEBUG] debug-file - runTaskFromQueue task cost before running: 8 s 740 ms 
[2026-04-21T17:42:54.430] [INFO] debug-file - Finished :entry:default@CollectDebugSymbol... after 1 ms 
[2026-04-21T17:42:54.431] [DEBUG] debug-file - Executing task :entry:assembleHap
[2026-04-21T17:42:54.431] [DEBUG] debug-file - entry : assembleHap cost memory 0.0128021240234375
[2026-04-21T17:42:54.431] [DEBUG] debug-file - runTaskFromQueue task cost before running: 8 s 740 ms 
[2026-04-21T17:42:54.431] [INFO] debug-file - Finished :entry:assembleHap... after 1 ms 
[2026-04-21T17:42:54.439] [INFO] debug-file - BUILD SUCCESSFUL in 8 s 748 ms 
[2026-04-21T17:42:54.440] [DEBUG] debug-file - Update task entry:default@PreBuild input file:D:\HUAWEI\Lab2\ndk-opengl-master\AppScope\app.json5 cache by regenerate.
[2026-04-21T17:42:54.440] [DEBUG] debug-file - Update task entry:default@PreBuild input file:D:\HUAWEI\Lab2\ndk-opengl-master\entry\src\main\module.json5 cache by regenerate.
[2026-04-21T17:42:54.440] [DEBUG] debug-file - Update task entry:default@PreBuild input file:D:\HUAWEI\Lab2\ndk-opengl-master\build-profile.json5 cache by regenerate.
[2026-04-21T17:42:54.440] [DEBUG] debug-file - Update task entry:default@PreBuild input file:D:\HUAWEI\Lab2\ndk-opengl-master\entry\build-profile.json5 cache by regenerate.
[2026-04-21T17:42:54.441] [DEBUG] debug-file - Update task entry:default@PreBuild input file:D:\HUAWEI\Lab2\ndk-opengl-master\entry\src\main\resources\base\profile\main_pages.json cache by regenerate.
[2026-04-21T17:42:54.441] [DEBUG] debug-file - Update task entry:default@PreBuild input file:D:\HUAWEI\Lab2\ndk-opengl-master\hvigor\hvigor-config.json5 cache by regenerate.
[2026-04-21T17:42:54.441] [DEBUG] debug-file - Update task entry:default@PreBuild input file:D:\HUAWEI\Lab2\ndk-opengl-master\entry\oh-package.json5 cache by regenerate.
[2026-04-21T17:42:54.442] [DEBUG] debug-file - Update task entry:default@PreBuild input file:D:\HUAWEI\Lab2\ndk-opengl-master\oh-package.json5 cache by regenerate.
[2026-04-21T17:42:54.442] [DEBUG] debug-file - Incremental task entry:default@PreBuild post-execution cost:3 ms .
[2026-04-21T17:42:54.442] [DEBUG] debug-file - Update task entry:default@CreateModuleInfo output file:D:\HUAWEI\Lab2\ndk-opengl-master\entry\build\default\generated\profile\default\ModuleInfo.ts cache.
[2026-04-21T17:42:54.443] [DEBUG] debug-file - Incremental task entry:default@CreateModuleInfo post-execution cost:1 ms .
[2026-04-21T17:42:54.443] [DEBUG] debug-file - Update task entry:default@GenerateMetadata input file:D:\HUAWEI\Lab2\ndk-opengl-master\entry\src\main\module.json5 cache by regenerate.
[2026-04-21T17:42:54.443] [DEBUG] debug-file - Update task entry:default@GenerateMetadata output file:D:\HUAWEI\Lab2\ndk-opengl-master\entry\build\default\intermediates\hap_metadata\default\output_metadata.json cache.
[2026-04-21T17:42:54.443] [DEBUG] debug-file - Incremental task entry:default@GenerateMetadata post-execution cost:1 ms .
[2026-04-21T17:42:54.443] [DEBUG] debug-file - Update task entry:default@MergeProfile input file:D:\HUAWEI\Lab2\ndk-opengl-master\AppScope\app.json5 cache by regenerate.
[2026-04-21T17:42:54.443] [DEBUG] debug-file - Update task entry:default@MergeProfile input file:D:\HUAWEI\Lab2\ndk-opengl-master\build-profile.json5 cache by regenerate.
[2026-04-21T17:42:54.443] [DEBUG] debug-file - Update task entry:default@MergeProfile input file:D:\HUAWEI\Lab2\ndk-opengl-master\entry\src\main\module.json5 cache by regenerate.
[2026-04-21T17:42:54.443] [DEBUG] debug-file - Update task entry:default@MergeProfile output file:D:\HUAWEI\Lab2\ndk-opengl-master\entry\build\default\intermediates\merge_profile\default\module.json cache.
[2026-04-21T17:42:54.443] [DEBUG] debug-file - Incremental task entry:default@MergeProfile post-execution cost:1 ms .
[2026-04-21T17:42:54.444] [DEBUG] debug-file - Update task entry:default@CreateBuildProfile input file:D:\HUAWEI\Lab2\ndk-opengl-master\AppScope\app.json5 cache by regenerate.
[2026-04-21T17:42:54.444] [DEBUG] debug-file - Update task entry:default@CreateBuildProfile input file:D:\HUAWEI\Lab2\ndk-opengl-master\build-profile.json5 cache by regenerate.
[2026-04-21T17:42:54.444] [DEBUG] debug-file - Update task entry:default@CreateBuildProfile output file:D:\HUAWEI\Lab2\ndk-opengl-master\entry\build\default\generated\profile\default\BuildProfile.ets cache.
[2026-04-21T17:42:54.444] [DEBUG] debug-file - Incremental task entry:default@CreateBuildProfile post-execution cost:1 ms .
[2026-04-21T17:42:54.444] [DEBUG] debug-file - Update task entry:default@GeneratePkgContextInfo output file:D:\HUAWEI\Lab2\ndk-opengl-master\entry\build\default\intermediates\loader\default\pkgContextInfo.json cache.
[2026-04-21T17:42:54.444] [DEBUG] debug-file - Incremental task entry:default@GeneratePkgContextInfo post-execution cost:1 ms .
[2026-04-21T17:42:54.445] [DEBUG] debug-file - Update task entry:default@ProcessIntegratedHsp output file:D:\HUAWEI\Lab2\ndk-opengl-master\build\cache\default\integrated_hsp\integratedHspCache.json cache.
[2026-04-21T17:42:54.445] [DEBUG] debug-file - Incremental task entry:default@ProcessIntegratedHsp post-execution cost:1 ms .
[2026-04-21T17:42:54.445] [DEBUG] debug-file - Update task entry:default@MakePackInfo input file:D:\HUAWEI\Lab2\ndk-opengl-master\AppScope\app.json5 cache by regenerate.
[2026-04-21T17:42:54.445] [DEBUG] debug-file - Update task entry:default@MakePackInfo input file:D:\HUAWEI\Lab2\ndk-opengl-master\entry\src\main\module.json5 cache by regenerate.
[2026-04-21T17:42:54.445] [DEBUG] debug-file - Update task entry:default@MakePackInfo input file:D:\HUAWEI\Lab2\ndk-opengl-master\build-profile.json5 cache by regenerate.
[2026-04-21T17:42:54.445] [DEBUG] debug-file - Update task entry:default@MakePackInfo output file:D:\HUAWEI\Lab2\ndk-opengl-master\entry\build\default\outputs\default\pack.info cache.
[2026-04-21T17:42:54.445] [DEBUG] debug-file - Incremental task entry:default@MakePackInfo post-execution cost:1 ms .
[2026-04-21T17:42:54.445] [DEBUG] debug-file - Update task entry:default@SyscapTransform input file:D:\HUAWEI\DevEco\DevEco Studio\sdk\default\openharmony\toolchains\syscap_tool.exe cache by regenerate.
[2026-04-21T17:42:54.446] [DEBUG] debug-file - Update task entry:default@SyscapTransform input file:D:\HUAWEI\DevEco\DevEco Studio\sdk\default\openharmony\ets\api\device-define cache by regenerate.
[2026-04-21T17:42:54.446] [DEBUG] debug-file - Update task entry:default@SyscapTransform output file:D:\HUAWEI\Lab2\ndk-opengl-master\entry\build\default\intermediates\syscap\default\rpcid.sc cache.
[2026-04-21T17:42:54.446] [DEBUG] debug-file - Incremental task entry:default@SyscapTransform post-execution cost:1 ms .
[2026-04-21T17:42:54.447] [DEBUG] debug-file - Update task entry:default@ProcessProfile input file:D:\HUAWEI\Lab2\ndk-opengl-master\entry\build\default\intermediates\merge_profile\default\module.json cache by regenerate.
[2026-04-21T17:42:54.447] [DEBUG] debug-file - Update task entry:default@ProcessProfile output file:D:\HUAWEI\Lab2\ndk-opengl-master\entry\build\default\intermediates\process_profile\default\module.json cache.
[2026-04-21T17:42:54.447] [DEBUG] debug-file - Incremental task entry:default@ProcessProfile post-execution cost:1 ms .
[2026-04-21T17:42:54.447] [DEBUG] debug-file - Update task entry:default@ProcessRouterMap input file:D:\HUAWEI\Lab2\ndk-opengl-master\entry\oh-package.json5 cache by regenerate.
[2026-04-21T17:42:54.447] [DEBUG] debug-file - Update task entry:default@ProcessRouterMap input file:D:\HUAWEI\Lab2\ndk-opengl-master\oh-package.json5 cache by regenerate.
[2026-04-21T17:42:54.447] [DEBUG] debug-file - Update task entry:default@ProcessRouterMap input file:D:\HUAWEI\Lab2\ndk-opengl-master\entry\src\main\module.json5 cache by regenerate.
[2026-04-21T17:42:54.447] [DEBUG] debug-file - Update task entry:default@ProcessRouterMap output file:D:\HUAWEI\Lab2\ndk-opengl-master\entry\build\default\intermediates\router_map\default\temp-router-map.json cache.
[2026-04-21T17:42:54.447] [DEBUG] debug-file - Update task entry:default@ProcessRouterMap output file:D:\HUAWEI\Lab2\ndk-opengl-master\entry\build\default\intermediates\router_map\default\loader-router-map.json cache.
[2026-04-21T17:42:54.448] [DEBUG] debug-file - Incremental task entry:default@ProcessRouterMap post-execution cost:1 ms .
[2026-04-21T17:42:54.448] [DEBUG] debug-file - Update task entry:default@ProcessShareConfig input file:D:\HUAWEI\Lab2\ndk-opengl-master\entry\oh-package.json5 cache by regenerate.
[2026-04-21T17:42:54.448] [DEBUG] debug-file - Update task entry:default@ProcessShareConfig input file:D:\HUAWEI\Lab2\ndk-opengl-master\oh-package.json5 cache by regenerate.
[2026-04-21T17:42:54.448] [DEBUG] debug-file - Update task entry:default@ProcessShareConfig input file:D:\HUAWEI\Lab2\ndk-opengl-master\entry\src\main\module.json5 cache by regenerate.
[2026-04-21T17:42:54.448] [DEBUG] debug-file - Update task entry:default@ProcessShareConfig output file:D:\HUAWEI\Lab2\ndk-opengl-master\entry\build\default\intermediates\share_config\default\temp-share-config.json cache.
[2026-04-21T17:42:54.449] [DEBUG] debug-file - Incremental task entry:default@ProcessShareConfig post-execution cost:2 ms .
[2026-04-21T17:42:54.449] [DEBUG] debug-file - Update task entry:default@ProcessStartupConfig output file:D:\HUAWEI\Lab2\ndk-opengl-master\entry\build\default\intermediates\startup\default\startup_config.json cache.
[2026-04-21T17:42:54.449] [DEBUG] debug-file - Incremental task entry:default@ProcessStartupConfig post-execution cost:1 ms .
[2026-04-21T17:42:54.449] [DEBUG] debug-file - Update task entry:default@ProcessResource output file:D:\HUAWEI\Lab2\ndk-opengl-master\entry\build\default\intermediates\res\default\resConfig.json cache.
[2026-04-21T17:42:54.449] [DEBUG] debug-file - Update task entry:default@ProcessResource output file:D:\HUAWEI\Lab2\ndk-opengl-master\entry\build\default\intermediates\res\default\opt-compression.json cache.
[2026-04-21T17:42:54.449] [DEBUG] debug-file - Incremental task entry:default@ProcessResource post-execution cost:1 ms .
[2026-04-21T17:42:54.450] [DEBUG] debug-file - Update task entry:default@GenerateLoaderJson input file:D:\HUAWEI\Lab2\ndk-opengl-master\entry\build\default\intermediates\router_map\default\temp-router-map.json cache by regenerate.
[2026-04-21T17:42:54.451] [DEBUG] debug-file - Update task entry:default@GenerateLoaderJson output file:D:\HUAWEI\Lab2\ndk-opengl-master\entry\build\default\intermediates\loader\default\loader.json cache.
[2026-04-21T17:42:54.451] [DEBUG] debug-file - Incremental task entry:default@GenerateLoaderJson post-execution cost:1 ms .
[2026-04-21T17:42:54.451] [DEBUG] debug-file - Update task entry:default@CompileResource input file:D:\HUAWEI\Lab2\ndk-opengl-master\entry\src\main\resources cache by regenerate.
[2026-04-21T17:42:54.453] [DEBUG] debug-file - Update task entry:default@CompileResource input file:D:\HUAWEI\Lab2\ndk-opengl-master\AppScope\resources cache by regenerate.
[2026-04-21T17:42:54.453] [DEBUG] debug-file - Update task entry:default@CompileResource input file:D:\HUAWEI\Lab2\ndk-opengl-master\entry\build\default\intermediates\process_profile\default\module.json cache by regenerate.
[2026-04-21T17:42:54.453] [DEBUG] debug-file - Update task entry:default@CompileResource input file:D:\HUAWEI\Lab2\ndk-opengl-master\entry\build\default\intermediates\res\default\resConfig.json cache by regenerate.
[2026-04-21T17:42:54.453] [DEBUG] debug-file - Update task entry:default@CompileResource output file:D:\HUAWEI\Lab2\ndk-opengl-master\entry\build\default\intermediates\res\default cache.
[2026-04-21T17:42:54.455] [DEBUG] debug-file - Update task entry:default@CompileResource output file:D:\HUAWEI\Lab2\ndk-opengl-master\entry\build\default\generated\r\default\ResourceTable.h cache.
[2026-04-21T17:42:54.456] [DEBUG] debug-file - Update task entry:default@CompileResource output file:D:\HUAWEI\Lab2\ndk-opengl-master\entry\build\default\generated\r\default cache.
[2026-04-21T17:42:54.456] [DEBUG] debug-file - Incremental task entry:default@CompileResource post-execution cost:6 ms .
[2026-04-21T17:42:54.457] [DEBUG] debug-file - Update task entry:default@CompileArkTS input file:D:\HUAWEI\Lab2\ndk-opengl-master\entry\build\default\intermediates\loader\default cache by regenerate.
[2026-04-21T17:42:54.457] [DEBUG] debug-file - Update task entry:default@CompileArkTS input file:D:\HUAWEI\Lab2\ndk-opengl-master\entry\build\default\intermediates\res\default\ResourceTable.txt cache by regenerate.
[2026-04-21T17:42:54.458] [DEBUG] debug-file - Update task entry:default@CompileArkTS input file:D:\HUAWEI\Lab2\ndk-opengl-master\entry\build\default\intermediates\res\default\ark_module.json cache by regenerate.
[2026-04-21T17:42:54.458] [DEBUG] debug-file - Update task entry:default@CompileArkTS input file:D:\HUAWEI\Lab2\ndk-opengl-master\entry\build\default\intermediates\res\default\resources\base\profile cache by regenerate.
[2026-04-21T17:42:54.458] [DEBUG] debug-file - Update task entry:default@CompileArkTS input file:D:\HUAWEI\Lab2\ndk-opengl-master\entry\src\main\ets cache by regenerate.
[2026-04-21T17:42:54.458] [DEBUG] debug-file - Update task entry:default@CompileArkTS input file:D:\HUAWEI\Lab2\ndk-opengl-master\entry\build\default\generated\profile\default\BuildProfile.ets cache by regenerate.
[2026-04-21T17:42:54.458] [DEBUG] debug-file - Update task entry:default@CompileArkTS output file:D:\HUAWEI\Lab2\ndk-opengl-master\entry\build\default\intermediates\loader_out\default\ets cache.
[2026-04-21T17:42:54.459] [DEBUG] debug-file - Incremental task entry:default@CompileArkTS post-execution cost:3 ms .
[2026-04-21T17:42:54.460] [DEBUG] debug-file - Update task entry:default@BuildJS input file:D:\HUAWEI\Lab2\ndk-opengl-master\entry\build\default\intermediates\loader\default cache by regenerate.
[2026-04-21T17:42:54.460] [DEBUG] debug-file - Update task entry:default@BuildJS input file:D:\HUAWEI\Lab2\ndk-opengl-master\entry\build\default\intermediates\res\default\ResourceTable.txt cache by regenerate.
[2026-04-21T17:42:54.460] [DEBUG] debug-file - Update task entry:default@BuildJS input file:D:\HUAWEI\Lab2\ndk-opengl-master\entry\build\default\intermediates\res\default\ark_module.json cache by regenerate.
[2026-04-21T17:42:54.460] [DEBUG] debug-file - Update task entry:default@BuildJS input file:D:\HUAWEI\Lab2\ndk-opengl-master\entry\build\default\intermediates\res\default\resources\base\profile cache by regenerate.
[2026-04-21T17:42:54.460] [DEBUG] debug-file - Update task entry:default@BuildJS output file:D:\HUAWEI\Lab2\ndk-opengl-master\entry\build\default\intermediates\loader_out\default\js cache.
[2026-04-21T17:42:54.460] [DEBUG] debug-file - Incremental task entry:default@BuildJS post-execution cost:2 ms .
[2026-04-21T17:42:54.461] [DEBUG] debug-file - Update task entry:default@ProcessLibs input file:D:\HUAWEI\Lab2\ndk-opengl-master\build-profile.json5 cache by regenerate.
[2026-04-21T17:42:54.461] [DEBUG] debug-file - Update task entry:default@ProcessLibs input file:D:\HUAWEI\Lab2\ndk-opengl-master\entry\build-profile.json5 cache by regenerate.
[2026-04-21T17:42:54.461] [DEBUG] debug-file - Update task entry:default@ProcessLibs output file:D:\HUAWEI\Lab2\ndk-opengl-master\entry\build\default\intermediates\libs\default cache.
[2026-04-21T17:42:54.462] [DEBUG] debug-file - Incremental task entry:default@ProcessLibs post-execution cost:2 ms .
[2026-04-21T17:42:54.462] [DEBUG] debug-file - Update task entry:default@DoNativeStrip input file:D:\HUAWEI\Lab2\ndk-opengl-master\entry\build\default\intermediates\libs\default cache by regenerate.
[2026-04-21T17:42:54.462] [DEBUG] debug-file - Update task entry:default@DoNativeStrip output file:D:\HUAWEI\Lab2\ndk-opengl-master\entry\build\default\intermediates\stripped_native_libs\default cache.
[2026-04-21T17:42:54.463] [DEBUG] debug-file - Incremental task entry:default@DoNativeStrip post-execution cost:2 ms .
[2026-04-21T17:42:54.463] [DEBUG] debug-file - Update task entry:default@CacheNativeLibs input file:D:\HUAWEI\Lab2\ndk-opengl-master\entry\build\default\intermediates\stripped_native_libs\default cache by regenerate.
[2026-04-21T17:42:54.463] [DEBUG] debug-file - Update task entry:default@CacheNativeLibs input file:D:\HUAWEI\Lab2\ndk-opengl-master\entry\build\default\intermediates\libs\default cache by regenerate.
[2026-04-21T17:42:54.464] [DEBUG] debug-file - Update task entry:default@CacheNativeLibs output file:D:\HUAWEI\Lab2\ndk-opengl-master\entry\build\default\intermediates\patch\default\base_native_libs.json cache.
[2026-04-21T17:42:54.464] [DEBUG] debug-file - Incremental task entry:default@CacheNativeLibs post-execution cost:2 ms .
[2026-04-21T17:42:54.464] [DEBUG] debug-file - Update task entry:default@GeneratePkgModuleJson input file:D:\HUAWEI\Lab2\ndk-opengl-master\entry\build\default\intermediates\res\default\module.json cache by regenerate.
[2026-04-21T17:42:54.464] [DEBUG] debug-file - Update task entry:default@GeneratePkgModuleJson output file:D:\HUAWEI\Lab2\ndk-opengl-master\entry\build\default\intermediates\package\default\module.json cache.
[2026-04-21T17:42:54.464] [DEBUG] debug-file - Incremental task entry:default@GeneratePkgModuleJson post-execution cost:1 ms .
[2026-04-21T17:42:54.464] [DEBUG] debug-file - Incremental task entry:default@ProcessCompiledResources post-execution cost:1 ms .
[2026-04-21T17:42:54.464] [DEBUG] debug-file - Update task entry:default@PackageHap input file:D:\HUAWEI\Lab2\ndk-opengl-master\entry\build\default\intermediates\stripped_native_libs\default cache by regenerate.
[2026-04-21T17:42:54.465] [DEBUG] debug-file - Update task entry:default@PackageHap input file:D:\HUAWEI\Lab2\ndk-opengl-master\entry\build\default\intermediates\res\default\module.json cache by regenerate.
[2026-04-21T17:42:54.465] [DEBUG] debug-file - Update task entry:default@PackageHap input file:D:\HUAWEI\Lab2\ndk-opengl-master\entry\build\default\intermediates\res\default\resources cache by regenerate.
[2026-04-21T17:42:54.466] [DEBUG] debug-file - Update task entry:default@PackageHap input file:D:\HUAWEI\Lab2\ndk-opengl-master\entry\build\default\intermediates\res\default\resources.index cache by regenerate.
[2026-04-21T17:42:54.466] [DEBUG] debug-file - Update task entry:default@PackageHap input file:D:\HUAWEI\Lab2\ndk-opengl-master\entry\build\default\outputs\default\pack.info cache by regenerate.
[2026-04-21T17:42:54.466] [DEBUG] debug-file - Update task entry:default@PackageHap input file:D:\HUAWEI\Lab2\ndk-opengl-master\entry\build\default\intermediates\loader_out\default\ets cache by regenerate.
[2026-04-21T17:42:54.466] [DEBUG] debug-file - Update task entry:default@PackageHap input file:D:\HUAWEI\Lab2\ndk-opengl-master\entry\build\default\intermediates\loader_out\default\ets\sourceMaps.map cache by regenerate.
[2026-04-21T17:42:54.467] [DEBUG] debug-file - Update task entry:default@PackageHap input file:D:\HUAWEI\Lab2\ndk-opengl-master\entry\build\default\generated\profile\default\BuildProfile.ets cache by regenerate.
[2026-04-21T17:42:54.467] [DEBUG] debug-file - Update task entry:default@PackageHap output file:D:\HUAWEI\Lab2\ndk-opengl-master\entry\build\default\outputs\default\entry-default-unsigned.hap cache.
[2026-04-21T17:42:54.467] [DEBUG] debug-file - Update task entry:default@PackageHap output file:D:\HUAWEI\Lab2\ndk-opengl-master\entry\build\default\intermediates\source_map\default\sourceMaps.map cache.
[2026-04-21T17:42:54.467] [DEBUG] debug-file - Update task entry:default@PackageHap output file:D:\HUAWEI\Lab2\ndk-opengl-master\entry\build\default\outputs\default\mapping\sourceMaps.map cache.
[2026-04-21T17:42:54.467] [DEBUG] debug-file - Incremental task entry:default@PackageHap post-execution cost:3 ms .
[2026-04-21T17:42:54.467] [DEBUG] debug-file - Update task entry:default@SignHap input file:D:\HUAWEI\Lab2\ndk-opengl-master\entry\build\default\outputs\default\entry-default-unsigned.hap cache by regenerate.
[2026-04-21T17:42:54.467] [DEBUG] debug-file - Update task entry:default@SignHap output file:D:\HUAWEI\Lab2\ndk-opengl-master\entry\build\default\outputs\default\entry-default-signed.hap cache.
[2026-04-21T17:42:54.467] [DEBUG] debug-file - Incremental task entry:default@SignHap post-execution cost:1 ms .
[2026-04-21T17:42:54.467] [DEBUG] debug-file - Update task entry:default@CollectDebugSymbol input file:D:\HUAWEI\Lab2\ndk-opengl-master\entry\build\default\intermediates\loader_out\default\ets\sourceMaps.map cache by regenerate.
[2026-04-21T17:42:54.468] [DEBUG] debug-file - Update task entry:default@CollectDebugSymbol input file:D:\HUAWEI\Lab2\ndk-opengl-master\entry\build\default\intermediates\libs\default cache by regenerate.
[2026-04-21T17:42:54.468] [DEBUG] debug-file - Update task entry:default@CollectDebugSymbol output file:D:\HUAWEI\Lab2\ndk-opengl-master\entry\build\default\outputs\default\symbol cache.
[2026-04-21T17:42:54.468] [DEBUG] debug-file - Incremental task entry:default@CollectDebugSymbol post-execution cost:2 ms .
[2026-04-21T17:42:54.488] [DEBUG] debug-file - Cleanup worker 16.
[2026-04-21T17:42:54.488] [DEBUG] debug-file - Worker 16 has been cleaned up.
[2026-04-21T17:42:54.488] [DEBUG] debug-file - Current idle worker size: 3.
[2026-04-21T17:42:54.488] [DEBUG] debug-file - Current resident worker size: 4.
[2026-04-21T17:42:54.489] [DEBUG] debug-file - hvigor build process will be closed.
[2026-04-21T17:42:54.489] [DEBUG] debug-file - java daemon socket close code:1000 reason:close by user
[2026-04-21T17:42:54.493] [DEBUG] debug-file - session manager: send message to worker process.
[2026-04-21T17:42:54.493] [DEBUG] debug-file - session manager: send message to worker process.
[2026-04-21T17:42:54.493] [DEBUG] debug-file - watch worker: worker id should be larger than 0. Nothing will be sent to any worker thread.
[2026-04-21T17:42:54.493] [DEBUG] debug-file - watch worker: worker id should be larger than 0. Nothing will be sent to any worker thread.
[2026-04-21T17:42:54.496] [DEBUG] debug-file - worker[16] exits with exit code 1.
[2026-04-21T18:04:45.965] [DEBUG] debug-file - session manager: set active socket. socketId=jSKtygn6-2d4yt9uAAAF
[2026-04-21T18:04:45.970] [DEBUG] debug-file - watch worker: worker id should be larger than 0. Nothing will be sent to any worker thread.
[2026-04-21T18:04:45.972] [DEBUG] debug-file - Workers' log level updated to INFO
[2026-04-21T18:04:45.975] [DEBUG] debug-file - Hvigor init with startParameters:{
  hvigorfileTypeCheck: false,
  parallelExecution: true,
  incrementalExecution: true,
  printStackTrace: false,
  daemon: true,
  analyze: 0,
  logLevel: Level { level: 20000, levelStr: 'INFO', colour: 'green' },
  optimizationStrategy: 'memory',
  hotCompile: undefined,
  hotReloadBuild: undefined,
  customizedParam: undefined
}
[2026-04-21T18:04:45.977] [DEBUG] debug-file - Cache service initialization finished in 3 ms 
[2026-04-21T18:04:45.977] [DEBUG] debug-file - hvigorfile, resolving D:\HUAWEI\Lab2\ndk-opengl-master\hvigorfile.ts
[2026-04-21T18:04:45.983] [DEBUG] debug-file - hvigorfile, require result:  {}
[2026-04-21T18:04:45.983] [DEBUG] debug-file - hvigorfile, binding system plugins {}
[2026-04-21T18:04:45.984] [DEBUG] debug-file - Starting plugin build process
[2026-04-21T18:04:45.984] [DEBUG] debug-file - App plugin prepare start...
[2026-04-21T18:04:45.984] [DEBUG] debug-file - App plugin prepare end...
[2026-04-21T18:04:45.984] [DEBUG] debug-file - App plugin creating...
[2026-04-21T18:04:45.989] [DEBUG] debug-file - App plugin register hook start...
[2026-04-21T18:04:45.989] [DEBUG] debug-file - App plugin register hook end...
[2026-04-21T18:04:45.989] [DEBUG] debug-file - Plugin build process completed
[2026-04-21T18:04:45.989] [DEBUG] debug-file - Start initialize project's product build option map with build mode debug.
[2026-04-21T18:04:45.990] [DEBUG] debug-file - Picking option from product 'default' with build mode 'debug'.
[2026-04-21T18:04:45.990] [DEBUG] debug-file - Product 'default' build option initialized
[2026-04-21T18:04:45.990] [DEBUG] debug-file - End initialize project's product build option map with build mode 'debug'.
[2026-04-21T18:04:45.991] [DEBUG] debug-file - Obtain build option for product 'default'in this build.
[2026-04-21T18:04:45.992] [DEBUG] debug-file - No signingConfig found, initRemoteHspCache failed.
[2026-04-21T18:04:45.994] [DEBUG] debug-file - Start recording SDK configuration permission data.
[2026-04-21T18:04:46.015] [DEBUG] debug-file - Sdk init in 24 ms 
[2026-04-21T18:04:46.018] [DEBUG] debug-file - Project task initialization takes 3 ms 
[2026-04-21T18:04:46.018] [DEBUG] debug-file - hvigorfile, resolve finished D:\HUAWEI\Lab2\ndk-opengl-master\hvigorfile.ts
[2026-04-21T18:04:46.019] [DEBUG] debug-file - hvigorfile, resolving D:\HUAWEI\Lab2\ndk-opengl-master\entry\hvigorfile.ts
[2026-04-21T18:04:46.023] [DEBUG] debug-file - hvigorfile, require result:  {}
[2026-04-21T18:04:46.023] [DEBUG] debug-file - hvigorfile, binding system plugins {}
[2026-04-21T18:04:46.023] [DEBUG] debug-file - Starting plugin build process
[2026-04-21T18:04:46.023] [DEBUG] debug-file - Hap plugin creating...
[2026-04-21T18:04:46.024] [DEBUG] debug-file - failed to load cangjie to dynamically generate schemas: Error: Cannot find module '@ohos/cangjie-build-support/index'
Require stack:
- D:\HUAWEI\DevEco\DevEco Studio\tools\hvigor\hvigor-ohos-plugin\src\plugin\hooks\cangjie-register.js
- D:\HUAWEI\DevEco\DevEco Studio\tools\hvigor\hvigor-ohos-plugin\src\plugin\strategy\stage-init-strategy.js
- D:\HUAWEI\DevEco\DevEco Studio\tools\hvigor\hvigor-ohos-plugin\src\plugin\builder\abstract-plugin-builder.js
- D:\HUAWEI\DevEco\DevEco Studio\tools\hvigor\hvigor-ohos-plugin\src\plugin\builder\app-plugin-builder.js
- D:\HUAWEI\DevEco\DevEco Studio\tools\hvigor\hvigor-ohos-plugin\src\plugin\factory\plugin-factory.js
- D:\HUAWEI\DevEco\DevEco Studio\tools\hvigor\hvigor-ohos-plugin\index.js
- D:\HUAWEI\Lab2\ndk-opengl-master\hvigorfile.ts
- D:\HUAWEI\DevEco\DevEco Studio\tools\hvigor\hvigor\src\base\internal\lifecycle\configuration.js
- D:\HUAWEI\DevEco\DevEco Studio\tools\hvigor\hvigor\src\base\boot\index.js
- D:\HUAWEI\DevEco\DevEco Studio\tools\hvigor\hvigor\src\base\daemon\cluster\worker-process-lifecycle.js
- D:\HUAWEI\DevEco\DevEco Studio\tools\hvigor\hvigor\src\base\daemon\process\daemon-process-boot-script.js
[2026-04-21T18:04:46.026] [DEBUG] debug-file - Start initialize module-target build option map, moduleName=entry, buildMode=debug
[2026-04-21T18:04:46.026] [DEBUG] debug-file - Target 'default' config initialized
[2026-04-21T18:04:46.026] [DEBUG] debug-file - Module 'entry' target 'default' build option initialized
[2026-04-21T18:04:46.026] [DEBUG] debug-file - End initialize module-target build option map, moduleName=entry
[2026-04-21T18:04:46.026] [DEBUG] debug-file - Start initialize module-target build option map, moduleName=entry, buildMode=release
[2026-04-21T18:04:46.026] [DEBUG] debug-file - Target 'default' config initialized
[2026-04-21T18:04:46.027] [DEBUG] debug-file - Module 'entry' target 'default' build option initialized
[2026-04-21T18:04:46.027] [DEBUG] debug-file - End initialize module-target build option map, moduleName=entry
[2026-04-21T18:04:46.027] [DEBUG] debug-file - Start initialize module-target build option map, moduleName=entry, buildMode=debug
[2026-04-21T18:04:46.027] [DEBUG] debug-file - Target 'default' config initialized
[2026-04-21T18:04:46.027] [DEBUG] debug-file - Module 'entry' target 'default' build option initialized
[2026-04-21T18:04:46.027] [DEBUG] debug-file - End initialize module-target build option map, moduleName=entry
[2026-04-21T18:04:46.027] [DEBUG] debug-file - Obtain build option for module 'entry' target 'default'in this build.
[2026-04-21T18:04:46.028] [DEBUG] debug-file - Module entry task initialization takes 1 ms 
[2026-04-21T18:04:46.028] [DEBUG] debug-file - Hap plugin register hook start...
[2026-04-21T18:04:46.028] [DEBUG] debug-file - Hap plugin register hook end...
[2026-04-21T18:04:46.028] [DEBUG] debug-file - Plugin build process completed
[2026-04-21T18:04:46.028] [DEBUG] debug-file - hvigorfile, resolve finished D:\HUAWEI\Lab2\ndk-opengl-master\entry\hvigorfile.ts
[2026-04-21T18:04:46.043] [DEBUG] debug-file - hvigorfile, resolve hvigorfile dependencies in 14 ms 
[2026-04-21T18:04:46.043] [DEBUG] debug-file - project has submodules:entry
[2026-04-21T18:04:46.044] [DEBUG] debug-file - start to load updatedOhPackageInfo to the disk
[2026-04-21T18:04:46.049] [DEBUG] debug-file - load to the disk finished
[2026-04-21T18:04:46.049] [DEBUG] debug-file - Start to initialize dependency information.
[2026-04-21T18:04:46.050] [DEBUG] debug-file - Module ndk-opengl-master Collected Dependency: 
[2026-04-21T18:04:46.050] [DEBUG] debug-file - Module ndk-opengl-master's total dependency: 0
[2026-04-21T18:04:46.050] [DEBUG] debug-file - Start to initialize dependency information.
[2026-04-21T18:04:46.052] [DEBUG] debug-file - Module entry Collected Dependency: 
[2026-04-21T18:04:46.052] [DEBUG] debug-file - Module entry's total dependency: 0
[2026-04-21T18:04:46.053] [DEBUG] debug-file - Configuration phase cost:76 ms 
[2026-04-21T18:04:46.054] [DEBUG] debug-file - Configuration task cost before running: 82 ms 
[2026-04-21T18:04:46.057] [DEBUG] debug-file - Executing task :entry:default@PreBuild
[2026-04-21T18:04:46.057] [DEBUG] debug-file - Task 'entry:default@PreBuild' cost while wrapping incremental declarations: 1 ms 
[2026-04-21T18:04:46.061] [DEBUG] debug-file - Incremental task entry:default@PreBuild pre-execution cost: 3 ms .
[2026-04-21T18:04:46.061] [DEBUG] debug-file - entry : default@PreBuild cost memory 0.30255126953125
[2026-04-21T18:04:46.062] [INFO] debug-file - UP-TO-DATE :entry:default@PreBuild...  
[2026-04-21T18:04:46.062] [DEBUG] debug-file - Executing task :entry:default@CreateModuleInfo
[2026-04-21T18:04:46.062] [DEBUG] debug-file - Task 'entry:default@CreateModuleInfo' cost while wrapping incremental declarations: 1 ms 
[2026-04-21T18:04:46.063] [DEBUG] debug-file - entry : default@CreateModuleInfo cost memory 0.0420074462890625
[2026-04-21T18:04:46.063] [DEBUG] debug-file - runTaskFromQueue task cost before running: 91 ms 
[2026-04-21T18:04:46.063] [INFO] debug-file - Finished :entry:default@CreateModuleInfo... after 1 ms 
[2026-04-21T18:04:46.064] [DEBUG] debug-file - Executing task :entry:default@GenerateMetadata
[2026-04-21T18:04:46.064] [DEBUG] debug-file - Task 'entry:default@GenerateMetadata' cost while wrapping incremental declarations: 1 ms 
[2026-04-21T18:04:46.065] [DEBUG] debug-file - Incremental task entry:default@GenerateMetadata pre-execution cost: 1 ms .
[2026-04-21T18:04:46.065] [DEBUG] debug-file - entry : default@GenerateMetadata cost memory 0.0838165283203125
[2026-04-21T18:04:46.065] [INFO] debug-file - UP-TO-DATE :entry:default@GenerateMetadata...  
[2026-04-21T18:04:46.065] [DEBUG] debug-file - Executing task :entry:default@ConfigureCmake
[2026-04-21T18:04:46.066] [DEBUG] debug-file - entry : default@ConfigureCmake cost memory 0.03296661376953125
[2026-04-21T18:04:46.066] [DEBUG] debug-file - runTaskFromQueue task cost before running: 94 ms 
[2026-04-21T18:04:46.066] [INFO] debug-file - Finished :entry:default@ConfigureCmake... after 1 ms 
[2026-04-21T18:04:46.067] [DEBUG] debug-file - Executing task :entry:default@MergeProfile
[2026-04-21T18:04:46.067] [DEBUG] debug-file - Task 'entry:default@MergeProfile' cost while wrapping incremental declarations: 1 ms 
[2026-04-21T18:04:46.068] [DEBUG] debug-file - Incremental task entry:default@MergeProfile pre-execution cost: 1 ms .
[2026-04-21T18:04:46.068] [DEBUG] debug-file - entry : default@MergeProfile cost memory 0.11930084228515625
[2026-04-21T18:04:46.068] [INFO] debug-file - UP-TO-DATE :entry:default@MergeProfile...  
[2026-04-21T18:04:46.069] [DEBUG] debug-file - Executing task :entry:default@CreateBuildProfile
[2026-04-21T18:04:46.069] [DEBUG] debug-file - Task 'entry:default@CreateBuildProfile' cost while wrapping incremental declarations: 1 ms 
[2026-04-21T18:04:46.070] [DEBUG] debug-file - Incremental task entry:default@CreateBuildProfile pre-execution cost: 1 ms .
[2026-04-21T18:04:46.070] [DEBUG] debug-file - entry : default@CreateBuildProfile cost memory 0.09046173095703125
[2026-04-21T18:04:46.070] [INFO] debug-file - UP-TO-DATE :entry:default@CreateBuildProfile...  
[2026-04-21T18:04:46.071] [DEBUG] debug-file - Executing task :entry:default@PreCheckSyscap
[2026-04-21T18:04:46.071] [DEBUG] debug-file - entry : default@PreCheckSyscap cost memory 0.01485443115234375
[2026-04-21T18:04:46.071] [DEBUG] debug-file - runTaskFromQueue task cost before running: 99 ms 
[2026-04-21T18:04:46.071] [INFO] debug-file - Finished :entry:default@PreCheckSyscap... after 1 ms 
[2026-04-21T18:04:46.072] [DEBUG] debug-file - Executing task :entry:default@GeneratePkgContextInfo
[2026-04-21T18:04:46.074] [DEBUG] debug-file - Task 'entry:default@GeneratePkgContextInfo' cost while wrapping incremental declarations: 1 ms 
[2026-04-21T18:04:46.074] [DEBUG] debug-file - entry : default@GeneratePkgContextInfo cost memory 0.20923614501953125
[2026-04-21T18:04:46.074] [DEBUG] debug-file - runTaskFromQueue task cost before running: 102 ms 
[2026-04-21T18:04:46.075] [INFO] debug-file - Finished :entry:default@GeneratePkgContextInfo... after 3 ms 
[2026-04-21T18:04:46.076] [DEBUG] debug-file - Executing task :entry:default@ProcessIntegratedHsp
[2026-04-21T18:04:46.077] [DEBUG] debug-file - entry:default@ProcessIntegratedHsp is not up-to-date, since the output file 'D:\HUAWEI\Lab2\ndk-opengl-master\build\cache\default\integrated_hsp\integratedHspCache.json' does not exist.
[2026-04-21T18:04:46.077] [DEBUG] debug-file - Incremental task entry:default@ProcessIntegratedHsp pre-execution cost: 1 ms .
[2026-04-21T18:04:46.077] [DEBUG] debug-file - entry : default@ProcessIntegratedHsp cost memory 0.05680084228515625
[2026-04-21T18:04:46.077] [DEBUG] debug-file - runTaskFromQueue task cost before running: 105 ms 
[2026-04-21T18:04:46.077] [INFO] debug-file - Finished :entry:default@ProcessIntegratedHsp... after 1 ms 
[2026-04-21T18:04:46.078] [DEBUG] debug-file - Executing task :entry:default@BuildNativeWithCmake
[2026-04-21T18:04:46.078] [DEBUG] debug-file - Use tool [Cmake]
 [
  'D:\\HUAWEI\\DevEco\\DevEco Studio\\sdk\\default\\openharmony\\native\\build-tools\\cmake\\bin\\cmake.exe',
  '-HD:\\HUAWEI\\Lab2\\ndk-opengl-master\\entry\\src\\main\\cpp',
  '-BD:\\HUAWEI\\Lab2\\ndk-opengl-master\\entry\\.cxx\\default\\default\\debug\\arm64-v8a',
  '-DOHOS_ARCH=arm64-v8a',
  '-DCMAKE_LIBRARY_OUTPUT_DIRECTORY=D:\\HUAWEI\\Lab2\\ndk-opengl-master\\entry\\build\\default\\intermediates\\cmake\\default\\obj\\arm64-v8a',
  '-DCMAKE_BUILD_TYPE=Debug',
  '-DOHOS_SDK_NATIVE=D:\\HUAWEI\\DevEco\\DevEco Studio\\sdk\\default\\openharmony\\native',
  '-DCMAKE_SYSTEM_NAME=OHOS',
  '-DCMAKE_OHOS_ARCH_ABI=arm64-v8a',
  '-DCMAKE_EXPORT_COMPILE_COMMANDS=ON',
  '-DCMAKE_TOOLCHAIN_FILE=D:\\HUAWEI\\DevEco\\DevEco Studio\\sdk\\default\\hms\\native\\build\\cmake\\hmos.toolchain.cmake',
  '-GNinja',
  '-DCMAKE_MAKE_PROGRAM=D:\\HUAWEI\\DevEco\\DevEco Studio\\sdk\\default\\openharmony\\native\\build-tools\\cmake\\bin\\ninja.exe',
  '-DCMAKE_FIND_ROOT_PATH=D:\\HUAWEI\\Lab2\\ndk-opengl-master\\entry\\.cxx\\default\\default\\debug\\hvigor\\arm64-v8a',
  '-DPACKAGE_FIND_FILE=D:\\HUAWEI\\Lab2\\ndk-opengl-master\\entry\\.cxx\\default\\default\\debug\\hvigor\\arm64-v8a\\summary.cmake',
  '--no-warn-unused-cli',
  '-DHMOS_SDK_NATIVE=D:\\HUAWEI\\DevEco\\DevEco Studio\\sdk\\default\\hms\\native'
]
[2026-04-21T18:04:46.083] [DEBUG] debug-file - CMake configuration was up-to-date
[2026-04-21T18:04:46.085] [DEBUG] debug-file - Use tool [Cmake]
 [
  'D:\\HUAWEI\\DevEco\\DevEco Studio\\sdk\\default\\openharmony\\native\\build-tools\\cmake\\bin\\cmake.exe',
  '-HD:\\HUAWEI\\Lab2\\ndk-opengl-master\\entry\\src\\main\\cpp',
  '-BD:\\HUAWEI\\Lab2\\ndk-opengl-master\\entry\\.cxx\\default\\default\\debug\\x86_64',
  '-DOHOS_ARCH=x86_64',
  '-DCMAKE_LIBRARY_OUTPUT_DIRECTORY=D:\\HUAWEI\\Lab2\\ndk-opengl-master\\entry\\build\\default\\intermediates\\cmake\\default\\obj\\x86_64',
  '-DCMAKE_BUILD_TYPE=Debug',
  '-DOHOS_SDK_NATIVE=D:\\HUAWEI\\DevEco\\DevEco Studio\\sdk\\default\\openharmony\\native',
  '-DCMAKE_SYSTEM_NAME=OHOS',
  '-DCMAKE_OHOS_ARCH_ABI=x86_64',
  '-DCMAKE_EXPORT_COMPILE_COMMANDS=ON',
  '-DCMAKE_TOOLCHAIN_FILE=D:\\HUAWEI\\DevEco\\DevEco Studio\\sdk\\default\\hms\\native\\build\\cmake\\hmos.toolchain.cmake',
  '-GNinja',
  '-DCMAKE_MAKE_PROGRAM=D:\\HUAWEI\\DevEco\\DevEco Studio\\sdk\\default\\openharmony\\native\\build-tools\\cmake\\bin\\ninja.exe',
  '-DCMAKE_FIND_ROOT_PATH=D:\\HUAWEI\\Lab2\\ndk-opengl-master\\entry\\.cxx\\default\\default\\debug\\hvigor\\x86_64',
  '-DPACKAGE_FIND_FILE=D:\\HUAWEI\\Lab2\\ndk-opengl-master\\entry\\.cxx\\default\\default\\debug\\hvigor\\x86_64\\summary.cmake',
  '--no-warn-unused-cli',
  '-DHMOS_SDK_NATIVE=D:\\HUAWEI\\DevEco\\DevEco Studio\\sdk\\default\\hms\\native'
]
[2026-04-21T18:04:46.089] [DEBUG] debug-file - CMake configuration was up-to-date
[2026-04-21T18:04:46.091] [DEBUG] debug-file - entry : default@BuildNativeWithCmake cost memory 0.8958358764648438
[2026-04-21T18:04:46.091] [DEBUG] debug-file - runTaskFromQueue task cost before running: 119 ms 
[2026-04-21T18:04:46.091] [INFO] debug-file - Finished :entry:default@BuildNativeWithCmake... after 14 ms 
[2026-04-21T18:04:46.092] [DEBUG] debug-file - Executing task :entry:default@MakePackInfo
[2026-04-21T18:04:46.093] [DEBUG] debug-file - Incremental task entry:default@MakePackInfo pre-execution cost: 1 ms .
[2026-04-21T18:04:46.093] [DEBUG] debug-file - entry : default@MakePackInfo cost memory 0.09926605224609375
[2026-04-21T18:04:46.093] [INFO] debug-file - UP-TO-DATE :entry:default@MakePackInfo...  
[2026-04-21T18:04:46.094] [DEBUG] debug-file - Executing task :entry:default@SyscapTransform
[2026-04-21T18:04:46.094] [DEBUG] debug-file - File: 'D:\HUAWEI\Lab2\ndk-opengl-master\entry\src\main\syscap.json' from 'sysCapJsonPath' is not exists, just ignore.
[2026-04-21T18:04:46.094] [DEBUG] debug-file - Task 'entry:default@SyscapTransform' cost while wrapping incremental declarations: 1 ms 
[2026-04-21T18:04:46.095] [DEBUG] debug-file - entry:default@SyscapTransform is not up-to-date, since the output file 'D:\HUAWEI\Lab2\ndk-opengl-master\entry\build\default\intermediates\syscap\default\rpcid.sc' does not exist.
[2026-04-21T18:04:46.095] [DEBUG] debug-file - Incremental task entry:default@SyscapTransform pre-execution cost: 1 ms .
[2026-04-21T18:04:46.096] [DEBUG] debug-file - entry : default@SyscapTransform cost memory -1.3888015747070312
[2026-04-21T18:04:46.096] [DEBUG] debug-file - runTaskFromQueue task cost before running: 124 ms 
[2026-04-21T18:04:46.096] [INFO] debug-file - Finished :entry:default@SyscapTransform... after 2 ms 
[2026-04-21T18:04:46.097] [DEBUG] debug-file - Executing task :entry:default@ProcessProfile
[2026-04-21T18:04:46.097] [DEBUG] debug-file - Task 'entry:default@ProcessProfile' cost while wrapping incremental declarations: 1 ms 
[2026-04-21T18:04:46.098] [DEBUG] debug-file - Incremental task entry:default@ProcessProfile pre-execution cost: 1 ms .
[2026-04-21T18:04:46.098] [DEBUG] debug-file - entry : default@ProcessProfile cost memory 0.1215667724609375
[2026-04-21T18:04:46.098] [INFO] debug-file - UP-TO-DATE :entry:default@ProcessProfile...  
[2026-04-21T18:04:46.099] [DEBUG] debug-file - Executing task :entry:default@ProcessRouterMap
[2026-04-21T18:04:46.101] [DEBUG] debug-file - Incremental task entry:default@ProcessRouterMap pre-execution cost: 2 ms .
[2026-04-21T18:04:46.101] [DEBUG] debug-file - entry : default@ProcessRouterMap cost memory 0.1324462890625
[2026-04-21T18:04:46.102] [INFO] debug-file - UP-TO-DATE :entry:default@ProcessRouterMap...  
[2026-04-21T18:04:46.103] [DEBUG] debug-file - Executing task :entry:default@ProcessShareConfig
[2026-04-21T18:04:46.104] [DEBUG] debug-file - Incremental task entry:default@ProcessShareConfig pre-execution cost: 1 ms .
[2026-04-21T18:04:46.104] [DEBUG] debug-file - entry : default@ProcessShareConfig cost memory 0.10610198974609375
[2026-04-21T18:04:46.104] [INFO] debug-file - UP-TO-DATE :entry:default@ProcessShareConfig...  
[2026-04-21T18:04:46.105] [DEBUG] debug-file - Executing task :entry:default@ProcessStartupConfig
[2026-04-21T18:04:46.105] [DEBUG] debug-file - Task 'entry:default@ProcessStartupConfig' cost while wrapping incremental declarations: 1 ms 
[2026-04-21T18:04:46.106] [DEBUG] debug-file - entry:default@ProcessStartupConfig is not up-to-date, since the output file 'D:\HUAWEI\Lab2\ndk-opengl-master\entry\build\default\intermediates\startup\default\startup_config.json' does not exist.
[2026-04-21T18:04:46.106] [DEBUG] debug-file - Incremental task entry:default@ProcessStartupConfig pre-execution cost: 1 ms .
[2026-04-21T18:04:46.106] [DEBUG] debug-file - entry : default@ProcessStartupConfig cost memory 0.0928497314453125
[2026-04-21T18:04:46.107] [DEBUG] debug-file - runTaskFromQueue task cost before running: 135 ms 
[2026-04-21T18:04:46.107] [INFO] debug-file - Finished :entry:default@ProcessStartupConfig... after 2 ms 
[2026-04-21T18:04:46.108] [DEBUG] debug-file - Executing task :entry:default@BuildNativeWithNinja
[2026-04-21T18:04:46.108] [DEBUG] debug-file - Use tool [Ninja]
 [
  'D:\\HUAWEI\\DevEco\\DevEco Studio\\sdk\\default\\openharmony\\native\\build-tools\\cmake\\bin\\ninja.exe',
  '-C',
  'D:\\HUAWEI\\Lab2\\ndk-opengl-master\\entry\\.cxx\\default\\default\\debug\\arm64-v8a'
]
[2026-04-21T18:04:46.109] [DEBUG] debug-file - default@BuildNativeWithNinja work[8] is submitted.
[2026-04-21T18:04:46.109] [DEBUG] debug-file - default@BuildNativeWithNinja work[8] is pushed to ready queue.
[2026-04-21T18:04:46.109] [DEBUG] debug-file - A work dispatched to worker[19] failed because unable to get work from ready queue.
[2026-04-21T18:04:46.109] [DEBUG] debug-file - default@BuildNativeWithNinja work[8] has been dispatched to worker[18].
[2026-04-21T18:04:46.109] [DEBUG] debug-file - default@BuildNativeWithNinja work[8] is dispatched.
[2026-04-21T18:04:46.114] [DEBUG] debug-file - OHOS_STL is c++_shared
[2026-04-21T18:04:46.114] [DEBUG] debug-file - Copy STL libc++_shared.so to D:\HUAWEI\Lab2\ndk-opengl-master\entry\build\default\intermediates\cmake\default\obj\arm64-v8a due to OHOS_STL is 'c++_shared'
[2026-04-21T18:04:46.114] [DEBUG] debug-file - Use tool [Ninja]
 [
  'D:\\HUAWEI\\DevEco\\DevEco Studio\\sdk\\default\\openharmony\\native\\build-tools\\cmake\\bin\\ninja.exe',
  '-C',
  'D:\\HUAWEI\\Lab2\\ndk-opengl-master\\entry\\.cxx\\default\\default\\debug\\x86_64'
]
[2026-04-21T18:04:46.115] [DEBUG] debug-file - default@BuildNativeWithNinja work[9] is submitted.
[2026-04-21T18:04:46.115] [DEBUG] debug-file - default@BuildNativeWithNinja work[9] is pushed to ready queue.
[2026-04-21T18:04:46.115] [DEBUG] debug-file - A work dispatched to worker[19] failed because unable to get work from ready queue.
[2026-04-21T18:04:46.115] [DEBUG] debug-file - A work dispatched to worker[18] failed because of worker busy.
[2026-04-21T18:04:46.115] [DEBUG] debug-file - default@BuildNativeWithNinja work[9] has been dispatched to worker[17].
[2026-04-21T18:04:46.115] [DEBUG] debug-file - default@BuildNativeWithNinja work[9] is dispatched.
[2026-04-21T18:04:46.119] [DEBUG] debug-file - OHOS_STL is c++_shared
[2026-04-21T18:04:46.119] [DEBUG] debug-file - Copy STL libc++_shared.so to D:\HUAWEI\Lab2\ndk-opengl-master\entry\build\default\intermediates\cmake\default\obj\x86_64 due to OHOS_STL is 'c++_shared'
[2026-04-21T18:04:46.120] [DEBUG] debug-file - entry : default@BuildNativeWithNinja cost memory 0.5545425415039062
[2026-04-21T18:04:46.121] [DEBUG] debug-file - restool module names: entry; moduleName=entry, taskName=default@ProcessResource
[2026-04-21T18:04:46.122] [DEBUG] debug-file - Executing task :entry:default@ProcessResource
[2026-04-21T18:04:46.122] [DEBUG] debug-file - Task 'entry:default@ProcessResource' cost while wrapping incremental declarations: 1 ms 
[2026-04-21T18:04:46.122] [DEBUG] debug-file - Incremental task entry:default@ProcessResource pre-execution cost: 1 ms .
[2026-04-21T18:04:46.123] [DEBUG] debug-file - entry : default@ProcessResource cost memory 0.36125946044921875
[2026-04-21T18:04:46.125] [INFO] debug-file - UP-TO-DATE :entry:default@ProcessResource...  
[2026-04-21T18:04:46.126] [DEBUG] debug-file - Executing task :entry:default@GenerateLoaderJson
[2026-04-21T18:04:46.126] [DEBUG] debug-file - Task 'entry:default@GenerateLoaderJson' cost while wrapping incremental declarations: 1 ms 
[2026-04-21T18:04:46.131] [DEBUG] debug-file - Incremental task entry:default@GenerateLoaderJson pre-execution cost: 3 ms .
[2026-04-21T18:04:46.131] [DEBUG] debug-file - entry : default@GenerateLoaderJson cost memory 0.45571136474609375
[2026-04-21T18:04:46.133] [INFO] debug-file - UP-TO-DATE :entry:default@GenerateLoaderJson...  
[2026-04-21T18:04:46.133] [DEBUG] debug-file - restool module names: entry; moduleName=entry, taskName=default@CompileResource
[2026-04-21T18:04:46.134] [DEBUG] debug-file - Executing task :entry:default@CompileResource
[2026-04-21T18:04:46.139] [DEBUG] debug-file - Incremental task entry:default@CompileResource pre-execution cost: 6 ms .
[2026-04-21T18:04:46.139] [DEBUG] debug-file - entry : default@CompileResource cost memory 0.576751708984375
[2026-04-21T18:04:46.140] [INFO] debug-file - UP-TO-DATE :entry:default@CompileResource...  
[2026-04-21T18:04:46.142] [DEBUG] debug-file - Executing task :entry:default@CompileArkTS
[2026-04-21T18:04:46.142] [DEBUG] debug-file - obfuscationOptions: undefined
[2026-04-21T18:04:46.143] [DEBUG] debug-file - Task 'entry:default@CompileArkTS' cost while wrapping incremental declarations: 1 ms 
[2026-04-21T18:04:46.147] [DEBUG] debug-file - Incremental task entry:default@CompileArkTS pre-execution cost: 3 ms .
[2026-04-21T18:04:46.147] [DEBUG] debug-file - entry : default@CompileArkTS cost memory 0.4980621337890625
[2026-04-21T18:04:46.148] [INFO] debug-file - UP-TO-DATE :entry:default@CompileArkTS...  
[2026-04-21T18:04:46.149] [DEBUG] debug-file - Executing task :entry:default@BuildJS
[2026-04-21T18:04:46.149] [DEBUG] debug-file - Task 'entry:default@BuildJS' cost while wrapping incremental declarations: 1 ms 
[2026-04-21T18:04:46.151] [DEBUG] debug-file - entry : default@BuildJS cost memory 0.15242767333984375
[2026-04-21T18:04:46.151] [DEBUG] debug-file - runTaskFromQueue task cost before running: 179 ms 
[2026-04-21T18:04:46.151] [INFO] debug-file - Finished :entry:default@BuildJS... after 2 ms 
[2026-04-21T18:04:46.920] [DEBUG] debug-file - ninja: Entering directory `D:\HUAWEI\Lab2\ndk-opengl-master\entry\.cxx\default\default\debug\x86_64'
[1/4] Building CXX object CMakeFiles/tetrahedron_napi.dir/tetrahedron.cpp.o
FAILED: CMakeFiles/tetrahedron_napi.dir/tetrahedron.cpp.o 
D:\HUAWEI\DevEco\DEVECO~1\sdk\default\OPENHA~1\native\llvm\bin\CLANG_~1.EXE --target=x86_64-linux-ohos --gcc-toolchain="D:/HUAWEI/DevEco/DevEco Studio/sdk/default/openharmony/native/llvm" --sysroot="D:/HUAWEI/DevEco/DevEco Studio/sdk/default/openharmony/native/sysroot" -Dtetrahedron_napi_EXPORTS -I"D:/HUAWEI/DevEco/DevEco Studio/sdk/default/hms/native/sysroot/usr/include" -ID:/HUAWEI/Lab2/ndk-opengl-master/entry/src/main/cpp -ID:/HUAWEI/Lab2/ndk-opengl-master/entry/src/main/cpp/include -ID:/HUAWEI/Lab2/ndk-opengl-master/entry/src/main/cpp/include/util -fdata-sections -ffunction-sections -funwind-tables -fstack-protector-strong -no-canonical-prefixes -fno-addrsig -Wa,--noexecstack -Wformat -Werror=format-security   -D__MUSL__ -O0 -g -fno-limit-debug-info  -fPIC -MD -MT CMakeFiles/tetrahedron_napi.dir/tetrahedron.cpp.o -MF CMakeFiles\tetrahedron_napi.dir\tetrahedron.cpp.o.d -o CMakeFiles/tetrahedron_napi.dir/tetrahedron.cpp.o -c D:/HUAWEI/Lab2/ndk-opengl-master/entry/src/main/cpp/tetrahedron.cpp
clang++: warning: argument unused during compilation: '--gcc-toolchain=D:/HUAWEI/DevEco/DevEco Studio/sdk/default/openharmony/native/llvm' [-Wunused-command-line-argument]
D:/HUAWEI/Lab2/ndk-opengl-master/entry/src/main/cpp/tetrahedron.cpp:200:1: error: extraneous closing brace ('}')
}
^
1 error generated.
[2/4] Building CXX object CMakeFiles/tetrahedron_napi.dir/frame_handle.cpp.o
FAILED: CMakeFiles/tetrahedron_napi.dir/frame_handle.cpp.o 
D:\HUAWEI\DevEco\DEVECO~1\sdk\default\OPENHA~1\native\llvm\bin\CLANG_~1.EXE --target=x86_64-linux-ohos --gcc-toolchain="D:/HUAWEI/DevEco/DevEco Studio/sdk/default/openharmony/native/llvm" --sysroot="D:/HUAWEI/DevEco/DevEco Studio/sdk/default/openharmony/native/sysroot" -Dtetrahedron_napi_EXPORTS -I"D:/HUAWEI/DevEco/DevEco Studio/sdk/default/hms/native/sysroot/usr/include" -ID:/HUAWEI/Lab2/ndk-opengl-master/entry/src/main/cpp -ID:/HUAWEI/Lab2/ndk-opengl-master/entry/src/main/cpp/include -ID:/HUAWEI/Lab2/ndk-opengl-master/entry/src/main/cpp/include/util -fdata-sections -ffunction-sections -funwind-tables -fstack-protector-strong -no-canonical-prefixes -fno-addrsig -Wa,--noexecstack -Wformat -Werror=format-security   -D__MUSL__ -O0 -g -fno-limit-debug-info  -fPIC -MD -MT CMakeFiles/tetrahedron_napi.dir/frame_handle.cpp.o -MF CMakeFiles\tetrahedron_napi.dir\frame_handle.cpp.o.d -o CMakeFiles/tetrahedron_napi.dir/frame_handle.cpp.o -c D:/HUAWEI/Lab2/ndk-opengl-master/entry/src/main/cpp/frame_handle.cpp
clang++: warning: argument unused during compilation: '--gcc-toolchain=D:/HUAWEI/DevEco/DevEco Studio/sdk/default/openharmony/native/llvm' [-Wunused-command-line-argument]
D:/HUAWEI/Lab2/ndk-opengl-master/entry/src/main/cpp/frame_handle.cpp:69:9: error: use of undeclared identifier 'LOGE'
        LOGE("FrameHandle::Init: Invalid parameters");
        ^
D:/HUAWEI/Lab2/ndk-opengl-master/entry/src/main/cpp/frame_handle.cpp:121:9: error: use of undeclared identifier 'LOGE'
        LOGE("DampingRotation: tetrahedron_ is null");
        ^
D:/HUAWEI/Lab2/ndk-opengl-master/entry/src/main/cpp/frame_handle.cpp:153:9: error: use of undeclared identifier 'LOGE'
        LOGE("ConstantSpeedRotation: tetrahedron_ is null");
        ^
3 errors generated.
[3/4] Building CXX object CMakeFiles/tetrahedron_napi.dir/app_napi.cpp.o

[2026-04-21T18:04:46.920] [DEBUG] debug-file - clang++: warning: argument unused during compilation: '--gcc-toolchain=D:/HUAWEI/DevEco/DevEco Studio/sdk/default/openharmony/native/llvm' [-Wunused-command-line-argument]
ninja: build stopped: subcommand failed.

[2026-04-21T18:04:46.924] [DEBUG] debug-file - ninja: Entering directory `D:\HUAWEI\Lab2\ndk-opengl-master\entry\.cxx\default\default\debug\arm64-v8a'
[1/4] Building CXX object CMakeFiles/tetrahedron_napi.dir/tetrahedron.cpp.o
FAILED: CMakeFiles/tetrahedron_napi.dir/tetrahedron.cpp.o 
D:\HUAWEI\DevEco\DEVECO~1\sdk\default\OPENHA~1\native\llvm\bin\CLANG_~1.EXE --target=aarch64-linux-ohos --gcc-toolchain="D:/HUAWEI/DevEco/DevEco Studio/sdk/default/openharmony/native/llvm" --sysroot="D:/HUAWEI/DevEco/DevEco Studio/sdk/default/openharmony/native/sysroot" -Dtetrahedron_napi_EXPORTS -I"D:/HUAWEI/DevEco/DevEco Studio/sdk/default/hms/native/sysroot/usr/include" -ID:/HUAWEI/Lab2/ndk-opengl-master/entry/src/main/cpp -ID:/HUAWEI/Lab2/ndk-opengl-master/entry/src/main/cpp/include -ID:/HUAWEI/Lab2/ndk-opengl-master/entry/src/main/cpp/include/util -fdata-sections -ffunction-sections -funwind-tables -fstack-protector-strong -no-canonical-prefixes -fno-addrsig -Wa,--noexecstack -Wformat -Werror=format-security   -D__MUSL__ -O0 -g -fno-limit-debug-info  -fPIC -MD -MT CMakeFiles/tetrahedron_napi.dir/tetrahedron.cpp.o -MF CMakeFiles\tetrahedron_napi.dir\tetrahedron.cpp.o.d -o CMakeFiles/tetrahedron_napi.dir/tetrahedron.cpp.o -c D:/HUAWEI/Lab2/ndk-opengl-master/entry/src/main/cpp/tetrahedron.cpp
clang++: warning: argument unused during compilation: '--gcc-toolchain=D:/HUAWEI/DevEco/DevEco Studio/sdk/default/openharmony/native/llvm' [-Wunused-command-line-argument]
D:/HUAWEI/Lab2/ndk-opengl-master/entry/src/main/cpp/tetrahedron.cpp:200:1: error: extraneous closing brace ('}')
}
^
1 error generated.
[2/4] Building CXX object CMakeFiles/tetrahedron_napi.dir/frame_handle.cpp.o
FAILED: CMakeFiles/tetrahedron_napi.dir/frame_handle.cpp.o 
D:\HUAWEI\DevEco\DEVECO~1\sdk\default\OPENHA~1\native\llvm\bin\CLANG_~1.EXE --target=aarch64-linux-ohos --gcc-toolchain="D:/HUAWEI/DevEco/DevEco Studio/sdk/default/openharmony/native/llvm" --sysroot="D:/HUAWEI/DevEco/DevEco Studio/sdk/default/openharmony/native/sysroot" -Dtetrahedron_napi_EXPORTS -I"D:/HUAWEI/DevEco/DevEco Studio/sdk/default/hms/native/sysroot/usr/include" -ID:/HUAWEI/Lab2/ndk-opengl-master/entry/src/main/cpp -ID:/HUAWEI/Lab2/ndk-opengl-master/entry/src/main/cpp/include -ID:/HUAWEI/Lab2/ndk-opengl-master/entry/src/main/cpp/include/util -fdata-sections -ffunction-sections -funwind-tables -fstack-protector-strong -no-canonical-prefixes -fno-addrsig -Wa,--noexecstack -Wformat -Werror=format-security   -D__MUSL__ -O0 -g -fno-limit-debug-info  -fPIC -MD -MT CMakeFiles/tetrahedron_napi.dir/frame_handle.cpp.o -MF CMakeFiles\tetrahedron_napi.dir\frame_handle.cpp.o.d -o CMakeFiles/tetrahedron_napi.dir/frame_handle.cpp.o -c D:/HUAWEI/Lab2/ndk-opengl-master/entry/src/main/cpp/frame_handle.cpp
clang++: warning: argument unused during compilation: '--gcc-toolchain=D:/HUAWEI/DevEco/DevEco Studio/sdk/default/openharmony/native/llvm' [-Wunused-command-line-argument]
D:/HUAWEI/Lab2/ndk-opengl-master/entry/src/main/cpp/frame_handle.cpp:69:9: error: use of undeclared identifier 'LOGE'
        LOGE("FrameHandle::Init: Invalid parameters");
        ^
D:/HUAWEI/Lab2/ndk-opengl-master/entry/src/main/cpp/frame_handle.cpp:121:9: error: use of undeclared identifier 'LOGE'
        LOGE("DampingRotation: tetrahedron_ is null");
        ^
D:/HUAWEI/Lab2/ndk-opengl-master/entry/src/main/cpp/frame_handle.cpp:153:9: error: use of undeclared identifier 'LOGE'
        LOGE("ConstantSpeedRotation: tetrahedron_ is null");
        ^
3 errors generated.
[3/4] Building CXX object CMakeFiles/tetrahedron_napi.dir/app_napi.cpp.o

[2026-04-21T18:04:46.924] [DEBUG] debug-file - clang++: warning: argument unused during compilation: '--gcc-toolchain=D:/HUAWEI/DevEco/DevEco Studio/sdk/default/openharmony/native/llvm' [-Wunused-command-line-argument]
ninja: build stopped: subcommand failed.

[2026-04-21T18:04:46.931] [DEBUG] debug-file - worker[17] encounters error: Exceptions happened while executing D:\HUAWEI\DevEco\DevEco Studio\sdk\default\openharmony\native\build-tools\cmake\bin\ninja.exe -C D:\HUAWEI\Lab2\ndk-opengl-master\entry\.cxx\default\default\debug\x86_64.
[32mninja: Entering directory `D:\HUAWEI\Lab2\ndk-opengl-master\entry\.cxx\default\default\debug\x86_64'[32m[39m
[32m[1/4] Building CXX object CMakeFiles/tetrahedron_napi.dir/tetrahedron.cpp.o[32m[39m
[31mFAILED: CMakeFiles/tetrahedron_napi.dir/tetrahedron.cpp.o [31m[39m
[32mD:\HUAWEI\DevEco\DEVECO~1\sdk\default\OPENHA~1\native\llvm\bin\CLANG_~1.EXE --target=x86_64-linux-ohos --gcc-toolchain="D:/HUAWEI/DevEco/DevEco Studio/sdk/default/openharmony/native/llvm" --sysroot="D:/HUAWEI/DevEco/DevEco Studio/sdk/default/openharmony/native/sysroot" -Dtetrahedron_napi_EXPORTS -I"D:/HUAWEI/DevEco/DevEco Studio/sdk/default/hms/native/sysroot/usr/include" -ID:/HUAWEI/Lab2/ndk-opengl-master/entry/src/main/cpp -ID:/HUAWEI/Lab2/ndk-opengl-master/entry/src/main/cpp/include -ID:/HUAWEI/Lab2/ndk-opengl-master/entry/src/main/cpp/include/util -fdata-sections -ffunction-sections -funwind-tables -fstack-protector-strong -no-canonical-prefixes -fno-addrsig -Wa,--noexecstack -Wformat -Werror=format-security   -D__MUSL__ -O0 -g -fno-limit-debug-info  -fPIC -MD -MT CMakeFiles/tetrahedron_napi.dir/tetrahedron.cpp.o -MF CMakeFiles\tetrahedron_napi.dir\tetrahedron.cpp.o.d -o CMakeFiles/tetrahedron_napi.dir/tetrahedron.cpp.o -c D:/HUAWEI/Lab2/ndk-opengl-master/entry/src/main/cpp/tetrahedron.cpp[32m[39m
[33mclang++: warning: argument unused during compilation: '--gcc-toolchain=D:/HUAWEI/DevEco/DevEco Studio/sdk/default/openharmony/native/llvm' [-Wunused-command-line-argument][33m[39m
[32m[32m[39m
[31mD:/HUAWEI/Lab2/ndk-opengl-master/entry/src/main/cpp/tetrahedron.cpp:200:1: error: extraneous closing brace ('}')[31m[39m
[31m[31m[39m
[31m}[31m[39m
[31m[31m[39m
[31m^[31m[39m
[31m[31m[39m
[33m1 error generated.[33m[39m
[32m[32m[39m
[32m[2/4] Building CXX object CMakeFiles/tetrahedron_napi.dir/frame_handle.cpp.o[32m[39m
[31mFAILED: CMakeFiles/tetrahedron_napi.dir/frame_handle.cpp.o [31m[39m
[32mD:\HUAWEI\DevEco\DEVECO~1\sdk\default\OPENHA~1\native\llvm\bin\CLANG_~1.EXE --target=x86_64-linux-ohos --gcc-toolchain="D:/HUAWEI/DevEco/DevEco Studio/sdk/default/openharmony/native/llvm" --sysroot="D:/HUAWEI/DevEco/DevEco Studio/sdk/default/openharmony/native/sysroot" -Dtetrahedron_napi_EXPORTS -I"D:/HUAWEI/DevEco/DevEco Studio/sdk/default/hms/native/sysroot/usr/include" -ID:/HUAWEI/Lab2/ndk-opengl-master/entry/src/main/cpp -ID:/HUAWEI/Lab2/ndk-opengl-master/entry/src/main/cpp/include -ID:/HUAWEI/Lab2/ndk-opengl-master/entry/src/main/cpp/include/util -fdata-sections -ffunction-sections -funwind-tables -fstack-protector-strong -no-canonical-prefixes -fno-addrsig -Wa,--noexecstack -Wformat -Werror=format-security   -D__MUSL__ -O0 -g -fno-limit-debug-info  -fPIC -MD -MT CMakeFiles/tetrahedron_napi.dir/frame_handle.cpp.o -MF CMakeFiles\tetrahedron_napi.dir\frame_handle.cpp.o.d -o CMakeFiles/tetrahedron_napi.dir/frame_handle.cpp.o -c D:/HUAWEI/Lab2/ndk-opengl-master/entry/src/main/cpp/frame_handle.cpp[32m[39m
[33mclang++: warning: argument unused during compilation: '--gcc-toolchain=D:/HUAWEI/DevEco/DevEco Studio/sdk/default/openharmony/native/llvm' [-Wunused-command-line-argument][33m[39m
[31mD:/HUAWEI/Lab2/ndk-opengl-master/entry/src/main/cpp/frame_handle.cpp:69:9: error: use of undeclared identifier 'LOGE'[31m[39m
[31m        LOGE("FrameHandle::Init: Invalid parameters");[31m[39m
[31m        ^[31m[39m
[31mD:/HUAWEI/Lab2/ndk-opengl-master/entry/src/main/cpp/frame_handle.cpp:121:9: error: use of undeclared identifier 'LOGE'[31m[39m
[31m[31m[39m
[31m        LOGE("DampingRotation: tetrahedron_ is null");[31m[39m
[31m[31m[39m
[31m        ^[31m[39m
[31m[31m[39m
[31mD:/HUAWEI/Lab2/ndk-opengl-master/entry/src/main/cpp/frame_handle.cpp:153:9: error: use of undeclared identifier 'LOGE'[31m[39m
[31m[31m[39m
[31m        LOGE("ConstantSpeedRotation: tetrahedron_ is null");[31m[39m
[31m[31m[39m
[31m        ^[31m[39m
[31m[31m[39m
[33m3 errors generated.[33m[39m
[32m[32m[39m
[32m[3/4] Building CXX object CMakeFiles/tetrahedron_napi.dir/app_napi.cpp.o[32m[39m
[33mclang++: warning: argument unused during compilation: '--gcc-toolchain=D:/HUAWEI/DevEco/DevEco Studio/sdk/default/openharmony/native/llvm' [-Wunused-command-line-argument][33m[39m
[32m[32m[39m
[31mninja: build stopped: subcommand failed.[31m[39m
undefined.
[2026-04-21T18:04:46.932] [DEBUG] debug-file - default@BuildNativeWithNinja work[9] failed.
[2026-04-21T18:04:46.932] [ERROR] debug-file - Failed :entry:default@BuildNativeWithNinja... 
[2026-04-21T18:04:46.932] [DEBUG] debug-file - hvigor build process will be closed with an error.
[2026-04-21T18:04:46.934] [DEBUG] debug-file - ERROR: stacktrace = Error: Exceptions happened while executing D:\HUAWEI\DevEco\DevEco Studio\sdk\default\openharmony\native\build-tools\cmake\bin\ninja.exe -C D:\HUAWEI\Lab2\ndk-opengl-master\entry\.cxx\default\default\debug\x86_64.
[32mninja: Entering directory `D:\HUAWEI\Lab2\ndk-opengl-master\entry\.cxx\default\default\debug\x86_64'[32m[39m
[32m[1/4] Building CXX object CMakeFiles/tetrahedron_napi.dir/tetrahedron.cpp.o[32m[39m
[31mFAILED: CMakeFiles/tetrahedron_napi.dir/tetrahedron.cpp.o [31m[39m
[32mD:\HUAWEI\DevEco\DEVECO~1\sdk\default\OPENHA~1\native\llvm\bin\CLANG_~1.EXE --target=x86_64-linux-ohos --gcc-toolchain="D:/HUAWEI/DevEco/DevEco Studio/sdk/default/openharmony/native/llvm" --sysroot="D:/HUAWEI/DevEco/DevEco Studio/sdk/default/openharmony/native/sysroot" -Dtetrahedron_napi_EXPORTS -I"D:/HUAWEI/DevEco/DevEco Studio/sdk/default/hms/native/sysroot/usr/include" -ID:/HUAWEI/Lab2/ndk-opengl-master/entry/src/main/cpp -ID:/HUAWEI/Lab2/ndk-opengl-master/entry/src/main/cpp/include -ID:/HUAWEI/Lab2/ndk-opengl-master/entry/src/main/cpp/include/util -fdata-sections -ffunction-sections -funwind-tables -fstack-protector-strong -no-canonical-prefixes -fno-addrsig -Wa,--noexecstack -Wformat -Werror=format-security   -D__MUSL__ -O0 -g -fno-limit-debug-info  -fPIC -MD -MT CMakeFiles/tetrahedron_napi.dir/tetrahedron.cpp.o -MF CMakeFiles\tetrahedron_napi.dir\tetrahedron.cpp.o.d -o CMakeFiles/tetrahedron_napi.dir/tetrahedron.cpp.o -c D:/HUAWEI/Lab2/ndk-opengl-master/entry/src/main/cpp/tetrahedron.cpp[32m[39m
[33mclang++: warning: argument unused during compilation: '--gcc-toolchain=D:/HUAWEI/DevEco/DevEco Studio/sdk/default/openharmony/native/llvm' [-Wunused-command-line-argument][33m[39m
[32m[32m[39m
[31mD:/HUAWEI/Lab2/ndk-opengl-master/entry/src/main/cpp/tetrahedron.cpp:200:1: error: extraneous closing brace ('}')[31m[39m
[31m[31m[39m
[31m}[31m[39m
[31m[31m[39m
[31m^[31m[39m
[31m[31m[39m
[33m1 error generated.[33m[39m
[32m[32m[39m
[32m[2/4] Building CXX object CMakeFiles/tetrahedron_napi.dir/frame_handle.cpp.o[32m[39m
[31mFAILED: CMakeFiles/tetrahedron_napi.dir/frame_handle.cpp.o [31m[39m
[32mD:\HUAWEI\DevEco\DEVECO~1\sdk\default\OPENHA~1\native\llvm\bin\CLANG_~1.EXE --target=x86_64-linux-ohos --gcc-toolchain="D:/HUAWEI/DevEco/DevEco Studio/sdk/default/openharmony/native/llvm" --sysroot="D:/HUAWEI/DevEco/DevEco Studio/sdk/default/openharmony/native/sysroot" -Dtetrahedron_napi_EXPORTS -I"D:/HUAWEI/DevEco/DevEco Studio/sdk/default/hms/native/sysroot/usr/include" -ID:/HUAWEI/Lab2/ndk-opengl-master/entry/src/main/cpp -ID:/HUAWEI/Lab2/ndk-opengl-master/entry/src/main/cpp/include -ID:/HUAWEI/Lab2/ndk-opengl-master/entry/src/main/cpp/include/util -fdata-sections -ffunction-sections -funwind-tables -fstack-protector-strong -no-canonical-prefixes -fno-addrsig -Wa,--noexecstack -Wformat -Werror=format-security   -D__MUSL__ -O0 -g -fno-limit-debug-info  -fPIC -MD -MT CMakeFiles/tetrahedron_napi.dir/frame_handle.cpp.o -MF CMakeFiles\tetrahedron_napi.dir\frame_handle.cpp.o.d -o CMakeFiles/tetrahedron_napi.dir/frame_handle.cpp.o -c D:/HUAWEI/Lab2/ndk-opengl-master/entry/src/main/cpp/frame_handle.cpp[32m[39m
[33mclang++: warning: argument unused during compilation: '--gcc-toolchain=D:/HUAWEI/DevEco/DevEco Studio/sdk/default/openharmony/native/llvm' [-Wunused-command-line-argument][33m[39m
[31mD:/HUAWEI/Lab2/ndk-opengl-master/entry/src/main/cpp/frame_handle.cpp:69:9: error: use of undeclared identifier 'LOGE'[31m[39m
[31m        LOGE("FrameHandle::Init: Invalid parameters");[31m[39m
[31m        ^[31m[39m
[31mD:/HUAWEI/Lab2/ndk-opengl-master/entry/src/main/cpp/frame_handle.cpp:121:9: error: use of undeclared identifier 'LOGE'[31m[39m
[31m[31m[39m
[31m        LOGE("DampingRotation: tetrahedron_ is null");[31m[39m
[31m[31m[39m
[31m        ^[31m[39m
[31m[31m[39m
[31mD:/HUAWEI/Lab2/ndk-opengl-master/entry/src/main/cpp/frame_handle.cpp:153:9: error: use of undeclared identifier 'LOGE'[31m[39m
[31m[31m[39m
[31m        LOGE("ConstantSpeedRotation: tetrahedron_ is null");[31m[39m
[31m[31m[39m
[31m        ^[31m[39m
[31m[31m[39m
[33m3 errors generated.[33m[39m
[32m[32m[39m
[32m[3/4] Building CXX object CMakeFiles/tetrahedron_napi.dir/app_napi.cpp.o[32m[39m
[33mclang++: warning: argument unused during compilation: '--gcc-toolchain=D:/HUAWEI/DevEco/DevEco Studio/sdk/default/openharmony/native/llvm' [-Wunused-command-line-argument][33m[39m
[32m[32m[39m
[31mninja: build stopped: subcommand failed.[31m[39m
undefined
    at OhosLogger.errorMessageExit (D:\HUAWEI\DevEco\DevEco Studio\tools\hvigor\hvigor\src\base\log\hvigor-log.js:1:3497)
    at OhosLogger._printErrorAndExit (D:\HUAWEI\DevEco\DevEco Studio\tools\hvigor\hvigor-ohos-plugin\src\utils\log\ohos-logger.js:1:2024)
    at ChildProcess.<anonymous> (D:\HUAWEI\DevEco\DevEco Studio\tools\hvigor\hvigor-ohos-plugin\src\tasks\abstract-build-native.js:1:2796)
    at process.processTicksAndRejections (node:internal/process/task_queues:95:5)
[2026-04-21T18:04:46.934] [ERROR] debug-file - Error: Exceptions happened while executing D:\HUAWEI\DevEco\DevEco Studio\sdk\default\openharmony\native\build-tools\cmake\bin\ninja.exe -C D:\HUAWEI\Lab2\ndk-opengl-master\entry\.cxx\default\default\debug\x86_64.
[32mninja: Entering directory `D:\HUAWEI\Lab2\ndk-opengl-master\entry\.cxx\default\default\debug\x86_64'[32m[39m
[32m[1/4] Building CXX object CMakeFiles/tetrahedron_napi.dir/tetrahedron.cpp.o[32m[39m
[31mFAILED: CMakeFiles/tetrahedron_napi.dir/tetrahedron.cpp.o [31m[39m
[32mD:\HUAWEI\DevEco\DEVECO~1\sdk\default\OPENHA~1\native\llvm\bin\CLANG_~1.EXE --target=x86_64-linux-ohos --gcc-toolchain="D:/HUAWEI/DevEco/DevEco Studio/sdk/default/openharmony/native/llvm" --sysroot="D:/HUAWEI/DevEco/DevEco Studio/sdk/default/openharmony/native/sysroot" -Dtetrahedron_napi_EXPORTS -I"D:/HUAWEI/DevEco/DevEco Studio/sdk/default/hms/native/sysroot/usr/include" -ID:/HUAWEI/Lab2/ndk-opengl-master/entry/src/main/cpp -ID:/HUAWEI/Lab2/ndk-opengl-master/entry/src/main/cpp/include -ID:/HUAWEI/Lab2/ndk-opengl-master/entry/src/main/cpp/include/util -fdata-sections -ffunction-sections -funwind-tables -fstack-protector-strong -no-canonical-prefixes -fno-addrsig -Wa,--noexecstack -Wformat -Werror=format-security   -D__MUSL__ -O0 -g -fno-limit-debug-info  -fPIC -MD -MT CMakeFiles/tetrahedron_napi.dir/tetrahedron.cpp.o -MF CMakeFiles\tetrahedron_napi.dir\tetrahedron.cpp.o.d -o CMakeFiles/tetrahedron_napi.dir/tetrahedron.cpp.o -c D:/HUAWEI/Lab2/ndk-opengl-master/entry/src/main/cpp/tetrahedron.cpp[32m[39m
[33mclang++: warning: argument unused during compilation: '--gcc-toolchain=D:/HUAWEI/DevEco/DevEco Studio/sdk/default/openharmony/native/llvm' [-Wunused-command-line-argument][33m[39m
[32m[32m[39m
[31mD:/HUAWEI/Lab2/ndk-opengl-master/entry/src/main/cpp/tetrahedron.cpp:200:1: error: extraneous closing brace ('}')[31m[39m
[31m[31m[39m
[31m}[31m[39m
[31m[31m[39m
[31m^[31m[39m
[31m[31m[39m
[33m1 error generated.[33m[39m
[32m[32m[39m
[32m[2/4] Building CXX object CMakeFiles/tetrahedron_napi.dir/frame_handle.cpp.o[32m[39m
[31mFAILED: CMakeFiles/tetrahedron_napi.dir/frame_handle.cpp.o [31m[39m
[32mD:\HUAWEI\DevEco\DEVECO~1\sdk\default\OPENHA~1\native\llvm\bin\CLANG_~1.EXE --target=x86_64-linux-ohos --gcc-toolchain="D:/HUAWEI/DevEco/DevEco Studio/sdk/default/openharmony/native/llvm" --sysroot="D:/HUAWEI/DevEco/DevEco Studio/sdk/default/openharmony/native/sysroot" -Dtetrahedron_napi_EXPORTS -I"D:/HUAWEI/DevEco/DevEco Studio/sdk/default/hms/native/sysroot/usr/include" -ID:/HUAWEI/Lab2/ndk-opengl-master/entry/src/main/cpp -ID:/HUAWEI/Lab2/ndk-opengl-master/entry/src/main/cpp/include -ID:/HUAWEI/Lab2/ndk-opengl-master/entry/src/main/cpp/include/util -fdata-sections -ffunction-sections -funwind-tables -fstack-protector-strong -no-canonical-prefixes -fno-addrsig -Wa,--noexecstack -Wformat -Werror=format-security   -D__MUSL__ -O0 -g -fno-limit-debug-info  -fPIC -MD -MT CMakeFiles/tetrahedron_napi.dir/frame_handle.cpp.o -MF CMakeFiles\tetrahedron_napi.dir\frame_handle.cpp.o.d -o CMakeFiles/tetrahedron_napi.dir/frame_handle.cpp.o -c D:/HUAWEI/Lab2/ndk-opengl-master/entry/src/main/cpp/frame_handle.cpp[32m[39m
[33mclang++: warning: argument unused during compilation: '--gcc-toolchain=D:/HUAWEI/DevEco/DevEco Studio/sdk/default/openharmony/native/llvm' [-Wunused-command-line-argument][33m[39m
[31mD:/HUAWEI/Lab2/ndk-opengl-master/entry/src/main/cpp/frame_handle.cpp:69:9: error: use of undeclared identifier 'LOGE'[31m[39m
[31m        LOGE("FrameHandle::Init: Invalid parameters");[31m[39m
[31m        ^[31m[39m
[31mD:/HUAWEI/Lab2/ndk-opengl-master/entry/src/main/cpp/frame_handle.cpp:121:9: error: use of undeclared identifier 'LOGE'[31m[39m
[31m[31m[39m
[31m        LOGE("DampingRotation: tetrahedron_ is null");[31m[39m
[31m[31m[39m
[31m        ^[31m[39m
[31m[31m[39m
[31mD:/HUAWEI/Lab2/ndk-opengl-master/entry/src/main/cpp/frame_handle.cpp:153:9: error: use of undeclared identifier 'LOGE'[31m[39m
[31m[31m[39m
[31m        LOGE("ConstantSpeedRotation: tetrahedron_ is null");[31m[39m
[31m[31m[39m
[31m        ^[31m[39m
[31m[31m[39m
[33m3 errors generated.[33m[39m
[32m[32m[39m
[32m[3/4] Building CXX object CMakeFiles/tetrahedron_napi.dir/app_napi.cpp.o[32m[39m
[33mclang++: warning: argument unused during compilation: '--gcc-toolchain=D:/HUAWEI/DevEco/DevEco Studio/sdk/default/openharmony/native/llvm' [-Wunused-command-line-argument][33m[39m
[32m[32m[39m
[31mninja: build stopped: subcommand failed.[31m[39m
undefined
    at OhosLogger.errorMessageExit (D:\HUAWEI\DevEco\DevEco Studio\tools\hvigor\hvigor\src\base\log\hvigor-log.js:1:3497)
    at OhosLogger._printErrorAndExit (D:\HUAWEI\DevEco\DevEco Studio\tools\hvigor\hvigor-ohos-plugin\src\utils\log\ohos-logger.js:1:2024)
    at ChildProcess.<anonymous> (D:\HUAWEI\DevEco\DevEco Studio\tools\hvigor\hvigor-ohos-plugin\src\tasks\abstract-build-native.js:1:2796)
    at process.processTicksAndRejections (node:internal/process/task_queues:95:5)
[2026-04-21T18:04:46.944] [ERROR] debug-file - BUILD FAILED in 972 ms 
[2026-04-21T18:04:46.944] [DEBUG] debug-file - There is no need to refresh cache, since the incremental task entry:default@PreBuild is up-to-date.
[2026-04-21T18:04:46.944] [DEBUG] debug-file - Update task entry:default@CreateModuleInfo output file:D:\HUAWEI\Lab2\ndk-opengl-master\entry\build\default\generated\profile\default\ModuleInfo.ts cache.
[2026-04-21T18:04:46.944] [DEBUG] debug-file - Incremental task entry:default@CreateModuleInfo post-execution cost:1 ms .
[2026-04-21T18:04:46.944] [DEBUG] debug-file - There is no need to refresh cache, since the incremental task entry:default@GenerateMetadata is up-to-date.
[2026-04-21T18:04:46.944] [DEBUG] debug-file - There is no need to refresh cache, since the incremental task entry:default@MergeProfile is up-to-date.
[2026-04-21T18:04:46.944] [DEBUG] debug-file - There is no need to refresh cache, since the incremental task entry:default@CreateBuildProfile is up-to-date.
[2026-04-21T18:04:46.944] [DEBUG] debug-file - Update task entry:default@GeneratePkgContextInfo output file:D:\HUAWEI\Lab2\ndk-opengl-master\entry\build\default\intermediates\loader\default\pkgContextInfo.json cache.
[2026-04-21T18:04:46.945] [DEBUG] debug-file - Incremental task entry:default@GeneratePkgContextInfo post-execution cost:1 ms .
[2026-04-21T18:04:46.945] [DEBUG] debug-file - Update task entry:default@ProcessIntegratedHsp output file:D:\HUAWEI\Lab2\ndk-opengl-master\build\cache\default\integrated_hsp\integratedHspCache.json cache.
[2026-04-21T18:04:46.945] [DEBUG] debug-file - Incremental task entry:default@ProcessIntegratedHsp post-execution cost:1 ms .
[2026-04-21T18:04:46.945] [DEBUG] debug-file - There is no need to refresh cache, since the incremental task entry:default@MakePackInfo is up-to-date.
[2026-04-21T18:04:46.945] [DEBUG] debug-file - Update task entry:default@SyscapTransform input file:D:\HUAWEI\DevEco\DevEco Studio\sdk\default\openharmony\toolchains\syscap_tool.exe cache by regenerate.
[2026-04-21T18:04:46.945] [DEBUG] debug-file - Update task entry:default@SyscapTransform input file:D:\HUAWEI\DevEco\DevEco Studio\sdk\default\openharmony\ets\api\device-define cache by regenerate.
[2026-04-21T18:04:46.945] [DEBUG] debug-file - Update task entry:default@SyscapTransform output file:D:\HUAWEI\Lab2\ndk-opengl-master\entry\build\default\intermediates\syscap\default\rpcid.sc cache.
[2026-04-21T18:04:46.946] [DEBUG] debug-file - Incremental task entry:default@SyscapTransform post-execution cost:1 ms .
[2026-04-21T18:04:46.946] [DEBUG] debug-file - There is no need to refresh cache, since the incremental task entry:default@ProcessProfile is up-to-date.
[2026-04-21T18:04:46.946] [DEBUG] debug-file - There is no need to refresh cache, since the incremental task entry:default@ProcessRouterMap is up-to-date.
[2026-04-21T18:04:46.946] [DEBUG] debug-file - There is no need to refresh cache, since the incremental task entry:default@ProcessShareConfig is up-to-date.
[2026-04-21T18:04:46.946] [DEBUG] debug-file - Update task entry:default@ProcessStartupConfig output file:D:\HUAWEI\Lab2\ndk-opengl-master\entry\build\default\intermediates\startup\default\startup_config.json cache.
[2026-04-21T18:04:46.946] [DEBUG] debug-file - Incremental task entry:default@ProcessStartupConfig post-execution cost:1 ms .
[2026-04-21T18:04:46.946] [DEBUG] debug-file - There is no need to refresh cache, since the incremental task entry:default@ProcessResource is up-to-date.
[2026-04-21T18:04:46.946] [DEBUG] debug-file - There is no need to refresh cache, since the incremental task entry:default@GenerateLoaderJson is up-to-date.
[2026-04-21T18:04:46.946] [DEBUG] debug-file - There is no need to refresh cache, since the incremental task entry:default@CompileResource is up-to-date.
[2026-04-21T18:04:46.946] [DEBUG] debug-file - There is no need to refresh cache, since the incremental task entry:default@CompileArkTS is up-to-date.
[2026-04-21T18:04:46.947] [DEBUG] debug-file - Update task entry:default@BuildJS input file:D:\HUAWEI\Lab2\ndk-opengl-master\entry\build\default\intermediates\loader\default cache by regenerate.
[2026-04-21T18:04:46.947] [DEBUG] debug-file - Update task entry:default@BuildJS input file:D:\HUAWEI\Lab2\ndk-opengl-master\entry\build\default\intermediates\res\default\ResourceTable.txt cache by regenerate.
[2026-04-21T18:04:46.947] [DEBUG] debug-file - Update task entry:default@BuildJS input file:D:\HUAWEI\Lab2\ndk-opengl-master\entry\build\default\intermediates\res\default\ark_module.json cache by regenerate.
[2026-04-21T18:04:46.947] [DEBUG] debug-file - Update task entry:default@BuildJS input file:D:\HUAWEI\Lab2\ndk-opengl-master\entry\build\default\intermediates\res\default\resources\base\profile cache by regenerate.
[2026-04-21T18:04:46.948] [DEBUG] debug-file - Update task entry:default@BuildJS output file:D:\HUAWEI\Lab2\ndk-opengl-master\entry\build\default\intermediates\loader_out\default\js cache.
[2026-04-21T18:04:46.948] [DEBUG] debug-file - Incremental task entry:default@BuildJS post-execution cost:2 ms .
[2026-04-21T18:04:46.968] [DEBUG] debug-file - worker[17] exits with exit code 1.
[2026-04-21T18:04:46.968] [DEBUG] debug-file - A work dispatched to worker[17] failed because unable to get work from ready queue.
[2026-04-21T18:04:46.968] [DEBUG] debug-file - worker[18] encounters error: Exceptions happened while executing D:\HUAWEI\DevEco\DevEco Studio\sdk\default\openharmony\native\build-tools\cmake\bin\ninja.exe -C D:\HUAWEI\Lab2\ndk-opengl-master\entry\.cxx\default\default\debug\arm64-v8a.
[32mninja: Entering directory `D:\HUAWEI\Lab2\ndk-opengl-master\entry\.cxx\default\default\debug\arm64-v8a'[32m[39m
[32m[1/4] Building CXX object CMakeFiles/tetrahedron_napi.dir/tetrahedron.cpp.o[32m[39m
[31mFAILED: CMakeFiles/tetrahedron_napi.dir/tetrahedron.cpp.o [31m[39m
[32mD:\HUAWEI\DevEco\DEVECO~1\sdk\default\OPENHA~1\native\llvm\bin\CLANG_~1.EXE --target=aarch64-linux-ohos --gcc-toolchain="D:/HUAWEI/DevEco/DevEco Studio/sdk/default/openharmony/native/llvm" --sysroot="D:/HUAWEI/DevEco/DevEco Studio/sdk/default/openharmony/native/sysroot" -Dtetrahedron_napi_EXPORTS -I"D:/HUAWEI/DevEco/DevEco Studio/sdk/default/hms/native/sysroot/usr/include" -ID:/HUAWEI/Lab2/ndk-opengl-master/entry/src/main/cpp -ID:/HUAWEI/Lab2/ndk-opengl-master/entry/src/main/cpp/include -ID:/HUAWEI/Lab2/ndk-opengl-master/entry/src/main/cpp/include/util -fdata-sections -ffunction-sections -funwind-tables -fstack-protector-strong -no-canonical-prefixes -fno-addrsig -Wa,--noexecstack -Wformat -Werror=format-security   -D__MUSL__ -O0 -g -fno-limit-debug-info  -fPIC -MD -MT CMakeFiles/tetrahedron_napi.dir/tetrahedron.cpp.o -MF CMakeFiles\tetrahedron_napi.dir\tetrahedron.cpp.o.d -o CMakeFiles/tetrahedron_napi.dir/tetrahedron.cpp.o -c D:/HUAWEI/Lab2/ndk-opengl-master/entry/src/main/cpp/tetrahedron.cpp[32m[39m
[33mclang++: warning: argument unused during compilation: '--gcc-toolchain=D:/HUAWEI/DevEco/DevEco Studio/sdk/default/openharmony/native/llvm' [-Wunused-command-line-argument][33m[39m
[32m[32m[39m
[31mD:/HUAWEI/Lab2/ndk-opengl-master/entry/src/main/cpp/tetrahedron.cpp:200:1: error: extraneous closing brace ('}')[31m[39m
[31m[31m[39m
[31m}[31m[39m
[31m[31m[39m
[31m^[31m[39m
[31m[31m[39m
[33m1 error generated.[33m[39m
[32m[32m[39m
[32m[2/4] Building CXX object CMakeFiles/tetrahedron_napi.dir/frame_handle.cpp.o[32m[39m
[31mFAILED: CMakeFiles/tetrahedron_napi.dir/frame_handle.cpp.o [31m[39m
[32mD:\HUAWEI\DevEco\DEVECO~1\sdk\default\OPENHA~1\native\llvm\bin\CLANG_~1.EXE --target=aarch64-linux-ohos --gcc-toolchain="D:/HUAWEI/DevEco/DevEco Studio/sdk/default/openharmony/native/llvm" --sysroot="D:/HUAWEI/DevEco/DevEco Studio/sdk/default/openharmony/native/sysroot" -Dtetrahedron_napi_EXPORTS -I"D:/HUAWEI/DevEco/DevEco Studio/sdk/default/hms/native/sysroot/usr/include" -ID:/HUAWEI/Lab2/ndk-opengl-master/entry/src/main/cpp -ID:/HUAWEI/Lab2/ndk-opengl-master/entry/src/main/cpp/include -ID:/HUAWEI/Lab2/ndk-opengl-master/entry/src/main/cpp/include/util -fdata-sections -ffunction-sections -funwind-tables -fstack-protector-strong -no-canonical-prefixes -fno-addrsig -Wa,--noexecstack -Wformat -Werror=format-security   -D__MUSL__ -O0 -g -fno-limit-debug-info  -fPIC -MD -MT CMakeFiles/tetrahedron_napi.dir/frame_handle.cpp.o -MF CMakeFiles\tetrahedron_napi.dir\frame_handle.cpp.o.d -o CMakeFiles/tetrahedron_napi.dir/frame_handle.cpp.o -c D:/HUAWEI/Lab2/ndk-opengl-master/entry/src/main/cpp/frame_handle.cpp[32m[39m
[33mclang++: warning: argument unused during compilation: '--gcc-toolchain=D:/HUAWEI/DevEco/DevEco Studio/sdk/default/openharmony/native/llvm' [-Wunused-command-line-argument][33m[39m
[31mD:/HUAWEI/Lab2/ndk-opengl-master/entry/src/main/cpp/frame_handle.cpp:69:9: error: use of undeclared identifier 'LOGE'[31m[39m
[31m        LOGE("FrameHandle::Init: Invalid parameters");[31m[39m
[31m        ^[31m[39m
[31mD:/HUAWEI/Lab2/ndk-opengl-master/entry/src/main/cpp/frame_handle.cpp:121:9: error: use of undeclared identifier 'LOGE'[31m[39m
[31m[31m[39m
[31m        LOGE("DampingRotation: tetrahedron_ is null");[31m[39m
[31m[31m[39m
[31m        ^[31m[39m
[31m[31m[39m
[31mD:/HUAWEI/Lab2/ndk-opengl-master/entry/src/main/cpp/frame_handle.cpp:153:9: error: use of undeclared identifier 'LOGE'[31m[39m
[31m[31m[39m
[31m        LOGE("ConstantSpeedRotation: tetrahedron_ is null");[31m[39m
[31m[31m[39m
[31m        ^[31m[39m
[31m[31m[39m
[33m3 errors generated.[33m[39m
[32m[32m[39m
[32m[3/4] Building CXX object CMakeFiles/tetrahedron_napi.dir/app_napi.cpp.o[32m[39m
[33mclang++: warning: argument unused during compilation: '--gcc-toolchain=D:/HUAWEI/DevEco/DevEco Studio/sdk/default/openharmony/native/llvm' [-Wunused-command-line-argument][33m[39m
[32m[32m[39m
[31mninja: build stopped: subcommand failed.[31m[39m
undefined.
[2026-04-21T18:04:46.968] [DEBUG] debug-file - default@BuildNativeWithNinja work[8] failed.
[2026-04-21T18:04:46.968] [DEBUG] debug-file - worker[18] exits with exit code 1.
[2026-04-21T18:04:46.968] [DEBUG] debug-file - A work dispatched to worker[18] failed because unable to get work from ready queue.
[2026-04-21T18:04:46.968] [ERROR] debug-file - Failed :entry:default@BuildNativeWithNinja... 
[2026-04-21T18:04:46.968] [DEBUG] debug-file - hvigor build process will be closed with an error.
[2026-04-21T18:04:46.969] [DEBUG] debug-file - ERROR: stacktrace = Error: Exceptions happened while executing D:\HUAWEI\DevEco\DevEco Studio\sdk\default\openharmony\native\build-tools\cmake\bin\ninja.exe -C D:\HUAWEI\Lab2\ndk-opengl-master\entry\.cxx\default\default\debug\arm64-v8a.
[32mninja: Entering directory `D:\HUAWEI\Lab2\ndk-opengl-master\entry\.cxx\default\default\debug\arm64-v8a'[32m[39m
[32m[1/4] Building CXX object CMakeFiles/tetrahedron_napi.dir/tetrahedron.cpp.o[32m[39m
[31mFAILED: CMakeFiles/tetrahedron_napi.dir/tetrahedron.cpp.o [31m[39m
[32mD:\HUAWEI\DevEco\DEVECO~1\sdk\default\OPENHA~1\native\llvm\bin\CLANG_~1.EXE --target=aarch64-linux-ohos --gcc-toolchain="D:/HUAWEI/DevEco/DevEco Studio/sdk/default/openharmony/native/llvm" --sysroot="D:/HUAWEI/DevEco/DevEco Studio/sdk/default/openharmony/native/sysroot" -Dtetrahedron_napi_EXPORTS -I"D:/HUAWEI/DevEco/DevEco Studio/sdk/default/hms/native/sysroot/usr/include" -ID:/HUAWEI/Lab2/ndk-opengl-master/entry/src/main/cpp -ID:/HUAWEI/Lab2/ndk-opengl-master/entry/src/main/cpp/include -ID:/HUAWEI/Lab2/ndk-opengl-master/entry/src/main/cpp/include/util -fdata-sections -ffunction-sections -funwind-tables -fstack-protector-strong -no-canonical-prefixes -fno-addrsig -Wa,--noexecstack -Wformat -Werror=format-security   -D__MUSL__ -O0 -g -fno-limit-debug-info  -fPIC -MD -MT CMakeFiles/tetrahedron_napi.dir/tetrahedron.cpp.o -MF CMakeFiles\tetrahedron_napi.dir\tetrahedron.cpp.o.d -o CMakeFiles/tetrahedron_napi.dir/tetrahedron.cpp.o -c D:/HUAWEI/Lab2/ndk-opengl-master/entry/src/main/cpp/tetrahedron.cpp[32m[39m
[33mclang++: warning: argument unused during compilation: '--gcc-toolchain=D:/HUAWEI/DevEco/DevEco Studio/sdk/default/openharmony/native/llvm' [-Wunused-command-line-argument][33m[39m
[32m[32m[39m
[31mD:/HUAWEI/Lab2/ndk-opengl-master/entry/src/main/cpp/tetrahedron.cpp:200:1: error: extraneous closing brace ('}')[31m[39m
[31m[31m[39m
[31m}[31m[39m
[31m[31m[39m
[31m^[31m[39m
[31m[31m[39m
[33m1 error generated.[33m[39m
[32m[32m[39m
[32m[2/4] Building CXX object CMakeFiles/tetrahedron_napi.dir/frame_handle.cpp.o[32m[39m
[31mFAILED: CMakeFiles/tetrahedron_napi.dir/frame_handle.cpp.o [31m[39m
[32mD:\HUAWEI\DevEco\DEVECO~1\sdk\default\OPENHA~1\native\llvm\bin\CLANG_~1.EXE --target=aarch64-linux-ohos --gcc-toolchain="D:/HUAWEI/DevEco/DevEco Studio/sdk/default/openharmony/native/llvm" --sysroot="D:/HUAWEI/DevEco/DevEco Studio/sdk/default/openharmony/native/sysroot" -Dtetrahedron_napi_EXPORTS -I"D:/HUAWEI/DevEco/DevEco Studio/sdk/default/hms/native/sysroot/usr/include" -ID:/HUAWEI/Lab2/ndk-opengl-master/entry/src/main/cpp -ID:/HUAWEI/Lab2/ndk-opengl-master/entry/src/main/cpp/include -ID:/HUAWEI/Lab2/ndk-opengl-master/entry/src/main/cpp/include/util -fdata-sections -ffunction-sections -funwind-tables -fstack-protector-strong -no-canonical-prefixes -fno-addrsig -Wa,--noexecstack -Wformat -Werror=format-security   -D__MUSL__ -O0 -g -fno-limit-debug-info  -fPIC -MD -MT CMakeFiles/tetrahedron_napi.dir/frame_handle.cpp.o -MF CMakeFiles\tetrahedron_napi.dir\frame_handle.cpp.o.d -o CMakeFiles/tetrahedron_napi.dir/frame_handle.cpp.o -c D:/HUAWEI/Lab2/ndk-opengl-master/entry/src/main/cpp/frame_handle.cpp[32m[39m
[33mclang++: warning: argument unused during compilation: '--gcc-toolchain=D:/HUAWEI/DevEco/DevEco Studio/sdk/default/openharmony/native/llvm' [-Wunused-command-line-argument][33m[39m
[31mD:/HUAWEI/Lab2/ndk-opengl-master/entry/src/main/cpp/frame_handle.cpp:69:9: error: use of undeclared identifier 'LOGE'[31m[39m
[31m        LOGE("FrameHandle::Init: Invalid parameters");[31m[39m
[31m        ^[31m[39m
[31mD:/HUAWEI/Lab2/ndk-opengl-master/entry/src/main/cpp/frame_handle.cpp:121:9: error: use of undeclared identifier 'LOGE'[31m[39m
[31m[31m[39m
[31m        LOGE("DampingRotation: tetrahedron_ is null");[31m[39m
[31m[31m[39m
[31m        ^[31m[39m
[31m[31m[39m
[31mD:/HUAWEI/Lab2/ndk-opengl-master/entry/src/main/cpp/frame_handle.cpp:153:9: error: use of undeclared identifier 'LOGE'[31m[39m
[31m[31m[39m
[31m        LOGE("ConstantSpeedRotation: tetrahedron_ is null");[31m[39m
[31m[31m[39m
[31m        ^[31m[39m
[31m[31m[39m
[33m3 errors generated.[33m[39m
[32m[32m[39m
[32m[3/4] Building CXX object CMakeFiles/tetrahedron_napi.dir/app_napi.cpp.o[32m[39m
[33mclang++: warning: argument unused during compilation: '--gcc-toolchain=D:/HUAWEI/DevEco/DevEco Studio/sdk/default/openharmony/native/llvm' [-Wunused-command-line-argument][33m[39m
[32m[32m[39m
[31mninja: build stopped: subcommand failed.[31m[39m
undefined
    at OhosLogger.errorMessageExit (D:\HUAWEI\DevEco\DevEco Studio\tools\hvigor\hvigor\src\base\log\hvigor-log.js:1:3497)
    at OhosLogger._printErrorAndExit (D:\HUAWEI\DevEco\DevEco Studio\tools\hvigor\hvigor-ohos-plugin\src\utils\log\ohos-logger.js:1:2024)
    at ChildProcess.<anonymous> (D:\HUAWEI\DevEco\DevEco Studio\tools\hvigor\hvigor-ohos-plugin\src\tasks\abstract-build-native.js:1:2796)
    at process.processTicksAndRejections (node:internal/process/task_queues:95:5)
[2026-04-21T18:04:46.969] [ERROR] debug-file - Error: Exceptions happened while executing D:\HUAWEI\DevEco\DevEco Studio\sdk\default\openharmony\native\build-tools\cmake\bin\ninja.exe -C D:\HUAWEI\Lab2\ndk-opengl-master\entry\.cxx\default\default\debug\arm64-v8a.
[32mninja: Entering directory `D:\HUAWEI\Lab2\ndk-opengl-master\entry\.cxx\default\default\debug\arm64-v8a'[32m[39m
[32m[1/4] Building CXX object CMakeFiles/tetrahedron_napi.dir/tetrahedron.cpp.o[32m[39m
[31mFAILED: CMakeFiles/tetrahedron_napi.dir/tetrahedron.cpp.o [31m[39m
[32mD:\HUAWEI\DevEco\DEVECO~1\sdk\default\OPENHA~1\native\llvm\bin\CLANG_~1.EXE --target=aarch64-linux-ohos --gcc-toolchain="D:/HUAWEI/DevEco/DevEco Studio/sdk/default/openharmony/native/llvm" --sysroot="D:/HUAWEI/DevEco/DevEco Studio/sdk/default/openharmony/native/sysroot" -Dtetrahedron_napi_EXPORTS -I"D:/HUAWEI/DevEco/DevEco Studio/sdk/default/hms/native/sysroot/usr/include" -ID:/HUAWEI/Lab2/ndk-opengl-master/entry/src/main/cpp -ID:/HUAWEI/Lab2/ndk-opengl-master/entry/src/main/cpp/include -ID:/HUAWEI/Lab2/ndk-opengl-master/entry/src/main/cpp/include/util -fdata-sections -ffunction-sections -funwind-tables -fstack-protector-strong -no-canonical-prefixes -fno-addrsig -Wa,--noexecstack -Wformat -Werror=format-security   -D__MUSL__ -O0 -g -fno-limit-debug-info  -fPIC -MD -MT CMakeFiles/tetrahedron_napi.dir/tetrahedron.cpp.o -MF CMakeFiles\tetrahedron_napi.dir\tetrahedron.cpp.o.d -o CMakeFiles/tetrahedron_napi.dir/tetrahedron.cpp.o -c D:/HUAWEI/Lab2/ndk-opengl-master/entry/src/main/cpp/tetrahedron.cpp[32m[39m
[33mclang++: warning: argument unused during compilation: '--gcc-toolchain=D:/HUAWEI/DevEco/DevEco Studio/sdk/default/openharmony/native/llvm' [-Wunused-command-line-argument][33m[39m
[32m[32m[39m
[31mD:/HUAWEI/Lab2/ndk-opengl-master/entry/src/main/cpp/tetrahedron.cpp:200:1: error: extraneous closing brace ('}')[31m[39m
[31m[31m[39m
[31m}[31m[39m
[31m[31m[39m
[31m^[31m[39m
[31m[31m[39m
[33m1 error generated.[33m[39m
[32m[32m[39m
[32m[2/4] Building CXX object CMakeFiles/tetrahedron_napi.dir/frame_handle.cpp.o[32m[39m
[31mFAILED: CMakeFiles/tetrahedron_napi.dir/frame_handle.cpp.o [31m[39m
[32mD:\HUAWEI\DevEco\DEVECO~1\sdk\default\OPENHA~1\native\llvm\bin\CLANG_~1.EXE --target=aarch64-linux-ohos --gcc-toolchain="D:/HUAWEI/DevEco/DevEco Studio/sdk/default/openharmony/native/llvm" --sysroot="D:/HUAWEI/DevEco/DevEco Studio/sdk/default/openharmony/native/sysroot" -Dtetrahedron_napi_EXPORTS -I"D:/HUAWEI/DevEco/DevEco Studio/sdk/default/hms/native/sysroot/usr/include" -ID:/HUAWEI/Lab2/ndk-opengl-master/entry/src/main/cpp -ID:/HUAWEI/Lab2/ndk-opengl-master/entry/src/main/cpp/include -ID:/HUAWEI/Lab2/ndk-opengl-master/entry/src/main/cpp/include/util -fdata-sections -ffunction-sections -funwind-tables -fstack-protector-strong -no-canonical-prefixes -fno-addrsig -Wa,--noexecstack -Wformat -Werror=format-security   -D__MUSL__ -O0 -g -fno-limit-debug-info  -fPIC -MD -MT CMakeFiles/tetrahedron_napi.dir/frame_handle.cpp.o -MF CMakeFiles\tetrahedron_napi.dir\frame_handle.cpp.o.d -o CMakeFiles/tetrahedron_napi.dir/frame_handle.cpp.o -c D:/HUAWEI/Lab2/ndk-opengl-master/entry/src/main/cpp/frame_handle.cpp[32m[39m
[33mclang++: warning: argument unused during compilation: '--gcc-toolchain=D:/HUAWEI/DevEco/DevEco Studio/sdk/default/openharmony/native/llvm' [-Wunused-command-line-argument][33m[39m
[31mD:/HUAWEI/Lab2/ndk-opengl-master/entry/src/main/cpp/frame_handle.cpp:69:9: error: use of undeclared identifier 'LOGE'[31m[39m
[31m        LOGE("FrameHandle::Init: Invalid parameters");[31m[39m
[31m        ^[31m[39m
[31mD:/HUAWEI/Lab2/ndk-opengl-master/entry/src/main/cpp/frame_handle.cpp:121:9: error: use of undeclared identifier 'LOGE'[31m[39m
[31m[31m[39m
[31m        LOGE("DampingRotation: tetrahedron_ is null");[31m[39m
[31m[31m[39m
[31m        ^[31m[39m
[31m[31m[39m
[31mD:/HUAWEI/Lab2/ndk-opengl-master/entry/src/main/cpp/frame_handle.cpp:153:9: error: use of undeclared identifier 'LOGE'[31m[39m
[31m[31m[39m
[31m        LOGE("ConstantSpeedRotation: tetrahedron_ is null");[31m[39m
[31m[31m[39m
[31m        ^[31m[39m
[31m[31m[39m
[33m3 errors generated.[33m[39m
[32m[32m[39m
[32m[3/4] Building CXX object CMakeFiles/tetrahedron_napi.dir/app_napi.cpp.o[32m[39m
[33mclang++: warning: argument unused during compilation: '--gcc-toolchain=D:/HUAWEI/DevEco/DevEco Studio/sdk/default/openharmony/native/llvm' [-Wunused-command-line-argument][33m[39m
[32m[32m[39m
[31mninja: build stopped: subcommand failed.[31m[39m
undefined
    at OhosLogger.errorMessageExit (D:\HUAWEI\DevEco\DevEco Studio\tools\hvigor\hvigor\src\base\log\hvigor-log.js:1:3497)
    at OhosLogger._printErrorAndExit (D:\HUAWEI\DevEco\DevEco Studio\tools\hvigor\hvigor-ohos-plugin\src\utils\log\ohos-logger.js:1:2024)
    at ChildProcess.<anonymous> (D:\HUAWEI\DevEco\DevEco Studio\tools\hvigor\hvigor-ohos-plugin\src\tasks\abstract-build-native.js:1:2796)
    at process.processTicksAndRejections (node:internal/process/task_queues:95:5)
[2026-04-21T18:04:46.969] [DEBUG] debug-file - hvigor build process will be closed.
[2026-04-21T18:04:46.977] [DEBUG] debug-file - session manager: send message to worker process.
[2026-04-21T18:04:46.978] [DEBUG] debug-file - session manager: send message to worker process.
[2026-04-21T18:04:46.977] [DEBUG] debug-file - watch worker: worker id should be larger than 0. Nothing will be sent to any worker thread.
[2026-04-21T18:04:46.978] [DEBUG] debug-file - watch worker: worker id should be larger than 0. Nothing will be sent to any worker thread.
[2026-04-21T18:04:55.145] [DEBUG] debug-file - session manager: set active socket. socketId=1tVFCXj80AUjIyFlAAAH
[2026-04-21T18:04:55.150] [DEBUG] debug-file - watch worker: worker id should be larger than 0. Nothing will be sent to any worker thread.
[2026-04-21T18:04:55.151] [DEBUG] debug-file - Workers' log level updated to INFO
[2026-04-21T18:04:55.153] [DEBUG] debug-file - Hvigor init with startParameters:{
  hvigorfileTypeCheck: false,
  parallelExecution: true,
  incrementalExecution: true,
  printStackTrace: false,
  daemon: true,
  analyze: 0,
  logLevel: Level { level: 20000, levelStr: 'INFO', colour: 'green' },
  optimizationStrategy: 'memory',
  hotCompile: undefined,
  hotReloadBuild: undefined,
  customizedParam: undefined
}
[2026-04-21T18:04:55.155] [DEBUG] debug-file - Cache service initialization finished in 2 ms 
[2026-04-21T18:04:55.156] [DEBUG] debug-file - hvigorfile, resolving D:\HUAWEI\Lab2\ndk-opengl-master\hvigorfile.ts
[2026-04-21T18:04:55.159] [DEBUG] debug-file - hvigorfile, require result:  {}
[2026-04-21T18:04:55.159] [DEBUG] debug-file - hvigorfile, binding system plugins {}
[2026-04-21T18:04:55.159] [DEBUG] debug-file - Starting plugin build process
[2026-04-21T18:04:55.159] [DEBUG] debug-file - App plugin prepare start...
[2026-04-21T18:04:55.159] [DEBUG] debug-file - App plugin prepare end...
[2026-04-21T18:04:55.159] [DEBUG] debug-file - App plugin creating...
[2026-04-21T18:04:55.162] [DEBUG] debug-file - App plugin register hook start...
[2026-04-21T18:04:55.162] [DEBUG] debug-file - App plugin register hook end...
[2026-04-21T18:04:55.162] [DEBUG] debug-file - Plugin build process completed
[2026-04-21T18:04:55.162] [DEBUG] debug-file - Start initialize project's product build option map with build mode debug.
[2026-04-21T18:04:55.162] [DEBUG] debug-file - Picking option from product 'default' with build mode 'debug'.
[2026-04-21T18:04:55.162] [DEBUG] debug-file - Product 'default' build option initialized
[2026-04-21T18:04:55.163] [DEBUG] debug-file - End initialize project's product build option map with build mode 'debug'.
[2026-04-21T18:04:55.163] [DEBUG] debug-file - Obtain build option for product 'default'in this build.
[2026-04-21T18:04:55.163] [DEBUG] debug-file - No signingConfig found, initRemoteHspCache failed.
[2026-04-21T18:04:55.165] [DEBUG] debug-file - Start recording SDK configuration permission data.
[2026-04-21T18:04:55.184] [DEBUG] debug-file - Sdk init in 21 ms 
[2026-04-21T18:04:55.187] [DEBUG] debug-file - Project task initialization takes 3 ms 
[2026-04-21T18:04:55.187] [DEBUG] debug-file - hvigorfile, resolve finished D:\HUAWEI\Lab2\ndk-opengl-master\hvigorfile.ts
[2026-04-21T18:04:55.188] [DEBUG] debug-file - hvigorfile, resolving D:\HUAWEI\Lab2\ndk-opengl-master\entry\hvigorfile.ts
[2026-04-21T18:04:55.191] [DEBUG] debug-file - hvigorfile, require result:  {}
[2026-04-21T18:04:55.191] [DEBUG] debug-file - hvigorfile, binding system plugins {}
[2026-04-21T18:04:55.191] [DEBUG] debug-file - Starting plugin build process
[2026-04-21T18:04:55.191] [DEBUG] debug-file - Hap plugin creating...
[2026-04-21T18:04:55.192] [DEBUG] debug-file - failed to load cangjie to dynamically generate schemas: Error: Cannot find module '@ohos/cangjie-build-support/index'
Require stack:
- D:\HUAWEI\DevEco\DevEco Studio\tools\hvigor\hvigor-ohos-plugin\src\plugin\hooks\cangjie-register.js
- D:\HUAWEI\DevEco\DevEco Studio\tools\hvigor\hvigor-ohos-plugin\src\plugin\strategy\stage-init-strategy.js
- D:\HUAWEI\DevEco\DevEco Studio\tools\hvigor\hvigor-ohos-plugin\src\plugin\builder\abstract-plugin-builder.js
- D:\HUAWEI\DevEco\DevEco Studio\tools\hvigor\hvigor-ohos-plugin\src\plugin\builder\app-plugin-builder.js
- D:\HUAWEI\DevEco\DevEco Studio\tools\hvigor\hvigor-ohos-plugin\src\plugin\factory\plugin-factory.js
- D:\HUAWEI\DevEco\DevEco Studio\tools\hvigor\hvigor-ohos-plugin\index.js
- D:\HUAWEI\Lab2\ndk-opengl-master\hvigorfile.ts
- D:\HUAWEI\DevEco\DevEco Studio\tools\hvigor\hvigor\src\base\internal\lifecycle\configuration.js
- D:\HUAWEI\DevEco\DevEco Studio\tools\hvigor\hvigor\src\base\boot\index.js
- D:\HUAWEI\DevEco\DevEco Studio\tools\hvigor\hvigor\src\base\daemon\cluster\worker-process-lifecycle.js
- D:\HUAWEI\DevEco\DevEco Studio\tools\hvigor\hvigor\src\base\daemon\process\daemon-process-boot-script.js
[2026-04-21T18:04:55.193] [DEBUG] debug-file - Start initialize module-target build option map, moduleName=entry, buildMode=debug
[2026-04-21T18:04:55.193] [DEBUG] debug-file - Target 'default' config initialized
[2026-04-21T18:04:55.193] [DEBUG] debug-file - Module 'entry' target 'default' build option initialized
[2026-04-21T18:04:55.193] [DEBUG] debug-file - End initialize module-target build option map, moduleName=entry
[2026-04-21T18:04:55.194] [DEBUG] debug-file - Start initialize module-target build option map, moduleName=entry, buildMode=release
[2026-04-21T18:04:55.194] [DEBUG] debug-file - Target 'default' config initialized
[2026-04-21T18:04:55.194] [DEBUG] debug-file - Module 'entry' target 'default' build option initialized
[2026-04-21T18:04:55.194] [DEBUG] debug-file - End initialize module-target build option map, moduleName=entry
[2026-04-21T18:04:55.194] [DEBUG] debug-file - Start initialize module-target build option map, moduleName=entry, buildMode=debug
[2026-04-21T18:04:55.194] [DEBUG] debug-file - Target 'default' config initialized
[2026-04-21T18:04:55.194] [DEBUG] debug-file - Module 'entry' target 'default' build option initialized
[2026-04-21T18:04:55.194] [DEBUG] debug-file - End initialize module-target build option map, moduleName=entry
[2026-04-21T18:04:55.194] [DEBUG] debug-file - Obtain build option for module 'entry' target 'default'in this build.
[2026-04-21T18:04:55.195] [DEBUG] debug-file - Module entry task initialization takes 1 ms 
[2026-04-21T18:04:55.195] [DEBUG] debug-file - Hap plugin register hook start...
[2026-04-21T18:04:55.195] [DEBUG] debug-file - Hap plugin register hook end...
[2026-04-21T18:04:55.195] [DEBUG] debug-file - Plugin build process completed
[2026-04-21T18:04:55.195] [DEBUG] debug-file - hvigorfile, resolve finished D:\HUAWEI\Lab2\ndk-opengl-master\entry\hvigorfile.ts
[2026-04-21T18:04:55.207] [DEBUG] debug-file - hvigorfile, resolve hvigorfile dependencies in 13 ms 
[2026-04-21T18:04:55.207] [DEBUG] debug-file - project has submodules:entry
[2026-04-21T18:04:55.208] [DEBUG] debug-file - start to load updatedOhPackageInfo to the disk
[2026-04-21T18:04:55.213] [DEBUG] debug-file - load to the disk finished
[2026-04-21T18:04:55.213] [DEBUG] debug-file - Start to initialize dependency information.
[2026-04-21T18:04:55.214] [DEBUG] debug-file - Module ndk-opengl-master Collected Dependency: 
[2026-04-21T18:04:55.214] [DEBUG] debug-file - Module ndk-opengl-master's total dependency: 0
[2026-04-21T18:04:55.214] [DEBUG] debug-file - Start to initialize dependency information.
[2026-04-21T18:04:55.217] [DEBUG] debug-file - Module entry Collected Dependency: 
[2026-04-21T18:04:55.217] [DEBUG] debug-file - Module entry's total dependency: 0
[2026-04-21T18:04:55.218] [DEBUG] debug-file - Configuration phase cost:63 ms 
[2026-04-21T18:04:55.218] [DEBUG] debug-file - Configuration task cost before running: 67 ms 
[2026-04-21T18:04:55.220] [DEBUG] debug-file - Executing task :entry:default@PreBuild
[2026-04-21T18:04:55.221] [DEBUG] debug-file - Task 'entry:default@PreBuild' cost while wrapping incremental declarations: 1 ms 
[2026-04-21T18:04:55.224] [DEBUG] debug-file - Incremental task entry:default@PreBuild pre-execution cost: 3 ms .
[2026-04-21T18:04:55.224] [DEBUG] debug-file - entry : default@PreBuild cost memory -1.4681243896484375
[2026-04-21T18:04:55.225] [INFO] debug-file - UP-TO-DATE :entry:default@PreBuild...  
[2026-04-21T18:04:55.226] [DEBUG] debug-file - Executing task :entry:default@CreateModuleInfo
[2026-04-21T18:04:55.226] [DEBUG] debug-file - Task 'entry:default@CreateModuleInfo' cost while wrapping incremental declarations: 1 ms 
[2026-04-21T18:04:55.226] [DEBUG] debug-file - entry : default@CreateModuleInfo cost memory 0.0533294677734375
[2026-04-21T18:04:55.226] [DEBUG] debug-file - runTaskFromQueue task cost before running: 75 ms 
[2026-04-21T18:04:55.226] [INFO] debug-file - Finished :entry:default@CreateModuleInfo... after 1 ms 
[2026-04-21T18:04:55.227] [DEBUG] debug-file - Executing task :entry:default@GenerateMetadata
[2026-04-21T18:04:55.227] [DEBUG] debug-file - Task 'entry:default@GenerateMetadata' cost while wrapping incremental declarations: 1 ms 
[2026-04-21T18:04:55.228] [DEBUG] debug-file - Incremental task entry:default@GenerateMetadata pre-execution cost: 1 ms .
[2026-04-21T18:04:55.228] [DEBUG] debug-file - entry : default@GenerateMetadata cost memory 0.083709716796875
[2026-04-21T18:04:55.228] [INFO] debug-file - UP-TO-DATE :entry:default@GenerateMetadata...  
[2026-04-21T18:04:55.228] [DEBUG] debug-file - Executing task :entry:default@ConfigureCmake
[2026-04-21T18:04:55.229] [DEBUG] debug-file - entry : default@ConfigureCmake cost memory 0.03095245361328125
[2026-04-21T18:04:55.229] [DEBUG] debug-file - runTaskFromQueue task cost before running: 78 ms 
[2026-04-21T18:04:55.229] [INFO] debug-file - Finished :entry:default@ConfigureCmake... after 1 ms 
[2026-04-21T18:04:55.230] [DEBUG] debug-file - Executing task :entry:default@MergeProfile
[2026-04-21T18:04:55.230] [DEBUG] debug-file - Task 'entry:default@MergeProfile' cost while wrapping incremental declarations: 1 ms 
[2026-04-21T18:04:55.230] [DEBUG] debug-file - Incremental task entry:default@MergeProfile pre-execution cost: 1 ms .
[2026-04-21T18:04:55.231] [DEBUG] debug-file - entry : default@MergeProfile cost memory 0.11962127685546875
[2026-04-21T18:04:55.231] [INFO] debug-file - UP-TO-DATE :entry:default@MergeProfile...  
[2026-04-21T18:04:55.231] [DEBUG] debug-file - Executing task :entry:default@CreateBuildProfile
[2026-04-21T18:04:55.232] [DEBUG] debug-file - Task 'entry:default@CreateBuildProfile' cost while wrapping incremental declarations: 1 ms 
[2026-04-21T18:04:55.232] [DEBUG] debug-file - Incremental task entry:default@CreateBuildProfile pre-execution cost: 1 ms .
[2026-04-21T18:04:55.232] [DEBUG] debug-file - entry : default@CreateBuildProfile cost memory 0.0903778076171875
[2026-04-21T18:04:55.232] [INFO] debug-file - UP-TO-DATE :entry:default@CreateBuildProfile...  
[2026-04-21T18:04:55.233] [DEBUG] debug-file - Executing task :entry:default@PreCheckSyscap
[2026-04-21T18:04:55.233] [DEBUG] debug-file - entry : default@PreCheckSyscap cost memory 0.014923095703125
[2026-04-21T18:04:55.233] [DEBUG] debug-file - runTaskFromQueue task cost before running: 82 ms 
[2026-04-21T18:04:55.233] [INFO] debug-file - Finished :entry:default@PreCheckSyscap... after 1 ms 
[2026-04-21T18:04:55.234] [DEBUG] debug-file - Executing task :entry:default@GeneratePkgContextInfo
[2026-04-21T18:04:55.236] [DEBUG] debug-file - Task 'entry:default@GeneratePkgContextInfo' cost while wrapping incremental declarations: 1 ms 
[2026-04-21T18:04:55.236] [DEBUG] debug-file - entry : default@GeneratePkgContextInfo cost memory 0.44315338134765625
[2026-04-21T18:04:55.236] [DEBUG] debug-file - runTaskFromQueue task cost before running: 85 ms 
[2026-04-21T18:04:55.236] [INFO] debug-file - Finished :entry:default@GeneratePkgContextInfo... after 3 ms 
[2026-04-21T18:04:55.238] [DEBUG] debug-file - Executing task :entry:default@ProcessIntegratedHsp
[2026-04-21T18:04:55.238] [DEBUG] debug-file - entry:default@ProcessIntegratedHsp is not up-to-date, since the output file 'D:\HUAWEI\Lab2\ndk-opengl-master\build\cache\default\integrated_hsp\integratedHspCache.json' does not exist.
[2026-04-21T18:04:55.238] [DEBUG] debug-file - Incremental task entry:default@ProcessIntegratedHsp pre-execution cost: 1 ms .
[2026-04-21T18:04:55.238] [DEBUG] debug-file - entry : default@ProcessIntegratedHsp cost memory 0.05682373046875
[2026-04-21T18:04:55.238] [DEBUG] debug-file - runTaskFromQueue task cost before running: 87 ms 
[2026-04-21T18:04:55.238] [INFO] debug-file - Finished :entry:default@ProcessIntegratedHsp... after 1 ms 
[2026-04-21T18:04:55.239] [DEBUG] debug-file - Executing task :entry:default@BuildNativeWithCmake
[2026-04-21T18:04:55.240] [DEBUG] debug-file - Use tool [Cmake]
 [
  'D:\\HUAWEI\\DevEco\\DevEco Studio\\sdk\\default\\openharmony\\native\\build-tools\\cmake\\bin\\cmake.exe',
  '-HD:\\HUAWEI\\Lab2\\ndk-opengl-master\\entry\\src\\main\\cpp',
  '-BD:\\HUAWEI\\Lab2\\ndk-opengl-master\\entry\\.cxx\\default\\default\\debug\\arm64-v8a',
  '-DOHOS_ARCH=arm64-v8a',
  '-DCMAKE_LIBRARY_OUTPUT_DIRECTORY=D:\\HUAWEI\\Lab2\\ndk-opengl-master\\entry\\build\\default\\intermediates\\cmake\\default\\obj\\arm64-v8a',
  '-DCMAKE_BUILD_TYPE=Debug',
  '-DOHOS_SDK_NATIVE=D:\\HUAWEI\\DevEco\\DevEco Studio\\sdk\\default\\openharmony\\native',
  '-DCMAKE_SYSTEM_NAME=OHOS',
  '-DCMAKE_OHOS_ARCH_ABI=arm64-v8a',
  '-DCMAKE_EXPORT_COMPILE_COMMANDS=ON',
  '-DCMAKE_TOOLCHAIN_FILE=D:\\HUAWEI\\DevEco\\DevEco Studio\\sdk\\default\\hms\\native\\build\\cmake\\hmos.toolchain.cmake',
  '-GNinja',
  '-DCMAKE_MAKE_PROGRAM=D:\\HUAWEI\\DevEco\\DevEco Studio\\sdk\\default\\openharmony\\native\\build-tools\\cmake\\bin\\ninja.exe',
  '-DCMAKE_FIND_ROOT_PATH=D:\\HUAWEI\\Lab2\\ndk-opengl-master\\entry\\.cxx\\default\\default\\debug\\hvigor\\arm64-v8a',
  '-DPACKAGE_FIND_FILE=D:\\HUAWEI\\Lab2\\ndk-opengl-master\\entry\\.cxx\\default\\default\\debug\\hvigor\\arm64-v8a\\summary.cmake',
  '--no-warn-unused-cli',
  '-DHMOS_SDK_NATIVE=D:\\HUAWEI\\DevEco\\DevEco Studio\\sdk\\default\\hms\\native'
]
[2026-04-21T18:04:55.244] [DEBUG] debug-file - CMake configuration was up-to-date
[2026-04-21T18:04:55.247] [DEBUG] debug-file - Use tool [Cmake]
 [
  'D:\\HUAWEI\\DevEco\\DevEco Studio\\sdk\\default\\openharmony\\native\\build-tools\\cmake\\bin\\cmake.exe',
  '-HD:\\HUAWEI\\Lab2\\ndk-opengl-master\\entry\\src\\main\\cpp',
  '-BD:\\HUAWEI\\Lab2\\ndk-opengl-master\\entry\\.cxx\\default\\default\\debug\\x86_64',
  '-DOHOS_ARCH=x86_64',
  '-DCMAKE_LIBRARY_OUTPUT_DIRECTORY=D:\\HUAWEI\\Lab2\\ndk-opengl-master\\entry\\build\\default\\intermediates\\cmake\\default\\obj\\x86_64',
  '-DCMAKE_BUILD_TYPE=Debug',
  '-DOHOS_SDK_NATIVE=D:\\HUAWEI\\DevEco\\DevEco Studio\\sdk\\default\\openharmony\\native',
  '-DCMAKE_SYSTEM_NAME=OHOS',
  '-DCMAKE_OHOS_ARCH_ABI=x86_64',
  '-DCMAKE_EXPORT_COMPILE_COMMANDS=ON',
  '-DCMAKE_TOOLCHAIN_FILE=D:\\HUAWEI\\DevEco\\DevEco Studio\\sdk\\default\\hms\\native\\build\\cmake\\hmos.toolchain.cmake',
  '-GNinja',
  '-DCMAKE_MAKE_PROGRAM=D:\\HUAWEI\\DevEco\\DevEco Studio\\sdk\\default\\openharmony\\native\\build-tools\\cmake\\bin\\ninja.exe',
  '-DCMAKE_FIND_ROOT_PATH=D:\\HUAWEI\\Lab2\\ndk-opengl-master\\entry\\.cxx\\default\\default\\debug\\hvigor\\x86_64',
  '-DPACKAGE_FIND_FILE=D:\\HUAWEI\\Lab2\\ndk-opengl-master\\entry\\.cxx\\default\\default\\debug\\hvigor\\x86_64\\summary.cmake',
  '--no-warn-unused-cli',
  '-DHMOS_SDK_NATIVE=D:\\HUAWEI\\DevEco\\DevEco Studio\\sdk\\default\\hms\\native'
]
[2026-04-21T18:04:55.252] [DEBUG] debug-file - CMake configuration was up-to-date
[2026-04-21T18:04:55.254] [DEBUG] debug-file - entry : default@BuildNativeWithCmake cost memory 0.8913345336914062
[2026-04-21T18:04:55.254] [DEBUG] debug-file - runTaskFromQueue task cost before running: 103 ms 
[2026-04-21T18:04:55.254] [INFO] debug-file - Finished :entry:default@BuildNativeWithCmake... after 15 ms 
[2026-04-21T18:04:55.255] [DEBUG] debug-file - Executing task :entry:default@MakePackInfo
[2026-04-21T18:04:55.255] [DEBUG] debug-file - Incremental task entry:default@MakePackInfo pre-execution cost: 1 ms .
[2026-04-21T18:04:55.256] [DEBUG] debug-file - entry : default@MakePackInfo cost memory 0.09897613525390625
[2026-04-21T18:04:55.256] [INFO] debug-file - UP-TO-DATE :entry:default@MakePackInfo...  
[2026-04-21T18:04:55.256] [DEBUG] debug-file - Executing task :entry:default@SyscapTransform
[2026-04-21T18:04:55.257] [DEBUG] debug-file - File: 'D:\HUAWEI\Lab2\ndk-opengl-master\entry\src\main\syscap.json' from 'sysCapJsonPath' is not exists, just ignore.
[2026-04-21T18:04:55.257] [DEBUG] debug-file - Task 'entry:default@SyscapTransform' cost while wrapping incremental declarations: 1 ms 
[2026-04-21T18:04:55.258] [DEBUG] debug-file - entry:default@SyscapTransform is not up-to-date, since the output file 'D:\HUAWEI\Lab2\ndk-opengl-master\entry\build\default\intermediates\syscap\default\rpcid.sc' does not exist.
[2026-04-21T18:04:55.258] [DEBUG] debug-file - Incremental task entry:default@SyscapTransform pre-execution cost: 1 ms .
[2026-04-21T18:04:55.258] [DEBUG] debug-file - entry : default@SyscapTransform cost memory 0.14243316650390625
[2026-04-21T18:04:55.258] [DEBUG] debug-file - runTaskFromQueue task cost before running: 107 ms 
[2026-04-21T18:04:55.258] [INFO] debug-file - Finished :entry:default@SyscapTransform... after 2 ms 
[2026-04-21T18:04:55.258] [DEBUG] debug-file - Executing task :entry:default@ProcessProfile
[2026-04-21T18:04:55.259] [DEBUG] debug-file - Task 'entry:default@ProcessProfile' cost while wrapping incremental declarations: 1 ms 
[2026-04-21T18:04:55.259] [DEBUG] debug-file - Incremental task entry:default@ProcessProfile pre-execution cost: 1 ms .
[2026-04-21T18:04:55.259] [DEBUG] debug-file - entry : default@ProcessProfile cost memory 0.121551513671875
[2026-04-21T18:04:55.259] [INFO] debug-file - UP-TO-DATE :entry:default@ProcessProfile...  
[2026-04-21T18:04:55.261] [DEBUG] debug-file - Executing task :entry:default@ProcessRouterMap
[2026-04-21T18:04:55.262] [DEBUG] debug-file - Incremental task entry:default@ProcessRouterMap pre-execution cost: 1 ms .
[2026-04-21T18:04:55.262] [DEBUG] debug-file - entry : default@ProcessRouterMap cost memory 0.12924957275390625
[2026-04-21T18:04:55.262] [INFO] debug-file - UP-TO-DATE :entry:default@ProcessRouterMap...  
[2026-04-21T18:04:55.263] [DEBUG] debug-file - Executing task :entry:default@ProcessShareConfig
[2026-04-21T18:04:55.263] [DEBUG] debug-file - Incremental task entry:default@ProcessShareConfig pre-execution cost: 1 ms .
[2026-04-21T18:04:55.264] [DEBUG] debug-file - entry : default@ProcessShareConfig cost memory 0.10584259033203125
[2026-04-21T18:04:55.264] [INFO] debug-file - UP-TO-DATE :entry:default@ProcessShareConfig...  
[2026-04-21T18:04:55.264] [DEBUG] debug-file - Executing task :entry:default@ProcessStartupConfig
[2026-04-21T18:04:55.265] [DEBUG] debug-file - Task 'entry:default@ProcessStartupConfig' cost while wrapping incremental declarations: 1 ms 
[2026-04-21T18:04:55.265] [DEBUG] debug-file - entry:default@ProcessStartupConfig is not up-to-date, since the output file 'D:\HUAWEI\Lab2\ndk-opengl-master\entry\build\default\intermediates\startup\default\startup_config.json' does not exist.
[2026-04-21T18:04:55.265] [DEBUG] debug-file - Incremental task entry:default@ProcessStartupConfig pre-execution cost: 1 ms .
[2026-04-21T18:04:55.265] [DEBUG] debug-file - entry : default@ProcessStartupConfig cost memory 0.093292236328125
[2026-04-21T18:04:55.265] [DEBUG] debug-file - runTaskFromQueue task cost before running: 114 ms 
[2026-04-21T18:04:55.265] [INFO] debug-file - Finished :entry:default@ProcessStartupConfig... after 1 ms 
[2026-04-21T18:04:55.266] [DEBUG] debug-file - Executing task :entry:default@BuildNativeWithNinja
[2026-04-21T18:04:55.266] [DEBUG] debug-file - Use tool [Ninja]
 [
  'D:\\HUAWEI\\DevEco\\DevEco Studio\\sdk\\default\\openharmony\\native\\build-tools\\cmake\\bin\\ninja.exe',
  '-C',
  'D:\\HUAWEI\\Lab2\\ndk-opengl-master\\entry\\.cxx\\default\\default\\debug\\arm64-v8a'
]
[2026-04-21T18:04:55.266] [DEBUG] debug-file - default@BuildNativeWithNinja work[10] is submitted.
[2026-04-21T18:04:55.266] [DEBUG] debug-file - default@BuildNativeWithNinja work[10] is pushed to ready queue.
[2026-04-21T18:04:55.266] [DEBUG] debug-file - A work dispatched to worker[19] failed because unable to get work from ready queue.
[2026-04-21T18:04:55.266] [DEBUG] debug-file - Create  resident worker with id: 18.
[2026-04-21T18:04:55.267] [DEBUG] debug-file - default@BuildNativeWithNinja work[10] has been dispatched to worker[18].
[2026-04-21T18:04:55.267] [DEBUG] debug-file - default@BuildNativeWithNinja work[10] is dispatched.
[2026-04-21T18:04:55.271] [DEBUG] debug-file - OHOS_STL is c++_shared
[2026-04-21T18:04:55.272] [DEBUG] debug-file - Copy STL libc++_shared.so to D:\HUAWEI\Lab2\ndk-opengl-master\entry\build\default\intermediates\cmake\default\obj\arm64-v8a due to OHOS_STL is 'c++_shared'
[2026-04-21T18:04:55.272] [DEBUG] debug-file - Use tool [Ninja]
 [
  'D:\\HUAWEI\\DevEco\\DevEco Studio\\sdk\\default\\openharmony\\native\\build-tools\\cmake\\bin\\ninja.exe',
  '-C',
  'D:\\HUAWEI\\Lab2\\ndk-opengl-master\\entry\\.cxx\\default\\default\\debug\\x86_64'
]
[2026-04-21T18:04:55.272] [DEBUG] debug-file - default@BuildNativeWithNinja work[11] is submitted.
[2026-04-21T18:04:55.272] [DEBUG] debug-file - default@BuildNativeWithNinja work[11] is pushed to ready queue.
[2026-04-21T18:04:55.272] [DEBUG] debug-file - A work dispatched to worker[19] failed because unable to get work from ready queue.
[2026-04-21T18:04:55.273] [DEBUG] debug-file - A work dispatched to worker[18] failed because of worker busy.
[2026-04-21T18:04:55.273] [DEBUG] debug-file - Create  resident worker with id: 17.
[2026-04-21T18:04:55.273] [DEBUG] debug-file - default@BuildNativeWithNinja work[11] has been dispatched to worker[17].
[2026-04-21T18:04:55.273] [DEBUG] debug-file - default@BuildNativeWithNinja work[11] is dispatched.
[2026-04-21T18:04:55.277] [DEBUG] debug-file - OHOS_STL is c++_shared
[2026-04-21T18:04:55.277] [DEBUG] debug-file - Copy STL libc++_shared.so to D:\HUAWEI\Lab2\ndk-opengl-master\entry\build\default\intermediates\cmake\default\obj\x86_64 due to OHOS_STL is 'c++_shared'
[2026-04-21T18:04:55.277] [DEBUG] debug-file - entry : default@BuildNativeWithNinja cost memory 0.7360153198242188
[2026-04-21T18:04:55.278] [DEBUG] debug-file - restool module names: entry; moduleName=entry, taskName=default@ProcessResource
[2026-04-21T18:04:55.279] [DEBUG] debug-file - Executing task :entry:default@ProcessResource
[2026-04-21T18:04:55.279] [DEBUG] debug-file - Task 'entry:default@ProcessResource' cost while wrapping incremental declarations: 1 ms 
[2026-04-21T18:04:55.280] [DEBUG] debug-file - Incremental task entry:default@ProcessResource pre-execution cost: 1 ms .
[2026-04-21T18:04:55.280] [DEBUG] debug-file - entry : default@ProcessResource cost memory 0.12712860107421875
[2026-04-21T18:04:55.281] [INFO] debug-file - UP-TO-DATE :entry:default@ProcessResource...  
[2026-04-21T18:04:55.283] [DEBUG] debug-file - Executing task :entry:default@GenerateLoaderJson
[2026-04-21T18:04:55.283] [DEBUG] debug-file - Task 'entry:default@GenerateLoaderJson' cost while wrapping incremental declarations: 1 ms 
[2026-04-21T18:04:55.286] [DEBUG] debug-file - Incremental task entry:default@GenerateLoaderJson pre-execution cost: 3 ms .
[2026-04-21T18:04:55.286] [DEBUG] debug-file - entry : default@GenerateLoaderJson cost memory 0.453277587890625
[2026-04-21T18:04:55.288] [INFO] debug-file - UP-TO-DATE :entry:default@GenerateLoaderJson...  
[2026-04-21T18:04:55.289] [DEBUG] debug-file - restool module names: entry; moduleName=entry, taskName=default@CompileResource
[2026-04-21T18:04:55.289] [DEBUG] debug-file - Executing task :entry:default@CompileResource
[2026-04-21T18:04:55.294] [DEBUG] debug-file - Incremental task entry:default@CompileResource pre-execution cost: 5 ms .
[2026-04-21T18:04:55.294] [DEBUG] debug-file - entry : default@CompileResource cost memory 0.57635498046875
[2026-04-21T18:04:55.295] [INFO] debug-file - UP-TO-DATE :entry:default@CompileResource...  
[2026-04-21T18:04:55.296] [DEBUG] debug-file - Executing task :entry:default@CompileArkTS
[2026-04-21T18:04:55.297] [DEBUG] debug-file - obfuscationOptions: undefined
[2026-04-21T18:04:55.298] [DEBUG] debug-file - Task 'entry:default@CompileArkTS' cost while wrapping incremental declarations: 1 ms 
[2026-04-21T18:04:55.302] [DEBUG] debug-file - Incremental task entry:default@CompileArkTS pre-execution cost: 4 ms .
[2026-04-21T18:04:55.302] [DEBUG] debug-file - entry : default@CompileArkTS cost memory -1.265350341796875
[2026-04-21T18:04:55.303] [INFO] debug-file - UP-TO-DATE :entry:default@CompileArkTS...  
[2026-04-21T18:04:55.304] [DEBUG] debug-file - Executing task :entry:default@BuildJS
[2026-04-21T18:04:55.304] [DEBUG] debug-file - Task 'entry:default@BuildJS' cost while wrapping incremental declarations: 1 ms 
[2026-04-21T18:04:55.306] [DEBUG] debug-file - entry : default@BuildJS cost memory 0.15242767333984375
[2026-04-21T18:04:55.306] [DEBUG] debug-file - runTaskFromQueue task cost before running: 155 ms 
[2026-04-21T18:04:55.306] [INFO] debug-file - Finished :entry:default@BuildJS... after 2 ms 
[2026-04-21T18:04:56.733] [DEBUG] debug-file - ninja: Entering directory `D:\HUAWEI\Lab2\ndk-opengl-master\entry\.cxx\default\default\debug\arm64-v8a'
[1/3] Building CXX object CMakeFiles/tetrahedron_napi.dir/tetrahedron.cpp.o

[2026-04-21T18:04:56.760] [DEBUG] debug-file - FAILED: CMakeFiles/tetrahedron_napi.dir/tetrahedron.cpp.o 
D:\HUAWEI\DevEco\DEVECO~1\sdk\default\OPENHA~1\native\llvm\bin\CLANG_~1.EXE --target=aarch64-linux-ohos --gcc-toolchain="D:/HUAWEI/DevEco/DevEco Studio/sdk/default/openharmony/native/llvm" --sysroot="D:/HUAWEI/DevEco/DevEco Studio/sdk/default/openharmony/native/sysroot" -Dtetrahedron_napi_EXPORTS -I"D:/HUAWEI/DevEco/DevEco Studio/sdk/default/hms/native/sysroot/usr/include" -ID:/HUAWEI/Lab2/ndk-opengl-master/entry/src/main/cpp -ID:/HUAWEI/Lab2/ndk-opengl-master/entry/src/main/cpp/include -ID:/HUAWEI/Lab2/ndk-opengl-master/entry/src/main/cpp/include/util -fdata-sections -ffunction-sections -funwind-tables -fstack-protector-strong -no-canonical-prefixes -fno-addrsig -Wa,--noexecstack -Wformat -Werror=format-security   -D__MUSL__ -O0 -g -fno-limit-debug-info  -fPIC -MD -MT CMakeFiles/tetrahedron_napi.dir/tetrahedron.cpp.o -MF CMakeFiles\tetrahedron_napi.dir\tetrahedron.cpp.o.d -o CMakeFiles/tetrahedron_napi.dir/tetrahedron.cpp.o -c D:/HUAWEI/Lab2/ndk-opengl-master/entry/src/main/cpp/tetrahedron.cpp
clang++: warning: argument unused during compilation: '--gcc-toolchain=D:/HUAWEI/DevEco/DevEco Studio/sdk/default/openharmony/native/llvm' [-Wunused-command-line-argument]
D:/HUAWEI/Lab2/ndk-opengl-master/entry/src/main/cpp/tetrahedron.cpp:200:1: error: extraneous closing brace ('}')
}
^
1 error generated.
[2/3] Building CXX object CMakeFiles/tetrahedron_napi.dir/frame_handle.cpp.o
FAILED: CMakeFiles/tetrahedron_napi.dir/frame_handle.cpp.o 
D:\HUAWEI\DevEco\DEVECO~1\sdk\default\OPENHA~1\native\llvm\bin\CLANG_~1.EXE --target=aarch64-linux-ohos --gcc-toolchain="D:/HUAWEI/DevEco/DevEco Studio/sdk/default/openharmony/native/llvm" --sysroot="D:/HUAWEI/DevEco/DevEco Studio/sdk/default/openharmony/native/sysroot" -Dtetrahedron_napi_EXPORTS -I"D:/HUAWEI/DevEco/DevEco Studio/sdk/default/hms/native/sysroot/usr/include" -ID:/HUAWEI/Lab2/ndk-opengl-master/entry/src/main/cpp -ID:/HUAWEI/Lab2/ndk-opengl-master/entry/src/main/cpp/include -ID:/HUAWEI/Lab2/ndk-opengl-master/entry/src/main/cpp/include/util -fdata-sections -ffunction-sections -funwind-tables -fstack-protector-strong -no-canonical-prefixes -fno-addrsig -Wa,--noexecstack -Wformat -Werror=format-security   -D__MUSL__ -O0 -g -fno-limit-debug-info  -fPIC -MD -MT CMakeFiles/tetrahedron_napi.dir/frame_handle.cpp.o -MF CMakeFiles\tetrahedron_napi.dir\frame_handle.cpp.o.d -o CMakeFiles/tetrahedron_napi.dir/frame_handle.cpp.o -c D:/HUAWEI/Lab2/ndk-opengl-master/entry/src/main/cpp/frame_handle.cpp
clang++: warning: argument unused during compilation: '--gcc-toolchain=D:/HUAWEI/DevEco/DevEco Studio/sdk/default/openharmony/native/llvm' [-Wunused-command-line-argument]
D:/HUAWEI/Lab2/ndk-opengl-master/entry/src/main/cpp/frame_handle.cpp:69:9: error: use of undeclared identifier 'LOGE'
        LOGE("FrameHandle::Init: Invalid parameters");
        ^
D:/HUAWEI/Lab2/ndk-opengl-master/entry/src/main/cpp/frame_handle.cpp:121:9: error: use of undeclared identifier 'LOGE'
        LOGE("DampingRotation: tetrahedron_ is null");
        ^
D:/HUAWEI/Lab2/ndk-opengl-master/entry/src/main/cpp/frame_handle.cpp:153:9: error: use of undeclared identifier 'LOGE'
        LOGE("ConstantSpeedRotation: tetrahedron_ is null");
        ^
3 errors generated.
ninja: build stopped: subcommand failed.

[2026-04-21T18:04:56.769] [DEBUG] debug-file - ninja: Entering directory `D:\HUAWEI\Lab2\ndk-opengl-master\entry\.cxx\default\default\debug\x86_64'
[1/3] Building CXX object CMakeFiles/tetrahedron_napi.dir/tetrahedron.cpp.o
FAILED: CMakeFiles/tetrahedron_napi.dir/tetrahedron.cpp.o 
D:\HUAWEI\DevEco\DEVECO~1\sdk\default\OPENHA~1\native\llvm\bin\CLANG_~1.EXE --target=x86_64-linux-ohos --gcc-toolchain="D:/HUAWEI/DevEco/DevEco Studio/sdk/default/openharmony/native/llvm" --sysroot="D:/HUAWEI/DevEco/DevEco Studio/sdk/default/openharmony/native/sysroot" -Dtetrahedron_napi_EXPORTS -I"D:/HUAWEI/DevEco/DevEco Studio/sdk/default/hms/native/sysroot/usr/include" -ID:/HUAWEI/Lab2/ndk-opengl-master/entry/src/main/cpp -ID:/HUAWEI/Lab2/ndk-opengl-master/entry/src/main/cpp/include -ID:/HUAWEI/Lab2/ndk-opengl-master/entry/src/main/cpp/include/util -fdata-sections -ffunction-sections -funwind-tables -fstack-protector-strong -no-canonical-prefixes -fno-addrsig -Wa,--noexecstack -Wformat -Werror=format-security   -D__MUSL__ -O0 -g -fno-limit-debug-info  -fPIC -MD -MT CMakeFiles/tetrahedron_napi.dir/tetrahedron.cpp.o -MF CMakeFiles\tetrahedron_napi.dir\tetrahedron.cpp.o.d -o CMakeFiles/tetrahedron_napi.dir/tetrahedron.cpp.o -c D:/HUAWEI/Lab2/ndk-opengl-master/entry/src/main/cpp/tetrahedron.cpp
clang++: warning: argument unused during compilation: '--gcc-toolchain=D:/HUAWEI/DevEco/DevEco Studio/sdk/default/openharmony/native/llvm' [-Wunused-command-line-argument]
D:/HUAWEI/Lab2/ndk-opengl-master/entry/src/main/cpp/tetrahedron.cpp:200:1: error: extraneous closing brace ('}')
}
^
1 error generated.
[2/3] Building CXX object CMakeFiles/tetrahedron_napi.dir/frame_handle.cpp.o
FAILED: CMakeFiles/tetrahedron_napi.dir/frame_handle.cpp.o 
D:\HUAWEI\DevEco\DEVECO~1\sdk\default\OPENHA~1\native\llvm\bin\CLANG_~1.EXE --target=x86_64-linux-ohos --gcc-toolchain="D:/HUAWEI/DevEco/DevEco Studio/sdk/default/openharmony/native/llvm" --sysroot="D:/HUAWEI/DevEco/DevEco Studio/sdk/default/openharmony/native/sysroot" -Dtetrahedron_napi_EXPORTS -I"D:/HUAWEI/DevEco/DevEco Studio/sdk/default/hms/native/sysroot/usr/include" -ID:/HUAWEI/Lab2/ndk-opengl-master/entry/src/main/cpp -ID:/HUAWEI/Lab2/ndk-opengl-master/entry/src/main/cpp/include -ID:/HUAWEI/Lab2/ndk-opengl-master/entry/src/main/cpp/include/util -fdata-sections -ffunction-sections -funwind-tables -fstack-protector-strong -no-canonical-prefixes -fno-addrsig -Wa,--noexecstack -Wformat -Werror=format-security   -D__MUSL__ -O0 -g -fno-limit-debug-info  -fPIC -MD -MT CMakeFiles/tetrahedron_napi.dir/frame_handle.cpp.o -MF CMakeFiles\tetrahedron_napi.dir\frame_handle.cpp.o.d -o CMakeFiles/tetrahedron_napi.dir/frame_handle.cpp.o -c D:/HUAWEI/Lab2/ndk-opengl-master/entry/src/main/cpp/frame_handle.cpp
clang++: warning: argument unused during compilation: '--gcc-toolchain=D:/HUAWEI/DevEco/DevEco Studio/sdk/default/openharmony/native/llvm' [-Wunused-command-line-argument]
D:/HUAWEI/Lab2/ndk-opengl-master/entry/src/main/cpp/frame_handle.cpp:69:9: error: use of undeclared identifier 'LOGE'
        LOGE("FrameHandle::Init: Invalid parameters");
        ^
D:/HUAWEI/Lab2/ndk-opengl-master/entry/src/main/cpp/frame_handle.cpp:121:9: error: use of undeclared identifier 'LOGE'
        LOGE("DampingRotation: tetrahedron_ is null");
        ^
D:/HUAWEI/Lab2/ndk-opengl-master/entry/src/main/cpp/frame_handle.cpp:153:9: error: use of undeclared identifier 'LOGE'
        LOGE("ConstantSpeedRotation: tetrahedron_ is null");
        ^
3 errors generated.
ninja: build stopped: subcommand failed.

[2026-04-21T18:04:56.779] [DEBUG] debug-file - worker[18] encounters error: Exceptions happened while executing D:\HUAWEI\DevEco\DevEco Studio\sdk\default\openharmony\native\build-tools\cmake\bin\ninja.exe -C D:\HUAWEI\Lab2\ndk-opengl-master\entry\.cxx\default\default\debug\arm64-v8a.
[32mninja: Entering directory `D:\HUAWEI\Lab2\ndk-opengl-master\entry\.cxx\default\default\debug\arm64-v8a'[32m[39m
[32m[1/3] Building CXX object CMakeFiles/tetrahedron_napi.dir/tetrahedron.cpp.o[32m[39m
[31mFAILED: CMakeFiles/tetrahedron_napi.dir/tetrahedron.cpp.o [31m[39m
[32mD:\HUAWEI\DevEco\DEVECO~1\sdk\default\OPENHA~1\native\llvm\bin\CLANG_~1.EXE --target=aarch64-linux-ohos --gcc-toolchain="D:/HUAWEI/DevEco/DevEco Studio/sdk/default/openharmony/native/llvm" --sysroot="D:/HUAWEI/DevEco/DevEco Studio/sdk/default/openharmony/native/sysroot" -Dtetrahedron_napi_EXPORTS -I"D:/HUAWEI/DevEco/DevEco Studio/sdk/default/hms/native/sysroot/usr/include" -ID:/HUAWEI/Lab2/ndk-opengl-master/entry/src/main/cpp -ID:/HUAWEI/Lab2/ndk-opengl-master/entry/src/main/cpp/include -ID:/HUAWEI/Lab2/ndk-opengl-master/entry/src/main/cpp/include/util -fdata-sections -ffunction-sections -funwind-tables -fstack-protector-strong -no-canonical-prefixes -fno-addrsig -Wa,--noexecstack -Wformat -Werror=format-security   -D__MUSL__ -O0 -g -fno-limit-debug-info  -fPIC -MD -MT CMakeFiles/tetrahedron_napi.dir/tetrahedron.cpp.o -MF CMakeFiles\tetrahedron_napi.dir\tetrahedron.cpp.o.d -o CMakeFiles/tetrahedron_napi.dir/tetrahedron.cpp.o -c D:/HUAWEI/Lab2/ndk-opengl-master/entry/src/main/cpp/tetrahedron.cpp[32m[39m
[33mclang++: warning: argument unused during compilation: '--gcc-toolchain=D:/HUAWEI/DevEco/DevEco Studio/sdk/default/openharmony/native/llvm' [-Wunused-command-line-argument][33m[39m
[32m[32m[39m
[31mD:/HUAWEI/Lab2/ndk-opengl-master/entry/src/main/cpp/tetrahedron.cpp:200:1: error: extraneous closing brace ('}')[31m[39m
[31m[31m[39m
[31m}[31m[39m
[31m[31m[39m
[31m^[31m[39m
[31m[31m[39m
[33m1 error generated.[33m[39m
[32m[32m[39m
[32m[2/3] Building CXX object CMakeFiles/tetrahedron_napi.dir/frame_handle.cpp.o[32m[39m
[31mFAILED: CMakeFiles/tetrahedron_napi.dir/frame_handle.cpp.o [31m[39m
[32mD:\HUAWEI\DevEco\DEVECO~1\sdk\default\OPENHA~1\native\llvm\bin\CLANG_~1.EXE --target=aarch64-linux-ohos --gcc-toolchain="D:/HUAWEI/DevEco/DevEco Studio/sdk/default/openharmony/native/llvm" --sysroot="D:/HUAWEI/DevEco/DevEco Studio/sdk/default/openharmony/native/sysroot" -Dtetrahedron_napi_EXPORTS -I"D:/HUAWEI/DevEco/DevEco Studio/sdk/default/hms/native/sysroot/usr/include" -ID:/HUAWEI/Lab2/ndk-opengl-master/entry/src/main/cpp -ID:/HUAWEI/Lab2/ndk-opengl-master/entry/src/main/cpp/include -ID:/HUAWEI/Lab2/ndk-opengl-master/entry/src/main/cpp/include/util -fdata-sections -ffunction-sections -funwind-tables -fstack-protector-strong -no-canonical-prefixes -fno-addrsig -Wa,--noexecstack -Wformat -Werror=format-security   -D__MUSL__ -O0 -g -fno-limit-debug-info  -fPIC -MD -MT CMakeFiles/tetrahedron_napi.dir/frame_handle.cpp.o -MF CMakeFiles\tetrahedron_napi.dir\frame_handle.cpp.o.d -o CMakeFiles/tetrahedron_napi.dir/frame_handle.cpp.o -c D:/HUAWEI/Lab2/ndk-opengl-master/entry/src/main/cpp/frame_handle.cpp[32m[39m
[33mclang++: warning: argument unused during compilation: '--gcc-toolchain=D:/HUAWEI/DevEco/DevEco Studio/sdk/default/openharmony/native/llvm' [-Wunused-command-line-argument][33m[39m
[31mD:/HUAWEI/Lab2/ndk-opengl-master/entry/src/main/cpp/frame_handle.cpp:69:9: error: use of undeclared identifier 'LOGE'[31m[39m
[31m        LOGE("FrameHandle::Init: Invalid parameters");[31m[39m
[31m        ^[31m[39m
[31mD:/HUAWEI/Lab2/ndk-opengl-master/entry/src/main/cpp/frame_handle.cpp:121:9: error: use of undeclared identifier 'LOGE'[31m[39m
[31m[31m[39m
[31m        LOGE("DampingRotation: tetrahedron_ is null");[31m[39m
[31m[31m[39m
[31m        ^[31m[39m
[31m[31m[39m
[31mD:/HUAWEI/Lab2/ndk-opengl-master/entry/src/main/cpp/frame_handle.cpp:153:9: error: use of undeclared identifier 'LOGE'[31m[39m
[31m[31m[39m
[31m        LOGE("ConstantSpeedRotation: tetrahedron_ is null");[31m[39m
[31m[31m[39m
[31m        ^[31m[39m
[31m[31m[39m
[33m3 errors generated.[33m[39m
[32m[32m[39m
[31mninja: build stopped: subcommand failed.[31m[39m
undefined.
[2026-04-21T18:04:56.779] [DEBUG] debug-file - default@BuildNativeWithNinja work[10] failed.
[2026-04-21T18:04:56.779] [ERROR] debug-file - Failed :entry:default@BuildNativeWithNinja... 
[2026-04-21T18:04:56.779] [DEBUG] debug-file - hvigor build process will be closed with an error.
[2026-04-21T18:04:56.781] [DEBUG] debug-file - ERROR: stacktrace = Error: Exceptions happened while executing D:\HUAWEI\DevEco\DevEco Studio\sdk\default\openharmony\native\build-tools\cmake\bin\ninja.exe -C D:\HUAWEI\Lab2\ndk-opengl-master\entry\.cxx\default\default\debug\arm64-v8a.
[32mninja: Entering directory `D:\HUAWEI\Lab2\ndk-opengl-master\entry\.cxx\default\default\debug\arm64-v8a'[32m[39m
[32m[1/3] Building CXX object CMakeFiles/tetrahedron_napi.dir/tetrahedron.cpp.o[32m[39m
[31mFAILED: CMakeFiles/tetrahedron_napi.dir/tetrahedron.cpp.o [31m[39m
[32mD:\HUAWEI\DevEco\DEVECO~1\sdk\default\OPENHA~1\native\llvm\bin\CLANG_~1.EXE --target=aarch64-linux-ohos --gcc-toolchain="D:/HUAWEI/DevEco/DevEco Studio/sdk/default/openharmony/native/llvm" --sysroot="D:/HUAWEI/DevEco/DevEco Studio/sdk/default/openharmony/native/sysroot" -Dtetrahedron_napi_EXPORTS -I"D:/HUAWEI/DevEco/DevEco Studio/sdk/default/hms/native/sysroot/usr/include" -ID:/HUAWEI/Lab2/ndk-opengl-master/entry/src/main/cpp -ID:/HUAWEI/Lab2/ndk-opengl-master/entry/src/main/cpp/include -ID:/HUAWEI/Lab2/ndk-opengl-master/entry/src/main/cpp/include/util -fdata-sections -ffunction-sections -funwind-tables -fstack-protector-strong -no-canonical-prefixes -fno-addrsig -Wa,--noexecstack -Wformat -Werror=format-security   -D__MUSL__ -O0 -g -fno-limit-debug-info  -fPIC -MD -MT CMakeFiles/tetrahedron_napi.dir/tetrahedron.cpp.o -MF CMakeFiles\tetrahedron_napi.dir\tetrahedron.cpp.o.d -o CMakeFiles/tetrahedron_napi.dir/tetrahedron.cpp.o -c D:/HUAWEI/Lab2/ndk-opengl-master/entry/src/main/cpp/tetrahedron.cpp[32m[39m
[33mclang++: warning: argument unused during compilation: '--gcc-toolchain=D:/HUAWEI/DevEco/DevEco Studio/sdk/default/openharmony/native/llvm' [-Wunused-command-line-argument][33m[39m
[32m[32m[39m
[31mD:/HUAWEI/Lab2/ndk-opengl-master/entry/src/main/cpp/tetrahedron.cpp:200:1: error: extraneous closing brace ('}')[31m[39m
[31m[31m[39m
[31m}[31m[39m
[31m[31m[39m
[31m^[31m[39m
[31m[31m[39m
[33m1 error generated.[33m[39m
[32m[32m[39m
[32m[2/3] Building CXX object CMakeFiles/tetrahedron_napi.dir/frame_handle.cpp.o[32m[39m
[31mFAILED: CMakeFiles/tetrahedron_napi.dir/frame_handle.cpp.o [31m[39m
[32mD:\HUAWEI\DevEco\DEVECO~1\sdk\default\OPENHA~1\native\llvm\bin\CLANG_~1.EXE --target=aarch64-linux-ohos --gcc-toolchain="D:/HUAWEI/DevEco/DevEco Studio/sdk/default/openharmony/native/llvm" --sysroot="D:/HUAWEI/DevEco/DevEco Studio/sdk/default/openharmony/native/sysroot" -Dtetrahedron_napi_EXPORTS -I"D:/HUAWEI/DevEco/DevEco Studio/sdk/default/hms/native/sysroot/usr/include" -ID:/HUAWEI/Lab2/ndk-opengl-master/entry/src/main/cpp -ID:/HUAWEI/Lab2/ndk-opengl-master/entry/src/main/cpp/include -ID:/HUAWEI/Lab2/ndk-opengl-master/entry/src/main/cpp/include/util -fdata-sections -ffunction-sections -funwind-tables -fstack-protector-strong -no-canonical-prefixes -fno-addrsig -Wa,--noexecstack -Wformat -Werror=format-security   -D__MUSL__ -O0 -g -fno-limit-debug-info  -fPIC -MD -MT CMakeFiles/tetrahedron_napi.dir/frame_handle.cpp.o -MF CMakeFiles\tetrahedron_napi.dir\frame_handle.cpp.o.d -o CMakeFiles/tetrahedron_napi.dir/frame_handle.cpp.o -c D:/HUAWEI/Lab2/ndk-opengl-master/entry/src/main/cpp/frame_handle.cpp[32m[39m
[33mclang++: warning: argument unused during compilation: '--gcc-toolchain=D:/HUAWEI/DevEco/DevEco Studio/sdk/default/openharmony/native/llvm' [-Wunused-command-line-argument][33m[39m
[31mD:/HUAWEI/Lab2/ndk-opengl-master/entry/src/main/cpp/frame_handle.cpp:69:9: error: use of undeclared identifier 'LOGE'[31m[39m
[31m        LOGE("FrameHandle::Init: Invalid parameters");[31m[39m
[31m        ^[31m[39m
[31mD:/HUAWEI/Lab2/ndk-opengl-master/entry/src/main/cpp/frame_handle.cpp:121:9: error: use of undeclared identifier 'LOGE'[31m[39m
[31m[31m[39m
[31m        LOGE("DampingRotation: tetrahedron_ is null");[31m[39m
[31m[31m[39m
[31m        ^[31m[39m
[31m[31m[39m
[31mD:/HUAWEI/Lab2/ndk-opengl-master/entry/src/main/cpp/frame_handle.cpp:153:9: error: use of undeclared identifier 'LOGE'[31m[39m
[31m[31m[39m
[31m        LOGE("ConstantSpeedRotation: tetrahedron_ is null");[31m[39m
[31m[31m[39m
[31m        ^[31m[39m
[31m[31m[39m
[33m3 errors generated.[33m[39m
[32m[32m[39m
[31mninja: build stopped: subcommand failed.[31m[39m
undefined
    at OhosLogger.errorMessageExit (D:\HUAWEI\DevEco\DevEco Studio\tools\hvigor\hvigor\src\base\log\hvigor-log.js:1:3497)
    at OhosLogger._printErrorAndExit (D:\HUAWEI\DevEco\DevEco Studio\tools\hvigor\hvigor-ohos-plugin\src\utils\log\ohos-logger.js:1:2024)
    at ChildProcess.<anonymous> (D:\HUAWEI\DevEco\DevEco Studio\tools\hvigor\hvigor-ohos-plugin\src\tasks\abstract-build-native.js:1:2796)
    at process.processTicksAndRejections (node:internal/process/task_queues:95:5)
[2026-04-21T18:04:56.782] [ERROR] debug-file - Error: Exceptions happened while executing D:\HUAWEI\DevEco\DevEco Studio\sdk\default\openharmony\native\build-tools\cmake\bin\ninja.exe -C D:\HUAWEI\Lab2\ndk-opengl-master\entry\.cxx\default\default\debug\arm64-v8a.
[32mninja: Entering directory `D:\HUAWEI\Lab2\ndk-opengl-master\entry\.cxx\default\default\debug\arm64-v8a'[32m[39m
[32m[1/3] Building CXX object CMakeFiles/tetrahedron_napi.dir/tetrahedron.cpp.o[32m[39m
[31mFAILED: CMakeFiles/tetrahedron_napi.dir/tetrahedron.cpp.o [31m[39m
[32mD:\HUAWEI\DevEco\DEVECO~1\sdk\default\OPENHA~1\native\llvm\bin\CLANG_~1.EXE --target=aarch64-linux-ohos --gcc-toolchain="D:/HUAWEI/DevEco/DevEco Studio/sdk/default/openharmony/native/llvm" --sysroot="D:/HUAWEI/DevEco/DevEco Studio/sdk/default/openharmony/native/sysroot" -Dtetrahedron_napi_EXPORTS -I"D:/HUAWEI/DevEco/DevEco Studio/sdk/default/hms/native/sysroot/usr/include" -ID:/HUAWEI/Lab2/ndk-opengl-master/entry/src/main/cpp -ID:/HUAWEI/Lab2/ndk-opengl-master/entry/src/main/cpp/include -ID:/HUAWEI/Lab2/ndk-opengl-master/entry/src/main/cpp/include/util -fdata-sections -ffunction-sections -funwind-tables -fstack-protector-strong -no-canonical-prefixes -fno-addrsig -Wa,--noexecstack -Wformat -Werror=format-security   -D__MUSL__ -O0 -g -fno-limit-debug-info  -fPIC -MD -MT CMakeFiles/tetrahedron_napi.dir/tetrahedron.cpp.o -MF CMakeFiles\tetrahedron_napi.dir\tetrahedron.cpp.o.d -o CMakeFiles/tetrahedron_napi.dir/tetrahedron.cpp.o -c D:/HUAWEI/Lab2/ndk-opengl-master/entry/src/main/cpp/tetrahedron.cpp[32m[39m
[33mclang++: warning: argument unused during compilation: '--gcc-toolchain=D:/HUAWEI/DevEco/DevEco Studio/sdk/default/openharmony/native/llvm' [-Wunused-command-line-argument][33m[39m
[32m[32m[39m
[31mD:/HUAWEI/Lab2/ndk-opengl-master/entry/src/main/cpp/tetrahedron.cpp:200:1: error: extraneous closing brace ('}')[31m[39m
[31m[31m[39m
[31m}[31m[39m
[31m[31m[39m
[31m^[31m[39m
[31m[31m[39m
[33m1 error generated.[33m[39m
[32m[32m[39m
[32m[2/3] Building CXX object CMakeFiles/tetrahedron_napi.dir/frame_handle.cpp.o[32m[39m
[31mFAILED: CMakeFiles/tetrahedron_napi.dir/frame_handle.cpp.o [31m[39m
[32mD:\HUAWEI\DevEco\DEVECO~1\sdk\default\OPENHA~1\native\llvm\bin\CLANG_~1.EXE --target=aarch64-linux-ohos --gcc-toolchain="D:/HUAWEI/DevEco/DevEco Studio/sdk/default/openharmony/native/llvm" --sysroot="D:/HUAWEI/DevEco/DevEco Studio/sdk/default/openharmony/native/sysroot" -Dtetrahedron_napi_EXPORTS -I"D:/HUAWEI/DevEco/DevEco Studio/sdk/default/hms/native/sysroot/usr/include" -ID:/HUAWEI/Lab2/ndk-opengl-master/entry/src/main/cpp -ID:/HUAWEI/Lab2/ndk-opengl-master/entry/src/main/cpp/include -ID:/HUAWEI/Lab2/ndk-opengl-master/entry/src/main/cpp/include/util -fdata-sections -ffunction-sections -funwind-tables -fstack-protector-strong -no-canonical-prefixes -fno-addrsig -Wa,--noexecstack -Wformat -Werror=format-security   -D__MUSL__ -O0 -g -fno-limit-debug-info  -fPIC -MD -MT CMakeFiles/tetrahedron_napi.dir/frame_handle.cpp.o -MF CMakeFiles\tetrahedron_napi.dir\frame_handle.cpp.o.d -o CMakeFiles/tetrahedron_napi.dir/frame_handle.cpp.o -c D:/HUAWEI/Lab2/ndk-opengl-master/entry/src/main/cpp/frame_handle.cpp[32m[39m
[33mclang++: warning: argument unused during compilation: '--gcc-toolchain=D:/HUAWEI/DevEco/DevEco Studio/sdk/default/openharmony/native/llvm' [-Wunused-command-line-argument][33m[39m
[31mD:/HUAWEI/Lab2/ndk-opengl-master/entry/src/main/cpp/frame_handle.cpp:69:9: error: use of undeclared identifier 'LOGE'[31m[39m
[31m        LOGE("FrameHandle::Init: Invalid parameters");[31m[39m
[31m        ^[31m[39m
[31mD:/HUAWEI/Lab2/ndk-opengl-master/entry/src/main/cpp/frame_handle.cpp:121:9: error: use of undeclared identifier 'LOGE'[31m[39m
[31m[31m[39m
[31m        LOGE("DampingRotation: tetrahedron_ is null");[31m[39m
[31m[31m[39m
[31m        ^[31m[39m
[31m[31m[39m
[31mD:/HUAWEI/Lab2/ndk-opengl-master/entry/src/main/cpp/frame_handle.cpp:153:9: error: use of undeclared identifier 'LOGE'[31m[39m
[31m[31m[39m
[31m        LOGE("ConstantSpeedRotation: tetrahedron_ is null");[31m[39m
[31m[31m[39m
[31m        ^[31m[39m
[31m[31m[39m
[33m3 errors generated.[33m[39m
[32m[32m[39m
[31mninja: build stopped: subcommand failed.[31m[39m
undefined
    at OhosLogger.errorMessageExit (D:\HUAWEI\DevEco\DevEco Studio\tools\hvigor\hvigor\src\base\log\hvigor-log.js:1:3497)
    at OhosLogger._printErrorAndExit (D:\HUAWEI\DevEco\DevEco Studio\tools\hvigor\hvigor-ohos-plugin\src\utils\log\ohos-logger.js:1:2024)
    at ChildProcess.<anonymous> (D:\HUAWEI\DevEco\DevEco Studio\tools\hvigor\hvigor-ohos-plugin\src\tasks\abstract-build-native.js:1:2796)
    at process.processTicksAndRejections (node:internal/process/task_queues:95:5)
[2026-04-21T18:04:56.793] [ERROR] debug-file - BUILD FAILED in 1 s 642 ms 
[2026-04-21T18:04:56.793] [DEBUG] debug-file - There is no need to refresh cache, since the incremental task entry:default@PreBuild is up-to-date.
[2026-04-21T18:04:56.793] [DEBUG] debug-file - Update task entry:default@CreateModuleInfo output file:D:\HUAWEI\Lab2\ndk-opengl-master\entry\build\default\generated\profile\default\ModuleInfo.ts cache.
[2026-04-21T18:04:56.793] [DEBUG] debug-file - Incremental task entry:default@CreateModuleInfo post-execution cost:1 ms .
[2026-04-21T18:04:56.793] [DEBUG] debug-file - There is no need to refresh cache, since the incremental task entry:default@GenerateMetadata is up-to-date.
[2026-04-21T18:04:56.793] [DEBUG] debug-file - There is no need to refresh cache, since the incremental task entry:default@MergeProfile is up-to-date.
[2026-04-21T18:04:56.793] [DEBUG] debug-file - There is no need to refresh cache, since the incremental task entry:default@CreateBuildProfile is up-to-date.
[2026-04-21T18:04:56.794] [DEBUG] debug-file - Update task entry:default@GeneratePkgContextInfo output file:D:\HUAWEI\Lab2\ndk-opengl-master\entry\build\default\intermediates\loader\default\pkgContextInfo.json cache.
[2026-04-21T18:04:56.794] [DEBUG] debug-file - Incremental task entry:default@GeneratePkgContextInfo post-execution cost:1 ms .
[2026-04-21T18:04:56.794] [DEBUG] debug-file - Update task entry:default@ProcessIntegratedHsp output file:D:\HUAWEI\Lab2\ndk-opengl-master\build\cache\default\integrated_hsp\integratedHspCache.json cache.
[2026-04-21T18:04:56.794] [DEBUG] debug-file - Incremental task entry:default@ProcessIntegratedHsp post-execution cost:1 ms .
[2026-04-21T18:04:56.794] [DEBUG] debug-file - There is no need to refresh cache, since the incremental task entry:default@MakePackInfo is up-to-date.
[2026-04-21T18:04:56.794] [DEBUG] debug-file - Update task entry:default@SyscapTransform input file:D:\HUAWEI\DevEco\DevEco Studio\sdk\default\openharmony\toolchains\syscap_tool.exe cache by regenerate.
[2026-04-21T18:04:56.794] [DEBUG] debug-file - Update task entry:default@SyscapTransform input file:D:\HUAWEI\DevEco\DevEco Studio\sdk\default\openharmony\ets\api\device-define cache by regenerate.
[2026-04-21T18:04:56.795] [DEBUG] debug-file - Update task entry:default@SyscapTransform output file:D:\HUAWEI\Lab2\ndk-opengl-master\entry\build\default\intermediates\syscap\default\rpcid.sc cache.
[2026-04-21T18:04:56.795] [DEBUG] debug-file - Incremental task entry:default@SyscapTransform post-execution cost:1 ms .
[2026-04-21T18:04:56.795] [DEBUG] debug-file - There is no need to refresh cache, since the incremental task entry:default@ProcessProfile is up-to-date.
[2026-04-21T18:04:56.795] [DEBUG] debug-file - There is no need to refresh cache, since the incremental task entry:default@ProcessRouterMap is up-to-date.
[2026-04-21T18:04:56.795] [DEBUG] debug-file - There is no need to refresh cache, since the incremental task entry:default@ProcessShareConfig is up-to-date.
[2026-04-21T18:04:56.795] [DEBUG] debug-file - Update task entry:default@ProcessStartupConfig output file:D:\HUAWEI\Lab2\ndk-opengl-master\entry\build\default\intermediates\startup\default\startup_config.json cache.
[2026-04-21T18:04:56.795] [DEBUG] debug-file - Incremental task entry:default@ProcessStartupConfig post-execution cost:1 ms .
[2026-04-21T18:04:56.795] [DEBUG] debug-file - There is no need to refresh cache, since the incremental task entry:default@ProcessResource is up-to-date.
[2026-04-21T18:04:56.795] [DEBUG] debug-file - There is no need to refresh cache, since the incremental task entry:default@GenerateLoaderJson is up-to-date.
[2026-04-21T18:04:56.795] [DEBUG] debug-file - There is no need to refresh cache, since the incremental task entry:default@CompileResource is up-to-date.
[2026-04-21T18:04:56.795] [DEBUG] debug-file - There is no need to refresh cache, since the incremental task entry:default@CompileArkTS is up-to-date.
[2026-04-21T18:04:56.796] [DEBUG] debug-file - Update task entry:default@BuildJS input file:D:\HUAWEI\Lab2\ndk-opengl-master\entry\build\default\intermediates\loader\default cache by regenerate.
[2026-04-21T18:04:56.796] [DEBUG] debug-file - Update task entry:default@BuildJS input file:D:\HUAWEI\Lab2\ndk-opengl-master\entry\build\default\intermediates\res\default\ResourceTable.txt cache by regenerate.
[2026-04-21T18:04:56.796] [DEBUG] debug-file - Update task entry:default@BuildJS input file:D:\HUAWEI\Lab2\ndk-opengl-master\entry\build\default\intermediates\res\default\ark_module.json cache by regenerate.
[2026-04-21T18:04:56.797] [DEBUG] debug-file - Update task entry:default@BuildJS input file:D:\HUAWEI\Lab2\ndk-opengl-master\entry\build\default\intermediates\res\default\resources\base\profile cache by regenerate.
[2026-04-21T18:04:56.797] [DEBUG] debug-file - Update task entry:default@BuildJS output file:D:\HUAWEI\Lab2\ndk-opengl-master\entry\build\default\intermediates\loader_out\default\js cache.
[2026-04-21T18:04:56.797] [DEBUG] debug-file - Incremental task entry:default@BuildJS post-execution cost:2 ms .
[2026-04-21T18:04:56.811] [DEBUG] debug-file - worker[18] exits with exit code 1.
[2026-04-21T18:04:56.811] [DEBUG] debug-file - A work dispatched to worker[18] failed because unable to get work from ready queue.
[2026-04-21T18:04:56.811] [DEBUG] debug-file - worker[17] encounters error: Exceptions happened while executing D:\HUAWEI\DevEco\DevEco Studio\sdk\default\openharmony\native\build-tools\cmake\bin\ninja.exe -C D:\HUAWEI\Lab2\ndk-opengl-master\entry\.cxx\default\default\debug\x86_64.
[32mninja: Entering directory `D:\HUAWEI\Lab2\ndk-opengl-master\entry\.cxx\default\default\debug\x86_64'[32m[39m
[32m[1/3] Building CXX object CMakeFiles/tetrahedron_napi.dir/tetrahedron.cpp.o[32m[39m
[31mFAILED: CMakeFiles/tetrahedron_napi.dir/tetrahedron.cpp.o [31m[39m
[32mD:\HUAWEI\DevEco\DEVECO~1\sdk\default\OPENHA~1\native\llvm\bin\CLANG_~1.EXE --target=x86_64-linux-ohos --gcc-toolchain="D:/HUAWEI/DevEco/DevEco Studio/sdk/default/openharmony/native/llvm" --sysroot="D:/HUAWEI/DevEco/DevEco Studio/sdk/default/openharmony/native/sysroot" -Dtetrahedron_napi_EXPORTS -I"D:/HUAWEI/DevEco/DevEco Studio/sdk/default/hms/native/sysroot/usr/include" -ID:/HUAWEI/Lab2/ndk-opengl-master/entry/src/main/cpp -ID:/HUAWEI/Lab2/ndk-opengl-master/entry/src/main/cpp/include -ID:/HUAWEI/Lab2/ndk-opengl-master/entry/src/main/cpp/include/util -fdata-sections -ffunction-sections -funwind-tables -fstack-protector-strong -no-canonical-prefixes -fno-addrsig -Wa,--noexecstack -Wformat -Werror=format-security   -D__MUSL__ -O0 -g -fno-limit-debug-info  -fPIC -MD -MT CMakeFiles/tetrahedron_napi.dir/tetrahedron.cpp.o -MF CMakeFiles\tetrahedron_napi.dir\tetrahedron.cpp.o.d -o CMakeFiles/tetrahedron_napi.dir/tetrahedron.cpp.o -c D:/HUAWEI/Lab2/ndk-opengl-master/entry/src/main/cpp/tetrahedron.cpp[32m[39m
[33mclang++: warning: argument unused during compilation: '--gcc-toolchain=D:/HUAWEI/DevEco/DevEco Studio/sdk/default/openharmony/native/llvm' [-Wunused-command-line-argument][33m[39m
[32m[32m[39m
[31mD:/HUAWEI/Lab2/ndk-opengl-master/entry/src/main/cpp/tetrahedron.cpp:200:1: error: extraneous closing brace ('}')[31m[39m
[31m[31m[39m
[31m}[31m[39m
[31m[31m[39m
[31m^[31m[39m
[31m[31m[39m
[33m1 error generated.[33m[39m
[32m[32m[39m
[32m[2/3] Building CXX object CMakeFiles/tetrahedron_napi.dir/frame_handle.cpp.o[32m[39m
[31mFAILED: CMakeFiles/tetrahedron_napi.dir/frame_handle.cpp.o [31m[39m
[32mD:\HUAWEI\DevEco\DEVECO~1\sdk\default\OPENHA~1\native\llvm\bin\CLANG_~1.EXE --target=x86_64-linux-ohos --gcc-toolchain="D:/HUAWEI/DevEco/DevEco Studio/sdk/default/openharmony/native/llvm" --sysroot="D:/HUAWEI/DevEco/DevEco Studio/sdk/default/openharmony/native/sysroot" -Dtetrahedron_napi_EXPORTS -I"D:/HUAWEI/DevEco/DevEco Studio/sdk/default/hms/native/sysroot/usr/include" -ID:/HUAWEI/Lab2/ndk-opengl-master/entry/src/main/cpp -ID:/HUAWEI/Lab2/ndk-opengl-master/entry/src/main/cpp/include -ID:/HUAWEI/Lab2/ndk-opengl-master/entry/src/main/cpp/include/util -fdata-sections -ffunction-sections -funwind-tables -fstack-protector-strong -no-canonical-prefixes -fno-addrsig -Wa,--noexecstack -Wformat -Werror=format-security   -D__MUSL__ -O0 -g -fno-limit-debug-info  -fPIC -MD -MT CMakeFiles/tetrahedron_napi.dir/frame_handle.cpp.o -MF CMakeFiles\tetrahedron_napi.dir\frame_handle.cpp.o.d -o CMakeFiles/tetrahedron_napi.dir/frame_handle.cpp.o -c D:/HUAWEI/Lab2/ndk-opengl-master/entry/src/main/cpp/frame_handle.cpp[32m[39m
[33mclang++: warning: argument unused during compilation: '--gcc-toolchain=D:/HUAWEI/DevEco/DevEco Studio/sdk/default/openharmony/native/llvm' [-Wunused-command-line-argument][33m[39m
[31mD:/HUAWEI/Lab2/ndk-opengl-master/entry/src/main/cpp/frame_handle.cpp:69:9: error: use of undeclared identifier 'LOGE'[31m[39m
[31m        LOGE("FrameHandle::Init: Invalid parameters");[31m[39m
[31m        ^[31m[39m
[31mD:/HUAWEI/Lab2/ndk-opengl-master/entry/src/main/cpp/frame_handle.cpp:121:9: error: use of undeclared identifier 'LOGE'[31m[39m
[31m[31m[39m
[31m        LOGE("DampingRotation: tetrahedron_ is null");[31m[39m
[31m[31m[39m
[31m        ^[31m[39m
[31m[31m[39m
[31mD:/HUAWEI/Lab2/ndk-opengl-master/entry/src/main/cpp/frame_handle.cpp:153:9: error: use of undeclared identifier 'LOGE'[31m[39m
[31m[31m[39m
[31m        LOGE("ConstantSpeedRotation: tetrahedron_ is null");[31m[39m
[31m[31m[39m
[31m        ^[31m[39m
[31m[31m[39m
[33m3 errors generated.[33m[39m
[32m[32m[39m
[31mninja: build stopped: subcommand failed.[31m[39m
undefined.
[2026-04-21T18:04:56.811] [DEBUG] debug-file - default@BuildNativeWithNinja work[11] failed.
[2026-04-21T18:04:56.812] [DEBUG] debug-file - worker[17] exits with exit code 1.
[2026-04-21T18:04:56.812] [DEBUG] debug-file - A work dispatched to worker[17] failed because unable to get work from ready queue.
[2026-04-21T18:04:56.812] [ERROR] debug-file - Failed :entry:default@BuildNativeWithNinja... 
[2026-04-21T18:04:56.812] [DEBUG] debug-file - hvigor build process will be closed with an error.
[2026-04-21T18:04:56.813] [DEBUG] debug-file - ERROR: stacktrace = Error: Exceptions happened while executing D:\HUAWEI\DevEco\DevEco Studio\sdk\default\openharmony\native\build-tools\cmake\bin\ninja.exe -C D:\HUAWEI\Lab2\ndk-opengl-master\entry\.cxx\default\default\debug\x86_64.
[32mninja: Entering directory `D:\HUAWEI\Lab2\ndk-opengl-master\entry\.cxx\default\default\debug\x86_64'[32m[39m
[32m[1/3] Building CXX object CMakeFiles/tetrahedron_napi.dir/tetrahedron.cpp.o[32m[39m
[31mFAILED: CMakeFiles/tetrahedron_napi.dir/tetrahedron.cpp.o [31m[39m
[32mD:\HUAWEI\DevEco\DEVECO~1\sdk\default\OPENHA~1\native\llvm\bin\CLANG_~1.EXE --target=x86_64-linux-ohos --gcc-toolchain="D:/HUAWEI/DevEco/DevEco Studio/sdk/default/openharmony/native/llvm" --sysroot="D:/HUAWEI/DevEco/DevEco Studio/sdk/default/openharmony/native/sysroot" -Dtetrahedron_napi_EXPORTS -I"D:/HUAWEI/DevEco/DevEco Studio/sdk/default/hms/native/sysroot/usr/include" -ID:/HUAWEI/Lab2/ndk-opengl-master/entry/src/main/cpp -ID:/HUAWEI/Lab2/ndk-opengl-master/entry/src/main/cpp/include -ID:/HUAWEI/Lab2/ndk-opengl-master/entry/src/main/cpp/include/util -fdata-sections -ffunction-sections -funwind-tables -fstack-protector-strong -no-canonical-prefixes -fno-addrsig -Wa,--noexecstack -Wformat -Werror=format-security   -D__MUSL__ -O0 -g -fno-limit-debug-info  -fPIC -MD -MT CMakeFiles/tetrahedron_napi.dir/tetrahedron.cpp.o -MF CMakeFiles\tetrahedron_napi.dir\tetrahedron.cpp.o.d -o CMakeFiles/tetrahedron_napi.dir/tetrahedron.cpp.o -c D:/HUAWEI/Lab2/ndk-opengl-master/entry/src/main/cpp/tetrahedron.cpp[32m[39m
[33mclang++: warning: argument unused during compilation: '--gcc-toolchain=D:/HUAWEI/DevEco/DevEco Studio/sdk/default/openharmony/native/llvm' [-Wunused-command-line-argument][33m[39m
[32m[32m[39m
[31mD:/HUAWEI/Lab2/ndk-opengl-master/entry/src/main/cpp/tetrahedron.cpp:200:1: error: extraneous closing brace ('}')[31m[39m
[31m[31m[39m
[31m}[31m[39m
[31m[31m[39m
[31m^[31m[39m
[31m[31m[39m
[33m1 error generated.[33m[39m
[32m[32m[39m
[32m[2/3] Building CXX object CMakeFiles/tetrahedron_napi.dir/frame_handle.cpp.o[32m[39m
[31mFAILED: CMakeFiles/tetrahedron_napi.dir/frame_handle.cpp.o [31m[39m
[32mD:\HUAWEI\DevEco\DEVECO~1\sdk\default\OPENHA~1\native\llvm\bin\CLANG_~1.EXE --target=x86_64-linux-ohos --gcc-toolchain="D:/HUAWEI/DevEco/DevEco Studio/sdk/default/openharmony/native/llvm" --sysroot="D:/HUAWEI/DevEco/DevEco Studio/sdk/default/openharmony/native/sysroot" -Dtetrahedron_napi_EXPORTS -I"D:/HUAWEI/DevEco/DevEco Studio/sdk/default/hms/native/sysroot/usr/include" -ID:/HUAWEI/Lab2/ndk-opengl-master/entry/src/main/cpp -ID:/HUAWEI/Lab2/ndk-opengl-master/entry/src/main/cpp/include -ID:/HUAWEI/Lab2/ndk-opengl-master/entry/src/main/cpp/include/util -fdata-sections -ffunction-sections -funwind-tables -fstack-protector-strong -no-canonical-prefixes -fno-addrsig -Wa,--noexecstack -Wformat -Werror=format-security   -D__MUSL__ -O0 -g -fno-limit-debug-info  -fPIC -MD -MT CMakeFiles/tetrahedron_napi.dir/frame_handle.cpp.o -MF CMakeFiles\tetrahedron_napi.dir\frame_handle.cpp.o.d -o CMakeFiles/tetrahedron_napi.dir/frame_handle.cpp.o -c D:/HUAWEI/Lab2/ndk-opengl-master/entry/src/main/cpp/frame_handle.cpp[32m[39m
[33mclang++: warning: argument unused during compilation: '--gcc-toolchain=D:/HUAWEI/DevEco/DevEco Studio/sdk/default/openharmony/native/llvm' [-Wunused-command-line-argument][33m[39m
[31mD:/HUAWEI/Lab2/ndk-opengl-master/entry/src/main/cpp/frame_handle.cpp:69:9: error: use of undeclared identifier 'LOGE'[31m[39m
[31m        LOGE("FrameHandle::Init: Invalid parameters");[31m[39m
[31m        ^[31m[39m
[31mD:/HUAWEI/Lab2/ndk-opengl-master/entry/src/main/cpp/frame_handle.cpp:121:9: error: use of undeclared identifier 'LOGE'[31m[39m
[31m[31m[39m
[31m        LOGE("DampingRotation: tetrahedron_ is null");[31m[39m
[31m[31m[39m
[31m        ^[31m[39m
[31m[31m[39m
[31mD:/HUAWEI/Lab2/ndk-opengl-master/entry/src/main/cpp/frame_handle.cpp:153:9: error: use of undeclared identifier 'LOGE'[31m[39m
[31m[31m[39m
[31m        LOGE("ConstantSpeedRotation: tetrahedron_ is null");[31m[39m
[31m[31m[39m
[31m        ^[31m[39m
[31m[31m[39m
[33m3 errors generated.[33m[39m
[32m[32m[39m
[31mninja: build stopped: subcommand failed.[31m[39m
undefined
    at OhosLogger.errorMessageExit (D:\HUAWEI\DevEco\DevEco Studio\tools\hvigor\hvigor\src\base\log\hvigor-log.js:1:3497)
    at OhosLogger._printErrorAndExit (D:\HUAWEI\DevEco\DevEco Studio\tools\hvigor\hvigor-ohos-plugin\src\utils\log\ohos-logger.js:1:2024)
    at ChildProcess.<anonymous> (D:\HUAWEI\DevEco\DevEco Studio\tools\hvigor\hvigor-ohos-plugin\src\tasks\abstract-build-native.js:1:2796)
    at process.processTicksAndRejections (node:internal/process/task_queues:95:5)
[2026-04-21T18:04:56.813] [ERROR] debug-file - Error: Exceptions happened while executing D:\HUAWEI\DevEco\DevEco Studio\sdk\default\openharmony\native\build-tools\cmake\bin\ninja.exe -C D:\HUAWEI\Lab2\ndk-opengl-master\entry\.cxx\default\default\debug\x86_64.
[32mninja: Entering directory `D:\HUAWEI\Lab2\ndk-opengl-master\entry\.cxx\default\default\debug\x86_64'[32m[39m
[32m[1/3] Building CXX object CMakeFiles/tetrahedron_napi.dir/tetrahedron.cpp.o[32m[39m
[31mFAILED: CMakeFiles/tetrahedron_napi.dir/tetrahedron.cpp.o [31m[39m
[32mD:\HUAWEI\DevEco\DEVECO~1\sdk\default\OPENHA~1\native\llvm\bin\CLANG_~1.EXE --target=x86_64-linux-ohos --gcc-toolchain="D:/HUAWEI/DevEco/DevEco Studio/sdk/default/openharmony/native/llvm" --sysroot="D:/HUAWEI/DevEco/DevEco Studio/sdk/default/openharmony/native/sysroot" -Dtetrahedron_napi_EXPORTS -I"D:/HUAWEI/DevEco/DevEco Studio/sdk/default/hms/native/sysroot/usr/include" -ID:/HUAWEI/Lab2/ndk-opengl-master/entry/src/main/cpp -ID:/HUAWEI/Lab2/ndk-opengl-master/entry/src/main/cpp/include -ID:/HUAWEI/Lab2/ndk-opengl-master/entry/src/main/cpp/include/util -fdata-sections -ffunction-sections -funwind-tables -fstack-protector-strong -no-canonical-prefixes -fno-addrsig -Wa,--noexecstack -Wformat -Werror=format-security   -D__MUSL__ -O0 -g -fno-limit-debug-info  -fPIC -MD -MT CMakeFiles/tetrahedron_napi.dir/tetrahedron.cpp.o -MF CMakeFiles\tetrahedron_napi.dir\tetrahedron.cpp.o.d -o CMakeFiles/tetrahedron_napi.dir/tetrahedron.cpp.o -c D:/HUAWEI/Lab2/ndk-opengl-master/entry/src/main/cpp/tetrahedron.cpp[32m[39m
[33mclang++: warning: argument unused during compilation: '--gcc-toolchain=D:/HUAWEI/DevEco/DevEco Studio/sdk/default/openharmony/native/llvm' [-Wunused-command-line-argument][33m[39m
[32m[32m[39m
[31mD:/HUAWEI/Lab2/ndk-opengl-master/entry/src/main/cpp/tetrahedron.cpp:200:1: error: extraneous closing brace ('}')[31m[39m
[31m[31m[39m
[31m}[31m[39m
[31m[31m[39m
[31m^[31m[39m
[31m[31m[39m
[33m1 error generated.[33m[39m
[32m[32m[39m
[32m[2/3] Building CXX object CMakeFiles/tetrahedron_napi.dir/frame_handle.cpp.o[32m[39m
[31mFAILED: CMakeFiles/tetrahedron_napi.dir/frame_handle.cpp.o [31m[39m
[32mD:\HUAWEI\DevEco\DEVECO~1\sdk\default\OPENHA~1\native\llvm\bin\CLANG_~1.EXE --target=x86_64-linux-ohos --gcc-toolchain="D:/HUAWEI/DevEco/DevEco Studio/sdk/default/openharmony/native/llvm" --sysroot="D:/HUAWEI/DevEco/DevEco Studio/sdk/default/openharmony/native/sysroot" -Dtetrahedron_napi_EXPORTS -I"D:/HUAWEI/DevEco/DevEco Studio/sdk/default/hms/native/sysroot/usr/include" -ID:/HUAWEI/Lab2/ndk-opengl-master/entry/src/main/cpp -ID:/HUAWEI/Lab2/ndk-opengl-master/entry/src/main/cpp/include -ID:/HUAWEI/Lab2/ndk-opengl-master/entry/src/main/cpp/include/util -fdata-sections -ffunction-sections -funwind-tables -fstack-protector-strong -no-canonical-prefixes -fno-addrsig -Wa,--noexecstack -Wformat -Werror=format-security   -D__MUSL__ -O0 -g -fno-limit-debug-info  -fPIC -MD -MT CMakeFiles/tetrahedron_napi.dir/frame_handle.cpp.o -MF CMakeFiles\tetrahedron_napi.dir\frame_handle.cpp.o.d -o CMakeFiles/tetrahedron_napi.dir/frame_handle.cpp.o -c D:/HUAWEI/Lab2/ndk-opengl-master/entry/src/main/cpp/frame_handle.cpp[32m[39m
[33mclang++: warning: argument unused during compilation: '--gcc-toolchain=D:/HUAWEI/DevEco/DevEco Studio/sdk/default/openharmony/native/llvm' [-Wunused-command-line-argument][33m[39m
[31mD:/HUAWEI/Lab2/ndk-opengl-master/entry/src/main/cpp/frame_handle.cpp:69:9: error: use of undeclared identifier 'LOGE'[31m[39m
[31m        LOGE("FrameHandle::Init: Invalid parameters");[31m[39m
[31m        ^[31m[39m
[31mD:/HUAWEI/Lab2/ndk-opengl-master/entry/src/main/cpp/frame_handle.cpp:121:9: error: use of undeclared identifier 'LOGE'[31m[39m
[31m[31m[39m
[31m        LOGE("DampingRotation: tetrahedron_ is null");[31m[39m
[31m[31m[39m
[31m        ^[31m[39m
[31m[31m[39m
[31mD:/HUAWEI/Lab2/ndk-opengl-master/entry/src/main/cpp/frame_handle.cpp:153:9: error: use of undeclared identifier 'LOGE'[31m[39m
[31m[31m[39m
[31m        LOGE("ConstantSpeedRotation: tetrahedron_ is null");[31m[39m
[31m[31m[39m
[31m        ^[31m[39m
[31m[31m[39m
[33m3 errors generated.[33m[39m
[32m[32m[39m
[31mninja: build stopped: subcommand failed.[31m[39m
undefined
    at OhosLogger.errorMessageExit (D:\HUAWEI\DevEco\DevEco Studio\tools\hvigor\hvigor\src\base\log\hvigor-log.js:1:3497)
    at OhosLogger._printErrorAndExit (D:\HUAWEI\DevEco\DevEco Studio\tools\hvigor\hvigor-ohos-plugin\src\utils\log\ohos-logger.js:1:2024)
    at ChildProcess.<anonymous> (D:\HUAWEI\DevEco\DevEco Studio\tools\hvigor\hvigor-ohos-plugin\src\tasks\abstract-build-native.js:1:2796)
    at process.processTicksAndRejections (node:internal/process/task_queues:95:5)
[2026-04-21T18:04:56.813] [DEBUG] debug-file - hvigor build process will be closed.
[2026-04-21T18:04:56.818] [DEBUG] debug-file - session manager: send message to worker process.
[2026-04-21T18:04:56.818] [DEBUG] debug-file - session manager: send message to worker process.
[2026-04-21T18:04:56.818] [DEBUG] debug-file - watch worker: worker id should be larger than 0. Nothing will be sent to any worker thread.
[2026-04-21T18:04:56.819] [DEBUG] debug-file - watch worker: worker id should be larger than 0. Nothing will be sent to any worker thread.
[2026-04-21T18:07:49.976] [DEBUG] debug-file - env: nodejsVersion=v18.20.1
[2026-04-21T18:07:50.025] [DEBUG] debug-file - env: daemon=true
[2026-04-21T18:07:49.977] [DEBUG] debug-file - env: hvigor-config.json5 content = { modelVersion: '5.0.4', dependencies: {} }
[2026-04-21T18:07:50.417] [DEBUG] debug-file - session manager: set active socket. socketId=LBAnD4TEZLlme3CtAAAJ
[2026-04-21T18:07:50.421] [DEBUG] debug-file - watch worker: worker id should be larger than 0. Nothing will be sent to any worker thread.
[2026-04-21T18:07:50.423] [DEBUG] debug-file - Workers' log level updated to INFO
[2026-04-21T18:07:50.424] [DEBUG] debug-file - Hvigor init with startParameters:{
  hvigorfileTypeCheck: false,
  parallelExecution: true,
  incrementalExecution: true,
  printStackTrace: false,
  daemon: true,
  analyze: 0,
  logLevel: Level { level: 20000, levelStr: 'INFO', colour: 'green' },
  optimizationStrategy: 'memory',
  hotCompile: undefined,
  hotReloadBuild: undefined,
  customizedParam: undefined
}
[2026-04-21T18:07:50.426] [DEBUG] debug-file - Cache service initialization finished in 2 ms 
[2026-04-21T18:07:50.426] [DEBUG] debug-file - hvigorfile, resolving D:\HUAWEI\Lab2\ndk-opengl-master\hvigorfile.ts
[2026-04-21T18:07:50.430] [DEBUG] debug-file - hvigorfile, require result:  {}
[2026-04-21T18:07:50.431] [DEBUG] debug-file - hvigorfile, binding system plugins {}
[2026-04-21T18:07:50.432] [DEBUG] debug-file - Starting plugin build process
[2026-04-21T18:07:50.432] [DEBUG] debug-file - App plugin prepare start...
[2026-04-21T18:07:50.432] [DEBUG] debug-file - App plugin prepare end...
[2026-04-21T18:07:50.432] [DEBUG] debug-file - App plugin creating...
[2026-04-21T18:07:50.435] [DEBUG] debug-file - App plugin register hook start...
[2026-04-21T18:07:50.435] [DEBUG] debug-file - App plugin register hook end...
[2026-04-21T18:07:50.435] [DEBUG] debug-file - Plugin build process completed
[2026-04-21T18:07:50.435] [DEBUG] debug-file - Start initialize project's product build option map with build mode debug.
[2026-04-21T18:07:50.435] [DEBUG] debug-file - Picking option from product 'default' with build mode 'debug'.
[2026-04-21T18:07:50.435] [DEBUG] debug-file - Product 'default' build option initialized
[2026-04-21T18:07:50.435] [DEBUG] debug-file - End initialize project's product build option map with build mode 'debug'.
[2026-04-21T18:07:50.436] [DEBUG] debug-file - Obtain build option for product 'default'in this build.
[2026-04-21T18:07:50.436] [DEBUG] debug-file - No signingConfig found, initRemoteHspCache failed.
[2026-04-21T18:07:50.438] [DEBUG] debug-file - Start recording SDK configuration permission data.
[2026-04-21T18:07:50.456] [DEBUG] debug-file - Sdk init in 20 ms 
[2026-04-21T18:07:50.458] [DEBUG] debug-file - Project task initialization takes 2 ms 
[2026-04-21T18:07:50.458] [DEBUG] debug-file - hvigorfile, resolve finished D:\HUAWEI\Lab2\ndk-opengl-master\hvigorfile.ts
[2026-04-21T18:07:50.458] [DEBUG] debug-file - hvigorfile, resolving D:\HUAWEI\Lab2\ndk-opengl-master\entry\hvigorfile.ts
[2026-04-21T18:07:50.461] [DEBUG] debug-file - hvigorfile, require result:  {}
[2026-04-21T18:07:50.461] [DEBUG] debug-file - hvigorfile, binding system plugins {}
[2026-04-21T18:07:50.461] [DEBUG] debug-file - Starting plugin build process
[2026-04-21T18:07:50.461] [DEBUG] debug-file - Hap plugin creating...
[2026-04-21T18:07:50.461] [DEBUG] debug-file - failed to load cangjie to dynamically generate schemas: Error: Cannot find module '@ohos/cangjie-build-support/index'
Require stack:
- D:\HUAWEI\DevEco\DevEco Studio\tools\hvigor\hvigor-ohos-plugin\src\plugin\hooks\cangjie-register.js
- D:\HUAWEI\DevEco\DevEco Studio\tools\hvigor\hvigor-ohos-plugin\src\plugin\strategy\stage-init-strategy.js
- D:\HUAWEI\DevEco\DevEco Studio\tools\hvigor\hvigor-ohos-plugin\src\plugin\builder\abstract-plugin-builder.js
- D:\HUAWEI\DevEco\DevEco Studio\tools\hvigor\hvigor-ohos-plugin\src\plugin\builder\app-plugin-builder.js
- D:\HUAWEI\DevEco\DevEco Studio\tools\hvigor\hvigor-ohos-plugin\src\plugin\factory\plugin-factory.js
- D:\HUAWEI\DevEco\DevEco Studio\tools\hvigor\hvigor-ohos-plugin\index.js
- D:\HUAWEI\Lab2\ndk-opengl-master\hvigorfile.ts
- D:\HUAWEI\DevEco\DevEco Studio\tools\hvigor\hvigor\src\base\internal\lifecycle\configuration.js
- D:\HUAWEI\DevEco\DevEco Studio\tools\hvigor\hvigor\src\base\boot\index.js
- D:\HUAWEI\DevEco\DevEco Studio\tools\hvigor\hvigor\src\base\daemon\cluster\worker-process-lifecycle.js
- D:\HUAWEI\DevEco\DevEco Studio\tools\hvigor\hvigor\src\base\daemon\process\daemon-process-boot-script.js
[2026-04-21T18:07:50.463] [DEBUG] debug-file - Start initialize module-target build option map, moduleName=entry, buildMode=debug
[2026-04-21T18:07:50.463] [DEBUG] debug-file - Target 'default' config initialized
[2026-04-21T18:07:50.463] [DEBUG] debug-file - Module 'entry' target 'default' build option initialized
[2026-04-21T18:07:50.463] [DEBUG] debug-file - End initialize module-target build option map, moduleName=entry
[2026-04-21T18:07:50.463] [DEBUG] debug-file - Start initialize module-target build option map, moduleName=entry, buildMode=release
[2026-04-21T18:07:50.463] [DEBUG] debug-file - Target 'default' config initialized
[2026-04-21T18:07:50.463] [DEBUG] debug-file - Module 'entry' target 'default' build option initialized
[2026-04-21T18:07:50.463] [DEBUG] debug-file - End initialize module-target build option map, moduleName=entry
[2026-04-21T18:07:50.463] [DEBUG] debug-file - Start initialize module-target build option map, moduleName=entry, buildMode=debug
[2026-04-21T18:07:50.463] [DEBUG] debug-file - Target 'default' config initialized
[2026-04-21T18:07:50.463] [DEBUG] debug-file - Module 'entry' target 'default' build option initialized
[2026-04-21T18:07:50.463] [DEBUG] debug-file - End initialize module-target build option map, moduleName=entry
[2026-04-21T18:07:50.464] [DEBUG] debug-file - Obtain build option for module 'entry' target 'default'in this build.
[2026-04-21T18:07:50.464] [DEBUG] debug-file - Module entry task initialization takes 1 ms 
[2026-04-21T18:07:50.465] [DEBUG] debug-file - Hap plugin register hook start...
[2026-04-21T18:07:50.465] [DEBUG] debug-file - Hap plugin register hook end...
[2026-04-21T18:07:50.465] [DEBUG] debug-file - Plugin build process completed
[2026-04-21T18:07:50.465] [DEBUG] debug-file - hvigorfile, resolve finished D:\HUAWEI\Lab2\ndk-opengl-master\entry\hvigorfile.ts
[2026-04-21T18:07:50.477] [DEBUG] debug-file - hvigorfile, resolve hvigorfile dependencies in 12 ms 
[2026-04-21T18:07:50.477] [DEBUG] debug-file - project has submodules:entry
[2026-04-21T18:07:50.477] [DEBUG] debug-file - start to load updatedOhPackageInfo to the disk
[2026-04-21T18:07:50.482] [DEBUG] debug-file - load to the disk finished
[2026-04-21T18:07:50.482] [DEBUG] debug-file - Start to initialize dependency information.
[2026-04-21T18:07:50.483] [DEBUG] debug-file - Module ndk-opengl-master Collected Dependency: 
[2026-04-21T18:07:50.483] [DEBUG] debug-file - Module ndk-opengl-master's total dependency: 0
[2026-04-21T18:07:50.483] [DEBUG] debug-file - Start to initialize dependency information.
[2026-04-21T18:07:50.485] [DEBUG] debug-file - Module entry Collected Dependency: 
[2026-04-21T18:07:50.485] [DEBUG] debug-file - Module entry's total dependency: 0
[2026-04-21T18:07:50.486] [DEBUG] debug-file - Configuration phase cost:60 ms 
[2026-04-21T18:07:50.487] [DEBUG] debug-file - Configuration task cost before running: 65 ms 
[2026-04-21T18:07:50.489] [DEBUG] debug-file - Executing task :entry:default@PreBuild
[2026-04-21T18:07:50.489] [DEBUG] debug-file - Task 'entry:default@PreBuild' cost while wrapping incremental declarations: 1 ms 
[2026-04-21T18:07:50.492] [DEBUG] debug-file - entry:default@PreBuild is not up-to-date, since the task snapshots are different.
[2026-04-21T18:07:50.492] [DEBUG] debug-file - Incremental task entry:default@PreBuild pre-execution cost: 2 ms .
[2026-04-21T18:07:50.494] [DEBUG] debug-file - current product is not Atomic service.
[2026-04-21T18:07:50.494] [DEBUG] debug-file - Use tool [win32: JAVA_HOME, CLASSPATH]
 [
  { JAVA_HOME: 'D:\\HUAWEI\\DevEco\\DevEco Studio\\jbr' },
  { CLASSPATH: undefined }
]
[2026-04-21T18:07:50.495] [DEBUG] debug-file - Use tool [win32: NODE_HOME]
 [ { NODE_HOME: 'D:\\HUAWEI\\DevEco\\DevEco Studio\\tools\\node' } ]
[2026-04-21T18:07:50.495] [DEBUG] debug-file - entry : default@PreBuild cost memory -1.2707977294921875
[2026-04-21T18:07:50.495] [DEBUG] debug-file - runTaskFromQueue task cost before running: 72 ms 
[2026-04-21T18:07:50.496] [INFO] debug-file - Finished :entry:default@PreBuild... after 6 ms 
[2026-04-21T18:07:50.496] [DEBUG] debug-file - Executing task :entry:default@CreateModuleInfo
[2026-04-21T18:07:50.496] [DEBUG] debug-file - Task 'entry:default@CreateModuleInfo' cost while wrapping incremental declarations: 1 ms 
[2026-04-21T18:07:50.496] [DEBUG] debug-file - entry : default@CreateModuleInfo cost memory 0.0417022705078125
[2026-04-21T18:07:50.496] [DEBUG] debug-file - runTaskFromQueue task cost before running: 74 ms 
[2026-04-21T18:07:50.496] [INFO] debug-file - Finished :entry:default@CreateModuleInfo... after 1 ms 
[2026-04-21T18:07:50.497] [DEBUG] debug-file - Executing task :entry:default@GenerateMetadata
[2026-04-21T18:07:50.497] [DEBUG] debug-file - Task 'entry:default@GenerateMetadata' cost while wrapping incremental declarations: 1 ms 
[2026-04-21T18:07:50.498] [DEBUG] debug-file - Incremental task entry:default@GenerateMetadata pre-execution cost: 1 ms .
[2026-04-21T18:07:50.498] [DEBUG] debug-file - entry : default@GenerateMetadata cost memory 0.08194732666015625
[2026-04-21T18:07:50.498] [INFO] debug-file - UP-TO-DATE :entry:default@GenerateMetadata...  
[2026-04-21T18:07:50.498] [DEBUG] debug-file - Executing task :entry:default@ConfigureCmake
[2026-04-21T18:07:50.499] [DEBUG] debug-file - entry : default@ConfigureCmake cost memory 0.03937530517578125
[2026-04-21T18:07:50.499] [DEBUG] debug-file - runTaskFromQueue task cost before running: 77 ms 
[2026-04-21T18:07:50.499] [INFO] debug-file - Finished :entry:default@ConfigureCmake... after 1 ms 
[2026-04-21T18:07:50.499] [DEBUG] debug-file - Executing task :entry:default@MergeProfile
[2026-04-21T18:07:50.499] [DEBUG] debug-file - Task 'entry:default@MergeProfile' cost while wrapping incremental declarations: 1 ms 
[2026-04-21T18:07:50.501] [DEBUG] debug-file - Incremental task entry:default@MergeProfile pre-execution cost: 1 ms .
[2026-04-21T18:07:50.501] [DEBUG] debug-file - entry : default@MergeProfile cost memory 0.12256622314453125
[2026-04-21T18:07:50.501] [INFO] debug-file - UP-TO-DATE :entry:default@MergeProfile...  
[2026-04-21T18:07:50.501] [DEBUG] debug-file - Executing task :entry:default@CreateBuildProfile
[2026-04-21T18:07:50.502] [DEBUG] debug-file - Task 'entry:default@CreateBuildProfile' cost while wrapping incremental declarations: 1 ms 
[2026-04-21T18:07:50.502] [DEBUG] debug-file - Incremental task entry:default@CreateBuildProfile pre-execution cost: 1 ms .
[2026-04-21T18:07:50.502] [DEBUG] debug-file - entry : default@CreateBuildProfile cost memory 0.08768463134765625
[2026-04-21T18:07:50.502] [INFO] debug-file - UP-TO-DATE :entry:default@CreateBuildProfile...  
[2026-04-21T18:07:50.503] [DEBUG] debug-file - Executing task :entry:default@PreCheckSyscap
[2026-04-21T18:07:50.503] [DEBUG] debug-file - entry : default@PreCheckSyscap cost memory 0.01485443115234375
[2026-04-21T18:07:50.503] [DEBUG] debug-file - runTaskFromQueue task cost before running: 81 ms 
[2026-04-21T18:07:50.503] [INFO] debug-file - Finished :entry:default@PreCheckSyscap... after 1 ms 
[2026-04-21T18:07:50.504] [DEBUG] debug-file - Executing task :entry:default@GeneratePkgContextInfo
[2026-04-21T18:07:50.506] [DEBUG] debug-file - Task 'entry:default@GeneratePkgContextInfo' cost while wrapping incremental declarations: 1 ms 
[2026-04-21T18:07:50.506] [DEBUG] debug-file - entry : default@GeneratePkgContextInfo cost memory 0.506011962890625
[2026-04-21T18:07:50.506] [DEBUG] debug-file - runTaskFromQueue task cost before running: 84 ms 
[2026-04-21T18:07:50.506] [INFO] debug-file - Finished :entry:default@GeneratePkgContextInfo... after 3 ms 
[2026-04-21T18:07:50.509] [DEBUG] debug-file - Executing task :entry:default@ProcessIntegratedHsp
[2026-04-21T18:07:50.509] [DEBUG] debug-file - entry:default@ProcessIntegratedHsp is not up-to-date, since the output file 'D:\HUAWEI\Lab2\ndk-opengl-master\build\cache\default\integrated_hsp\integratedHspCache.json' does not exist.
[2026-04-21T18:07:50.509] [DEBUG] debug-file - Incremental task entry:default@ProcessIntegratedHsp pre-execution cost: 1 ms .
[2026-04-21T18:07:50.509] [DEBUG] debug-file - entry : default@ProcessIntegratedHsp cost memory 0.05910491943359375
[2026-04-21T18:07:50.509] [DEBUG] debug-file - runTaskFromQueue task cost before running: 87 ms 
[2026-04-21T18:07:50.509] [INFO] debug-file - Finished :entry:default@ProcessIntegratedHsp... after 1 ms 
[2026-04-21T18:07:50.510] [DEBUG] debug-file - Executing task :entry:default@BuildNativeWithCmake
[2026-04-21T18:07:50.511] [DEBUG] debug-file - Use tool [Cmake]
 [
  'D:\\HUAWEI\\DevEco\\DevEco Studio\\sdk\\default\\openharmony\\native\\build-tools\\cmake\\bin\\cmake.exe',
  '-HD:\\HUAWEI\\Lab2\\ndk-opengl-master\\entry\\src\\main\\cpp',
  '-BD:\\HUAWEI\\Lab2\\ndk-opengl-master\\entry\\.cxx\\default\\default\\debug\\arm64-v8a',
  '-DOHOS_ARCH=arm64-v8a',
  '-DCMAKE_LIBRARY_OUTPUT_DIRECTORY=D:\\HUAWEI\\Lab2\\ndk-opengl-master\\entry\\build\\default\\intermediates\\cmake\\default\\obj\\arm64-v8a',
  '-DCMAKE_BUILD_TYPE=Debug',
  '-DOHOS_SDK_NATIVE=D:\\HUAWEI\\DevEco\\DevEco Studio\\sdk\\default\\openharmony\\native',
  '-DCMAKE_SYSTEM_NAME=OHOS',
  '-DCMAKE_OHOS_ARCH_ABI=arm64-v8a',
  '-DCMAKE_EXPORT_COMPILE_COMMANDS=ON',
  '-DCMAKE_TOOLCHAIN_FILE=D:\\HUAWEI\\DevEco\\DevEco Studio\\sdk\\default\\hms\\native\\build\\cmake\\hmos.toolchain.cmake',
  '-GNinja',
  '-DCMAKE_MAKE_PROGRAM=D:\\HUAWEI\\DevEco\\DevEco Studio\\sdk\\default\\openharmony\\native\\build-tools\\cmake\\bin\\ninja.exe',
  '-DCMAKE_FIND_ROOT_PATH=D:\\HUAWEI\\Lab2\\ndk-opengl-master\\entry\\.cxx\\default\\default\\debug\\hvigor\\arm64-v8a',
  '-DPACKAGE_FIND_FILE=D:\\HUAWEI\\Lab2\\ndk-opengl-master\\entry\\.cxx\\default\\default\\debug\\hvigor\\arm64-v8a\\summary.cmake',
  '--no-warn-unused-cli',
  '-DHMOS_SDK_NATIVE=D:\\HUAWEI\\DevEco\\DevEco Studio\\sdk\\default\\hms\\native'
]
[2026-04-21T18:07:50.515] [DEBUG] debug-file - CMake configuration was up-to-date
[2026-04-21T18:07:50.517] [DEBUG] debug-file - Use tool [Cmake]
 [
  'D:\\HUAWEI\\DevEco\\DevEco Studio\\sdk\\default\\openharmony\\native\\build-tools\\cmake\\bin\\cmake.exe',
  '-HD:\\HUAWEI\\Lab2\\ndk-opengl-master\\entry\\src\\main\\cpp',
  '-BD:\\HUAWEI\\Lab2\\ndk-opengl-master\\entry\\.cxx\\default\\default\\debug\\x86_64',
  '-DOHOS_ARCH=x86_64',
  '-DCMAKE_LIBRARY_OUTPUT_DIRECTORY=D:\\HUAWEI\\Lab2\\ndk-opengl-master\\entry\\build\\default\\intermediates\\cmake\\default\\obj\\x86_64',
  '-DCMAKE_BUILD_TYPE=Debug',
  '-DOHOS_SDK_NATIVE=D:\\HUAWEI\\DevEco\\DevEco Studio\\sdk\\default\\openharmony\\native',
  '-DCMAKE_SYSTEM_NAME=OHOS',
  '-DCMAKE_OHOS_ARCH_ABI=x86_64',
  '-DCMAKE_EXPORT_COMPILE_COMMANDS=ON',
  '-DCMAKE_TOOLCHAIN_FILE=D:\\HUAWEI\\DevEco\\DevEco Studio\\sdk\\default\\hms\\native\\build\\cmake\\hmos.toolchain.cmake',
  '-GNinja',
  '-DCMAKE_MAKE_PROGRAM=D:\\HUAWEI\\DevEco\\DevEco Studio\\sdk\\default\\openharmony\\native\\build-tools\\cmake\\bin\\ninja.exe',
  '-DCMAKE_FIND_ROOT_PATH=D:\\HUAWEI\\Lab2\\ndk-opengl-master\\entry\\.cxx\\default\\default\\debug\\hvigor\\x86_64',
  '-DPACKAGE_FIND_FILE=D:\\HUAWEI\\Lab2\\ndk-opengl-master\\entry\\.cxx\\default\\default\\debug\\hvigor\\x86_64\\summary.cmake',
  '--no-warn-unused-cli',
  '-DHMOS_SDK_NATIVE=D:\\HUAWEI\\DevEco\\DevEco Studio\\sdk\\default\\hms\\native'
]
[2026-04-21T18:07:50.521] [DEBUG] debug-file - CMake configuration was up-to-date
[2026-04-21T18:07:50.522] [DEBUG] debug-file - entry : default@BuildNativeWithCmake cost memory 0.8866424560546875
[2026-04-21T18:07:50.522] [DEBUG] debug-file - runTaskFromQueue task cost before running: 100 ms 
[2026-04-21T18:07:50.522] [INFO] debug-file - Finished :entry:default@BuildNativeWithCmake... after 13 ms 
[2026-04-21T18:07:50.523] [DEBUG] debug-file - Executing task :entry:default@MakePackInfo
[2026-04-21T18:07:50.524] [DEBUG] debug-file - Incremental task entry:default@MakePackInfo pre-execution cost: 1 ms .
[2026-04-21T18:07:50.524] [DEBUG] debug-file - entry : default@MakePackInfo cost memory 0.0953369140625
[2026-04-21T18:07:50.524] [INFO] debug-file - UP-TO-DATE :entry:default@MakePackInfo...  
[2026-04-21T18:07:50.525] [DEBUG] debug-file - Executing task :entry:default@SyscapTransform
[2026-04-21T18:07:50.525] [DEBUG] debug-file - File: 'D:\HUAWEI\Lab2\ndk-opengl-master\entry\src\main\syscap.json' from 'sysCapJsonPath' is not exists, just ignore.
[2026-04-21T18:07:50.525] [DEBUG] debug-file - Task 'entry:default@SyscapTransform' cost while wrapping incremental declarations: 1 ms 
[2026-04-21T18:07:50.526] [DEBUG] debug-file - entry:default@SyscapTransform is not up-to-date, since the output file 'D:\HUAWEI\Lab2\ndk-opengl-master\entry\build\default\intermediates\syscap\default\rpcid.sc' does not exist.
[2026-04-21T18:07:50.526] [DEBUG] debug-file - Incremental task entry:default@SyscapTransform pre-execution cost: 1 ms .
[2026-04-21T18:07:50.526] [DEBUG] debug-file - entry : default@SyscapTransform cost memory 0.1613616943359375
[2026-04-21T18:07:50.526] [DEBUG] debug-file - runTaskFromQueue task cost before running: 104 ms 
[2026-04-21T18:07:50.526] [INFO] debug-file - Finished :entry:default@SyscapTransform... after 2 ms 
[2026-04-21T18:07:50.527] [DEBUG] debug-file - Executing task :entry:default@ProcessProfile
[2026-04-21T18:07:50.527] [DEBUG] debug-file - Task 'entry:default@ProcessProfile' cost while wrapping incremental declarations: 1 ms 
[2026-04-21T18:07:50.528] [DEBUG] debug-file - Incremental task entry:default@ProcessProfile pre-execution cost: 1 ms .
[2026-04-21T18:07:50.528] [DEBUG] debug-file - entry : default@ProcessProfile cost memory -1.52801513671875
[2026-04-21T18:07:50.528] [INFO] debug-file - UP-TO-DATE :entry:default@ProcessProfile...  
[2026-04-21T18:07:50.529] [DEBUG] debug-file - Executing task :entry:default@ProcessRouterMap
[2026-04-21T18:07:50.530] [DEBUG] debug-file - Incremental task entry:default@ProcessRouterMap pre-execution cost: 1 ms .
[2026-04-21T18:07:50.530] [DEBUG] debug-file - entry : default@ProcessRouterMap cost memory 0.12500762939453125
[2026-04-21T18:07:50.530] [INFO] debug-file - UP-TO-DATE :entry:default@ProcessRouterMap...  
[2026-04-21T18:07:50.531] [DEBUG] debug-file - Executing task :entry:default@ProcessShareConfig
[2026-04-21T18:07:50.532] [DEBUG] debug-file - Incremental task entry:default@ProcessShareConfig pre-execution cost: 1 ms .
[2026-04-21T18:07:50.532] [DEBUG] debug-file - entry : default@ProcessShareConfig cost memory 0.10443878173828125
[2026-04-21T18:07:50.532] [INFO] debug-file - UP-TO-DATE :entry:default@ProcessShareConfig...  
[2026-04-21T18:07:50.533] [DEBUG] debug-file - Executing task :entry:default@ProcessStartupConfig
[2026-04-21T18:07:50.533] [DEBUG] debug-file - Task 'entry:default@ProcessStartupConfig' cost while wrapping incremental declarations: 1 ms 
[2026-04-21T18:07:50.533] [DEBUG] debug-file - entry:default@ProcessStartupConfig is not up-to-date, since the output file 'D:\HUAWEI\Lab2\ndk-opengl-master\entry\build\default\intermediates\startup\default\startup_config.json' does not exist.
[2026-04-21T18:07:50.533] [DEBUG] debug-file - Incremental task entry:default@ProcessStartupConfig pre-execution cost: 1 ms .
[2026-04-21T18:07:50.533] [DEBUG] debug-file - entry : default@ProcessStartupConfig cost memory 0.09313201904296875
[2026-04-21T18:07:50.533] [DEBUG] debug-file - runTaskFromQueue task cost before running: 111 ms 
[2026-04-21T18:07:50.533] [INFO] debug-file - Finished :entry:default@ProcessStartupConfig... after 1 ms 
[2026-04-21T18:07:50.534] [DEBUG] debug-file - Executing task :entry:default@BuildNativeWithNinja
[2026-04-21T18:07:50.534] [DEBUG] debug-file - Use tool [Ninja]
 [
  'D:\\HUAWEI\\DevEco\\DevEco Studio\\sdk\\default\\openharmony\\native\\build-tools\\cmake\\bin\\ninja.exe',
  '-C',
  'D:\\HUAWEI\\Lab2\\ndk-opengl-master\\entry\\.cxx\\default\\default\\debug\\arm64-v8a'
]
[2026-04-21T18:07:50.534] [DEBUG] debug-file - default@BuildNativeWithNinja work[12] is submitted.
[2026-04-21T18:07:50.534] [DEBUG] debug-file - default@BuildNativeWithNinja work[12] is pushed to ready queue.
[2026-04-21T18:07:50.534] [DEBUG] debug-file - A work dispatched to worker[19] failed because unable to get work from ready queue.
[2026-04-21T18:07:50.534] [DEBUG] debug-file - Create  resident worker with id: 18.
[2026-04-21T18:07:50.535] [DEBUG] debug-file - default@BuildNativeWithNinja work[12] has been dispatched to worker[18].
[2026-04-21T18:07:50.535] [DEBUG] debug-file - default@BuildNativeWithNinja work[12] is dispatched.
[2026-04-21T18:07:50.540] [DEBUG] debug-file - OHOS_STL is c++_shared
[2026-04-21T18:07:50.540] [DEBUG] debug-file - Copy STL libc++_shared.so to D:\HUAWEI\Lab2\ndk-opengl-master\entry\build\default\intermediates\cmake\default\obj\arm64-v8a due to OHOS_STL is 'c++_shared'
[2026-04-21T18:07:50.540] [DEBUG] debug-file - Use tool [Ninja]
 [
  'D:\\HUAWEI\\DevEco\\DevEco Studio\\sdk\\default\\openharmony\\native\\build-tools\\cmake\\bin\\ninja.exe',
  '-C',
  'D:\\HUAWEI\\Lab2\\ndk-opengl-master\\entry\\.cxx\\default\\default\\debug\\x86_64'
]
[2026-04-21T18:07:50.540] [DEBUG] debug-file - default@BuildNativeWithNinja work[13] is submitted.
[2026-04-21T18:07:50.540] [DEBUG] debug-file - default@BuildNativeWithNinja work[13] is pushed to ready queue.
[2026-04-21T18:07:50.540] [DEBUG] debug-file - A work dispatched to worker[19] failed because unable to get work from ready queue.
[2026-04-21T18:07:50.540] [DEBUG] debug-file - A work dispatched to worker[18] failed because of worker busy.
[2026-04-21T18:07:50.540] [DEBUG] debug-file - Create  resident worker with id: 17.
[2026-04-21T18:07:50.541] [DEBUG] debug-file - default@BuildNativeWithNinja work[13] has been dispatched to worker[17].
[2026-04-21T18:07:50.541] [DEBUG] debug-file - default@BuildNativeWithNinja work[13] is dispatched.
[2026-04-21T18:07:50.545] [DEBUG] debug-file - OHOS_STL is c++_shared
[2026-04-21T18:07:50.545] [DEBUG] debug-file - Copy STL libc++_shared.so to D:\HUAWEI\Lab2\ndk-opengl-master\entry\build\default\intermediates\cmake\default\obj\x86_64 due to OHOS_STL is 'c++_shared'
[2026-04-21T18:07:50.545] [DEBUG] debug-file - entry : default@BuildNativeWithNinja cost memory 0.8564376831054688
[2026-04-21T18:07:50.546] [DEBUG] debug-file - restool module names: entry; moduleName=entry, taskName=default@ProcessResource
[2026-04-21T18:07:50.547] [DEBUG] debug-file - Executing task :entry:default@ProcessResource
[2026-04-21T18:07:50.547] [DEBUG] debug-file - Task 'entry:default@ProcessResource' cost while wrapping incremental declarations: 1 ms 
[2026-04-21T18:07:50.548] [DEBUG] debug-file - Incremental task entry:default@ProcessResource pre-execution cost: 1 ms .
[2026-04-21T18:07:50.548] [DEBUG] debug-file - entry : default@ProcessResource cost memory 0.1284027099609375
[2026-04-21T18:07:50.550] [INFO] debug-file - UP-TO-DATE :entry:default@ProcessResource...  
[2026-04-21T18:07:50.551] [DEBUG] debug-file - Executing task :entry:default@GenerateLoaderJson
[2026-04-21T18:07:50.551] [DEBUG] debug-file - Task 'entry:default@GenerateLoaderJson' cost while wrapping incremental declarations: 1 ms 
[2026-04-21T18:07:50.555] [DEBUG] debug-file - Incremental task entry:default@GenerateLoaderJson pre-execution cost: 2 ms .
[2026-04-21T18:07:50.555] [DEBUG] debug-file - entry : default@GenerateLoaderJson cost memory 0.45459747314453125
[2026-04-21T18:07:50.556] [INFO] debug-file - UP-TO-DATE :entry:default@GenerateLoaderJson...  
[2026-04-21T18:07:50.557] [DEBUG] debug-file - restool module names: entry; moduleName=entry, taskName=default@CompileResource
[2026-04-21T18:07:50.557] [DEBUG] debug-file - Executing task :entry:default@CompileResource
[2026-04-21T18:07:50.561] [DEBUG] debug-file - Incremental task entry:default@CompileResource pre-execution cost: 4 ms .
[2026-04-21T18:07:50.561] [DEBUG] debug-file - entry : default@CompileResource cost memory 0.5465545654296875
[2026-04-21T18:07:50.562] [INFO] debug-file - UP-TO-DATE :entry:default@CompileResource...  
[2026-04-21T18:07:50.563] [DEBUG] debug-file - Executing task :entry:default@CompileArkTS
[2026-04-21T18:07:50.563] [DEBUG] debug-file - obfuscationOptions: undefined
[2026-04-21T18:07:50.563] [DEBUG] debug-file - Task 'entry:default@CompileArkTS' cost while wrapping incremental declarations: 1 ms 
[2026-04-21T18:07:50.567] [DEBUG] debug-file - Incremental task entry:default@CompileArkTS pre-execution cost: 3 ms .
[2026-04-21T18:07:50.567] [DEBUG] debug-file - entry : default@CompileArkTS cost memory 0.49050140380859375
[2026-04-21T18:07:50.568] [INFO] debug-file - UP-TO-DATE :entry:default@CompileArkTS...  
[2026-04-21T18:07:50.569] [DEBUG] debug-file - Executing task :entry:default@BuildJS
[2026-04-21T18:07:50.569] [DEBUG] debug-file - Task 'entry:default@BuildJS' cost while wrapping incremental declarations: 1 ms 
[2026-04-21T18:07:50.570] [DEBUG] debug-file - entry : default@BuildJS cost memory 0.1552886962890625
[2026-04-21T18:07:50.570] [DEBUG] debug-file - runTaskFromQueue task cost before running: 148 ms 
[2026-04-21T18:07:50.570] [INFO] debug-file - Finished :entry:default@BuildJS... after 2 ms 
[2026-04-21T18:07:52.103] [DEBUG] debug-file - ninja: Entering directory `D:\HUAWEI\Lab2\ndk-opengl-master\entry\.cxx\default\default\debug\arm64-v8a'
[1/3] Building CXX object CMakeFiles/tetrahedron_napi.dir/tetrahedron.cpp.o
FAILED: CMakeFiles/tetrahedron_napi.dir/tetrahedron.cpp.o 
D:\HUAWEI\DevEco\DEVECO~1\sdk\default\OPENHA~1\native\llvm\bin\CLANG_~1.EXE --target=aarch64-linux-ohos --gcc-toolchain="D:/HUAWEI/DevEco/DevEco Studio/sdk/default/openharmony/native/llvm" --sysroot="D:/HUAWEI/DevEco/DevEco Studio/sdk/default/openharmony/native/sysroot" -Dtetrahedron_napi_EXPORTS -I"D:/HUAWEI/DevEco/DevEco Studio/sdk/default/hms/native/sysroot/usr/include" -ID:/HUAWEI/Lab2/ndk-opengl-master/entry/src/main/cpp -ID:/HUAWEI/Lab2/ndk-opengl-master/entry/src/main/cpp/include -ID:/HUAWEI/Lab2/ndk-opengl-master/entry/src/main/cpp/include/util -fdata-sections -ffunction-sections -funwind-tables -fstack-protector-strong -no-canonical-prefixes -fno-addrsig -Wa,--noexecstack -Wformat -Werror=format-security   -D__MUSL__ -O0 -g -fno-limit-debug-info  -fPIC -MD -MT CMakeFiles/tetrahedron_napi.dir/tetrahedron.cpp.o -MF CMakeFiles\tetrahedron_napi.dir\tetrahedron.cpp.o.d -o CMakeFiles/tetrahedron_napi.dir/tetrahedron.cpp.o -c D:/HUAWEI/Lab2/ndk-opengl-master/entry/src/main/cpp/tetrahedron.cpp
clang++: warning: argument unused during compilation: '--gcc-toolchain=D:/HUAWEI/DevEco/DevEco Studio/sdk/default/openharmony/native/llvm' [-Wunused-command-line-argument]
D:/HUAWEI/Lab2/ndk-opengl-master/entry/src/main/cpp/tetrahedron.cpp:200:1: error: extraneous closing brace ('}')
}
^
1 error generated.
[2/3] Building CXX object CMakeFiles/tetrahedron_napi.dir/frame_handle.cpp.o
FAILED: CMakeFiles/tetrahedron_napi.dir/frame_handle.cpp.o 
D:\HUAWEI\DevEco\DEVECO~1\sdk\default\OPENHA~1\native\llvm\bin\CLANG_~1.EXE --target=aarch64-linux-ohos --gcc-toolchain="D:/HUAWEI/DevEco/DevEco Studio/sdk/default/openharmony/native/llvm" --sysroot="D:/HUAWEI/DevEco/DevEco Studio/sdk/default/openharmony/native/sysroot" -Dtetrahedron_napi_EXPORTS -I"D:/HUAWEI/DevEco/DevEco Studio/sdk/default/hms/native/sysroot/usr/include" -ID:/HUAWEI/Lab2/ndk-opengl-master/entry/src/main/cpp -ID:/HUAWEI/Lab2/ndk-opengl-master/entry/src/main/cpp/include -ID:/HUAWEI/Lab2/ndk-opengl-master/entry/src/main/cpp/include/util -fdata-sections -ffunction-sections -funwind-tables -fstack-protector-strong -no-canonical-prefixes -fno-addrsig -Wa,--noexecstack -Wformat -Werror=format-security   -D__MUSL__ -O0 -g -fno-limit-debug-info  -fPIC -MD -MT CMakeFiles/tetrahedron_napi.dir/frame_handle.cpp.o -MF CMakeFiles\tetrahedron_napi.dir\frame_handle.cpp.o.d -o CMakeFiles/tetrahedron_napi.dir/frame_handle.cpp.o -c D:/HUAWEI/Lab2/ndk-opengl-master/entry/src/main/cpp/frame_handle.cpp
clang++: warning: argument unused during compilation: '--gcc-toolchain=D:/HUAWEI/DevEco/DevEco Studio/sdk/default/openharmony/native/llvm' [-Wunused-command-line-argument]
D:/HUAWEI/Lab2/ndk-opengl-master/entry/src/main/cpp/frame_handle.cpp:69:9: error: use of undeclared identifier 'LOGE'
        LOGE("FrameHandle::Init: Invalid parameters");
        ^
D:/HUAWEI/Lab2/ndk-opengl-master/entry/src/main/cpp/frame_handle.cpp:121:9: error: use of undeclared identifier 'LOGE'
        LOGE("DampingRotation: tetrahedron_ is null");
        ^
D:/HUAWEI/Lab2/ndk-opengl-master/entry/src/main/cpp/frame_handle.cpp:153:9: error: use of undeclared identifier 'LOGE'
        LOGE("ConstantSpeedRotation: tetrahedron_ is null");
        ^
3 errors generated.
ninja: build stopped: subcommand failed.

[2026-04-21T18:07:52.108] [DEBUG] debug-file - ninja: Entering directory `D:\HUAWEI\Lab2\ndk-opengl-master\entry\.cxx\default\default\debug\x86_64'
[1/3] Building CXX object CMakeFiles/tetrahedron_napi.dir/tetrahedron.cpp.o
FAILED: CMakeFiles/tetrahedron_napi.dir/tetrahedron.cpp.o 
D:\HUAWEI\DevEco\DEVECO~1\sdk\default\OPENHA~1\native\llvm\bin\CLANG_~1.EXE --target=x86_64-linux-ohos --gcc-toolchain="D:/HUAWEI/DevEco/DevEco Studio/sdk/default/openharmony/native/llvm" --sysroot="D:/HUAWEI/DevEco/DevEco Studio/sdk/default/openharmony/native/sysroot" -Dtetrahedron_napi_EXPORTS -I"D:/HUAWEI/DevEco/DevEco Studio/sdk/default/hms/native/sysroot/usr/include" -ID:/HUAWEI/Lab2/ndk-opengl-master/entry/src/main/cpp -ID:/HUAWEI/Lab2/ndk-opengl-master/entry/src/main/cpp/include -ID:/HUAWEI/Lab2/ndk-opengl-master/entry/src/main/cpp/include/util -fdata-sections -ffunction-sections -funwind-tables -fstack-protector-strong -no-canonical-prefixes -fno-addrsig -Wa,--noexecstack -Wformat -Werror=format-security   -D__MUSL__ -O0 -g -fno-limit-debug-info  -fPIC -MD -MT CMakeFiles/tetrahedron_napi.dir/tetrahedron.cpp.o -MF CMakeFiles\tetrahedron_napi.dir\tetrahedron.cpp.o.d -o CMakeFiles/tetrahedron_napi.dir/tetrahedron.cpp.o -c D:/HUAWEI/Lab2/ndk-opengl-master/entry/src/main/cpp/tetrahedron.cpp
clang++: warning: argument unused during compilation: '--gcc-toolchain=D:/HUAWEI/DevEco/DevEco Studio/sdk/default/openharmony/native/llvm' [-Wunused-command-line-argument]
D:/HUAWEI/Lab2/ndk-opengl-master/entry/src/main/cpp/tetrahedron.cpp:200:1: error: extraneous closing brace ('}')
}
^
1 error generated.
[2/3] Building CXX object CMakeFiles/tetrahedron_napi.dir/frame_handle.cpp.o
FAILED: CMakeFiles/tetrahedron_napi.dir/frame_handle.cpp.o 
D:\HUAWEI\DevEco\DEVECO~1\sdk\default\OPENHA~1\native\llvm\bin\CLANG_~1.EXE --target=x86_64-linux-ohos --gcc-toolchain="D:/HUAWEI/DevEco/DevEco Studio/sdk/default/openharmony/native/llvm" --sysroot="D:/HUAWEI/DevEco/DevEco Studio/sdk/default/openharmony/native/sysroot" -Dtetrahedron_napi_EXPORTS -I"D:/HUAWEI/DevEco/DevEco Studio/sdk/default/hms/native/sysroot/usr/include" -ID:/HUAWEI/Lab2/ndk-opengl-master/entry/src/main/cpp -ID:/HUAWEI/Lab2/ndk-opengl-master/entry/src/main/cpp/include -ID:/HUAWEI/Lab2/ndk-opengl-master/entry/src/main/cpp/include/util -fdata-sections -ffunction-sections -funwind-tables -fstack-protector-strong -no-canonical-prefixes -fno-addrsig -Wa,--noexecstack -Wformat -Werror=format-security   -D__MUSL__ -O0 -g -fno-limit-debug-info  -fPIC -MD -MT CMakeFiles/tetrahedron_napi.dir/frame_handle.cpp.o -MF CMakeFiles\tetrahedron_napi.dir\frame_handle.cpp.o.d -o CMakeFiles/tetrahedron_napi.dir/frame_handle.cpp.o -c D:/HUAWEI/Lab2/ndk-opengl-master/entry/src/main/cpp/frame_handle.cpp
clang++: warning: argument unused during compilation: '--gcc-toolchain=D:/HUAWEI/DevEco/DevEco Studio/sdk/default/openharmony/native/llvm' [-Wunused-command-line-argument]
D:/HUAWEI/Lab2/ndk-opengl-master/entry/src/main/cpp/frame_handle.cpp:69:9: error: use of undeclared identifier 'LOGE'
        LOGE("FrameHandle::Init: Invalid parameters");
        ^
D:/HUAWEI/Lab2/ndk-opengl-master/entry/src/main/cpp/frame_handle.cpp:121:9: error: use of undeclared identifier 'LOGE'
        LOGE("DampingRotation: tetrahedron_ is null");
        ^
D:/HUAWEI/Lab2/ndk-opengl-master/entry/src/main/cpp/frame_handle.cpp:153:9: error: use of undeclared identifier 'LOGE'
        LOGE("ConstantSpeedRotation: tetrahedron_ is null");
        ^
3 errors generated.
ninja: build stopped: subcommand failed.

[2026-04-21T18:07:52.117] [DEBUG] debug-file - worker[18] encounters error: Exceptions happened while executing D:\HUAWEI\DevEco\DevEco Studio\sdk\default\openharmony\native\build-tools\cmake\bin\ninja.exe -C D:\HUAWEI\Lab2\ndk-opengl-master\entry\.cxx\default\default\debug\arm64-v8a.
[32mninja: Entering directory `D:\HUAWEI\Lab2\ndk-opengl-master\entry\.cxx\default\default\debug\arm64-v8a'[32m[39m
[32m[1/3] Building CXX object CMakeFiles/tetrahedron_napi.dir/tetrahedron.cpp.o[32m[39m
[31mFAILED: CMakeFiles/tetrahedron_napi.dir/tetrahedron.cpp.o [31m[39m
[32mD:\HUAWEI\DevEco\DEVECO~1\sdk\default\OPENHA~1\native\llvm\bin\CLANG_~1.EXE --target=aarch64-linux-ohos --gcc-toolchain="D:/HUAWEI/DevEco/DevEco Studio/sdk/default/openharmony/native/llvm" --sysroot="D:/HUAWEI/DevEco/DevEco Studio/sdk/default/openharmony/native/sysroot" -Dtetrahedron_napi_EXPORTS -I"D:/HUAWEI/DevEco/DevEco Studio/sdk/default/hms/native/sysroot/usr/include" -ID:/HUAWEI/Lab2/ndk-opengl-master/entry/src/main/cpp -ID:/HUAWEI/Lab2/ndk-opengl-master/entry/src/main/cpp/include -ID:/HUAWEI/Lab2/ndk-opengl-master/entry/src/main/cpp/include/util -fdata-sections -ffunction-sections -funwind-tables -fstack-protector-strong -no-canonical-prefixes -fno-addrsig -Wa,--noexecstack -Wformat -Werror=format-security   -D__MUSL__ -O0 -g -fno-limit-debug-info  -fPIC -MD -MT CMakeFiles/tetrahedron_napi.dir/tetrahedron.cpp.o -MF CMakeFiles\tetrahedron_napi.dir\tetrahedron.cpp.o.d -o CMakeFiles/tetrahedron_napi.dir/tetrahedron.cpp.o -c D:/HUAWEI/Lab2/ndk-opengl-master/entry/src/main/cpp/tetrahedron.cpp[32m[39m
[33mclang++: warning: argument unused during compilation: '--gcc-toolchain=D:/HUAWEI/DevEco/DevEco Studio/sdk/default/openharmony/native/llvm' [-Wunused-command-line-argument][33m[39m
[32m[32m[39m
[31mD:/HUAWEI/Lab2/ndk-opengl-master/entry/src/main/cpp/tetrahedron.cpp:200:1: error: extraneous closing brace ('}')[31m[39m
[31m[31m[39m
[31m}[31m[39m
[31m[31m[39m
[31m^[31m[39m
[31m[31m[39m
[33m1 error generated.[33m[39m
[32m[32m[39m
[32m[2/3] Building CXX object CMakeFiles/tetrahedron_napi.dir/frame_handle.cpp.o[32m[39m
[31mFAILED: CMakeFiles/tetrahedron_napi.dir/frame_handle.cpp.o [31m[39m
[32mD:\HUAWEI\DevEco\DEVECO~1\sdk\default\OPENHA~1\native\llvm\bin\CLANG_~1.EXE --target=aarch64-linux-ohos --gcc-toolchain="D:/HUAWEI/DevEco/DevEco Studio/sdk/default/openharmony/native/llvm" --sysroot="D:/HUAWEI/DevEco/DevEco Studio/sdk/default/openharmony/native/sysroot" -Dtetrahedron_napi_EXPORTS -I"D:/HUAWEI/DevEco/DevEco Studio/sdk/default/hms/native/sysroot/usr/include" -ID:/HUAWEI/Lab2/ndk-opengl-master/entry/src/main/cpp -ID:/HUAWEI/Lab2/ndk-opengl-master/entry/src/main/cpp/include -ID:/HUAWEI/Lab2/ndk-opengl-master/entry/src/main/cpp/include/util -fdata-sections -ffunction-sections -funwind-tables -fstack-protector-strong -no-canonical-prefixes -fno-addrsig -Wa,--noexecstack -Wformat -Werror=format-security   -D__MUSL__ -O0 -g -fno-limit-debug-info  -fPIC -MD -MT CMakeFiles/tetrahedron_napi.dir/frame_handle.cpp.o -MF CMakeFiles\tetrahedron_napi.dir\frame_handle.cpp.o.d -o CMakeFiles/tetrahedron_napi.dir/frame_handle.cpp.o -c D:/HUAWEI/Lab2/ndk-opengl-master/entry/src/main/cpp/frame_handle.cpp[32m[39m
[33mclang++: warning: argument unused during compilation: '--gcc-toolchain=D:/HUAWEI/DevEco/DevEco Studio/sdk/default/openharmony/native/llvm' [-Wunused-command-line-argument][33m[39m
[31mD:/HUAWEI/Lab2/ndk-opengl-master/entry/src/main/cpp/frame_handle.cpp:69:9: error: use of undeclared identifier 'LOGE'[31m[39m
[31m        LOGE("FrameHandle::Init: Invalid parameters");[31m[39m
[31m        ^[31m[39m
[31mD:/HUAWEI/Lab2/ndk-opengl-master/entry/src/main/cpp/frame_handle.cpp:121:9: error: use of undeclared identifier 'LOGE'[31m[39m
[31m[31m[39m
[31m        LOGE("DampingRotation: tetrahedron_ is null");[31m[39m
[31m[31m[39m
[31m        ^[31m[39m
[31m[31m[39m
[31mD:/HUAWEI/Lab2/ndk-opengl-master/entry/src/main/cpp/frame_handle.cpp:153:9: error: use of undeclared identifier 'LOGE'[31m[39m
[31m[31m[39m
[31m        LOGE("ConstantSpeedRotation: tetrahedron_ is null");[31m[39m
[31m[31m[39m
[31m        ^[31m[39m
[31m[31m[39m
[33m3 errors generated.[33m[39m
[32m[32m[39m
[31mninja: build stopped: subcommand failed.[31m[39m
undefined.
[2026-04-21T18:07:52.118] [DEBUG] debug-file - default@BuildNativeWithNinja work[12] failed.
[2026-04-21T18:07:52.118] [ERROR] debug-file - Failed :entry:default@BuildNativeWithNinja... 
[2026-04-21T18:07:52.118] [DEBUG] debug-file - hvigor build process will be closed with an error.
[2026-04-21T18:07:52.118] [DEBUG] debug-file - ERROR: stacktrace = Error: Exceptions happened while executing D:\HUAWEI\DevEco\DevEco Studio\sdk\default\openharmony\native\build-tools\cmake\bin\ninja.exe -C D:\HUAWEI\Lab2\ndk-opengl-master\entry\.cxx\default\default\debug\arm64-v8a.
[32mninja: Entering directory `D:\HUAWEI\Lab2\ndk-opengl-master\entry\.cxx\default\default\debug\arm64-v8a'[32m[39m
[32m[1/3] Building CXX object CMakeFiles/tetrahedron_napi.dir/tetrahedron.cpp.o[32m[39m
[31mFAILED: CMakeFiles/tetrahedron_napi.dir/tetrahedron.cpp.o [31m[39m
[32mD:\HUAWEI\DevEco\DEVECO~1\sdk\default\OPENHA~1\native\llvm\bin\CLANG_~1.EXE --target=aarch64-linux-ohos --gcc-toolchain="D:/HUAWEI/DevEco/DevEco Studio/sdk/default/openharmony/native/llvm" --sysroot="D:/HUAWEI/DevEco/DevEco Studio/sdk/default/openharmony/native/sysroot" -Dtetrahedron_napi_EXPORTS -I"D:/HUAWEI/DevEco/DevEco Studio/sdk/default/hms/native/sysroot/usr/include" -ID:/HUAWEI/Lab2/ndk-opengl-master/entry/src/main/cpp -ID:/HUAWEI/Lab2/ndk-opengl-master/entry/src/main/cpp/include -ID:/HUAWEI/Lab2/ndk-opengl-master/entry/src/main/cpp/include/util -fdata-sections -ffunction-sections -funwind-tables -fstack-protector-strong -no-canonical-prefixes -fno-addrsig -Wa,--noexecstack -Wformat -Werror=format-security   -D__MUSL__ -O0 -g -fno-limit-debug-info  -fPIC -MD -MT CMakeFiles/tetrahedron_napi.dir/tetrahedron.cpp.o -MF CMakeFiles\tetrahedron_napi.dir\tetrahedron.cpp.o.d -o CMakeFiles/tetrahedron_napi.dir/tetrahedron.cpp.o -c D:/HUAWEI/Lab2/ndk-opengl-master/entry/src/main/cpp/tetrahedron.cpp[32m[39m
[33mclang++: warning: argument unused during compilation: '--gcc-toolchain=D:/HUAWEI/DevEco/DevEco Studio/sdk/default/openharmony/native/llvm' [-Wunused-command-line-argument][33m[39m
[32m[32m[39m
[31mD:/HUAWEI/Lab2/ndk-opengl-master/entry/src/main/cpp/tetrahedron.cpp:200:1: error: extraneous closing brace ('}')[31m[39m
[31m[31m[39m
[31m}[31m[39m
[31m[31m[39m
[31m^[31m[39m
[31m[31m[39m
[33m1 error generated.[33m[39m
[32m[32m[39m
[32m[2/3] Building CXX object CMakeFiles/tetrahedron_napi.dir/frame_handle.cpp.o[32m[39m
[31mFAILED: CMakeFiles/tetrahedron_napi.dir/frame_handle.cpp.o [31m[39m
[32mD:\HUAWEI\DevEco\DEVECO~1\sdk\default\OPENHA~1\native\llvm\bin\CLANG_~1.EXE --target=aarch64-linux-ohos --gcc-toolchain="D:/HUAWEI/DevEco/DevEco Studio/sdk/default/openharmony/native/llvm" --sysroot="D:/HUAWEI/DevEco/DevEco Studio/sdk/default/openharmony/native/sysroot" -Dtetrahedron_napi_EXPORTS -I"D:/HUAWEI/DevEco/DevEco Studio/sdk/default/hms/native/sysroot/usr/include" -ID:/HUAWEI/Lab2/ndk-opengl-master/entry/src/main/cpp -ID:/HUAWEI/Lab2/ndk-opengl-master/entry/src/main/cpp/include -ID:/HUAWEI/Lab2/ndk-opengl-master/entry/src/main/cpp/include/util -fdata-sections -ffunction-sections -funwind-tables -fstack-protector-strong -no-canonical-prefixes -fno-addrsig -Wa,--noexecstack -Wformat -Werror=format-security   -D__MUSL__ -O0 -g -fno-limit-debug-info  -fPIC -MD -MT CMakeFiles/tetrahedron_napi.dir/frame_handle.cpp.o -MF CMakeFiles\tetrahedron_napi.dir\frame_handle.cpp.o.d -o CMakeFiles/tetrahedron_napi.dir/frame_handle.cpp.o -c D:/HUAWEI/Lab2/ndk-opengl-master/entry/src/main/cpp/frame_handle.cpp[32m[39m
[33mclang++: warning: argument unused during compilation: '--gcc-toolchain=D:/HUAWEI/DevEco/DevEco Studio/sdk/default/openharmony/native/llvm' [-Wunused-command-line-argument][33m[39m
[31mD:/HUAWEI/Lab2/ndk-opengl-master/entry/src/main/cpp/frame_handle.cpp:69:9: error: use of undeclared identifier 'LOGE'[31m[39m
[31m        LOGE("FrameHandle::Init: Invalid parameters");[31m[39m
[31m        ^[31m[39m
[31mD:/HUAWEI/Lab2/ndk-opengl-master/entry/src/main/cpp/frame_handle.cpp:121:9: error: use of undeclared identifier 'LOGE'[31m[39m
[31m[31m[39m
[31m        LOGE("DampingRotation: tetrahedron_ is null");[31m[39m
[31m[31m[39m
[31m        ^[31m[39m
[31m[31m[39m
[31mD:/HUAWEI/Lab2/ndk-opengl-master/entry/src/main/cpp/frame_handle.cpp:153:9: error: use of undeclared identifier 'LOGE'[31m[39m
[31m[31m[39m
[31m        LOGE("ConstantSpeedRotation: tetrahedron_ is null");[31m[39m
[31m[31m[39m
[31m        ^[31m[39m
[31m[31m[39m
[33m3 errors generated.[33m[39m
[32m[32m[39m
[31mninja: build stopped: subcommand failed.[31m[39m
undefined
    at OhosLogger.errorMessageExit (D:\HUAWEI\DevEco\DevEco Studio\tools\hvigor\hvigor\src\base\log\hvigor-log.js:1:3497)
    at OhosLogger._printErrorAndExit (D:\HUAWEI\DevEco\DevEco Studio\tools\hvigor\hvigor-ohos-plugin\src\utils\log\ohos-logger.js:1:2024)
    at ChildProcess.<anonymous> (D:\HUAWEI\DevEco\DevEco Studio\tools\hvigor\hvigor-ohos-plugin\src\tasks\abstract-build-native.js:1:2796)
    at process.processTicksAndRejections (node:internal/process/task_queues:95:5)
[2026-04-21T18:07:52.118] [ERROR] debug-file - Error: Exceptions happened while executing D:\HUAWEI\DevEco\DevEco Studio\sdk\default\openharmony\native\build-tools\cmake\bin\ninja.exe -C D:\HUAWEI\Lab2\ndk-opengl-master\entry\.cxx\default\default\debug\arm64-v8a.
[32mninja: Entering directory `D:\HUAWEI\Lab2\ndk-opengl-master\entry\.cxx\default\default\debug\arm64-v8a'[32m[39m
[32m[1/3] Building CXX object CMakeFiles/tetrahedron_napi.dir/tetrahedron.cpp.o[32m[39m
[31mFAILED: CMakeFiles/tetrahedron_napi.dir/tetrahedron.cpp.o [31m[39m
[32mD:\HUAWEI\DevEco\DEVECO~1\sdk\default\OPENHA~1\native\llvm\bin\CLANG_~1.EXE --target=aarch64-linux-ohos --gcc-toolchain="D:/HUAWEI/DevEco/DevEco Studio/sdk/default/openharmony/native/llvm" --sysroot="D:/HUAWEI/DevEco/DevEco Studio/sdk/default/openharmony/native/sysroot" -Dtetrahedron_napi_EXPORTS -I"D:/HUAWEI/DevEco/DevEco Studio/sdk/default/hms/native/sysroot/usr/include" -ID:/HUAWEI/Lab2/ndk-opengl-master/entry/src/main/cpp -ID:/HUAWEI/Lab2/ndk-opengl-master/entry/src/main/cpp/include -ID:/HUAWEI/Lab2/ndk-opengl-master/entry/src/main/cpp/include/util -fdata-sections -ffunction-sections -funwind-tables -fstack-protector-strong -no-canonical-prefixes -fno-addrsig -Wa,--noexecstack -Wformat -Werror=format-security   -D__MUSL__ -O0 -g -fno-limit-debug-info  -fPIC -MD -MT CMakeFiles/tetrahedron_napi.dir/tetrahedron.cpp.o -MF CMakeFiles\tetrahedron_napi.dir\tetrahedron.cpp.o.d -o CMakeFiles/tetrahedron_napi.dir/tetrahedron.cpp.o -c D:/HUAWEI/Lab2/ndk-opengl-master/entry/src/main/cpp/tetrahedron.cpp[32m[39m
[33mclang++: warning: argument unused during compilation: '--gcc-toolchain=D:/HUAWEI/DevEco/DevEco Studio/sdk/default/openharmony/native/llvm' [-Wunused-command-line-argument][33m[39m
[32m[32m[39m
[31mD:/HUAWEI/Lab2/ndk-opengl-master/entry/src/main/cpp/tetrahedron.cpp:200:1: error: extraneous closing brace ('}')[31m[39m
[31m[31m[39m
[31m}[31m[39m
[31m[31m[39m
[31m^[31m[39m
[31m[31m[39m
[33m1 error generated.[33m[39m
[32m[32m[39m
[32m[2/3] Building CXX object CMakeFiles/tetrahedron_napi.dir/frame_handle.cpp.o[32m[39m
[31mFAILED: CMakeFiles/tetrahedron_napi.dir/frame_handle.cpp.o [31m[39m
[32mD:\HUAWEI\DevEco\DEVECO~1\sdk\default\OPENHA~1\native\llvm\bin\CLANG_~1.EXE --target=aarch64-linux-ohos --gcc-toolchain="D:/HUAWEI/DevEco/DevEco Studio/sdk/default/openharmony/native/llvm" --sysroot="D:/HUAWEI/DevEco/DevEco Studio/sdk/default/openharmony/native/sysroot" -Dtetrahedron_napi_EXPORTS -I"D:/HUAWEI/DevEco/DevEco Studio/sdk/default/hms/native/sysroot/usr/include" -ID:/HUAWEI/Lab2/ndk-opengl-master/entry/src/main/cpp -ID:/HUAWEI/Lab2/ndk-opengl-master/entry/src/main/cpp/include -ID:/HUAWEI/Lab2/ndk-opengl-master/entry/src/main/cpp/include/util -fdata-sections -ffunction-sections -funwind-tables -fstack-protector-strong -no-canonical-prefixes -fno-addrsig -Wa,--noexecstack -Wformat -Werror=format-security   -D__MUSL__ -O0 -g -fno-limit-debug-info  -fPIC -MD -MT CMakeFiles/tetrahedron_napi.dir/frame_handle.cpp.o -MF CMakeFiles\tetrahedron_napi.dir\frame_handle.cpp.o.d -o CMakeFiles/tetrahedron_napi.dir/frame_handle.cpp.o -c D:/HUAWEI/Lab2/ndk-opengl-master/entry/src/main/cpp/frame_handle.cpp[32m[39m
[33mclang++: warning: argument unused during compilation: '--gcc-toolchain=D:/HUAWEI/DevEco/DevEco Studio/sdk/default/openharmony/native/llvm' [-Wunused-command-line-argument][33m[39m
[31mD:/HUAWEI/Lab2/ndk-opengl-master/entry/src/main/cpp/frame_handle.cpp:69:9: error: use of undeclared identifier 'LOGE'[31m[39m
[31m        LOGE("FrameHandle::Init: Invalid parameters");[31m[39m
[31m        ^[31m[39m
[31mD:/HUAWEI/Lab2/ndk-opengl-master/entry/src/main/cpp/frame_handle.cpp:121:9: error: use of undeclared identifier 'LOGE'[31m[39m
[31m[31m[39m
[31m        LOGE("DampingRotation: tetrahedron_ is null");[31m[39m
[31m[31m[39m
[31m        ^[31m[39m
[31m[31m[39m
[31mD:/HUAWEI/Lab2/ndk-opengl-master/entry/src/main/cpp/frame_handle.cpp:153:9: error: use of undeclared identifier 'LOGE'[31m[39m
[31m[31m[39m
[31m        LOGE("ConstantSpeedRotation: tetrahedron_ is null");[31m[39m
[31m[31m[39m
[31m        ^[31m[39m
[31m[31m[39m
[33m3 errors generated.[33m[39m
[32m[32m[39m
[31mninja: build stopped: subcommand failed.[31m[39m
undefined
    at OhosLogger.errorMessageExit (D:\HUAWEI\DevEco\DevEco Studio\tools\hvigor\hvigor\src\base\log\hvigor-log.js:1:3497)
    at OhosLogger._printErrorAndExit (D:\HUAWEI\DevEco\DevEco Studio\tools\hvigor\hvigor-ohos-plugin\src\utils\log\ohos-logger.js:1:2024)
    at ChildProcess.<anonymous> (D:\HUAWEI\DevEco\DevEco Studio\tools\hvigor\hvigor-ohos-plugin\src\tasks\abstract-build-native.js:1:2796)
    at process.processTicksAndRejections (node:internal/process/task_queues:95:5)
[2026-04-21T18:07:52.134] [ERROR] debug-file - BUILD FAILED in 1 s 712 ms 
[2026-04-21T18:07:52.134] [DEBUG] debug-file - Update task entry:default@PreBuild input file:D:\HUAWEI\Lab2\ndk-opengl-master\AppScope\app.json5 cache by regenerate.
[2026-04-21T18:07:52.135] [DEBUG] debug-file - Update task entry:default@PreBuild input file:D:\HUAWEI\Lab2\ndk-opengl-master\entry\src\main\module.json5 cache by regenerate.
[2026-04-21T18:07:52.135] [DEBUG] debug-file - Update task entry:default@PreBuild input file:D:\HUAWEI\Lab2\ndk-opengl-master\build-profile.json5 cache by regenerate.
[2026-04-21T18:07:52.135] [DEBUG] debug-file - Update task entry:default@PreBuild input file:D:\HUAWEI\Lab2\ndk-opengl-master\entry\build-profile.json5 cache by regenerate.
[2026-04-21T18:07:52.135] [DEBUG] debug-file - Update task entry:default@PreBuild input file:D:\HUAWEI\Lab2\ndk-opengl-master\entry\src\main\resources\base\profile\main_pages.json cache by regenerate.
[2026-04-21T18:07:52.135] [DEBUG] debug-file - Update task entry:default@PreBuild input file:D:\HUAWEI\Lab2\ndk-opengl-master\hvigor\hvigor-config.json5 cache by regenerate.
[2026-04-21T18:07:52.135] [DEBUG] debug-file - Update task entry:default@PreBuild input file:D:\HUAWEI\Lab2\ndk-opengl-master\entry\oh-package.json5 cache by regenerate.
[2026-04-21T18:07:52.135] [DEBUG] debug-file - Update task entry:default@PreBuild input file:D:\HUAWEI\Lab2\ndk-opengl-master\oh-package.json5 cache by regenerate.
[2026-04-21T18:07:52.136] [DEBUG] debug-file - Incremental task entry:default@PreBuild post-execution cost:2 ms .
[2026-04-21T18:07:52.136] [DEBUG] debug-file - Update task entry:default@CreateModuleInfo output file:D:\HUAWEI\Lab2\ndk-opengl-master\entry\build\default\generated\profile\default\ModuleInfo.ts cache.
[2026-04-21T18:07:52.136] [DEBUG] debug-file - Incremental task entry:default@CreateModuleInfo post-execution cost:1 ms .
[2026-04-21T18:07:52.136] [DEBUG] debug-file - There is no need to refresh cache, since the incremental task entry:default@GenerateMetadata is up-to-date.
[2026-04-21T18:07:52.136] [DEBUG] debug-file - There is no need to refresh cache, since the incremental task entry:default@MergeProfile is up-to-date.
[2026-04-21T18:07:52.136] [DEBUG] debug-file - There is no need to refresh cache, since the incremental task entry:default@CreateBuildProfile is up-to-date.
[2026-04-21T18:07:52.136] [DEBUG] debug-file - Update task entry:default@GeneratePkgContextInfo output file:D:\HUAWEI\Lab2\ndk-opengl-master\entry\build\default\intermediates\loader\default\pkgContextInfo.json cache.
[2026-04-21T18:07:52.136] [DEBUG] debug-file - Incremental task entry:default@GeneratePkgContextInfo post-execution cost:1 ms .
[2026-04-21T18:07:52.136] [DEBUG] debug-file - Update task entry:default@ProcessIntegratedHsp output file:D:\HUAWEI\Lab2\ndk-opengl-master\build\cache\default\integrated_hsp\integratedHspCache.json cache.
[2026-04-21T18:07:52.136] [DEBUG] debug-file - Incremental task entry:default@ProcessIntegratedHsp post-execution cost:1 ms .
[2026-04-21T18:07:52.136] [DEBUG] debug-file - There is no need to refresh cache, since the incremental task entry:default@MakePackInfo is up-to-date.
[2026-04-21T18:07:52.136] [DEBUG] debug-file - Update task entry:default@SyscapTransform input file:D:\HUAWEI\DevEco\DevEco Studio\sdk\default\openharmony\toolchains\syscap_tool.exe cache by regenerate.
[2026-04-21T18:07:52.136] [DEBUG] debug-file - Update task entry:default@SyscapTransform input file:D:\HUAWEI\DevEco\DevEco Studio\sdk\default\openharmony\ets\api\device-define cache by regenerate.
[2026-04-21T18:07:52.137] [DEBUG] debug-file - Update task entry:default@SyscapTransform output file:D:\HUAWEI\Lab2\ndk-opengl-master\entry\build\default\intermediates\syscap\default\rpcid.sc cache.
[2026-04-21T18:07:52.137] [DEBUG] debug-file - Incremental task entry:default@SyscapTransform post-execution cost:2 ms .
[2026-04-21T18:07:52.137] [DEBUG] debug-file - There is no need to refresh cache, since the incremental task entry:default@ProcessProfile is up-to-date.
[2026-04-21T18:07:52.137] [DEBUG] debug-file - There is no need to refresh cache, since the incremental task entry:default@ProcessRouterMap is up-to-date.
[2026-04-21T18:07:52.137] [DEBUG] debug-file - There is no need to refresh cache, since the incremental task entry:default@ProcessShareConfig is up-to-date.
[2026-04-21T18:07:52.137] [DEBUG] debug-file - Update task entry:default@ProcessStartupConfig output file:D:\HUAWEI\Lab2\ndk-opengl-master\entry\build\default\intermediates\startup\default\startup_config.json cache.
[2026-04-21T18:07:52.137] [DEBUG] debug-file - Incremental task entry:default@ProcessStartupConfig post-execution cost:1 ms .
[2026-04-21T18:07:52.138] [DEBUG] debug-file - There is no need to refresh cache, since the incremental task entry:default@ProcessResource is up-to-date.
[2026-04-21T18:07:52.138] [DEBUG] debug-file - There is no need to refresh cache, since the incremental task entry:default@GenerateLoaderJson is up-to-date.
[2026-04-21T18:07:52.138] [DEBUG] debug-file - There is no need to refresh cache, since the incremental task entry:default@CompileResource is up-to-date.
[2026-04-21T18:07:52.138] [DEBUG] debug-file - There is no need to refresh cache, since the incremental task entry:default@CompileArkTS is up-to-date.
[2026-04-21T18:07:52.138] [DEBUG] debug-file - Update task entry:default@BuildJS input file:D:\HUAWEI\Lab2\ndk-opengl-master\entry\build\default\intermediates\loader\default cache by regenerate.
[2026-04-21T18:07:52.139] [DEBUG] debug-file - Update task entry:default@BuildJS input file:D:\HUAWEI\Lab2\ndk-opengl-master\entry\build\default\intermediates\res\default\ResourceTable.txt cache by regenerate.
[2026-04-21T18:07:52.139] [DEBUG] debug-file - Update task entry:default@BuildJS input file:D:\HUAWEI\Lab2\ndk-opengl-master\entry\build\default\intermediates\res\default\ark_module.json cache by regenerate.
[2026-04-21T18:07:52.139] [DEBUG] debug-file - Update task entry:default@BuildJS input file:D:\HUAWEI\Lab2\ndk-opengl-master\entry\build\default\intermediates\res\default\resources\base\profile cache by regenerate.
[2026-04-21T18:07:52.139] [DEBUG] debug-file - Update task entry:default@BuildJS output file:D:\HUAWEI\Lab2\ndk-opengl-master\entry\build\default\intermediates\loader_out\default\js cache.
[2026-04-21T18:07:52.139] [DEBUG] debug-file - Incremental task entry:default@BuildJS post-execution cost:2 ms .
[2026-04-21T18:07:52.153] [DEBUG] debug-file - worker[18] exits with exit code 1.
[2026-04-21T18:07:52.153] [DEBUG] debug-file - A work dispatched to worker[18] failed because unable to get work from ready queue.
[2026-04-21T18:07:52.153] [DEBUG] debug-file - worker[17] encounters error: Exceptions happened while executing D:\HUAWEI\DevEco\DevEco Studio\sdk\default\openharmony\native\build-tools\cmake\bin\ninja.exe -C D:\HUAWEI\Lab2\ndk-opengl-master\entry\.cxx\default\default\debug\x86_64.
[32mninja: Entering directory `D:\HUAWEI\Lab2\ndk-opengl-master\entry\.cxx\default\default\debug\x86_64'[32m[39m
[32m[1/3] Building CXX object CMakeFiles/tetrahedron_napi.dir/tetrahedron.cpp.o[32m[39m
[31mFAILED: CMakeFiles/tetrahedron_napi.dir/tetrahedron.cpp.o [31m[39m
[32mD:\HUAWEI\DevEco\DEVECO~1\sdk\default\OPENHA~1\native\llvm\bin\CLANG_~1.EXE --target=x86_64-linux-ohos --gcc-toolchain="D:/HUAWEI/DevEco/DevEco Studio/sdk/default/openharmony/native/llvm" --sysroot="D:/HUAWEI/DevEco/DevEco Studio/sdk/default/openharmony/native/sysroot" -Dtetrahedron_napi_EXPORTS -I"D:/HUAWEI/DevEco/DevEco Studio/sdk/default/hms/native/sysroot/usr/include" -ID:/HUAWEI/Lab2/ndk-opengl-master/entry/src/main/cpp -ID:/HUAWEI/Lab2/ndk-opengl-master/entry/src/main/cpp/include -ID:/HUAWEI/Lab2/ndk-opengl-master/entry/src/main/cpp/include/util -fdata-sections -ffunction-sections -funwind-tables -fstack-protector-strong -no-canonical-prefixes -fno-addrsig -Wa,--noexecstack -Wformat -Werror=format-security   -D__MUSL__ -O0 -g -fno-limit-debug-info  -fPIC -MD -MT CMakeFiles/tetrahedron_napi.dir/tetrahedron.cpp.o -MF CMakeFiles\tetrahedron_napi.dir\tetrahedron.cpp.o.d -o CMakeFiles/tetrahedron_napi.dir/tetrahedron.cpp.o -c D:/HUAWEI/Lab2/ndk-opengl-master/entry/src/main/cpp/tetrahedron.cpp[32m[39m
[33mclang++: warning: argument unused during compilation: '--gcc-toolchain=D:/HUAWEI/DevEco/DevEco Studio/sdk/default/openharmony/native/llvm' [-Wunused-command-line-argument][33m[39m
[32m[32m[39m
[31mD:/HUAWEI/Lab2/ndk-opengl-master/entry/src/main/cpp/tetrahedron.cpp:200:1: error: extraneous closing brace ('}')[31m[39m
[31m[31m[39m
[31m}[31m[39m
[31m[31m[39m
[31m^[31m[39m
[31m[31m[39m
[33m1 error generated.[33m[39m
[32m[32m[39m
[32m[2/3] Building CXX object CMakeFiles/tetrahedron_napi.dir/frame_handle.cpp.o[32m[39m
[31mFAILED: CMakeFiles/tetrahedron_napi.dir/frame_handle.cpp.o [31m[39m
[32mD:\HUAWEI\DevEco\DEVECO~1\sdk\default\OPENHA~1\native\llvm\bin\CLANG_~1.EXE --target=x86_64-linux-ohos --gcc-toolchain="D:/HUAWEI/DevEco/DevEco Studio/sdk/default/openharmony/native/llvm" --sysroot="D:/HUAWEI/DevEco/DevEco Studio/sdk/default/openharmony/native/sysroot" -Dtetrahedron_napi_EXPORTS -I"D:/HUAWEI/DevEco/DevEco Studio/sdk/default/hms/native/sysroot/usr/include" -ID:/HUAWEI/Lab2/ndk-opengl-master/entry/src/main/cpp -ID:/HUAWEI/Lab2/ndk-opengl-master/entry/src/main/cpp/include -ID:/HUAWEI/Lab2/ndk-opengl-master/entry/src/main/cpp/include/util -fdata-sections -ffunction-sections -funwind-tables -fstack-protector-strong -no-canonical-prefixes -fno-addrsig -Wa,--noexecstack -Wformat -Werror=format-security   -D__MUSL__ -O0 -g -fno-limit-debug-info  -fPIC -MD -MT CMakeFiles/tetrahedron_napi.dir/frame_handle.cpp.o -MF CMakeFiles\tetrahedron_napi.dir\frame_handle.cpp.o.d -o CMakeFiles/tetrahedron_napi.dir/frame_handle.cpp.o -c D:/HUAWEI/Lab2/ndk-opengl-master/entry/src/main/cpp/frame_handle.cpp[32m[39m
[33mclang++: warning: argument unused during compilation: '--gcc-toolchain=D:/HUAWEI/DevEco/DevEco Studio/sdk/default/openharmony/native/llvm' [-Wunused-command-line-argument][33m[39m
[31mD:/HUAWEI/Lab2/ndk-opengl-master/entry/src/main/cpp/frame_handle.cpp:69:9: error: use of undeclared identifier 'LOGE'[31m[39m
[31m        LOGE("FrameHandle::Init: Invalid parameters");[31m[39m
[31m        ^[31m[39m
[31mD:/HUAWEI/Lab2/ndk-opengl-master/entry/src/main/cpp/frame_handle.cpp:121:9: error: use of undeclared identifier 'LOGE'[31m[39m
[31m[31m[39m
[31m        LOGE("DampingRotation: tetrahedron_ is null");[31m[39m
[31m[31m[39m
[31m        ^[31m[39m
[31m[31m[39m
[31mD:/HUAWEI/Lab2/ndk-opengl-master/entry/src/main/cpp/frame_handle.cpp:153:9: error: use of undeclared identifier 'LOGE'[31m[39m
[31m[31m[39m
[31m        LOGE("ConstantSpeedRotation: tetrahedron_ is null");[31m[39m
[31m[31m[39m
[31m        ^[31m[39m
[31m[31m[39m
[33m3 errors generated.[33m[39m
[32m[32m[39m
[31mninja: build stopped: subcommand failed.[31m[39m
undefined.
[2026-04-21T18:07:52.153] [DEBUG] debug-file - default@BuildNativeWithNinja work[13] failed.
[2026-04-21T18:07:52.153] [DEBUG] debug-file - worker[17] exits with exit code 1.
[2026-04-21T18:07:52.153] [DEBUG] debug-file - A work dispatched to worker[17] failed because unable to get work from ready queue.
[2026-04-21T18:07:52.153] [ERROR] debug-file - Failed :entry:default@BuildNativeWithNinja... 
[2026-04-21T18:07:52.153] [DEBUG] debug-file - hvigor build process will be closed with an error.
[2026-04-21T18:07:52.154] [DEBUG] debug-file - ERROR: stacktrace = Error: Exceptions happened while executing D:\HUAWEI\DevEco\DevEco Studio\sdk\default\openharmony\native\build-tools\cmake\bin\ninja.exe -C D:\HUAWEI\Lab2\ndk-opengl-master\entry\.cxx\default\default\debug\x86_64.
[32mninja: Entering directory `D:\HUAWEI\Lab2\ndk-opengl-master\entry\.cxx\default\default\debug\x86_64'[32m[39m
[32m[1/3] Building CXX object CMakeFiles/tetrahedron_napi.dir/tetrahedron.cpp.o[32m[39m
[31mFAILED: CMakeFiles/tetrahedron_napi.dir/tetrahedron.cpp.o [31m[39m
[32mD:\HUAWEI\DevEco\DEVECO~1\sdk\default\OPENHA~1\native\llvm\bin\CLANG_~1.EXE --target=x86_64-linux-ohos --gcc-toolchain="D:/HUAWEI/DevEco/DevEco Studio/sdk/default/openharmony/native/llvm" --sysroot="D:/HUAWEI/DevEco/DevEco Studio/sdk/default/openharmony/native/sysroot" -Dtetrahedron_napi_EXPORTS -I"D:/HUAWEI/DevEco/DevEco Studio/sdk/default/hms/native/sysroot/usr/include" -ID:/HUAWEI/Lab2/ndk-opengl-master/entry/src/main/cpp -ID:/HUAWEI/Lab2/ndk-opengl-master/entry/src/main/cpp/include -ID:/HUAWEI/Lab2/ndk-opengl-master/entry/src/main/cpp/include/util -fdata-sections -ffunction-sections -funwind-tables -fstack-protector-strong -no-canonical-prefixes -fno-addrsig -Wa,--noexecstack -Wformat -Werror=format-security   -D__MUSL__ -O0 -g -fno-limit-debug-info  -fPIC -MD -MT CMakeFiles/tetrahedron_napi.dir/tetrahedron.cpp.o -MF CMakeFiles\tetrahedron_napi.dir\tetrahedron.cpp.o.d -o CMakeFiles/tetrahedron_napi.dir/tetrahedron.cpp.o -c D:/HUAWEI/Lab2/ndk-opengl-master/entry/src/main/cpp/tetrahedron.cpp[32m[39m
[33mclang++: warning: argument unused during compilation: '--gcc-toolchain=D:/HUAWEI/DevEco/DevEco Studio/sdk/default/openharmony/native/llvm' [-Wunused-command-line-argument][33m[39m
[32m[32m[39m
[31mD:/HUAWEI/Lab2/ndk-opengl-master/entry/src/main/cpp/tetrahedron.cpp:200:1: error: extraneous closing brace ('}')[31m[39m
[31m[31m[39m
[31m}[31m[39m
[31m[31m[39m
[31m^[31m[39m
[31m[31m[39m
[33m1 error generated.[33m[39m
[32m[32m[39m
[32m[2/3] Building CXX object CMakeFiles/tetrahedron_napi.dir/frame_handle.cpp.o[32m[39m
[31mFAILED: CMakeFiles/tetrahedron_napi.dir/frame_handle.cpp.o [31m[39m
[32mD:\HUAWEI\DevEco\DEVECO~1\sdk\default\OPENHA~1\native\llvm\bin\CLANG_~1.EXE --target=x86_64-linux-ohos --gcc-toolchain="D:/HUAWEI/DevEco/DevEco Studio/sdk/default/openharmony/native/llvm" --sysroot="D:/HUAWEI/DevEco/DevEco Studio/sdk/default/openharmony/native/sysroot" -Dtetrahedron_napi_EXPORTS -I"D:/HUAWEI/DevEco/DevEco Studio/sdk/default/hms/native/sysroot/usr/include" -ID:/HUAWEI/Lab2/ndk-opengl-master/entry/src/main/cpp -ID:/HUAWEI/Lab2/ndk-opengl-master/entry/src/main/cpp/include -ID:/HUAWEI/Lab2/ndk-opengl-master/entry/src/main/cpp/include/util -fdata-sections -ffunction-sections -funwind-tables -fstack-protector-strong -no-canonical-prefixes -fno-addrsig -Wa,--noexecstack -Wformat -Werror=format-security   -D__MUSL__ -O0 -g -fno-limit-debug-info  -fPIC -MD -MT CMakeFiles/tetrahedron_napi.dir/frame_handle.cpp.o -MF CMakeFiles\tetrahedron_napi.dir\frame_handle.cpp.o.d -o CMakeFiles/tetrahedron_napi.dir/frame_handle.cpp.o -c D:/HUAWEI/Lab2/ndk-opengl-master/entry/src/main/cpp/frame_handle.cpp[32m[39m
[33mclang++: warning: argument unused during compilation: '--gcc-toolchain=D:/HUAWEI/DevEco/DevEco Studio/sdk/default/openharmony/native/llvm' [-Wunused-command-line-argument][33m[39m
[31mD:/HUAWEI/Lab2/ndk-opengl-master/entry/src/main/cpp/frame_handle.cpp:69:9: error: use of undeclared identifier 'LOGE'[31m[39m
[31m        LOGE("FrameHandle::Init: Invalid parameters");[31m[39m
[31m        ^[31m[39m
[31mD:/HUAWEI/Lab2/ndk-opengl-master/entry/src/main/cpp/frame_handle.cpp:121:9: error: use of undeclared identifier 'LOGE'[31m[39m
[31m[31m[39m
[31m        LOGE("DampingRotation: tetrahedron_ is null");[31m[39m
[31m[31m[39m
[31m        ^[31m[39m
[31m[31m[39m
[31mD:/HUAWEI/Lab2/ndk-opengl-master/entry/src/main/cpp/frame_handle.cpp:153:9: error: use of undeclared identifier 'LOGE'[31m[39m
[31m[31m[39m
[31m        LOGE("ConstantSpeedRotation: tetrahedron_ is null");[31m[39m
[31m[31m[39m
[31m        ^[31m[39m
[31m[31m[39m
[33m3 errors generated.[33m[39m
[32m[32m[39m
[31mninja: build stopped: subcommand failed.[31m[39m
undefined
    at OhosLogger.errorMessageExit (D:\HUAWEI\DevEco\DevEco Studio\tools\hvigor\hvigor\src\base\log\hvigor-log.js:1:3497)
    at OhosLogger._printErrorAndExit (D:\HUAWEI\DevEco\DevEco Studio\tools\hvigor\hvigor-ohos-plugin\src\utils\log\ohos-logger.js:1:2024)
    at ChildProcess.<anonymous> (D:\HUAWEI\DevEco\DevEco Studio\tools\hvigor\hvigor-ohos-plugin\src\tasks\abstract-build-native.js:1:2796)
    at process.processTicksAndRejections (node:internal/process/task_queues:95:5)
[2026-04-21T18:07:52.154] [ERROR] debug-file - Error: Exceptions happened while executing D:\HUAWEI\DevEco\DevEco Studio\sdk\default\openharmony\native\build-tools\cmake\bin\ninja.exe -C D:\HUAWEI\Lab2\ndk-opengl-master\entry\.cxx\default\default\debug\x86_64.
[32mninja: Entering directory `D:\HUAWEI\Lab2\ndk-opengl-master\entry\.cxx\default\default\debug\x86_64'[32m[39m
[32m[1/3] Building CXX object CMakeFiles/tetrahedron_napi.dir/tetrahedron.cpp.o[32m[39m
[31mFAILED: CMakeFiles/tetrahedron_napi.dir/tetrahedron.cpp.o [31m[39m
[32mD:\HUAWEI\DevEco\DEVECO~1\sdk\default\OPENHA~1\native\llvm\bin\CLANG_~1.EXE --target=x86_64-linux-ohos --gcc-toolchain="D:/HUAWEI/DevEco/DevEco Studio/sdk/default/openharmony/native/llvm" --sysroot="D:/HUAWEI/DevEco/DevEco Studio/sdk/default/openharmony/native/sysroot" -Dtetrahedron_napi_EXPORTS -I"D:/HUAWEI/DevEco/DevEco Studio/sdk/default/hms/native/sysroot/usr/include" -ID:/HUAWEI/Lab2/ndk-opengl-master/entry/src/main/cpp -ID:/HUAWEI/Lab2/ndk-opengl-master/entry/src/main/cpp/include -ID:/HUAWEI/Lab2/ndk-opengl-master/entry/src/main/cpp/include/util -fdata-sections -ffunction-sections -funwind-tables -fstack-protector-strong -no-canonical-prefixes -fno-addrsig -Wa,--noexecstack -Wformat -Werror=format-security   -D__MUSL__ -O0 -g -fno-limit-debug-info  -fPIC -MD -MT CMakeFiles/tetrahedron_napi.dir/tetrahedron.cpp.o -MF CMakeFiles\tetrahedron_napi.dir\tetrahedron.cpp.o.d -o CMakeFiles/tetrahedron_napi.dir/tetrahedron.cpp.o -c D:/HUAWEI/Lab2/ndk-opengl-master/entry/src/main/cpp/tetrahedron.cpp[32m[39m
[33mclang++: warning: argument unused during compilation: '--gcc-toolchain=D:/HUAWEI/DevEco/DevEco Studio/sdk/default/openharmony/native/llvm' [-Wunused-command-line-argument][33m[39m
[32m[32m[39m
[31mD:/HUAWEI/Lab2/ndk-opengl-master/entry/src/main/cpp/tetrahedron.cpp:200:1: error: extraneous closing brace ('}')[31m[39m
[31m[31m[39m
[31m}[31m[39m
[31m[31m[39m
[31m^[31m[39m
[31m[31m[39m
[33m1 error generated.[33m[39m
[32m[32m[39m
[32m[2/3] Building CXX object CMakeFiles/tetrahedron_napi.dir/frame_handle.cpp.o[32m[39m
[31mFAILED: CMakeFiles/tetrahedron_napi.dir/frame_handle.cpp.o [31m[39m
[32mD:\HUAWEI\DevEco\DEVECO~1\sdk\default\OPENHA~1\native\llvm\bin\CLANG_~1.EXE --target=x86_64-linux-ohos --gcc-toolchain="D:/HUAWEI/DevEco/DevEco Studio/sdk/default/openharmony/native/llvm" --sysroot="D:/HUAWEI/DevEco/DevEco Studio/sdk/default/openharmony/native/sysroot" -Dtetrahedron_napi_EXPORTS -I"D:/HUAWEI/DevEco/DevEco Studio/sdk/default/hms/native/sysroot/usr/include" -ID:/HUAWEI/Lab2/ndk-opengl-master/entry/src/main/cpp -ID:/HUAWEI/Lab2/ndk-opengl-master/entry/src/main/cpp/include -ID:/HUAWEI/Lab2/ndk-opengl-master/entry/src/main/cpp/include/util -fdata-sections -ffunction-sections -funwind-tables -fstack-protector-strong -no-canonical-prefixes -fno-addrsig -Wa,--noexecstack -Wformat -Werror=format-security   -D__MUSL__ -O0 -g -fno-limit-debug-info  -fPIC -MD -MT CMakeFiles/tetrahedron_napi.dir/frame_handle.cpp.o -MF CMakeFiles\tetrahedron_napi.dir\frame_handle.cpp.o.d -o CMakeFiles/tetrahedron_napi.dir/frame_handle.cpp.o -c D:/HUAWEI/Lab2/ndk-opengl-master/entry/src/main/cpp/frame_handle.cpp[32m[39m
[33mclang++: warning: argument unused during compilation: '--gcc-toolchain=D:/HUAWEI/DevEco/DevEco Studio/sdk/default/openharmony/native/llvm' [-Wunused-command-line-argument][33m[39m
[31mD:/HUAWEI/Lab2/ndk-opengl-master/entry/src/main/cpp/frame_handle.cpp:69:9: error: use of undeclared identifier 'LOGE'[31m[39m
[31m        LOGE("FrameHandle::Init: Invalid parameters");[31m[39m
[31m        ^[31m[39m
[31mD:/HUAWEI/Lab2/ndk-opengl-master/entry/src/main/cpp/frame_handle.cpp:121:9: error: use of undeclared identifier 'LOGE'[31m[39m
[31m[31m[39m
[31m        LOGE("DampingRotation: tetrahedron_ is null");[31m[39m
[31m[31m[39m
[31m        ^[31m[39m
[31m[31m[39m
[31mD:/HUAWEI/Lab2/ndk-opengl-master/entry/src/main/cpp/frame_handle.cpp:153:9: error: use of undeclared identifier 'LOGE'[31m[39m
[31m[31m[39m
[31m        LOGE("ConstantSpeedRotation: tetrahedron_ is null");[31m[39m
[31m[31m[39m
[31m        ^[31m[39m
[31m[31m[39m
[33m3 errors generated.[33m[39m
[32m[32m[39m
[31mninja: build stopped: subcommand failed.[31m[39m
undefined
    at OhosLogger.errorMessageExit (D:\HUAWEI\DevEco\DevEco Studio\tools\hvigor\hvigor\src\base\log\hvigor-log.js:1:3497)
    at OhosLogger._printErrorAndExit (D:\HUAWEI\DevEco\DevEco Studio\tools\hvigor\hvigor-ohos-plugin\src\utils\log\ohos-logger.js:1:2024)
    at ChildProcess.<anonymous> (D:\HUAWEI\DevEco\DevEco Studio\tools\hvigor\hvigor-ohos-plugin\src\tasks\abstract-build-native.js:1:2796)
    at process.processTicksAndRejections (node:internal/process/task_queues:95:5)
[2026-04-21T18:07:52.154] [DEBUG] debug-file - hvigor build process will be closed.
[2026-04-21T18:07:52.159] [DEBUG] debug-file - session manager: send message to worker process.
[2026-04-21T18:07:52.159] [DEBUG] debug-file - session manager: send message to worker process.
[2026-04-21T18:07:52.158] [DEBUG] debug-file - watch worker: worker id should be larger than 0. Nothing will be sent to any worker thread.
[2026-04-21T18:07:52.159] [DEBUG] debug-file - watch worker: worker id should be larger than 0. Nothing will be sent to any worker thread.
[2026-04-21T18:08:39.696] [DEBUG] debug-file - env: nodejsVersion=v18.20.1
[2026-04-21T18:08:39.736] [DEBUG] debug-file - env: daemon=true
[2026-04-21T18:08:39.697] [DEBUG] debug-file - env: hvigor-config.json5 content = { modelVersion: '5.0.4', dependencies: {} }
[2026-04-21T18:08:40.126] [DEBUG] debug-file - session manager: set active socket. socketId=-qizoDRpgCZy6GEjAAAL
[2026-04-21T18:08:40.129] [DEBUG] debug-file - watch worker: worker id should be larger than 0. Nothing will be sent to any worker thread.
[2026-04-21T18:08:40.131] [DEBUG] debug-file - Workers' log level updated to INFO
[2026-04-21T18:08:40.133] [DEBUG] debug-file - Hvigor init with startParameters:{
  hvigorfileTypeCheck: false,
  parallelExecution: true,
  incrementalExecution: true,
  printStackTrace: false,
  daemon: true,
  analyze: 0,
  logLevel: Level { level: 20000, levelStr: 'INFO', colour: 'green' },
  optimizationStrategy: 'memory',
  hotCompile: undefined,
  hotReloadBuild: undefined,
  customizedParam: undefined
}
[2026-04-21T18:08:40.134] [DEBUG] debug-file - Cache service initialization finished in 2 ms 
[2026-04-21T18:08:40.135] [DEBUG] debug-file - hvigorfile, resolving D:\HUAWEI\Lab2\ndk-opengl-master\hvigorfile.ts
[2026-04-21T18:08:40.140] [DEBUG] debug-file - hvigorfile, require result:  {}
[2026-04-21T18:08:40.140] [DEBUG] debug-file - hvigorfile, binding system plugins {}
[2026-04-21T18:08:40.140] [DEBUG] debug-file - Starting plugin build process
[2026-04-21T18:08:40.141] [DEBUG] debug-file - App plugin prepare start...
[2026-04-21T18:08:40.141] [DEBUG] debug-file - App plugin prepare end...
[2026-04-21T18:08:40.141] [DEBUG] debug-file - App plugin creating...
[2026-04-21T18:08:40.143] [DEBUG] debug-file - App plugin register hook start...
[2026-04-21T18:08:40.143] [DEBUG] debug-file - App plugin register hook end...
[2026-04-21T18:08:40.143] [DEBUG] debug-file - Plugin build process completed
[2026-04-21T18:08:40.143] [DEBUG] debug-file - Start initialize project's product build option map with build mode debug.
[2026-04-21T18:08:40.143] [DEBUG] debug-file - Picking option from product 'default' with build mode 'debug'.
[2026-04-21T18:08:40.143] [DEBUG] debug-file - Product 'default' build option initialized
[2026-04-21T18:08:40.144] [DEBUG] debug-file - End initialize project's product build option map with build mode 'debug'.
[2026-04-21T18:08:40.144] [DEBUG] debug-file - Obtain build option for product 'default'in this build.
[2026-04-21T18:08:40.144] [DEBUG] debug-file - No signingConfig found, initRemoteHspCache failed.
[2026-04-21T18:08:40.146] [DEBUG] debug-file - Start recording SDK configuration permission data.
[2026-04-21T18:08:40.163] [DEBUG] debug-file - Sdk init in 19 ms 
[2026-04-21T18:08:40.166] [DEBUG] debug-file - Project task initialization takes 2 ms 
[2026-04-21T18:08:40.166] [DEBUG] debug-file - hvigorfile, resolve finished D:\HUAWEI\Lab2\ndk-opengl-master\hvigorfile.ts
[2026-04-21T18:08:40.166] [DEBUG] debug-file - hvigorfile, resolving D:\HUAWEI\Lab2\ndk-opengl-master\entry\hvigorfile.ts
[2026-04-21T18:08:40.169] [DEBUG] debug-file - hvigorfile, require result:  {}
[2026-04-21T18:08:40.169] [DEBUG] debug-file - hvigorfile, binding system plugins {}
[2026-04-21T18:08:40.169] [DEBUG] debug-file - Starting plugin build process
[2026-04-21T18:08:40.169] [DEBUG] debug-file - Hap plugin creating...
[2026-04-21T18:08:40.170] [DEBUG] debug-file - failed to load cangjie to dynamically generate schemas: Error: Cannot find module '@ohos/cangjie-build-support/index'
Require stack:
- D:\HUAWEI\DevEco\DevEco Studio\tools\hvigor\hvigor-ohos-plugin\src\plugin\hooks\cangjie-register.js
- D:\HUAWEI\DevEco\DevEco Studio\tools\hvigor\hvigor-ohos-plugin\src\plugin\strategy\stage-init-strategy.js
- D:\HUAWEI\DevEco\DevEco Studio\tools\hvigor\hvigor-ohos-plugin\src\plugin\builder\abstract-plugin-builder.js
- D:\HUAWEI\DevEco\DevEco Studio\tools\hvigor\hvigor-ohos-plugin\src\plugin\builder\app-plugin-builder.js
- D:\HUAWEI\DevEco\DevEco Studio\tools\hvigor\hvigor-ohos-plugin\src\plugin\factory\plugin-factory.js
- D:\HUAWEI\DevEco\DevEco Studio\tools\hvigor\hvigor-ohos-plugin\index.js
- D:\HUAWEI\Lab2\ndk-opengl-master\hvigorfile.ts
- D:\HUAWEI\DevEco\DevEco Studio\tools\hvigor\hvigor\src\base\internal\lifecycle\configuration.js
- D:\HUAWEI\DevEco\DevEco Studio\tools\hvigor\hvigor\src\base\boot\index.js
- D:\HUAWEI\DevEco\DevEco Studio\tools\hvigor\hvigor\src\base\daemon\cluster\worker-process-lifecycle.js
- D:\HUAWEI\DevEco\DevEco Studio\tools\hvigor\hvigor\src\base\daemon\process\daemon-process-boot-script.js
[2026-04-21T18:08:40.171] [DEBUG] debug-file - Start initialize module-target build option map, moduleName=entry, buildMode=debug
[2026-04-21T18:08:40.171] [DEBUG] debug-file - Target 'default' config initialized
[2026-04-21T18:08:40.172] [DEBUG] debug-file - Module 'entry' target 'default' build option initialized
[2026-04-21T18:08:40.172] [DEBUG] debug-file - End initialize module-target build option map, moduleName=entry
[2026-04-21T18:08:40.172] [DEBUG] debug-file - Start initialize module-target build option map, moduleName=entry, buildMode=release
[2026-04-21T18:08:40.172] [DEBUG] debug-file - Target 'default' config initialized
[2026-04-21T18:08:40.172] [DEBUG] debug-file - Module 'entry' target 'default' build option initialized
[2026-04-21T18:08:40.172] [DEBUG] debug-file - End initialize module-target build option map, moduleName=entry
[2026-04-21T18:08:40.172] [DEBUG] debug-file - Start initialize module-target build option map, moduleName=entry, buildMode=debug
[2026-04-21T18:08:40.172] [DEBUG] debug-file - Target 'default' config initialized
[2026-04-21T18:08:40.172] [DEBUG] debug-file - Module 'entry' target 'default' build option initialized
[2026-04-21T18:08:40.172] [DEBUG] debug-file - End initialize module-target build option map, moduleName=entry
[2026-04-21T18:08:40.172] [DEBUG] debug-file - Obtain build option for module 'entry' target 'default'in this build.
[2026-04-21T18:08:40.173] [DEBUG] debug-file - Module entry task initialization takes 1 ms 
[2026-04-21T18:08:40.173] [DEBUG] debug-file - Hap plugin register hook start...
[2026-04-21T18:08:40.173] [DEBUG] debug-file - Hap plugin register hook end...
[2026-04-21T18:08:40.173] [DEBUG] debug-file - Plugin build process completed
[2026-04-21T18:08:40.173] [DEBUG] debug-file - hvigorfile, resolve finished D:\HUAWEI\Lab2\ndk-opengl-master\entry\hvigorfile.ts
[2026-04-21T18:08:40.185] [DEBUG] debug-file - hvigorfile, resolve hvigorfile dependencies in 12 ms 
[2026-04-21T18:08:40.185] [DEBUG] debug-file - project has submodules:entry
[2026-04-21T18:08:40.186] [DEBUG] debug-file - start to load updatedOhPackageInfo to the disk
[2026-04-21T18:08:40.191] [DEBUG] debug-file - load to the disk finished
[2026-04-21T18:08:40.192] [DEBUG] debug-file - Start to initialize dependency information.
[2026-04-21T18:08:40.192] [DEBUG] debug-file - Module ndk-opengl-master Collected Dependency: 
[2026-04-21T18:08:40.192] [DEBUG] debug-file - Module ndk-opengl-master's total dependency: 0
[2026-04-21T18:08:40.193] [DEBUG] debug-file - Start to initialize dependency information.
[2026-04-21T18:08:40.194] [DEBUG] debug-file - Module entry Collected Dependency: 
[2026-04-21T18:08:40.194] [DEBUG] debug-file - Module entry's total dependency: 0
[2026-04-21T18:08:40.195] [DEBUG] debug-file - Configuration phase cost:61 ms 
[2026-04-21T18:08:40.195] [DEBUG] debug-file - Configuration task cost before running: 65 ms 
[2026-04-21T18:08:40.197] [DEBUG] debug-file - Executing task :entry:default@PreBuild
[2026-04-21T18:08:40.198] [DEBUG] debug-file - Task 'entry:default@PreBuild' cost while wrapping incremental declarations: 1 ms 
[2026-04-21T18:08:40.201] [DEBUG] debug-file - Incremental task entry:default@PreBuild pre-execution cost: 3 ms .
[2026-04-21T18:08:40.201] [DEBUG] debug-file - entry : default@PreBuild cost memory -0.54229736328125
[2026-04-21T18:08:40.202] [INFO] debug-file - UP-TO-DATE :entry:default@PreBuild...  
[2026-04-21T18:08:40.202] [DEBUG] debug-file - Executing task :entry:default@CreateModuleInfo
[2026-04-21T18:08:40.202] [DEBUG] debug-file - Task 'entry:default@CreateModuleInfo' cost while wrapping incremental declarations: 1 ms 
[2026-04-21T18:08:40.202] [DEBUG] debug-file - entry : default@CreateModuleInfo cost memory 0.04137420654296875
[2026-04-21T18:08:40.203] [DEBUG] debug-file - runTaskFromQueue task cost before running: 72 ms 
[2026-04-21T18:08:40.203] [INFO] debug-file - Finished :entry:default@CreateModuleInfo... after 1 ms 
[2026-04-21T18:08:40.203] [DEBUG] debug-file - Executing task :entry:default@GenerateMetadata
[2026-04-21T18:08:40.204] [DEBUG] debug-file - Task 'entry:default@GenerateMetadata' cost while wrapping incremental declarations: 1 ms 
[2026-04-21T18:08:40.204] [DEBUG] debug-file - Incremental task entry:default@GenerateMetadata pre-execution cost: 1 ms .
[2026-04-21T18:08:40.204] [DEBUG] debug-file - entry : default@GenerateMetadata cost memory 0.0817108154296875
[2026-04-21T18:08:40.204] [INFO] debug-file - UP-TO-DATE :entry:default@GenerateMetadata...  
[2026-04-21T18:08:40.205] [DEBUG] debug-file - Executing task :entry:default@ConfigureCmake
[2026-04-21T18:08:40.205] [DEBUG] debug-file - entry : default@ConfigureCmake cost memory 0.03022003173828125
[2026-04-21T18:08:40.205] [DEBUG] debug-file - runTaskFromQueue task cost before running: 75 ms 
[2026-04-21T18:08:40.205] [INFO] debug-file - Finished :entry:default@ConfigureCmake... after 1 ms 
[2026-04-21T18:08:40.206] [DEBUG] debug-file - Executing task :entry:default@MergeProfile
[2026-04-21T18:08:40.206] [DEBUG] debug-file - Task 'entry:default@MergeProfile' cost while wrapping incremental declarations: 1 ms 
[2026-04-21T18:08:40.207] [DEBUG] debug-file - Incremental task entry:default@MergeProfile pre-execution cost: 1 ms .
[2026-04-21T18:08:40.207] [DEBUG] debug-file - entry : default@MergeProfile cost memory 0.1153106689453125
[2026-04-21T18:08:40.207] [INFO] debug-file - UP-TO-DATE :entry:default@MergeProfile...  
[2026-04-21T18:08:40.207] [DEBUG] debug-file - Executing task :entry:default@CreateBuildProfile
[2026-04-21T18:08:40.208] [DEBUG] debug-file - Task 'entry:default@CreateBuildProfile' cost while wrapping incremental declarations: 1 ms 
[2026-04-21T18:08:40.208] [DEBUG] debug-file - Incremental task entry:default@CreateBuildProfile pre-execution cost: 1 ms .
[2026-04-21T18:08:40.209] [DEBUG] debug-file - entry : default@CreateBuildProfile cost memory -0.6799545288085938
[2026-04-21T18:08:40.209] [INFO] debug-file - UP-TO-DATE :entry:default@CreateBuildProfile...  
[2026-04-21T18:08:40.209] [DEBUG] debug-file - Executing task :entry:default@PreCheckSyscap
[2026-04-21T18:08:40.209] [DEBUG] debug-file - entry : default@PreCheckSyscap cost memory 0.0148773193359375
[2026-04-21T18:08:40.209] [DEBUG] debug-file - runTaskFromQueue task cost before running: 79 ms 
[2026-04-21T18:08:40.209] [INFO] debug-file - Finished :entry:default@PreCheckSyscap... after 1 ms 
[2026-04-21T18:08:40.210] [DEBUG] debug-file - Executing task :entry:default@GeneratePkgContextInfo
[2026-04-21T18:08:40.212] [DEBUG] debug-file - Task 'entry:default@GeneratePkgContextInfo' cost while wrapping incremental declarations: 1 ms 
[2026-04-21T18:08:40.212] [DEBUG] debug-file - entry : default@GeneratePkgContextInfo cost memory 0.20926666259765625
[2026-04-21T18:08:40.212] [DEBUG] debug-file - runTaskFromQueue task cost before running: 81 ms 
[2026-04-21T18:08:40.212] [INFO] debug-file - Finished :entry:default@GeneratePkgContextInfo... after 2 ms 
[2026-04-21T18:08:40.214] [DEBUG] debug-file - Executing task :entry:default@ProcessIntegratedHsp
[2026-04-21T18:08:40.214] [DEBUG] debug-file - entry:default@ProcessIntegratedHsp is not up-to-date, since the output file 'D:\HUAWEI\Lab2\ndk-opengl-master\build\cache\default\integrated_hsp\integratedHspCache.json' does not exist.
[2026-04-21T18:08:40.214] [DEBUG] debug-file - Incremental task entry:default@ProcessIntegratedHsp pre-execution cost: 1 ms .
[2026-04-21T18:08:40.214] [DEBUG] debug-file - entry : default@ProcessIntegratedHsp cost memory 0.05686187744140625
[2026-04-21T18:08:40.214] [DEBUG] debug-file - runTaskFromQueue task cost before running: 83 ms 
[2026-04-21T18:08:40.214] [INFO] debug-file - Finished :entry:default@ProcessIntegratedHsp... after 1 ms 
[2026-04-21T18:08:40.215] [DEBUG] debug-file - Executing task :entry:default@BuildNativeWithCmake
[2026-04-21T18:08:40.216] [DEBUG] debug-file - Use tool [Cmake]
 [
  'D:\\HUAWEI\\DevEco\\DevEco Studio\\sdk\\default\\openharmony\\native\\build-tools\\cmake\\bin\\cmake.exe',
  '-HD:\\HUAWEI\\Lab2\\ndk-opengl-master\\entry\\src\\main\\cpp',
  '-BD:\\HUAWEI\\Lab2\\ndk-opengl-master\\entry\\.cxx\\default\\default\\debug\\arm64-v8a',
  '-DOHOS_ARCH=arm64-v8a',
  '-DCMAKE_LIBRARY_OUTPUT_DIRECTORY=D:\\HUAWEI\\Lab2\\ndk-opengl-master\\entry\\build\\default\\intermediates\\cmake\\default\\obj\\arm64-v8a',
  '-DCMAKE_BUILD_TYPE=Debug',
  '-DOHOS_SDK_NATIVE=D:\\HUAWEI\\DevEco\\DevEco Studio\\sdk\\default\\openharmony\\native',
  '-DCMAKE_SYSTEM_NAME=OHOS',
  '-DCMAKE_OHOS_ARCH_ABI=arm64-v8a',
  '-DCMAKE_EXPORT_COMPILE_COMMANDS=ON',
  '-DCMAKE_TOOLCHAIN_FILE=D:\\HUAWEI\\DevEco\\DevEco Studio\\sdk\\default\\hms\\native\\build\\cmake\\hmos.toolchain.cmake',
  '-GNinja',
  '-DCMAKE_MAKE_PROGRAM=D:\\HUAWEI\\DevEco\\DevEco Studio\\sdk\\default\\openharmony\\native\\build-tools\\cmake\\bin\\ninja.exe',
  '-DCMAKE_FIND_ROOT_PATH=D:\\HUAWEI\\Lab2\\ndk-opengl-master\\entry\\.cxx\\default\\default\\debug\\hvigor\\arm64-v8a',
  '-DPACKAGE_FIND_FILE=D:\\HUAWEI\\Lab2\\ndk-opengl-master\\entry\\.cxx\\default\\default\\debug\\hvigor\\arm64-v8a\\summary.cmake',
  '--no-warn-unused-cli',
  '-DHMOS_SDK_NATIVE=D:\\HUAWEI\\DevEco\\DevEco Studio\\sdk\\default\\hms\\native'
]
[2026-04-21T18:08:40.219] [DEBUG] debug-file - CMake configuration was up-to-date
[2026-04-21T18:08:40.221] [DEBUG] debug-file - Use tool [Cmake]
 [
  'D:\\HUAWEI\\DevEco\\DevEco Studio\\sdk\\default\\openharmony\\native\\build-tools\\cmake\\bin\\cmake.exe',
  '-HD:\\HUAWEI\\Lab2\\ndk-opengl-master\\entry\\src\\main\\cpp',
  '-BD:\\HUAWEI\\Lab2\\ndk-opengl-master\\entry\\.cxx\\default\\default\\debug\\x86_64',
  '-DOHOS_ARCH=x86_64',
  '-DCMAKE_LIBRARY_OUTPUT_DIRECTORY=D:\\HUAWEI\\Lab2\\ndk-opengl-master\\entry\\build\\default\\intermediates\\cmake\\default\\obj\\x86_64',
  '-DCMAKE_BUILD_TYPE=Debug',
  '-DOHOS_SDK_NATIVE=D:\\HUAWEI\\DevEco\\DevEco Studio\\sdk\\default\\openharmony\\native',
  '-DCMAKE_SYSTEM_NAME=OHOS',
  '-DCMAKE_OHOS_ARCH_ABI=x86_64',
  '-DCMAKE_EXPORT_COMPILE_COMMANDS=ON',
  '-DCMAKE_TOOLCHAIN_FILE=D:\\HUAWEI\\DevEco\\DevEco Studio\\sdk\\default\\hms\\native\\build\\cmake\\hmos.toolchain.cmake',
  '-GNinja',
  '-DCMAKE_MAKE_PROGRAM=D:\\HUAWEI\\DevEco\\DevEco Studio\\sdk\\default\\openharmony\\native\\build-tools\\cmake\\bin\\ninja.exe',
  '-DCMAKE_FIND_ROOT_PATH=D:\\HUAWEI\\Lab2\\ndk-opengl-master\\entry\\.cxx\\default\\default\\debug\\hvigor\\x86_64',
  '-DPACKAGE_FIND_FILE=D:\\HUAWEI\\Lab2\\ndk-opengl-master\\entry\\.cxx\\default\\default\\debug\\hvigor\\x86_64\\summary.cmake',
  '--no-warn-unused-cli',
  '-DHMOS_SDK_NATIVE=D:\\HUAWEI\\DevEco\\DevEco Studio\\sdk\\default\\hms\\native'
]
[2026-04-21T18:08:40.225] [DEBUG] debug-file - CMake configuration was up-to-date
[2026-04-21T18:08:40.227] [DEBUG] debug-file - entry : default@BuildNativeWithCmake cost memory -0.7028579711914062
[2026-04-21T18:08:40.227] [DEBUG] debug-file - runTaskFromQueue task cost before running: 96 ms 
[2026-04-21T18:08:40.227] [INFO] debug-file - Finished :entry:default@BuildNativeWithCmake... after 13 ms 
[2026-04-21T18:08:40.227] [DEBUG] debug-file - Executing task :entry:default@MakePackInfo
[2026-04-21T18:08:40.228] [DEBUG] debug-file - Incremental task entry:default@MakePackInfo pre-execution cost: 1 ms .
[2026-04-21T18:08:40.228] [DEBUG] debug-file - entry : default@MakePackInfo cost memory 0.0957183837890625
[2026-04-21T18:08:40.229] [INFO] debug-file - UP-TO-DATE :entry:default@MakePackInfo...  
[2026-04-21T18:08:40.229] [DEBUG] debug-file - Executing task :entry:default@SyscapTransform
[2026-04-21T18:08:40.229] [DEBUG] debug-file - File: 'D:\HUAWEI\Lab2\ndk-opengl-master\entry\src\main\syscap.json' from 'sysCapJsonPath' is not exists, just ignore.
[2026-04-21T18:08:40.230] [DEBUG] debug-file - Task 'entry:default@SyscapTransform' cost while wrapping incremental declarations: 1 ms 
[2026-04-21T18:08:40.230] [DEBUG] debug-file - entry:default@SyscapTransform is not up-to-date, since the output file 'D:\HUAWEI\Lab2\ndk-opengl-master\entry\build\default\intermediates\syscap\default\rpcid.sc' does not exist.
[2026-04-21T18:08:40.230] [DEBUG] debug-file - Incremental task entry:default@SyscapTransform pre-execution cost: 1 ms .
[2026-04-21T18:08:40.230] [DEBUG] debug-file - entry : default@SyscapTransform cost memory 0.13510894775390625
[2026-04-21T18:08:40.230] [DEBUG] debug-file - runTaskFromQueue task cost before running: 100 ms 
[2026-04-21T18:08:40.231] [INFO] debug-file - Finished :entry:default@SyscapTransform... after 2 ms 
[2026-04-21T18:08:40.231] [DEBUG] debug-file - Executing task :entry:default@ProcessProfile
[2026-04-21T18:08:40.232] [DEBUG] debug-file - Task 'entry:default@ProcessProfile' cost while wrapping incremental declarations: 1 ms 
[2026-04-21T18:08:40.232] [DEBUG] debug-file - Incremental task entry:default@ProcessProfile pre-execution cost: 1 ms .
[2026-04-21T18:08:40.232] [DEBUG] debug-file - entry : default@ProcessProfile cost memory 0.11963653564453125
[2026-04-21T18:08:40.232] [INFO] debug-file - UP-TO-DATE :entry:default@ProcessProfile...  
[2026-04-21T18:08:40.233] [DEBUG] debug-file - Executing task :entry:default@ProcessRouterMap
[2026-04-21T18:08:40.234] [DEBUG] debug-file - Incremental task entry:default@ProcessRouterMap pre-execution cost: 1 ms .
[2026-04-21T18:08:40.234] [DEBUG] debug-file - entry : default@ProcessRouterMap cost memory 0.1248931884765625
[2026-04-21T18:08:40.234] [INFO] debug-file - UP-TO-DATE :entry:default@ProcessRouterMap...  
[2026-04-21T18:08:40.235] [DEBUG] debug-file - Executing task :entry:default@ProcessShareConfig
[2026-04-21T18:08:40.236] [DEBUG] debug-file - Incremental task entry:default@ProcessShareConfig pre-execution cost: 1 ms .
[2026-04-21T18:08:40.236] [DEBUG] debug-file - entry : default@ProcessShareConfig cost memory 0.10230255126953125
[2026-04-21T18:08:40.236] [INFO] debug-file - UP-TO-DATE :entry:default@ProcessShareConfig...  
[2026-04-21T18:08:40.236] [DEBUG] debug-file - Executing task :entry:default@ProcessStartupConfig
[2026-04-21T18:08:40.236] [DEBUG] debug-file - Task 'entry:default@ProcessStartupConfig' cost while wrapping incremental declarations: 1 ms 
[2026-04-21T18:08:40.237] [DEBUG] debug-file - entry:default@ProcessStartupConfig is not up-to-date, since the output file 'D:\HUAWEI\Lab2\ndk-opengl-master\entry\build\default\intermediates\startup\default\startup_config.json' does not exist.
[2026-04-21T18:08:40.237] [DEBUG] debug-file - Incremental task entry:default@ProcessStartupConfig pre-execution cost: 1 ms .
[2026-04-21T18:08:40.237] [DEBUG] debug-file - entry : default@ProcessStartupConfig cost memory 0.093017578125
[2026-04-21T18:08:40.237] [DEBUG] debug-file - runTaskFromQueue task cost before running: 106 ms 
[2026-04-21T18:08:40.237] [INFO] debug-file - Finished :entry:default@ProcessStartupConfig... after 1 ms 
[2026-04-21T18:08:40.237] [DEBUG] debug-file - Executing task :entry:default@BuildNativeWithNinja
[2026-04-21T18:08:40.238] [DEBUG] debug-file - Use tool [Ninja]
 [
  'D:\\HUAWEI\\DevEco\\DevEco Studio\\sdk\\default\\openharmony\\native\\build-tools\\cmake\\bin\\ninja.exe',
  '-C',
  'D:\\HUAWEI\\Lab2\\ndk-opengl-master\\entry\\.cxx\\default\\default\\debug\\arm64-v8a'
]
[2026-04-21T18:08:40.238] [DEBUG] debug-file - default@BuildNativeWithNinja work[14] is submitted.
[2026-04-21T18:08:40.238] [DEBUG] debug-file - default@BuildNativeWithNinja work[14] is pushed to ready queue.
[2026-04-21T18:08:40.238] [DEBUG] debug-file - A work dispatched to worker[19] failed because unable to get work from ready queue.
[2026-04-21T18:08:40.238] [DEBUG] debug-file - Create  resident worker with id: 18.
[2026-04-21T18:08:40.239] [DEBUG] debug-file - default@BuildNativeWithNinja work[14] has been dispatched to worker[18].
[2026-04-21T18:08:40.239] [DEBUG] debug-file - default@BuildNativeWithNinja work[14] is dispatched.
[2026-04-21T18:08:40.243] [DEBUG] debug-file - OHOS_STL is c++_shared
[2026-04-21T18:08:40.243] [DEBUG] debug-file - Copy STL libc++_shared.so to D:\HUAWEI\Lab2\ndk-opengl-master\entry\build\default\intermediates\cmake\default\obj\arm64-v8a due to OHOS_STL is 'c++_shared'
[2026-04-21T18:08:40.244] [DEBUG] debug-file - Use tool [Ninja]
 [
  'D:\\HUAWEI\\DevEco\\DevEco Studio\\sdk\\default\\openharmony\\native\\build-tools\\cmake\\bin\\ninja.exe',
  '-C',
  'D:\\HUAWEI\\Lab2\\ndk-opengl-master\\entry\\.cxx\\default\\default\\debug\\x86_64'
]
[2026-04-21T18:08:40.244] [DEBUG] debug-file - default@BuildNativeWithNinja work[15] is submitted.
[2026-04-21T18:08:40.245] [DEBUG] debug-file - default@BuildNativeWithNinja work[15] is pushed to ready queue.
[2026-04-21T18:08:40.245] [DEBUG] debug-file - A work dispatched to worker[19] failed because unable to get work from ready queue.
[2026-04-21T18:08:40.245] [DEBUG] debug-file - A work dispatched to worker[18] failed because of worker busy.
[2026-04-21T18:08:40.245] [DEBUG] debug-file - Create  resident worker with id: 17.
[2026-04-21T18:08:40.245] [DEBUG] debug-file - default@BuildNativeWithNinja work[15] has been dispatched to worker[17].
[2026-04-21T18:08:40.245] [DEBUG] debug-file - default@BuildNativeWithNinja work[15] is dispatched.
[2026-04-21T18:08:40.251] [DEBUG] debug-file - OHOS_STL is c++_shared
[2026-04-21T18:08:40.251] [DEBUG] debug-file - Copy STL libc++_shared.so to D:\HUAWEI\Lab2\ndk-opengl-master\entry\build\default\intermediates\cmake\default\obj\x86_64 due to OHOS_STL is 'c++_shared'
[2026-04-21T18:08:40.251] [DEBUG] debug-file - entry : default@BuildNativeWithNinja cost memory -0.8935165405273438
[2026-04-21T18:08:40.252] [DEBUG] debug-file - restool module names: entry; moduleName=entry, taskName=default@ProcessResource
[2026-04-21T18:08:40.254] [DEBUG] debug-file - Executing task :entry:default@ProcessResource
[2026-04-21T18:08:40.254] [DEBUG] debug-file - Task 'entry:default@ProcessResource' cost while wrapping incremental declarations: 1 ms 
[2026-04-21T18:08:40.255] [DEBUG] debug-file - Incremental task entry:default@ProcessResource pre-execution cost: 1 ms .
[2026-04-21T18:08:40.255] [DEBUG] debug-file - entry : default@ProcessResource cost memory 0.12616729736328125
[2026-04-21T18:08:40.256] [INFO] debug-file - UP-TO-DATE :entry:default@ProcessResource...  
[2026-04-21T18:08:40.257] [DEBUG] debug-file - Executing task :entry:default@GenerateLoaderJson
[2026-04-21T18:08:40.257] [DEBUG] debug-file - Task 'entry:default@GenerateLoaderJson' cost while wrapping incremental declarations: 1 ms 
[2026-04-21T18:08:40.261] [DEBUG] debug-file - Incremental task entry:default@GenerateLoaderJson pre-execution cost: 2 ms .
[2026-04-21T18:08:40.261] [DEBUG] debug-file - entry : default@GenerateLoaderJson cost memory 0.45084381103515625
[2026-04-21T18:08:40.263] [INFO] debug-file - UP-TO-DATE :entry:default@GenerateLoaderJson...  
[2026-04-21T18:08:40.263] [DEBUG] debug-file - restool module names: entry; moduleName=entry, taskName=default@CompileResource
[2026-04-21T18:08:40.264] [DEBUG] debug-file - Executing task :entry:default@CompileResource
[2026-04-21T18:08:40.269] [DEBUG] debug-file - Incremental task entry:default@CompileResource pre-execution cost: 5 ms .
[2026-04-21T18:08:40.269] [DEBUG] debug-file - entry : default@CompileResource cost memory -1.2968826293945312
[2026-04-21T18:08:40.270] [INFO] debug-file - UP-TO-DATE :entry:default@CompileResource...  
[2026-04-21T18:08:40.271] [DEBUG] debug-file - Executing task :entry:default@CompileArkTS
[2026-04-21T18:08:40.271] [DEBUG] debug-file - obfuscationOptions: undefined
[2026-04-21T18:08:40.271] [DEBUG] debug-file - Task 'entry:default@CompileArkTS' cost while wrapping incremental declarations: 1 ms 
[2026-04-21T18:08:40.275] [DEBUG] debug-file - Incremental task entry:default@CompileArkTS pre-execution cost: 3 ms .
[2026-04-21T18:08:40.275] [DEBUG] debug-file - entry : default@CompileArkTS cost memory 0.4794464111328125
[2026-04-21T18:08:40.276] [INFO] debug-file - UP-TO-DATE :entry:default@CompileArkTS...  
[2026-04-21T18:08:40.277] [DEBUG] debug-file - Executing task :entry:default@BuildJS
[2026-04-21T18:08:40.277] [DEBUG] debug-file - Task 'entry:default@BuildJS' cost while wrapping incremental declarations: 1 ms 
[2026-04-21T18:08:40.278] [DEBUG] debug-file - entry : default@BuildJS cost memory 0.1524810791015625
[2026-04-21T18:08:40.278] [DEBUG] debug-file - runTaskFromQueue task cost before running: 147 ms 
[2026-04-21T18:08:40.278] [INFO] debug-file - Finished :entry:default@BuildJS... after 2 ms 
[2026-04-21T18:08:41.759] [DEBUG] debug-file - ninja: Entering directory `D:\HUAWEI\Lab2\ndk-opengl-master\entry\.cxx\default\default\debug\x86_64'
[1/3] Building CXX object CMakeFiles/tetrahedron_napi.dir/tetrahedron.cpp.o

[2026-04-21T18:08:41.774] [DEBUG] debug-file - clang++: warning: argument unused during compilation: '--gcc-toolchain=D:/HUAWEI/DevEco/DevEco Studio/sdk/default/openharmony/native/llvm' [-Wunused-command-line-argument]
[2/3] Building CXX object CMakeFiles/tetrahedron_napi.dir/frame_handle.cpp.o

[2026-04-21T18:08:41.776] [DEBUG] debug-file - ninja: Entering directory `D:\HUAWEI\Lab2\ndk-opengl-master\entry\.cxx\default\default\debug\arm64-v8a'
[1/3] Building CXX object CMakeFiles/tetrahedron_napi.dir/tetrahedron.cpp.o

[2026-04-21T18:08:41.784] [DEBUG] debug-file - clang++: warning: argument unused during compilation: '--gcc-toolchain=D:/HUAWEI/DevEco/DevEco Studio/sdk/default/openharmony/native/llvm' [-Wunused-command-line-argument]
[2/3] Building CXX object CMakeFiles/tetrahedron_napi.dir/frame_handle.cpp.o

[2026-04-21T18:08:41.953] [DEBUG] debug-file - clang++: warning: argument unused during compilation: '--gcc-toolchain=D:/HUAWEI/DevEco/DevEco Studio/sdk/default/openharmony/native/llvm' [-Wunused-command-line-argument]
[3/3] Linking CXX shared library D:\HUAWEI\Lab2\ndk-opengl-master\entry\build\default\intermediates\cmake\default\obj\arm64-v8a\libtetrahedron_napi.so

[2026-04-21T18:08:41.955] [DEBUG] debug-file - clang++: warning: argument unused during compilation: '--gcc-toolchain=D:/HUAWEI/DevEco/DevEco Studio/sdk/default/openharmony/native/llvm' [-Wunused-command-line-argument]
[3/3] Linking CXX shared library D:\HUAWEI\Lab2\ndk-opengl-master\entry\build\default\intermediates\cmake\default\obj\x86_64\libtetrahedron_napi.so

[2026-04-21T18:08:41.955] [DEBUG] debug-file - worker[18] has one work done.
[2026-04-21T18:08:41.962] [DEBUG] debug-file - default@BuildNativeWithNinja work[14] done.
[2026-04-21T18:08:41.962] [DEBUG] debug-file - A work dispatched to worker[18] failed because unable to get work from ready queue.
[2026-04-21T18:08:41.962] [DEBUG] debug-file - worker[17] has one work done.
[2026-04-21T18:08:41.967] [DEBUG] debug-file - default@BuildNativeWithNinja work[15] done.
[2026-04-21T18:08:41.967] [DEBUG] debug-file - A work dispatched to worker[17] failed because unable to get work from ready queue.
[2026-04-21T18:08:41.967] [INFO] debug-file - Finished :entry:default@BuildNativeWithNinja... after 807 ms 
[2026-04-21T18:08:41.968] [DEBUG] debug-file - Executing task :entry:default@ProcessLibs
[2026-04-21T18:08:41.978] [DEBUG] debug-file - Check content hash for D:\HUAWEI\Lab2\ndk-opengl-master\entry\build\default\intermediates\cmake\default\obj\x86_64\libtetrahedron_napi.so
[2026-04-21T18:08:41.983] [DEBUG] debug-file - Check content hash for D:\HUAWEI\Lab2\ndk-opengl-master\entry\build\default\intermediates\cmake\default\obj\x86_64\libc++_shared.so
[2026-04-21T18:08:41.989] [DEBUG] debug-file - Check content hash for D:\HUAWEI\Lab2\ndk-opengl-master\entry\build\default\intermediates\cmake\default\obj\arm64-v8a\libtetrahedron_napi.so
[2026-04-21T18:08:42.000] [DEBUG] debug-file - Check content hash for D:\HUAWEI\Lab2\ndk-opengl-master\entry\build\default\intermediates\cmake\default\obj\arm64-v8a\libc++_shared.so
[2026-04-21T18:08:42.004] [DEBUG] debug-file - entry:default@ProcessLibs is not up-to-date, since the task snapshots are different.
[2026-04-21T18:08:42.004] [DEBUG] debug-file - Incremental task entry:default@ProcessLibs pre-execution cost: 2 ms .
[2026-04-21T18:08:42.007] [DEBUG] debug-file - Worker dispatch failed, running processLibs on main thread.
[2026-04-21T18:08:42.010] [DEBUG] debug-file - Link D:\HUAWEI\Lab2\ndk-opengl-master\entry\build\default\intermediates\cmake\default\obj\x86_64\libtetrahedron_napi.so to D:\HUAWEI\Lab2\ndk-opengl-master\entry\build\default\intermediates\libs\default\x86_64\libtetrahedron_napi.so successfully.
[2026-04-21T18:08:42.011] [DEBUG] debug-file - Link D:\HUAWEI\Lab2\ndk-opengl-master\entry\build\default\intermediates\cmake\default\obj\x86_64\libc++_shared.so to D:\HUAWEI\Lab2\ndk-opengl-master\entry\build\default\intermediates\libs\default\x86_64\libc++_shared.so successfully.
[2026-04-21T18:08:42.012] [DEBUG] debug-file - Link D:\HUAWEI\Lab2\ndk-opengl-master\entry\build\default\intermediates\cmake\default\obj\arm64-v8a\libtetrahedron_napi.so to D:\HUAWEI\Lab2\ndk-opengl-master\entry\build\default\intermediates\libs\default\arm64-v8a\libtetrahedron_napi.so successfully.
[2026-04-21T18:08:42.013] [DEBUG] debug-file - Link D:\HUAWEI\Lab2\ndk-opengl-master\entry\build\default\intermediates\cmake\default\obj\arm64-v8a\libc++_shared.so to D:\HUAWEI\Lab2\ndk-opengl-master\entry\build\default\intermediates\libs\default\arm64-v8a\libc++_shared.so successfully.
[2026-04-21T18:08:42.013] [DEBUG] debug-file - entry : default@ProcessLibs cost memory -5.541557312011719
[2026-04-21T18:08:42.013] [DEBUG] debug-file - runTaskFromQueue task cost before running: 1 s 882 ms 
[2026-04-21T18:08:42.013] [INFO] debug-file - Finished :entry:default@ProcessLibs... after 45 ms 
[2026-04-21T18:08:42.014] [DEBUG] debug-file - Executing task :entry:default@DoNativeStrip
[2026-04-21T18:08:42.014] [DEBUG] debug-file - Task 'entry:default@DoNativeStrip' cost while wrapping incremental declarations: 1 ms 
[2026-04-21T18:08:42.015] [DEBUG] debug-file - entry:default@DoNativeStrip is not up-to-date, since the input file 'D:\HUAWEI\Lab2\ndk-opengl-master\entry\build\default\intermediates\libs\default' has been changed.
[2026-04-21T18:08:42.015] [DEBUG] debug-file - Incremental task entry:default@DoNativeStrip pre-execution cost: 1 ms .
[2026-04-21T18:08:42.017] [DEBUG] debug-file - default@DoNativeStrip work[16] is submitted.
[2026-04-21T18:08:42.017] [DEBUG] debug-file - default@DoNativeStrip work[16] is pushed to ready queue.
[2026-04-21T18:08:42.017] [DEBUG] debug-file - A work dispatched to worker[19] failed because unable to get work from ready queue.
[2026-04-21T18:08:42.017] [DEBUG] debug-file - default@DoNativeStrip work[16] has been dispatched to worker[18].
[2026-04-21T18:08:42.017] [DEBUG] debug-file - default@DoNativeStrip work[16] is dispatched.
[2026-04-21T18:08:42.017] [DEBUG] debug-file - entry : default@DoNativeStrip cost memory 0.35420989990234375
[2026-04-21T18:08:42.038] [DEBUG] debug-file - current process  memoryUsage: {
  rss: 653733888,
  heapTotal: 89567232,
  heapUsed: 60775200,
  external: 4156276,
  arrayBuffers: 157369
} os memoryUsage :18.49167251586914
[2026-04-21T18:08:42.062] [DEBUG] debug-file - current process  memoryUsage: {
  rss: 653737984,
  heapTotal: 89567232,
  heapUsed: 60848208,
  external: 4156316,
  arrayBuffers: 157369
} os memoryUsage :18.493053436279297
[2026-04-21T18:08:42.118] [DEBUG] debug-file - worker[18] has one work done.
[2026-04-21T18:08:42.119] [DEBUG] debug-file - default@DoNativeStrip work[16] done.
[2026-04-21T18:08:42.119] [DEBUG] debug-file - A work dispatched to worker[18] failed because unable to get work from ready queue.
[2026-04-21T18:08:42.119] [INFO] debug-file - Finished :entry:default@DoNativeStrip... after 99 ms 
[2026-04-21T18:08:42.120] [DEBUG] debug-file - Executing task :entry:default@CacheNativeLibs
[2026-04-21T18:08:42.120] [DEBUG] debug-file - Task 'entry:default@CacheNativeLibs' cost while wrapping incremental declarations: 1 ms 
[2026-04-21T18:08:42.121] [DEBUG] debug-file - entry:default@CacheNativeLibs is not up-to-date, since the input file 'D:\HUAWEI\Lab2\ndk-opengl-master\entry\build\default\intermediates\stripped_native_libs\default' has been changed.
[2026-04-21T18:08:42.121] [DEBUG] debug-file - Incremental task entry:default@CacheNativeLibs pre-execution cost: 1 ms .
[2026-04-21T18:08:42.121] [DEBUG] debug-file - default@CacheNativeLibs work[17] is submitted.
[2026-04-21T18:08:42.121] [DEBUG] debug-file - default@CacheNativeLibs work[17] is pushed to ready queue.
[2026-04-21T18:08:42.121] [DEBUG] debug-file - A work dispatched to worker[19] failed because unable to get work from ready queue.
[2026-04-21T18:08:42.121] [DEBUG] debug-file - default@CacheNativeLibs work[17] has been dispatched to worker[18].
[2026-04-21T18:08:42.121] [DEBUG] debug-file - default@CacheNativeLibs work[17] is dispatched.
[2026-04-21T18:08:42.121] [DEBUG] debug-file - entry : default@CacheNativeLibs cost memory 0.179443359375
[2026-04-21T18:08:42.124] [DEBUG] debug-file - worker[18] has one work done.
[2026-04-21T18:08:42.124] [DEBUG] debug-file - default@CacheNativeLibs work[17] done.
[2026-04-21T18:08:42.124] [DEBUG] debug-file - A work dispatched to worker[18] failed because unable to get work from ready queue.
[2026-04-21T18:08:42.124] [INFO] debug-file - Finished :entry:default@CacheNativeLibs... after 4 ms 
[2026-04-21T18:08:42.125] [DEBUG] debug-file - Executing task :entry:default@GeneratePkgModuleJson
[2026-04-21T18:08:42.125] [DEBUG] debug-file - File: 'D:\HUAWEI\Lab2\ndk-opengl-master\entry\build\default\intermediates\preload\default\preload.json' from 'preloadSoJsonPath' is not exists, just ignore.
[2026-04-21T18:08:42.125] [DEBUG] debug-file - Error occurs while handling @Input 'shouldDeduplicateHar': The "data" argument must be of type string or an instance of Buffer, TypedArray, or DataView. Received undefined
[2026-04-21T18:08:42.125] [DEBUG] debug-file - Task 'entry:default@GeneratePkgModuleJson' cost while wrapping incremental declarations: 1 ms 
[2026-04-21T18:08:42.125] [DEBUG] debug-file - Incremental task entry:default@GeneratePkgModuleJson pre-execution cost: 1 ms .
[2026-04-21T18:08:42.126] [DEBUG] debug-file - entry : default@GeneratePkgModuleJson cost memory 0.10045623779296875
[2026-04-21T18:08:42.126] [INFO] debug-file - UP-TO-DATE :entry:default@GeneratePkgModuleJson...  
[2026-04-21T18:08:42.126] [DEBUG] debug-file - Executing task :entry:default@ProcessCompiledResources
[2026-04-21T18:08:42.126] [DEBUG] debug-file - File: 'D:\HUAWEI\Lab2\ndk-opengl-master\entry\build\default\intermediates\preload\default\preload.json' from 'preloadSoJsonPath' is not exists, just ignore.
[2026-04-21T18:08:42.127] [DEBUG] debug-file - Task 'entry:default@ProcessCompiledResources' cost while wrapping incremental declarations: 1 ms 
[2026-04-21T18:08:42.127] [DEBUG] debug-file - entry : default@ProcessCompiledResources cost memory 0.058502197265625
[2026-04-21T18:08:42.127] [DEBUG] debug-file - runTaskFromQueue task cost before running: 1 s 996 ms 
[2026-04-21T18:08:42.127] [INFO] debug-file - Finished :entry:default@ProcessCompiledResources... after 1 ms 
[2026-04-21T18:08:42.128] [DEBUG] debug-file - Executing task :entry:default@PackageHap
[2026-04-21T18:08:42.130] [DEBUG] debug-file - entry:default@PackageHap is not up-to-date, since the input file 'D:\HUAWEI\Lab2\ndk-opengl-master\entry\build\default\intermediates\stripped_native_libs\default' has been changed.
[2026-04-21T18:08:42.130] [DEBUG] debug-file - Incremental task entry:default@PackageHap pre-execution cost: 2 ms .
[2026-04-21T18:08:42.130] [DEBUG] debug-file - Use tool [D:\HUAWEI\DevEco\DevEco Studio\sdk\default\openharmony\toolchains\lib\app_packing_tool.jar]
 [
  'java',
  '-Dfile.encoding=GBK',
  '-jar',
  'D:\\HUAWEI\\DevEco\\DevEco Studio\\sdk\\default\\openharmony\\toolchains\\lib\\app_packing_tool.jar',
  '--mode',
  'hap',
  '--force',
  'true',
  '--lib-path',
  'D:\\HUAWEI\\Lab2\\ndk-opengl-master\\entry\\build\\default\\intermediates\\stripped_native_libs\\default',
  '--json-path',
  'D:\\HUAWEI\\Lab2\\ndk-opengl-master\\entry\\build\\default\\intermediates\\package\\default\\module.json',
  '--resources-path',
  'D:\\HUAWEI\\Lab2\\ndk-opengl-master\\entry\\build\\default\\intermediates\\res\\default\\resources',
  '--index-path',
  'D:\\HUAWEI\\Lab2\\ndk-opengl-master\\entry\\build\\default\\intermediates\\res\\default\\resources.index',
  '--pack-info-path',
  'D:\\HUAWEI\\Lab2\\ndk-opengl-master\\entry\\build\\default\\outputs\\default\\pack.info',
  '--out-path',
  'D:\\HUAWEI\\Lab2\\ndk-opengl-master\\entry\\build\\default\\outputs\\default\\entry-default-unsigned.hap',
  '--ets-path',
  'D:\\HUAWEI\\Lab2\\ndk-opengl-master\\entry\\build\\default\\intermediates\\loader_out\\default\\ets'
]
[2026-04-21T18:08:42.154] [DEBUG] debug-file - java daemon socket received message:{"code":0,"message":"pack success"}
[2026-04-21T18:08:42.156] [DEBUG] debug-file - entry : default@PackageHap cost memory 0.47774505615234375
[2026-04-21T18:08:42.156] [DEBUG] debug-file - runTaskFromQueue task cost before running: 2 s 25 ms 
[2026-04-21T18:08:42.156] [INFO] debug-file - Finished :entry:default@PackageHap... after 28 ms 
[2026-04-21T18:08:42.157] [DEBUG] debug-file - Executing task :entry:default@PackingCheck
[2026-04-21T18:08:42.159] [DEBUG] debug-file - entry : default@PackingCheck cost memory 0.4368896484375
[2026-04-21T18:08:42.160] [DEBUG] debug-file - runTaskFromQueue task cost before running: 2 s 29 ms 
[2026-04-21T18:08:42.160] [INFO] debug-file - Finished :entry:default@PackingCheck... after 3 ms 
[2026-04-21T18:08:42.161] [DEBUG] debug-file - Executing task :entry:default@SignHap
[2026-04-21T18:08:42.161] [WARN] debug-file - Will skip sign 'hos_hap'. No signingConfigs profile is configured in current project.
             If needed, configure the signingConfigs in D:\HUAWEI\Lab2\ndk-opengl-master\build-profile.json5.
[2026-04-21T18:08:42.161] [DEBUG] debug-file - entry:default@SignHap is not up-to-date, since the input file 'D:\HUAWEI\Lab2\ndk-opengl-master\entry\build\default\outputs\default\entry-default-unsigned.hap' has been changed.
[2026-04-21T18:08:42.161] [DEBUG] debug-file - Incremental task entry:default@SignHap pre-execution cost: 1 ms .
[2026-04-21T18:08:42.161] [DEBUG] debug-file - entry : default@SignHap cost memory 0.08776092529296875
[2026-04-21T18:08:42.161] [DEBUG] debug-file - runTaskFromQueue task cost before running: 2 s 31 ms 
[2026-04-21T18:08:42.162] [INFO] debug-file - Finished :entry:default@SignHap... after 1 ms 
[2026-04-21T18:08:42.162] [DEBUG] debug-file - Executing task :entry:default@CollectDebugSymbol
[2026-04-21T18:08:42.163] [DEBUG] debug-file - entry : default@CollectDebugSymbol cost memory 0.1552886962890625
[2026-04-21T18:08:42.163] [DEBUG] debug-file - runTaskFromQueue task cost before running: 2 s 32 ms 
[2026-04-21T18:08:42.163] [INFO] debug-file - Finished :entry:default@CollectDebugSymbol... after 1 ms 
[2026-04-21T18:08:42.164] [DEBUG] debug-file - Executing task :entry:assembleHap
[2026-04-21T18:08:42.164] [DEBUG] debug-file - entry : assembleHap cost memory -3.3643341064453125
[2026-04-21T18:08:42.164] [DEBUG] debug-file - runTaskFromQueue task cost before running: 2 s 33 ms 
[2026-04-21T18:08:42.164] [INFO] debug-file - Finished :entry:assembleHap... after 1 ms 
[2026-04-21T18:08:42.172] [INFO] debug-file - BUILD SUCCESSFUL in 2 s 41 ms 
[2026-04-21T18:08:42.172] [DEBUG] debug-file - There is no need to refresh cache, since the incremental task entry:default@PreBuild is up-to-date.
[2026-04-21T18:08:42.172] [DEBUG] debug-file - Update task entry:default@CreateModuleInfo output file:D:\HUAWEI\Lab2\ndk-opengl-master\entry\build\default\generated\profile\default\ModuleInfo.ts cache.
[2026-04-21T18:08:42.172] [DEBUG] debug-file - Incremental task entry:default@CreateModuleInfo post-execution cost:1 ms .
[2026-04-21T18:08:42.172] [DEBUG] debug-file - There is no need to refresh cache, since the incremental task entry:default@GenerateMetadata is up-to-date.
[2026-04-21T18:08:42.172] [DEBUG] debug-file - There is no need to refresh cache, since the incremental task entry:default@MergeProfile is up-to-date.
[2026-04-21T18:08:42.172] [DEBUG] debug-file - There is no need to refresh cache, since the incremental task entry:default@CreateBuildProfile is up-to-date.
[2026-04-21T18:08:42.172] [DEBUG] debug-file - Update task entry:default@GeneratePkgContextInfo output file:D:\HUAWEI\Lab2\ndk-opengl-master\entry\build\default\intermediates\loader\default\pkgContextInfo.json cache.
[2026-04-21T18:08:42.172] [DEBUG] debug-file - Incremental task entry:default@GeneratePkgContextInfo post-execution cost:1 ms .
[2026-04-21T18:08:42.172] [DEBUG] debug-file - Update task entry:default@ProcessIntegratedHsp output file:D:\HUAWEI\Lab2\ndk-opengl-master\build\cache\default\integrated_hsp\integratedHspCache.json cache.
[2026-04-21T18:08:42.172] [DEBUG] debug-file - Incremental task entry:default@ProcessIntegratedHsp post-execution cost:1 ms .
[2026-04-21T18:08:42.172] [DEBUG] debug-file - There is no need to refresh cache, since the incremental task entry:default@MakePackInfo is up-to-date.
[2026-04-21T18:08:42.172] [DEBUG] debug-file - Update task entry:default@SyscapTransform input file:D:\HUAWEI\DevEco\DevEco Studio\sdk\default\openharmony\toolchains\syscap_tool.exe cache by regenerate.
[2026-04-21T18:08:42.173] [DEBUG] debug-file - Update task entry:default@SyscapTransform input file:D:\HUAWEI\DevEco\DevEco Studio\sdk\default\openharmony\ets\api\device-define cache by regenerate.
[2026-04-21T18:08:42.173] [DEBUG] debug-file - Update task entry:default@SyscapTransform output file:D:\HUAWEI\Lab2\ndk-opengl-master\entry\build\default\intermediates\syscap\default\rpcid.sc cache.
[2026-04-21T18:08:42.173] [DEBUG] debug-file - Incremental task entry:default@SyscapTransform post-execution cost:1 ms .
[2026-04-21T18:08:42.173] [DEBUG] debug-file - There is no need to refresh cache, since the incremental task entry:default@ProcessProfile is up-to-date.
[2026-04-21T18:08:42.174] [DEBUG] debug-file - There is no need to refresh cache, since the incremental task entry:default@ProcessRouterMap is up-to-date.
[2026-04-21T18:08:42.174] [DEBUG] debug-file - There is no need to refresh cache, since the incremental task entry:default@ProcessShareConfig is up-to-date.
[2026-04-21T18:08:42.174] [DEBUG] debug-file - Update task entry:default@ProcessStartupConfig output file:D:\HUAWEI\Lab2\ndk-opengl-master\entry\build\default\intermediates\startup\default\startup_config.json cache.
[2026-04-21T18:08:42.174] [DEBUG] debug-file - Incremental task entry:default@ProcessStartupConfig post-execution cost:1 ms .
[2026-04-21T18:08:42.174] [DEBUG] debug-file - There is no need to refresh cache, since the incremental task entry:default@ProcessResource is up-to-date.
[2026-04-21T18:08:42.174] [DEBUG] debug-file - There is no need to refresh cache, since the incremental task entry:default@GenerateLoaderJson is up-to-date.
[2026-04-21T18:08:42.174] [DEBUG] debug-file - There is no need to refresh cache, since the incremental task entry:default@CompileResource is up-to-date.
[2026-04-21T18:08:42.174] [DEBUG] debug-file - There is no need to refresh cache, since the incremental task entry:default@CompileArkTS is up-to-date.
[2026-04-21T18:08:42.174] [DEBUG] debug-file - Update task entry:default@BuildJS input file:D:\HUAWEI\Lab2\ndk-opengl-master\entry\build\default\intermediates\loader\default cache by regenerate.
[2026-04-21T18:08:42.175] [DEBUG] debug-file - Update task entry:default@BuildJS input file:D:\HUAWEI\Lab2\ndk-opengl-master\entry\build\default\intermediates\res\default\ResourceTable.txt cache by regenerate.
[2026-04-21T18:08:42.175] [DEBUG] debug-file - Update task entry:default@BuildJS input file:D:\HUAWEI\Lab2\ndk-opengl-master\entry\build\default\intermediates\res\default\ark_module.json cache by regenerate.
[2026-04-21T18:08:42.175] [DEBUG] debug-file - Update task entry:default@BuildJS input file:D:\HUAWEI\Lab2\ndk-opengl-master\entry\build\default\intermediates\res\default\resources\base\profile cache by regenerate.
[2026-04-21T18:08:42.175] [DEBUG] debug-file - Update task entry:default@BuildJS output file:D:\HUAWEI\Lab2\ndk-opengl-master\entry\build\default\intermediates\loader_out\default\js cache.
[2026-04-21T18:08:42.175] [DEBUG] debug-file - Incremental task entry:default@BuildJS post-execution cost:2 ms .
[2026-04-21T18:08:42.176] [DEBUG] debug-file - Update task entry:default@ProcessLibs input file:D:\HUAWEI\Lab2\ndk-opengl-master\build-profile.json5 cache by regenerate.
[2026-04-21T18:08:42.176] [DEBUG] debug-file - Update task entry:default@ProcessLibs input file:D:\HUAWEI\Lab2\ndk-opengl-master\entry\build-profile.json5 cache by regenerate.
[2026-04-21T18:08:42.176] [DEBUG] debug-file - Update task entry:default@ProcessLibs output file:D:\HUAWEI\Lab2\ndk-opengl-master\entry\build\default\intermediates\libs\default cache.
[2026-04-21T18:08:42.176] [DEBUG] debug-file - Incremental task entry:default@ProcessLibs post-execution cost:1 ms .
[2026-04-21T18:08:42.176] [DEBUG] debug-file - Update task entry:default@DoNativeStrip input file:D:\HUAWEI\Lab2\ndk-opengl-master\entry\build\default\intermediates\libs\default cache from map.
[2026-04-21T18:08:42.176] [DEBUG] debug-file - Update task entry:default@DoNativeStrip output file:D:\HUAWEI\Lab2\ndk-opengl-master\entry\build\default\intermediates\stripped_native_libs\default cache.
[2026-04-21T18:08:42.177] [DEBUG] debug-file - Incremental task entry:default@DoNativeStrip post-execution cost:1 ms .
[2026-04-21T18:08:42.177] [DEBUG] debug-file - Update task entry:default@CacheNativeLibs input file:D:\HUAWEI\Lab2\ndk-opengl-master\entry\build\default\intermediates\stripped_native_libs\default cache from map.
[2026-04-21T18:08:42.177] [DEBUG] debug-file - Update task entry:default@CacheNativeLibs input file:D:\HUAWEI\Lab2\ndk-opengl-master\entry\build\default\intermediates\libs\default cache by regenerate.
[2026-04-21T18:08:42.177] [DEBUG] debug-file - Update task entry:default@CacheNativeLibs output file:D:\HUAWEI\Lab2\ndk-opengl-master\entry\build\default\intermediates\patch\default\base_native_libs.json cache.
[2026-04-21T18:08:42.178] [DEBUG] debug-file - Incremental task entry:default@CacheNativeLibs post-execution cost:1 ms .
[2026-04-21T18:08:42.178] [DEBUG] debug-file - There is no need to refresh cache, since the incremental task entry:default@GeneratePkgModuleJson is up-to-date.
[2026-04-21T18:08:42.178] [DEBUG] debug-file - Incremental task entry:default@ProcessCompiledResources post-execution cost:1 ms .
[2026-04-21T18:08:42.178] [DEBUG] debug-file - Update task entry:default@PackageHap input file:D:\HUAWEI\Lab2\ndk-opengl-master\entry\build\default\intermediates\stripped_native_libs\default cache from map.
[2026-04-21T18:08:42.178] [DEBUG] debug-file - Update task entry:default@PackageHap input file:D:\HUAWEI\Lab2\ndk-opengl-master\entry\build\default\intermediates\res\default\module.json cache by regenerate.
[2026-04-21T18:08:42.178] [DEBUG] debug-file - Update task entry:default@PackageHap input file:D:\HUAWEI\Lab2\ndk-opengl-master\entry\build\default\intermediates\res\default\resources cache by regenerate.
[2026-04-21T18:08:42.179] [DEBUG] debug-file - Update task entry:default@PackageHap input file:D:\HUAWEI\Lab2\ndk-opengl-master\entry\build\default\intermediates\res\default\resources.index cache by regenerate.
[2026-04-21T18:08:42.179] [DEBUG] debug-file - Update task entry:default@PackageHap input file:D:\HUAWEI\Lab2\ndk-opengl-master\entry\build\default\outputs\default\pack.info cache by regenerate.
[2026-04-21T18:08:42.179] [DEBUG] debug-file - Update task entry:default@PackageHap input file:D:\HUAWEI\Lab2\ndk-opengl-master\entry\build\default\intermediates\loader_out\default\ets cache by regenerate.
[2026-04-21T18:08:42.179] [DEBUG] debug-file - Update task entry:default@PackageHap input file:D:\HUAWEI\Lab2\ndk-opengl-master\entry\build\default\intermediates\loader_out\default\ets\sourceMaps.map cache by regenerate.
[2026-04-21T18:08:42.180] [DEBUG] debug-file - Update task entry:default@PackageHap input file:D:\HUAWEI\Lab2\ndk-opengl-master\entry\build\default\generated\profile\default\BuildProfile.ets cache by regenerate.
[2026-04-21T18:08:42.180] [DEBUG] debug-file - Update task entry:default@PackageHap output file:D:\HUAWEI\Lab2\ndk-opengl-master\entry\build\default\outputs\default\entry-default-unsigned.hap cache.
[2026-04-21T18:08:42.180] [DEBUG] debug-file - Update task entry:default@PackageHap output file:D:\HUAWEI\Lab2\ndk-opengl-master\entry\build\default\intermediates\source_map\default\sourceMaps.map cache.
[2026-04-21T18:08:42.180] [DEBUG] debug-file - Update task entry:default@PackageHap output file:D:\HUAWEI\Lab2\ndk-opengl-master\entry\build\default\outputs\default\mapping\sourceMaps.map cache.
[2026-04-21T18:08:42.180] [DEBUG] debug-file - Incremental task entry:default@PackageHap post-execution cost:3 ms .
[2026-04-21T18:08:42.180] [DEBUG] debug-file - Update task entry:default@SignHap input file:D:\HUAWEI\Lab2\ndk-opengl-master\entry\build\default\outputs\default\entry-default-unsigned.hap cache from map.
[2026-04-21T18:08:42.180] [DEBUG] debug-file - Update task entry:default@SignHap output file:D:\HUAWEI\Lab2\ndk-opengl-master\entry\build\default\outputs\default\entry-default-signed.hap cache.
[2026-04-21T18:08:42.180] [DEBUG] debug-file - Incremental task entry:default@SignHap post-execution cost:1 ms .
[2026-04-21T18:08:42.181] [DEBUG] debug-file - Update task entry:default@CollectDebugSymbol input file:D:\HUAWEI\Lab2\ndk-opengl-master\entry\build\default\intermediates\loader_out\default\ets\sourceMaps.map cache by regenerate.
[2026-04-21T18:08:42.181] [DEBUG] debug-file - Update task entry:default@CollectDebugSymbol input file:D:\HUAWEI\Lab2\ndk-opengl-master\entry\build\default\intermediates\libs\default cache by regenerate.
[2026-04-21T18:08:42.181] [DEBUG] debug-file - Update task entry:default@CollectDebugSymbol output file:D:\HUAWEI\Lab2\ndk-opengl-master\entry\build\default\outputs\default\symbol cache.
[2026-04-21T18:08:42.181] [DEBUG] debug-file - Incremental task entry:default@CollectDebugSymbol post-execution cost:2 ms .
[2026-04-21T18:08:42.197] [DEBUG] debug-file - hvigor build process will be closed.
[2026-04-21T18:08:42.198] [DEBUG] debug-file - java daemon socket close code:1000 reason:close by user
[2026-04-21T18:08:42.202] [DEBUG] debug-file - session manager: send message to worker process.
[2026-04-21T18:08:42.203] [DEBUG] debug-file - session manager: send message to worker process.
[2026-04-21T18:08:42.202] [DEBUG] debug-file - watch worker: worker id should be larger than 0. Nothing will be sent to any worker thread.
[2026-04-21T18:08:42.203] [DEBUG] debug-file - watch worker: worker id should be larger than 0. Nothing will be sent to any worker thread.
[2026-04-21T18:08:57.099] [DEBUG] debug-file - session manager: set active socket. socketId=tBsdjZFo_iA9svMRAAAN
[2026-04-21T18:08:57.104] [DEBUG] debug-file - watch worker: worker id should be larger than 0. Nothing will be sent to any worker thread.
[2026-04-21T18:08:57.106] [DEBUG] debug-file - Workers' log level updated to INFO
[2026-04-21T18:08:57.108] [DEBUG] debug-file - Hvigor init with startParameters:{
  hvigorfileTypeCheck: false,
  parallelExecution: true,
  incrementalExecution: true,
  printStackTrace: false,
  daemon: true,
  analyze: 0,
  logLevel: Level { level: 20000, levelStr: 'INFO', colour: 'green' },
  optimizationStrategy: 'memory',
  hotCompile: undefined,
  hotReloadBuild: undefined,
  customizedParam: undefined
}
[2026-04-21T18:08:57.110] [DEBUG] debug-file - Cache service initialization finished in 2 ms 
[2026-04-21T18:08:57.110] [DEBUG] debug-file - hvigorfile, resolving D:\HUAWEI\Lab2\ndk-opengl-master\hvigorfile.ts
[2026-04-21T18:08:57.115] [DEBUG] debug-file - hvigorfile, require result:  {}
[2026-04-21T18:08:57.115] [DEBUG] debug-file - hvigorfile, binding system plugins {}
[2026-04-21T18:08:57.115] [DEBUG] debug-file - Starting plugin build process
[2026-04-21T18:08:57.115] [DEBUG] debug-file - App plugin prepare start...
[2026-04-21T18:08:57.115] [DEBUG] debug-file - App plugin prepare end...
[2026-04-21T18:08:57.116] [DEBUG] debug-file - App plugin creating...
[2026-04-21T18:08:57.118] [DEBUG] debug-file - App plugin register hook start...
[2026-04-21T18:08:57.118] [DEBUG] debug-file - App plugin register hook end...
[2026-04-21T18:08:57.118] [DEBUG] debug-file - Plugin build process completed
[2026-04-21T18:08:57.119] [DEBUG] debug-file - Start initialize project's product build option map with build mode debug.
[2026-04-21T18:08:57.119] [DEBUG] debug-file - Picking option from product 'default' with build mode 'debug'.
[2026-04-21T18:08:57.119] [DEBUG] debug-file - Product 'default' build option initialized
[2026-04-21T18:08:57.119] [DEBUG] debug-file - End initialize project's product build option map with build mode 'debug'.
[2026-04-21T18:08:57.119] [DEBUG] debug-file - Obtain build option for product 'default'in this build.
[2026-04-21T18:08:57.119] [DEBUG] debug-file - No signingConfig found, initRemoteHspCache failed.
[2026-04-21T18:08:57.121] [DEBUG] debug-file - Start recording SDK configuration permission data.
[2026-04-21T18:08:57.141] [DEBUG] debug-file - Sdk init in 22 ms 
[2026-04-21T18:08:57.144] [DEBUG] debug-file - Project task initialization takes 3 ms 
[2026-04-21T18:08:57.144] [DEBUG] debug-file - hvigorfile, resolve finished D:\HUAWEI\Lab2\ndk-opengl-master\hvigorfile.ts
[2026-04-21T18:08:57.144] [DEBUG] debug-file - hvigorfile, resolving D:\HUAWEI\Lab2\ndk-opengl-master\entry\hvigorfile.ts
[2026-04-21T18:08:57.147] [DEBUG] debug-file - hvigorfile, require result:  {}
[2026-04-21T18:08:57.147] [DEBUG] debug-file - hvigorfile, binding system plugins {}
[2026-04-21T18:08:57.147] [DEBUG] debug-file - Starting plugin build process
[2026-04-21T18:08:57.147] [DEBUG] debug-file - Hap plugin creating...
[2026-04-21T18:08:57.148] [DEBUG] debug-file - failed to load cangjie to dynamically generate schemas: Error: Cannot find module '@ohos/cangjie-build-support/index'
Require stack:
- D:\HUAWEI\DevEco\DevEco Studio\tools\hvigor\hvigor-ohos-plugin\src\plugin\hooks\cangjie-register.js
- D:\HUAWEI\DevEco\DevEco Studio\tools\hvigor\hvigor-ohos-plugin\src\plugin\strategy\stage-init-strategy.js
- D:\HUAWEI\DevEco\DevEco Studio\tools\hvigor\hvigor-ohos-plugin\src\plugin\builder\abstract-plugin-builder.js
- D:\HUAWEI\DevEco\DevEco Studio\tools\hvigor\hvigor-ohos-plugin\src\plugin\builder\app-plugin-builder.js
- D:\HUAWEI\DevEco\DevEco Studio\tools\hvigor\hvigor-ohos-plugin\src\plugin\factory\plugin-factory.js
- D:\HUAWEI\DevEco\DevEco Studio\tools\hvigor\hvigor-ohos-plugin\index.js
- D:\HUAWEI\Lab2\ndk-opengl-master\hvigorfile.ts
- D:\HUAWEI\DevEco\DevEco Studio\tools\hvigor\hvigor\src\base\internal\lifecycle\configuration.js
- D:\HUAWEI\DevEco\DevEco Studio\tools\hvigor\hvigor\src\base\boot\index.js
- D:\HUAWEI\DevEco\DevEco Studio\tools\hvigor\hvigor\src\base\daemon\cluster\worker-process-lifecycle.js
- D:\HUAWEI\DevEco\DevEco Studio\tools\hvigor\hvigor\src\base\daemon\process\daemon-process-boot-script.js
[2026-04-21T18:08:57.150] [DEBUG] debug-file - Start initialize module-target build option map, moduleName=entry, buildMode=debug
[2026-04-21T18:08:57.151] [DEBUG] debug-file - Target 'default' config initialized
[2026-04-21T18:08:57.151] [DEBUG] debug-file - Module 'entry' target 'default' build option initialized
[2026-04-21T18:08:57.151] [DEBUG] debug-file - End initialize module-target build option map, moduleName=entry
[2026-04-21T18:08:57.151] [DEBUG] debug-file - Start initialize module-target build option map, moduleName=entry, buildMode=release
[2026-04-21T18:08:57.151] [DEBUG] debug-file - Target 'default' config initialized
[2026-04-21T18:08:57.151] [DEBUG] debug-file - Module 'entry' target 'default' build option initialized
[2026-04-21T18:08:57.151] [DEBUG] debug-file - End initialize module-target build option map, moduleName=entry
[2026-04-21T18:08:57.151] [DEBUG] debug-file - Start initialize module-target build option map, moduleName=entry, buildMode=debug
[2026-04-21T18:08:57.151] [DEBUG] debug-file - Target 'default' config initialized
[2026-04-21T18:08:57.151] [DEBUG] debug-file - Module 'entry' target 'default' build option initialized
[2026-04-21T18:08:57.151] [DEBUG] debug-file - End initialize module-target build option map, moduleName=entry
[2026-04-21T18:08:57.151] [DEBUG] debug-file - Obtain build option for module 'entry' target 'default'in this build.
[2026-04-21T18:08:57.153] [DEBUG] debug-file - Module entry task initialization takes 1 ms 
[2026-04-21T18:08:57.153] [DEBUG] debug-file - Hap plugin register hook start...
[2026-04-21T18:08:57.153] [DEBUG] debug-file - Hap plugin register hook end...
[2026-04-21T18:08:57.153] [DEBUG] debug-file - Plugin build process completed
[2026-04-21T18:08:57.153] [DEBUG] debug-file - hvigorfile, resolve finished D:\HUAWEI\Lab2\ndk-opengl-master\entry\hvigorfile.ts
[2026-04-21T18:08:57.166] [DEBUG] debug-file - hvigorfile, resolve hvigorfile dependencies in 13 ms 
[2026-04-21T18:08:57.166] [DEBUG] debug-file - project has submodules:entry
[2026-04-21T18:08:57.167] [DEBUG] debug-file - start to load updatedOhPackageInfo to the disk
[2026-04-21T18:08:57.171] [DEBUG] debug-file - load to the disk finished
[2026-04-21T18:08:57.172] [DEBUG] debug-file - Start to initialize dependency information.
[2026-04-21T18:08:57.173] [DEBUG] debug-file - Module ndk-opengl-master Collected Dependency: 
[2026-04-21T18:08:57.173] [DEBUG] debug-file - Module ndk-opengl-master's total dependency: 0
[2026-04-21T18:08:57.173] [DEBUG] debug-file - Start to initialize dependency information.
[2026-04-21T18:08:57.175] [DEBUG] debug-file - Module entry Collected Dependency: 
[2026-04-21T18:08:57.175] [DEBUG] debug-file - Module entry's total dependency: 0
[2026-04-21T18:08:57.176] [DEBUG] debug-file - Configuration phase cost:66 ms 
[2026-04-21T18:08:57.176] [DEBUG] debug-file - Configuration task cost before running: 71 ms 
[2026-04-21T18:08:57.179] [DEBUG] debug-file - Executing task :entry:default@PreBuild
[2026-04-21T18:08:57.179] [DEBUG] debug-file - Task 'entry:default@PreBuild' cost while wrapping incremental declarations: 1 ms 
[2026-04-21T18:08:57.182] [DEBUG] debug-file - entry:default@PreBuild is not up-to-date, since the task snapshots are different.
[2026-04-21T18:08:57.182] [DEBUG] debug-file - Incremental task entry:default@PreBuild pre-execution cost: 2 ms .
[2026-04-21T18:08:57.185] [DEBUG] debug-file - current product is not Atomic service.
[2026-04-21T18:08:57.185] [DEBUG] debug-file - Use tool [win32: JAVA_HOME, CLASSPATH]
 [
  { JAVA_HOME: 'D:\\HUAWEI\\DevEco\\DevEco Studio\\jbr' },
  { CLASSPATH: undefined }
]
[2026-04-21T18:08:57.185] [DEBUG] debug-file - Use tool [win32: NODE_HOME]
 [ { NODE_HOME: 'D:\\HUAWEI\\DevEco\\DevEco Studio\\tools\\node' } ]
[2026-04-21T18:08:57.185] [DEBUG] debug-file - entry : default@PreBuild cost memory -1.2687301635742188
[2026-04-21T18:08:57.185] [DEBUG] debug-file - runTaskFromQueue task cost before running: 80 ms 
[2026-04-21T18:08:57.186] [INFO] debug-file - Finished :entry:default@PreBuild... after 7 ms 
[2026-04-21T18:08:57.186] [DEBUG] debug-file - Executing task :entry:default@CreateModuleInfo
[2026-04-21T18:08:57.186] [DEBUG] debug-file - Task 'entry:default@CreateModuleInfo' cost while wrapping incremental declarations: 1 ms 
[2026-04-21T18:08:57.187] [DEBUG] debug-file - entry : default@CreateModuleInfo cost memory 0.04148101806640625
[2026-04-21T18:08:57.187] [DEBUG] debug-file - runTaskFromQueue task cost before running: 81 ms 
[2026-04-21T18:08:57.187] [INFO] debug-file - Finished :entry:default@CreateModuleInfo... after 1 ms 
[2026-04-21T18:08:57.187] [DEBUG] debug-file - Executing task :entry:default@GenerateMetadata
[2026-04-21T18:08:57.187] [DEBUG] debug-file - Task 'entry:default@GenerateMetadata' cost while wrapping incremental declarations: 1 ms 
[2026-04-21T18:08:57.188] [DEBUG] debug-file - Incremental task entry:default@GenerateMetadata pre-execution cost: 1 ms .
[2026-04-21T18:08:57.188] [DEBUG] debug-file - entry : default@GenerateMetadata cost memory 0.08364105224609375
[2026-04-21T18:08:57.188] [INFO] debug-file - UP-TO-DATE :entry:default@GenerateMetadata...  
[2026-04-21T18:08:57.189] [DEBUG] debug-file - Executing task :entry:default@ConfigureCmake
[2026-04-21T18:08:57.189] [DEBUG] debug-file - entry : default@ConfigureCmake cost memory 0.08544158935546875
[2026-04-21T18:08:57.189] [DEBUG] debug-file - runTaskFromQueue task cost before running: 84 ms 
[2026-04-21T18:08:57.189] [INFO] debug-file - Finished :entry:default@ConfigureCmake... after 1 ms 
[2026-04-21T18:08:57.190] [DEBUG] debug-file - Executing task :entry:default@MergeProfile
[2026-04-21T18:08:57.190] [DEBUG] debug-file - Task 'entry:default@MergeProfile' cost while wrapping incremental declarations: 1 ms 
[2026-04-21T18:08:57.191] [DEBUG] debug-file - Incremental task entry:default@MergeProfile pre-execution cost: 1 ms .
[2026-04-21T18:08:57.191] [DEBUG] debug-file - entry : default@MergeProfile cost memory 0.115020751953125
[2026-04-21T18:08:57.191] [INFO] debug-file - UP-TO-DATE :entry:default@MergeProfile...  
[2026-04-21T18:08:57.192] [DEBUG] debug-file - Executing task :entry:default@CreateBuildProfile
[2026-04-21T18:08:57.192] [DEBUG] debug-file - Task 'entry:default@CreateBuildProfile' cost while wrapping incremental declarations: 1 ms 
[2026-04-21T18:08:57.193] [DEBUG] debug-file - Incremental task entry:default@CreateBuildProfile pre-execution cost: 1 ms .
[2026-04-21T18:08:57.193] [DEBUG] debug-file - entry : default@CreateBuildProfile cost memory 0.08971405029296875
[2026-04-21T18:08:57.193] [INFO] debug-file - UP-TO-DATE :entry:default@CreateBuildProfile...  
[2026-04-21T18:08:57.193] [DEBUG] debug-file - Executing task :entry:default@PreCheckSyscap
[2026-04-21T18:08:57.194] [DEBUG] debug-file - entry : default@PreCheckSyscap cost memory 0.01485443115234375
[2026-04-21T18:08:57.194] [DEBUG] debug-file - runTaskFromQueue task cost before running: 88 ms 
[2026-04-21T18:08:57.194] [INFO] debug-file - Finished :entry:default@PreCheckSyscap... after 1 ms 
[2026-04-21T18:08:57.194] [DEBUG] debug-file - Executing task :entry:default@GeneratePkgContextInfo
[2026-04-21T18:08:57.196] [DEBUG] debug-file - Task 'entry:default@GeneratePkgContextInfo' cost while wrapping incremental declarations: 1 ms 
[2026-04-21T18:08:57.197] [DEBUG] debug-file - entry : default@GeneratePkgContextInfo cost memory 0.2091827392578125
[2026-04-21T18:08:57.197] [DEBUG] debug-file - runTaskFromQueue task cost before running: 91 ms 
[2026-04-21T18:08:57.197] [INFO] debug-file - Finished :entry:default@GeneratePkgContextInfo... after 3 ms 
[2026-04-21T18:08:57.199] [DEBUG] debug-file - Executing task :entry:default@ProcessIntegratedHsp
[2026-04-21T18:08:57.199] [DEBUG] debug-file - entry:default@ProcessIntegratedHsp is not up-to-date, since the output file 'D:\HUAWEI\Lab2\ndk-opengl-master\build\cache\default\integrated_hsp\integratedHspCache.json' does not exist.
[2026-04-21T18:08:57.199] [DEBUG] debug-file - Incremental task entry:default@ProcessIntegratedHsp pre-execution cost: 1 ms .
[2026-04-21T18:08:57.199] [DEBUG] debug-file - entry : default@ProcessIntegratedHsp cost memory 0.05633544921875
[2026-04-21T18:08:57.199] [DEBUG] debug-file - runTaskFromQueue task cost before running: 94 ms 
[2026-04-21T18:08:57.199] [INFO] debug-file - Finished :entry:default@ProcessIntegratedHsp... after 1 ms 
[2026-04-21T18:08:57.200] [DEBUG] debug-file - Executing task :entry:default@BuildNativeWithCmake
[2026-04-21T18:08:57.201] [DEBUG] debug-file - Use tool [Cmake]
 [
  'D:\\HUAWEI\\DevEco\\DevEco Studio\\sdk\\default\\openharmony\\native\\build-tools\\cmake\\bin\\cmake.exe',
  '-HD:\\HUAWEI\\Lab2\\ndk-opengl-master\\entry\\src\\main\\cpp',
  '-BD:\\HUAWEI\\Lab2\\ndk-opengl-master\\entry\\.cxx\\default\\default\\debug\\arm64-v8a',
  '-DOHOS_ARCH=arm64-v8a',
  '-DCMAKE_LIBRARY_OUTPUT_DIRECTORY=D:\\HUAWEI\\Lab2\\ndk-opengl-master\\entry\\build\\default\\intermediates\\cmake\\default\\obj\\arm64-v8a',
  '-DCMAKE_BUILD_TYPE=Debug',
  '-DOHOS_SDK_NATIVE=D:\\HUAWEI\\DevEco\\DevEco Studio\\sdk\\default\\openharmony\\native',
  '-DCMAKE_SYSTEM_NAME=OHOS',
  '-DCMAKE_OHOS_ARCH_ABI=arm64-v8a',
  '-DCMAKE_EXPORT_COMPILE_COMMANDS=ON',
  '-DCMAKE_TOOLCHAIN_FILE=D:\\HUAWEI\\DevEco\\DevEco Studio\\sdk\\default\\hms\\native\\build\\cmake\\hmos.toolchain.cmake',
  '-GNinja',
  '-DCMAKE_MAKE_PROGRAM=D:\\HUAWEI\\DevEco\\DevEco Studio\\sdk\\default\\openharmony\\native\\build-tools\\cmake\\bin\\ninja.exe',
  '-DCMAKE_FIND_ROOT_PATH=D:\\HUAWEI\\Lab2\\ndk-opengl-master\\entry\\.cxx\\default\\default\\debug\\hvigor\\arm64-v8a',
  '-DPACKAGE_FIND_FILE=D:\\HUAWEI\\Lab2\\ndk-opengl-master\\entry\\.cxx\\default\\default\\debug\\hvigor\\arm64-v8a\\summary.cmake',
  '--no-warn-unused-cli',
  '-DHMOS_SDK_NATIVE=D:\\HUAWEI\\DevEco\\DevEco Studio\\sdk\\default\\hms\\native'
]
[2026-04-21T18:08:57.205] [DEBUG] debug-file - CMake configuration was up-to-date
[2026-04-21T18:08:57.207] [DEBUG] debug-file - Use tool [Cmake]
 [
  'D:\\HUAWEI\\DevEco\\DevEco Studio\\sdk\\default\\openharmony\\native\\build-tools\\cmake\\bin\\cmake.exe',
  '-HD:\\HUAWEI\\Lab2\\ndk-opengl-master\\entry\\src\\main\\cpp',
  '-BD:\\HUAWEI\\Lab2\\ndk-opengl-master\\entry\\.cxx\\default\\default\\debug\\x86_64',
  '-DOHOS_ARCH=x86_64',
  '-DCMAKE_LIBRARY_OUTPUT_DIRECTORY=D:\\HUAWEI\\Lab2\\ndk-opengl-master\\entry\\build\\default\\intermediates\\cmake\\default\\obj\\x86_64',
  '-DCMAKE_BUILD_TYPE=Debug',
  '-DOHOS_SDK_NATIVE=D:\\HUAWEI\\DevEco\\DevEco Studio\\sdk\\default\\openharmony\\native',
  '-DCMAKE_SYSTEM_NAME=OHOS',
  '-DCMAKE_OHOS_ARCH_ABI=x86_64',
  '-DCMAKE_EXPORT_COMPILE_COMMANDS=ON',
  '-DCMAKE_TOOLCHAIN_FILE=D:\\HUAWEI\\DevEco\\DevEco Studio\\sdk\\default\\hms\\native\\build\\cmake\\hmos.toolchain.cmake',
  '-GNinja',
  '-DCMAKE_MAKE_PROGRAM=D:\\HUAWEI\\DevEco\\DevEco Studio\\sdk\\default\\openharmony\\native\\build-tools\\cmake\\bin\\ninja.exe',
  '-DCMAKE_FIND_ROOT_PATH=D:\\HUAWEI\\Lab2\\ndk-opengl-master\\entry\\.cxx\\default\\default\\debug\\hvigor\\x86_64',
  '-DPACKAGE_FIND_FILE=D:\\HUAWEI\\Lab2\\ndk-opengl-master\\entry\\.cxx\\default\\default\\debug\\hvigor\\x86_64\\summary.cmake',
  '--no-warn-unused-cli',
  '-DHMOS_SDK_NATIVE=D:\\HUAWEI\\DevEco\\DevEco Studio\\sdk\\default\\hms\\native'
]
[2026-04-21T18:08:57.211] [DEBUG] debug-file - CMake configuration was up-to-date
[2026-04-21T18:08:57.212] [DEBUG] debug-file - entry : default@BuildNativeWithCmake cost memory 0.8678665161132812
[2026-04-21T18:08:57.213] [DEBUG] debug-file - runTaskFromQueue task cost before running: 107 ms 
[2026-04-21T18:08:57.213] [INFO] debug-file - Finished :entry:default@BuildNativeWithCmake... after 13 ms 
[2026-04-21T18:08:57.213] [DEBUG] debug-file - Executing task :entry:default@MakePackInfo
[2026-04-21T18:08:57.214] [DEBUG] debug-file - Incremental task entry:default@MakePackInfo pre-execution cost: 1 ms .
[2026-04-21T18:08:57.214] [DEBUG] debug-file - entry : default@MakePackInfo cost memory 0.09496307373046875
[2026-04-21T18:08:57.215] [INFO] debug-file - UP-TO-DATE :entry:default@MakePackInfo...  
[2026-04-21T18:08:57.215] [DEBUG] debug-file - Executing task :entry:default@SyscapTransform
[2026-04-21T18:08:57.216] [DEBUG] debug-file - File: 'D:\HUAWEI\Lab2\ndk-opengl-master\entry\src\main\syscap.json' from 'sysCapJsonPath' is not exists, just ignore.
[2026-04-21T18:08:57.216] [DEBUG] debug-file - Task 'entry:default@SyscapTransform' cost while wrapping incremental declarations: 1 ms 
[2026-04-21T18:08:57.217] [DEBUG] debug-file - entry:default@SyscapTransform is not up-to-date, since the output file 'D:\HUAWEI\Lab2\ndk-opengl-master\entry\build\default\intermediates\syscap\default\rpcid.sc' does not exist.
[2026-04-21T18:08:57.217] [DEBUG] debug-file - Incremental task entry:default@SyscapTransform pre-execution cost: 1 ms .
[2026-04-21T18:08:57.217] [DEBUG] debug-file - entry : default@SyscapTransform cost memory 0.14737701416015625
[2026-04-21T18:08:57.217] [DEBUG] debug-file - runTaskFromQueue task cost before running: 111 ms 
[2026-04-21T18:08:57.217] [INFO] debug-file - Finished :entry:default@SyscapTransform... after 2 ms 
[2026-04-21T18:08:57.218] [DEBUG] debug-file - Executing task :entry:default@ProcessProfile
[2026-04-21T18:08:57.218] [DEBUG] debug-file - Task 'entry:default@ProcessProfile' cost while wrapping incremental declarations: 1 ms 
[2026-04-21T18:08:57.219] [DEBUG] debug-file - Incremental task entry:default@ProcessProfile pre-execution cost: 1 ms .
[2026-04-21T18:08:57.219] [DEBUG] debug-file - entry : default@ProcessProfile cost memory 0.119598388671875
[2026-04-21T18:08:57.219] [INFO] debug-file - UP-TO-DATE :entry:default@ProcessProfile...  
[2026-04-21T18:08:57.220] [DEBUG] debug-file - Executing task :entry:default@ProcessRouterMap
[2026-04-21T18:08:57.221] [DEBUG] debug-file - Incremental task entry:default@ProcessRouterMap pre-execution cost: 1 ms .
[2026-04-21T18:08:57.221] [DEBUG] debug-file - entry : default@ProcessRouterMap cost memory 0.12345123291015625
[2026-04-21T18:08:57.221] [INFO] debug-file - UP-TO-DATE :entry:default@ProcessRouterMap...  
[2026-04-21T18:08:57.222] [DEBUG] debug-file - Executing task :entry:default@ProcessShareConfig
[2026-04-21T18:08:57.222] [DEBUG] debug-file - Incremental task entry:default@ProcessShareConfig pre-execution cost: 1 ms .
[2026-04-21T18:08:57.222] [DEBUG] debug-file - entry : default@ProcessShareConfig cost memory 0.10115814208984375
[2026-04-21T18:08:57.223] [INFO] debug-file - UP-TO-DATE :entry:default@ProcessShareConfig...  
[2026-04-21T18:08:57.223] [DEBUG] debug-file - Executing task :entry:default@ProcessStartupConfig
[2026-04-21T18:08:57.223] [DEBUG] debug-file - Task 'entry:default@ProcessStartupConfig' cost while wrapping incremental declarations: 1 ms 
[2026-04-21T18:08:57.223] [DEBUG] debug-file - entry:default@ProcessStartupConfig is not up-to-date, since the output file 'D:\HUAWEI\Lab2\ndk-opengl-master\entry\build\default\intermediates\startup\default\startup_config.json' does not exist.
[2026-04-21T18:08:57.224] [DEBUG] debug-file - Incremental task entry:default@ProcessStartupConfig pre-execution cost: 1 ms .
[2026-04-21T18:08:57.224] [DEBUG] debug-file - entry : default@ProcessStartupConfig cost memory 0.09160614013671875
[2026-04-21T18:08:57.224] [DEBUG] debug-file - runTaskFromQueue task cost before running: 118 ms 
[2026-04-21T18:08:57.224] [INFO] debug-file - Finished :entry:default@ProcessStartupConfig... after 1 ms 
[2026-04-21T18:08:57.225] [DEBUG] debug-file - Executing task :entry:default@BuildNativeWithNinja
[2026-04-21T18:08:57.225] [DEBUG] debug-file - Use tool [Ninja]
 [
  'D:\\HUAWEI\\DevEco\\DevEco Studio\\sdk\\default\\openharmony\\native\\build-tools\\cmake\\bin\\ninja.exe',
  '-C',
  'D:\\HUAWEI\\Lab2\\ndk-opengl-master\\entry\\.cxx\\default\\default\\debug\\arm64-v8a'
]
[2026-04-21T18:08:57.225] [DEBUG] debug-file - default@BuildNativeWithNinja work[18] is submitted.
[2026-04-21T18:08:57.225] [DEBUG] debug-file - default@BuildNativeWithNinja work[18] is pushed to ready queue.
[2026-04-21T18:08:57.225] [DEBUG] debug-file - A work dispatched to worker[19] failed because unable to get work from ready queue.
[2026-04-21T18:08:57.225] [DEBUG] debug-file - default@BuildNativeWithNinja work[18] has been dispatched to worker[18].
[2026-04-21T18:08:57.225] [DEBUG] debug-file - default@BuildNativeWithNinja work[18] is dispatched.
[2026-04-21T18:08:57.230] [DEBUG] debug-file - OHOS_STL is c++_shared
[2026-04-21T18:08:57.230] [DEBUG] debug-file - Copy STL libc++_shared.so to D:\HUAWEI\Lab2\ndk-opengl-master\entry\build\default\intermediates\cmake\default\obj\arm64-v8a due to OHOS_STL is 'c++_shared'
[2026-04-21T18:08:57.230] [DEBUG] debug-file - Use tool [Ninja]
 [
  'D:\\HUAWEI\\DevEco\\DevEco Studio\\sdk\\default\\openharmony\\native\\build-tools\\cmake\\bin\\ninja.exe',
  '-C',
  'D:\\HUAWEI\\Lab2\\ndk-opengl-master\\entry\\.cxx\\default\\default\\debug\\x86_64'
]
[2026-04-21T18:08:57.231] [DEBUG] debug-file - default@BuildNativeWithNinja work[19] is submitted.
[2026-04-21T18:08:57.231] [DEBUG] debug-file - default@BuildNativeWithNinja work[19] is pushed to ready queue.
[2026-04-21T18:08:57.231] [DEBUG] debug-file - A work dispatched to worker[19] failed because unable to get work from ready queue.
[2026-04-21T18:08:57.231] [DEBUG] debug-file - A work dispatched to worker[18] failed because of worker busy.
[2026-04-21T18:08:57.231] [DEBUG] debug-file - default@BuildNativeWithNinja work[19] has been dispatched to worker[17].
[2026-04-21T18:08:57.231] [DEBUG] debug-file - default@BuildNativeWithNinja work[19] is dispatched.
[2026-04-21T18:08:57.235] [DEBUG] debug-file - OHOS_STL is c++_shared
[2026-04-21T18:08:57.235] [DEBUG] debug-file - Copy STL libc++_shared.so to D:\HUAWEI\Lab2\ndk-opengl-master\entry\build\default\intermediates\cmake\default\obj\x86_64 due to OHOS_STL is 'c++_shared'
[2026-04-21T18:08:57.235] [DEBUG] debug-file - entry : default@BuildNativeWithNinja cost memory 0.6466598510742188
[2026-04-21T18:08:57.236] [DEBUG] debug-file - restool module names: entry; moduleName=entry, taskName=default@ProcessResource
[2026-04-21T18:08:57.236] [DEBUG] debug-file - Executing task :entry:default@ProcessResource
[2026-04-21T18:08:57.237] [DEBUG] debug-file - Task 'entry:default@ProcessResource' cost while wrapping incremental declarations: 1 ms 
[2026-04-21T18:08:57.237] [DEBUG] debug-file - Incremental task entry:default@ProcessResource pre-execution cost: 1 ms .
[2026-04-21T18:08:57.237] [DEBUG] debug-file - entry : default@ProcessResource cost memory 0.12593841552734375
[2026-04-21T18:08:57.238] [INFO] debug-file - UP-TO-DATE :entry:default@ProcessResource...  
[2026-04-21T18:08:57.240] [DEBUG] debug-file - Executing task :entry:default@GenerateLoaderJson
[2026-04-21T18:08:57.240] [DEBUG] debug-file - Task 'entry:default@GenerateLoaderJson' cost while wrapping incremental declarations: 1 ms 
[2026-04-21T18:08:57.244] [DEBUG] debug-file - Incremental task entry:default@GenerateLoaderJson pre-execution cost: 2 ms .
[2026-04-21T18:08:57.244] [DEBUG] debug-file - entry : default@GenerateLoaderJson cost memory 0.45166015625
[2026-04-21T18:08:57.247] [INFO] debug-file - UP-TO-DATE :entry:default@GenerateLoaderJson...  
[2026-04-21T18:08:57.247] [DEBUG] debug-file - restool module names: entry; moduleName=entry, taskName=default@CompileResource
[2026-04-21T18:08:57.248] [DEBUG] debug-file - Executing task :entry:default@CompileResource
[2026-04-21T18:08:57.253] [DEBUG] debug-file - Incremental task entry:default@CompileResource pre-execution cost: 5 ms .
[2026-04-21T18:08:57.253] [DEBUG] debug-file - entry : default@CompileResource cost memory 0.5332565307617188
[2026-04-21T18:08:57.254] [INFO] debug-file - UP-TO-DATE :entry:default@CompileResource...  
[2026-04-21T18:08:57.255] [DEBUG] debug-file - Executing task :entry:default@CompileArkTS
[2026-04-21T18:08:57.255] [DEBUG] debug-file - obfuscationOptions: undefined
[2026-04-21T18:08:57.256] [DEBUG] debug-file - Task 'entry:default@CompileArkTS' cost while wrapping incremental declarations: 1 ms 
[2026-04-21T18:08:57.257] [DEBUG] debug-file - ninja: Entering directory `D:\HUAWEI\Lab2\ndk-opengl-master\entry\.cxx\default\default\debug\arm64-v8a'
ninja: no work to do.

[2026-04-21T18:08:57.259] [DEBUG] debug-file - Incremental task entry:default@CompileArkTS pre-execution cost: 3 ms .
[2026-04-21T18:08:57.259] [DEBUG] debug-file - entry : default@CompileArkTS cost memory 0.47420501708984375
[2026-04-21T18:08:57.260] [INFO] debug-file - UP-TO-DATE :entry:default@CompileArkTS...  
[2026-04-21T18:08:57.261] [DEBUG] debug-file - Executing task :entry:default@BuildJS
[2026-04-21T18:08:57.261] [DEBUG] debug-file - Task 'entry:default@BuildJS' cost while wrapping incremental declarations: 1 ms 
[2026-04-21T18:08:57.261] [DEBUG] debug-file - ninja: Entering directory `D:\HUAWEI\Lab2\ndk-opengl-master\entry\.cxx\default\default\debug\x86_64'
ninja: no work to do.

[2026-04-21T18:08:57.262] [DEBUG] debug-file - entry : default@BuildJS cost memory 0.14691925048828125
[2026-04-21T18:08:57.262] [DEBUG] debug-file - runTaskFromQueue task cost before running: 157 ms 
[2026-04-21T18:08:57.262] [INFO] debug-file - Finished :entry:default@BuildJS... after 2 ms 
[2026-04-21T18:08:57.263] [DEBUG] debug-file - worker[18] has one work done.
[2026-04-21T18:08:57.268] [DEBUG] debug-file - default@BuildNativeWithNinja work[18] done.
[2026-04-21T18:08:57.268] [DEBUG] debug-file - A work dispatched to worker[18] failed because unable to get work from ready queue.
[2026-04-21T18:08:57.268] [DEBUG] debug-file - worker[17] has one work done.
[2026-04-21T18:08:57.272] [DEBUG] debug-file - default@BuildNativeWithNinja work[19] done.
[2026-04-21T18:08:57.273] [DEBUG] debug-file - A work dispatched to worker[17] failed because unable to get work from ready queue.
[2026-04-21T18:08:57.273] [INFO] debug-file - Finished :entry:default@BuildNativeWithNinja... after 38 ms 
[2026-04-21T18:08:57.273] [DEBUG] debug-file - Executing task :entry:default@ProcessLibs
[2026-04-21T18:08:57.282] [DEBUG] debug-file - Check content hash for D:\HUAWEI\Lab2\ndk-opengl-master\entry\build\default\intermediates\cmake\default\obj\x86_64\libtetrahedron_napi.so
[2026-04-21T18:08:57.286] [DEBUG] debug-file - Check content hash for D:\HUAWEI\Lab2\ndk-opengl-master\entry\build\default\intermediates\cmake\default\obj\x86_64\libc++_shared.so
[2026-04-21T18:08:57.289] [DEBUG] debug-file - Check content hash for D:\HUAWEI\Lab2\ndk-opengl-master\entry\build\default\intermediates\cmake\default\obj\arm64-v8a\libtetrahedron_napi.so
[2026-04-21T18:08:57.294] [DEBUG] debug-file - Check content hash for D:\HUAWEI\Lab2\ndk-opengl-master\entry\build\default\intermediates\cmake\default\obj\arm64-v8a\libc++_shared.so
[2026-04-21T18:08:57.299] [DEBUG] debug-file - Incremental task entry:default@ProcessLibs pre-execution cost: 2 ms .
[2026-04-21T18:08:57.299] [DEBUG] debug-file - entry : default@ProcessLibs cost memory -0.11901092529296875
[2026-04-21T18:08:57.300] [INFO] debug-file - UP-TO-DATE :entry:default@ProcessLibs...  
[2026-04-21T18:08:57.301] [DEBUG] debug-file - Executing task :entry:default@DoNativeStrip
[2026-04-21T18:08:57.301] [DEBUG] debug-file - Task 'entry:default@DoNativeStrip' cost while wrapping incremental declarations: 1 ms 
[2026-04-21T18:08:57.302] [DEBUG] debug-file - Incremental task entry:default@DoNativeStrip pre-execution cost: 2 ms .
[2026-04-21T18:08:57.302] [DEBUG] debug-file - entry : default@DoNativeStrip cost memory 0.19229888916015625
[2026-04-21T18:08:57.303] [INFO] debug-file - UP-TO-DATE :entry:default@DoNativeStrip...  
[2026-04-21T18:08:57.303] [DEBUG] debug-file - Executing task :entry:default@CacheNativeLibs
[2026-04-21T18:08:57.304] [DEBUG] debug-file - Task 'entry:default@CacheNativeLibs' cost while wrapping incremental declarations: 1 ms 
[2026-04-21T18:08:57.305] [DEBUG] debug-file - Incremental task entry:default@CacheNativeLibs pre-execution cost: 2 ms .
[2026-04-21T18:08:57.305] [DEBUG] debug-file - entry : default@CacheNativeLibs cost memory 0.205108642578125
[2026-04-21T18:08:57.306] [INFO] debug-file - UP-TO-DATE :entry:default@CacheNativeLibs...  
[2026-04-21T18:08:57.307] [DEBUG] debug-file - Executing task :entry:default@GeneratePkgModuleJson
[2026-04-21T18:08:57.307] [DEBUG] debug-file - File: 'D:\HUAWEI\Lab2\ndk-opengl-master\entry\build\default\intermediates\preload\default\preload.json' from 'preloadSoJsonPath' is not exists, just ignore.
[2026-04-21T18:08:57.307] [DEBUG] debug-file - Error occurs while handling @Input 'shouldDeduplicateHar': The "data" argument must be of type string or an instance of Buffer, TypedArray, or DataView. Received undefined
[2026-04-21T18:08:57.307] [DEBUG] debug-file - Task 'entry:default@GeneratePkgModuleJson' cost while wrapping incremental declarations: 1 ms 
[2026-04-21T18:08:57.308] [DEBUG] debug-file - Incremental task entry:default@GeneratePkgModuleJson pre-execution cost: 1 ms .
[2026-04-21T18:08:57.308] [DEBUG] debug-file - entry : default@GeneratePkgModuleJson cost memory 0.09865570068359375
[2026-04-21T18:08:57.308] [INFO] debug-file - UP-TO-DATE :entry:default@GeneratePkgModuleJson...  
[2026-04-21T18:08:57.308] [DEBUG] debug-file - Executing task :entry:default@ProcessCompiledResources
[2026-04-21T18:08:57.309] [DEBUG] debug-file - File: 'D:\HUAWEI\Lab2\ndk-opengl-master\entry\build\default\intermediates\preload\default\preload.json' from 'preloadSoJsonPath' is not exists, just ignore.
[2026-04-21T18:08:57.309] [DEBUG] debug-file - Task 'entry:default@ProcessCompiledResources' cost while wrapping incremental declarations: 1 ms 
[2026-04-21T18:08:57.309] [DEBUG] debug-file - entry : default@ProcessCompiledResources cost memory 0.0592498779296875
[2026-04-21T18:08:57.311] [DEBUG] debug-file - runTaskFromQueue task cost before running: 204 ms 
[2026-04-21T18:08:57.311] [INFO] debug-file - Finished :entry:default@ProcessCompiledResources... after 1 ms 
[2026-04-21T18:08:57.312] [DEBUG] debug-file - Executing task :entry:default@PackageHap
[2026-04-21T18:08:57.316] [DEBUG] debug-file - Incremental task entry:default@PackageHap pre-execution cost: 4 ms .
[2026-04-21T18:08:57.316] [DEBUG] debug-file - entry : default@PackageHap cost memory 0.4156341552734375
[2026-04-21T18:08:57.317] [INFO] debug-file - UP-TO-DATE :entry:default@PackageHap...  
[2026-04-21T18:08:57.317] [DEBUG] debug-file - Executing task :entry:default@PackingCheck
[2026-04-21T18:08:57.320] [DEBUG] debug-file - entry : default@PackingCheck cost memory 0.42278289794921875
[2026-04-21T18:08:57.320] [DEBUG] debug-file - runTaskFromQueue task cost before running: 215 ms 
[2026-04-21T18:08:57.320] [INFO] debug-file - Finished :entry:default@PackingCheck... after 3 ms 
[2026-04-21T18:08:57.321] [DEBUG] debug-file - Executing task :entry:default@SignHap
[2026-04-21T18:08:57.321] [WARN] debug-file - Will skip sign 'hos_hap'. No signingConfigs profile is configured in current project.
             If needed, configure the signingConfigs in D:\HUAWEI\Lab2\ndk-opengl-master\build-profile.json5.
[2026-04-21T18:08:57.322] [DEBUG] debug-file - entry:default@SignHap is not up-to-date, since the output file 'D:\HUAWEI\Lab2\ndk-opengl-master\entry\build\default\outputs\default\entry-default-signed.hap' does not exist.
[2026-04-21T18:08:57.322] [DEBUG] debug-file - Incremental task entry:default@SignHap pre-execution cost: 1 ms .
[2026-04-21T18:08:57.322] [DEBUG] debug-file - entry : default@SignHap cost memory 0.08742523193359375
[2026-04-21T18:08:57.322] [DEBUG] debug-file - runTaskFromQueue task cost before running: 217 ms 
[2026-04-21T18:08:57.322] [INFO] debug-file - Finished :entry:default@SignHap... after 1 ms 
[2026-04-21T18:08:57.323] [DEBUG] debug-file - Executing task :entry:default@CollectDebugSymbol
[2026-04-21T18:08:57.324] [DEBUG] debug-file - entry : default@CollectDebugSymbol cost memory 0.09046173095703125
[2026-04-21T18:08:57.324] [DEBUG] debug-file - runTaskFromQueue task cost before running: 218 ms 
[2026-04-21T18:08:57.324] [INFO] debug-file - Finished :entry:default@CollectDebugSymbol... after 1 ms 
[2026-04-21T18:08:57.324] [DEBUG] debug-file - Executing task :entry:assembleHap
[2026-04-21T18:08:57.324] [DEBUG] debug-file - entry : assembleHap cost memory 0.0122528076171875
[2026-04-21T18:08:57.324] [DEBUG] debug-file - runTaskFromQueue task cost before running: 219 ms 
[2026-04-21T18:08:57.324] [INFO] debug-file - Finished :entry:assembleHap... after 1 ms 
[2026-04-21T18:08:57.332] [INFO] debug-file - BUILD SUCCESSFUL in 226 ms 
[2026-04-21T18:08:57.333] [DEBUG] debug-file - Update task entry:default@PreBuild input file:D:\HUAWEI\Lab2\ndk-opengl-master\AppScope\app.json5 cache by regenerate.
[2026-04-21T18:08:57.333] [DEBUG] debug-file - Update task entry:default@PreBuild input file:D:\HUAWEI\Lab2\ndk-opengl-master\entry\src\main\module.json5 cache by regenerate.
[2026-04-21T18:08:57.333] [DEBUG] debug-file - Update task entry:default@PreBuild input file:D:\HUAWEI\Lab2\ndk-opengl-master\build-profile.json5 cache by regenerate.
[2026-04-21T18:08:57.333] [DEBUG] debug-file - Update task entry:default@PreBuild input file:D:\HUAWEI\Lab2\ndk-opengl-master\entry\build-profile.json5 cache by regenerate.
[2026-04-21T18:08:57.333] [DEBUG] debug-file - Update task entry:default@PreBuild input file:D:\HUAWEI\Lab2\ndk-opengl-master\entry\src\main\resources\base\profile\main_pages.json cache by regenerate.
[2026-04-21T18:08:57.333] [DEBUG] debug-file - Update task entry:default@PreBuild input file:D:\HUAWEI\Lab2\ndk-opengl-master\hvigor\hvigor-config.json5 cache by regenerate.
[2026-04-21T18:08:57.334] [DEBUG] debug-file - Update task entry:default@PreBuild input file:D:\HUAWEI\Lab2\ndk-opengl-master\entry\oh-package.json5 cache by regenerate.
[2026-04-21T18:08:57.334] [DEBUG] debug-file - Update task entry:default@PreBuild input file:D:\HUAWEI\Lab2\ndk-opengl-master\oh-package.json5 cache by regenerate.
[2026-04-21T18:08:57.334] [DEBUG] debug-file - Incremental task entry:default@PreBuild post-execution cost:2 ms .
[2026-04-21T18:08:57.334] [DEBUG] debug-file - Update task entry:default@CreateModuleInfo output file:D:\HUAWEI\Lab2\ndk-opengl-master\entry\build\default\generated\profile\default\ModuleInfo.ts cache.
[2026-04-21T18:08:57.334] [DEBUG] debug-file - Incremental task entry:default@CreateModuleInfo post-execution cost:1 ms .
[2026-04-21T18:08:57.334] [DEBUG] debug-file - There is no need to refresh cache, since the incremental task entry:default@GenerateMetadata is up-to-date.
[2026-04-21T18:08:57.334] [DEBUG] debug-file - There is no need to refresh cache, since the incremental task entry:default@MergeProfile is up-to-date.
[2026-04-21T18:08:57.334] [DEBUG] debug-file - There is no need to refresh cache, since the incremental task entry:default@CreateBuildProfile is up-to-date.
[2026-04-21T18:08:57.334] [DEBUG] debug-file - Update task entry:default@GeneratePkgContextInfo output file:D:\HUAWEI\Lab2\ndk-opengl-master\entry\build\default\intermediates\loader\default\pkgContextInfo.json cache.
[2026-04-21T18:08:57.334] [DEBUG] debug-file - Incremental task entry:default@GeneratePkgContextInfo post-execution cost:1 ms .
[2026-04-21T18:08:57.334] [DEBUG] debug-file - Update task entry:default@ProcessIntegratedHsp output file:D:\HUAWEI\Lab2\ndk-opengl-master\build\cache\default\integrated_hsp\integratedHspCache.json cache.
[2026-04-21T18:08:57.335] [DEBUG] debug-file - Incremental task entry:default@ProcessIntegratedHsp post-execution cost:1 ms .
[2026-04-21T18:08:57.335] [DEBUG] debug-file - There is no need to refresh cache, since the incremental task entry:default@MakePackInfo is up-to-date.
[2026-04-21T18:08:57.335] [DEBUG] debug-file - Update task entry:default@SyscapTransform input file:D:\HUAWEI\DevEco\DevEco Studio\sdk\default\openharmony\toolchains\syscap_tool.exe cache by regenerate.
[2026-04-21T18:08:57.335] [DEBUG] debug-file - Update task entry:default@SyscapTransform input file:D:\HUAWEI\DevEco\DevEco Studio\sdk\default\openharmony\ets\api\device-define cache by regenerate.
[2026-04-21T18:08:57.336] [DEBUG] debug-file - Update task entry:default@SyscapTransform output file:D:\HUAWEI\Lab2\ndk-opengl-master\entry\build\default\intermediates\syscap\default\rpcid.sc cache.
[2026-04-21T18:08:57.336] [DEBUG] debug-file - Incremental task entry:default@SyscapTransform post-execution cost:2 ms .
[2026-04-21T18:08:57.336] [DEBUG] debug-file - There is no need to refresh cache, since the incremental task entry:default@ProcessProfile is up-to-date.
[2026-04-21T18:08:57.336] [DEBUG] debug-file - There is no need to refresh cache, since the incremental task entry:default@ProcessRouterMap is up-to-date.
[2026-04-21T18:08:57.336] [DEBUG] debug-file - There is no need to refresh cache, since the incremental task entry:default@ProcessShareConfig is up-to-date.
[2026-04-21T18:08:57.336] [DEBUG] debug-file - Update task entry:default@ProcessStartupConfig output file:D:\HUAWEI\Lab2\ndk-opengl-master\entry\build\default\intermediates\startup\default\startup_config.json cache.
[2026-04-21T18:08:57.337] [DEBUG] debug-file - Incremental task entry:default@ProcessStartupConfig post-execution cost:1 ms .
[2026-04-21T18:08:57.337] [DEBUG] debug-file - There is no need to refresh cache, since the incremental task entry:default@ProcessResource is up-to-date.
[2026-04-21T18:08:57.337] [DEBUG] debug-file - There is no need to refresh cache, since the incremental task entry:default@GenerateLoaderJson is up-to-date.
[2026-04-21T18:08:57.337] [DEBUG] debug-file - There is no need to refresh cache, since the incremental task entry:default@CompileResource is up-to-date.
[2026-04-21T18:08:57.337] [DEBUG] debug-file - There is no need to refresh cache, since the incremental task entry:default@CompileArkTS is up-to-date.
[2026-04-21T18:08:57.338] [DEBUG] debug-file - Update task entry:default@BuildJS input file:D:\HUAWEI\Lab2\ndk-opengl-master\entry\build\default\intermediates\loader\default cache by regenerate.
[2026-04-21T18:08:57.338] [DEBUG] debug-file - Update task entry:default@BuildJS input file:D:\HUAWEI\Lab2\ndk-opengl-master\entry\build\default\intermediates\res\default\ResourceTable.txt cache by regenerate.
[2026-04-21T18:08:57.338] [DEBUG] debug-file - Update task entry:default@BuildJS input file:D:\HUAWEI\Lab2\ndk-opengl-master\entry\build\default\intermediates\res\default\ark_module.json cache by regenerate.
[2026-04-21T18:08:57.338] [DEBUG] debug-file - Update task entry:default@BuildJS input file:D:\HUAWEI\Lab2\ndk-opengl-master\entry\build\default\intermediates\res\default\resources\base\profile cache by regenerate.
[2026-04-21T18:08:57.338] [DEBUG] debug-file - Update task entry:default@BuildJS output file:D:\HUAWEI\Lab2\ndk-opengl-master\entry\build\default\intermediates\loader_out\default\js cache.
[2026-04-21T18:08:57.338] [DEBUG] debug-file - Incremental task entry:default@BuildJS post-execution cost:2 ms .
[2026-04-21T18:08:57.338] [DEBUG] debug-file - There is no need to refresh cache, since the incremental task entry:default@ProcessLibs is up-to-date.
[2026-04-21T18:08:57.339] [DEBUG] debug-file - There is no need to refresh cache, since the incremental task entry:default@DoNativeStrip is up-to-date.
[2026-04-21T18:08:57.339] [DEBUG] debug-file - There is no need to refresh cache, since the incremental task entry:default@CacheNativeLibs is up-to-date.
[2026-04-21T18:08:57.339] [DEBUG] debug-file - There is no need to refresh cache, since the incremental task entry:default@GeneratePkgModuleJson is up-to-date.
[2026-04-21T18:08:57.339] [DEBUG] debug-file - Incremental task entry:default@ProcessCompiledResources post-execution cost:1 ms .
[2026-04-21T18:08:57.339] [DEBUG] debug-file - There is no need to refresh cache, since the incremental task entry:default@PackageHap is up-to-date.
[2026-04-21T18:08:57.339] [DEBUG] debug-file - Update task entry:default@SignHap input file:D:\HUAWEI\Lab2\ndk-opengl-master\entry\build\default\outputs\default\entry-default-unsigned.hap cache by regenerate.
[2026-04-21T18:08:57.339] [DEBUG] debug-file - Update task entry:default@SignHap output file:D:\HUAWEI\Lab2\ndk-opengl-master\entry\build\default\outputs\default\entry-default-signed.hap cache.
[2026-04-21T18:08:57.339] [DEBUG] debug-file - Incremental task entry:default@SignHap post-execution cost:1 ms .
[2026-04-21T18:08:57.339] [DEBUG] debug-file - Update task entry:default@CollectDebugSymbol input file:D:\HUAWEI\Lab2\ndk-opengl-master\entry\build\default\intermediates\loader_out\default\ets\sourceMaps.map cache by regenerate.
[2026-04-21T18:08:57.339] [DEBUG] debug-file - Update task entry:default@CollectDebugSymbol input file:D:\HUAWEI\Lab2\ndk-opengl-master\entry\build\default\intermediates\libs\default cache by regenerate.
[2026-04-21T18:08:57.340] [DEBUG] debug-file - Update task entry:default@CollectDebugSymbol output file:D:\HUAWEI\Lab2\ndk-opengl-master\entry\build\default\outputs\default\symbol cache.
[2026-04-21T18:08:57.340] [DEBUG] debug-file - Incremental task entry:default@CollectDebugSymbol post-execution cost:1 ms .
[2026-04-21T18:08:57.359] [DEBUG] debug-file - hvigor build process will be closed.
[2026-04-21T18:08:57.363] [DEBUG] debug-file - session manager: send message to worker process.
[2026-04-21T18:08:57.364] [DEBUG] debug-file - session manager: send message to worker process.
[2026-04-21T18:08:57.363] [DEBUG] debug-file - watch worker: worker id should be larger than 0. Nothing will be sent to any worker thread.
[2026-04-21T18:08:57.364] [DEBUG] debug-file - watch worker: worker id should be larger than 0. Nothing will be sent to any worker thread.
