[2026-06-02T01:02:19.955] [DEBUG] debug-file - env: nodejsVersion=v18.20.1
[2026-06-02T01:02:20.384] [DEBUG] debug-file - Hvigor init with startParameters:{
  hvigorfileTypeCheck: false,
  parallelExecution: true,
  incrementalExecution: true,
  printStackTrace: false,
  daemon: false,
  analyze: 0,
  logLevel: Level { level: 20000, levelStr: 'INFO', colour: 'green' },
  optimizationStrategy: 'memory',
  hotCompile: undefined,
  hotReloadBuild: undefined,
  customizedParam: undefined
}
[2026-06-02T01:02:22.357] [DEBUG] debug-file - hvigorfile, require result:  { default: { system: [Function: appTasks], plugins: [] } }
[2026-06-02T01:02:22.502] [DEBUG] debug-file - App plugin register hook start...
[2026-06-02T01:02:22.359] [DEBUG] debug-file - Starting plugin build process
[2026-06-02T01:02:22.504] [DEBUG] debug-file - Start initialize project's product build option map with build mode debug.
[2026-06-02T01:02:22.524] [DEBUG] debug-file - Start recording SDK configuration permission data.
[2026-06-02T01:02:22.508] [DEBUG] debug-file - Obtain build option for product 'default'in this build.
[2026-06-02T01:02:22.569] [DEBUG] debug-file - failed to load cangjie to dynamically generate schemas: Error: Cannot find module '@ohos/cangjie-build-support/index'
Require stack:
- D:\HUAWEI\DevEco\DevEco Studio\tools\hvigor\hvigor-ohos-plugin\src\plugin\hooks\cangjie-register.js
- D:\HUAWEI\DevEco\DevEco Studio\tools\hvigor\hvigor-ohos-plugin\src\plugin\strategy\stage-init-strategy.js
- D:\HUAWEI\DevEco\DevEco Studio\tools\hvigor\hvigor-ohos-plugin\src\plugin\builder\abstract-plugin-builder.js
- D:\HUAWEI\DevEco\DevEco Studio\tools\hvigor\hvigor-ohos-plugin\src\plugin\builder\app-plugin-builder.js
- D:\HUAWEI\DevEco\DevEco Studio\tools\hvigor\hvigor-ohos-plugin\src\plugin\factory\plugin-factory.js
- D:\HUAWEI\DevEco\DevEco Studio\tools\hvigor\hvigor-ohos-plugin\index.js
- D:\HUAWEI\lab4\AirShare\hvigorfile.ts
- D:\HUAWEI\DevEco\DevEco Studio\tools\hvigor\hvigor\src\base\internal\lifecycle\configuration.js
- D:\HUAWEI\DevEco\DevEco Studio\tools\hvigor\hvigor\src\base\boot\index.js
- D:\HUAWEI\DevEco\DevEco Studio\tools\hvigor\hvigor\src\cli\main\cli.js
- D:\HUAWEI\DevEco\DevEco Studio\tools\hvigor\hvigor\bin\hvigor.js
[2026-06-02T01:02:22.561] [DEBUG] debug-file - Project task initialization takes 7 ms 
[2026-06-02T01:02:19.957] [DEBUG] debug-file - env: hvigor-config.json5 content = { modelVersion: '6.0.2', dependencies: {} }
[2026-06-02T01:02:22.589] [DEBUG] debug-file - project has submodules:entry
[2026-06-02T01:02:22.590] [DEBUG] debug-file - start to load updatedOhPackageInfo to the disk
[2026-06-02T01:02:22.602] [DEBUG] debug-file - hvigor build process will be closed with an error.
[2026-06-02T01:02:22.647] [DEBUG] debug-file - Create  resident worker with id: 0.
[2026-06-02T01:02:20.385] [DEBUG] debug-file - Since current hvigor version 6.22.4 differs from last hvigor version 
      undefined, delete file-cache.json and task-cache.json.
[2026-06-02T01:02:22.357] [DEBUG] debug-file - hvigorfile, binding system plugins [Function: appTasks]
[2026-06-02T01:02:22.502] [DEBUG] debug-file - App plugin register hook end...
[2026-06-02T01:02:22.359] [DEBUG] debug-file - App plugin prepare start...
[2026-06-02T01:02:22.504] [DEBUG] debug-file - Picking option from product 'default' with build mode 'debug'.
[2026-06-02T01:02:22.582] [DEBUG] debug-file - Start initialize module-target build option map, moduleName=entry, buildMode=debug
[2026-06-02T01:02:22.553] [DEBUG] debug-file - Sdk init in 44 ms 
[2026-06-02T01:02:22.509] [DEBUG] debug-file - No signingConfig found, initRemoteHspCache failed.
[2026-06-02T01:02:22.562] [DEBUG] debug-file - hvigorfile, binding custom plugins []
[2026-06-02T01:02:19.959] [DEBUG] debug-file - env: daemon=false
[2026-06-02T01:02:22.594] [DEBUG] debug-file - load to the disk finished
[2026-06-02T01:02:22.602] [ERROR] debug-file - [31m00303083 Configuration Error
Error Message: The platform version '5.0.0' and API version '10' of compatibleSdkVersion in build-profile.json5 do not match. At file: D:\HUAWEI\lab4\AirShare\build-profile.json5

* Try the following:
  > Configure related versions based on the DevEco Studio compatibility mapping (for example, https://developer.huawei.com/consumer/cn/doc/harmonyos-releases/deveco-studio-new-features).
[39m

[31m* Try:
> Run with --stacktrace option to get the stack trace.
> Run with --debug option to get more log output.

[2026-06-02T01:02:22.649] [DEBUG] debug-file - Create  resident worker with id: 1.
[2026-06-02T01:02:20.385] [DEBUG] debug-file - Cache service initialization finished in 1 ms 
[2026-06-02T01:02:22.503] [DEBUG] debug-file - Plugin build process completed
[2026-06-02T01:02:22.359] [DEBUG] debug-file - App plugin prepare end...
[2026-06-02T01:02:22.505] [DEBUG] debug-file - Product 'default' build option initialized
[2026-06-02T01:02:22.582] [DEBUG] debug-file - Target 'default' config initialized
[2026-06-02T01:02:22.511] [DEBUG] debug-file - Local scan or download HarmonyOS sdk components toolchains,ets,js,native,previewer
[2026-06-02T01:02:22.562] [DEBUG] debug-file - hvigorfile, no custom plugins were found in D:\HUAWEI\lab4\AirShare\hvigorfile.ts
[2026-06-02T01:02:19.959] [DEBUG] debug-file - no-daemon, use the parent process.execArgv --max-old-space-size=8192,--max-semi-space-size=16,--expose-gc
[2026-06-02T01:02:22.595] [DEBUG] debug-file - Start to initialize dependency information.
[2026-06-02T01:02:20.386] [DEBUG] debug-file - hvigorfile, resolving D:\HUAWEI\lab4\AirShare\hvigorfile.ts
[2026-06-02T01:02:22.651] [DEBUG] debug-file - Current worker pool is stopped or closed.
[2026-06-02T01:02:22.603] [DEBUG] debug-file - ERROR: stacktrace = AdaptorError: [31m00303083 Configuration Error
Error Message: The platform version '5.0.0' and API version '10' of compatibleSdkVersion in build-profile.json5 do not match. At file: D:\HUAWEI\lab4\AirShare\build-profile.json5

* Try the following:
  > Configure related versions based on the DevEco Studio compatibility mapping (for example, https://developer.huawei.com/consumer/cn/doc/harmonyos-releases/deveco-studio-new-features).
[39m
    at OhosLogger.printErrorExit (D:\HUAWEI\DevEco\DevEco Studio\tools\hvigor\hvigor\src\base\log\hvigor-log.js:1:5087)
    at OneSdkValidator.versionCompatibilityCheck (D:\HUAWEI\DevEco\DevEco Studio\tools\hvigor\hvigor-ohos-plugin\src\utils\one-sdk-validator.js:1:4367)
    at OneSdkValidator.apiInspection (D:\HUAWEI\DevEco\DevEco Studio\tools\hvigor\hvigor-ohos-plugin\src\utils\one-sdk-validator.js:1:1798)
    at HvigorLifecycleHook.<anonymous> (D:\HUAWEI\DevEco\DevEco Studio\tools\hvigor\hvigor-ohos-plugin\src\plugin\builder\app-plugin-builder.js:1:2659)
    at HvigorLifecycleHook.runFn (D:\HUAWEI\DevEco\DevEco Studio\tools\hvigor\hvigor\src\base\internal\lifecycle\hook\hvigor-lifecycle-hook.js:1:1743)
    at configuration (D:\HUAWEI\DevEco\DevEco Studio\tools\hvigor\hvigor\src\base\internal\lifecycle\configuration.js:1:2806)
    at process.processTicksAndRejections (node:internal/process/task_queues:95:5)
    at async start (D:\HUAWEI\DevEco\DevEco Studio\tools\hvigor\hvigor\src\base\boot\index.js:1:2570)
    at async boot (D:\HUAWEI\DevEco\DevEco Studio\tools\hvigor\hvigor\src\base\boot\index.js:1:1789)
    at async startHvigorBuild (D:\HUAWEI\DevEco\DevEco Studio\tools\hvigor\hvigor\src\cli\main\cli.js:1:7577)
[2026-06-02T01:02:22.359] [DEBUG] debug-file - App plugin creating...
[2026-06-02T01:02:22.505] [DEBUG] debug-file - End initialize project's product build option map with build mode 'debug'.
[2026-06-02T01:02:22.583] [DEBUG] debug-file - Module 'entry' target 'default' build option initialized
[2026-06-02T01:02:22.518] [DEBUG] debug-file - Local scan or download hmscore sdk components toolchains,ets,native
[2026-06-02T01:02:22.562] [DEBUG] debug-file - hvigorfile, resolve finished D:\HUAWEI\lab4\AirShare\hvigorfile.ts
[2026-06-02T01:02:22.597] [DEBUG] debug-file - Module AirShare Collected Dependency: 
[2026-06-02T01:02:22.651] [DEBUG] debug-file - Clear worker 0.
[2026-06-02T01:02:22.603] [ERROR] debug-file - AdaptorError: [31m00303083 Configuration Error
Error Message: The platform version '5.0.0' and API version '10' of compatibleSdkVersion in build-profile.json5 do not match. At file: D:\HUAWEI\lab4\AirShare\build-profile.json5

* Try the following:
  > Configure related versions based on the DevEco Studio compatibility mapping (for example, https://developer.huawei.com/consumer/cn/doc/harmonyos-releases/deveco-studio-new-features).
[39m
    at OhosLogger.printErrorExit (D:\HUAWEI\DevEco\DevEco Studio\tools\hvigor\hvigor\src\base\log\hvigor-log.js:1:5087)
    at OneSdkValidator.versionCompatibilityCheck (D:\HUAWEI\DevEco\DevEco Studio\tools\hvigor\hvigor-ohos-plugin\src\utils\one-sdk-validator.js:1:4367)
    at OneSdkValidator.apiInspection (D:\HUAWEI\DevEco\DevEco Studio\tools\hvigor\hvigor-ohos-plugin\src\utils\one-sdk-validator.js:1:1798)
    at HvigorLifecycleHook.<anonymous> (D:\HUAWEI\DevEco\DevEco Studio\tools\hvigor\hvigor-ohos-plugin\src\plugin\builder\app-plugin-builder.js:1:2659)
    at HvigorLifecycleHook.runFn (D:\HUAWEI\DevEco\DevEco Studio\tools\hvigor\hvigor\src\base\internal\lifecycle\hook\hvigor-lifecycle-hook.js:1:1743)
    at configuration (D:\HUAWEI\DevEco\DevEco Studio\tools\hvigor\hvigor\src\base\internal\lifecycle\configuration.js:1:2806)
    at process.processTicksAndRejections (node:internal/process/task_queues:95:5)
    at async start (D:\HUAWEI\DevEco\DevEco Studio\tools\hvigor\hvigor\src\base\boot\index.js:1:2570)
    at async boot (D:\HUAWEI\DevEco\DevEco Studio\tools\hvigor\hvigor\src\base\boot\index.js:1:1789)
    at async startHvigorBuild (D:\HUAWEI\DevEco\DevEco Studio\tools\hvigor\hvigor\src\cli\main\cli.js:1:7577)
[2026-06-02T01:02:22.583] [DEBUG] debug-file - End initialize module-target build option map, moduleName=entry
[2026-06-02T01:02:22.562] [DEBUG] debug-file - hvigorfile, resolving D:\HUAWEI\lab4\AirShare\entry\hvigorfile.ts
[2026-06-02T01:02:22.597] [DEBUG] debug-file - Module AirShare's total dependency: 0
[2026-06-02T01:02:22.651] [DEBUG] debug-file - Worker 0 has been cleared.
[2026-06-02T01:02:22.618] [ERROR] debug-file - BUILD FAILED in 2 s 241 ms 
[2026-06-02T01:02:22.583] [DEBUG] debug-file - Start initialize module-target build option map, moduleName=entry, buildMode=release
[2026-06-02T01:02:22.567] [DEBUG] debug-file - hvigorfile, require result:  { default: { system: [Function: hapTasks], plugins: [] } }
[2026-06-02T01:02:22.651] [DEBUG] debug-file - Current idle worker size: 1.
[2026-06-02T01:02:22.583] [DEBUG] debug-file - Target 'default' config initialized
[2026-06-02T01:02:22.644] [DEBUG] debug-file - Since there is no instance or instance is terminated, create a new worker pool.
[2026-06-02T01:02:22.567] [DEBUG] debug-file - hvigorfile, binding system plugins [Function: hapTasks]
[2026-06-02T01:02:22.583] [DEBUG] debug-file - Module 'entry' target 'default' build option initialized
[2026-06-02T01:02:22.651] [DEBUG] debug-file - Current busy worker size: 0.
[2026-06-02T01:02:22.644] [DEBUG] debug-file - Worker pool is initialized with config:  {
  minPoolNum: 2,
  maxPoolNum: undefined,
  maxCoreSize: undefined,
  cacheCapacity: undefined,
  cacheTtl: undefined
}
[2026-06-02T01:02:22.567] [DEBUG] debug-file - Starting plugin build process
[2026-06-02T01:02:22.651] [DEBUG] debug-file - Clear worker 1.
[2026-06-02T01:02:22.583] [DEBUG] debug-file - End initialize module-target build option map, moduleName=entry
[2026-06-02T01:02:22.567] [DEBUG] debug-file - Hap plugin creating...
[2026-06-02T01:02:22.651] [DEBUG] debug-file - Worker 1 has been cleared.
[2026-06-02T01:02:22.583] [DEBUG] debug-file - Start initialize module-target build option map, moduleName=entry, buildMode=debug
[2026-06-02T01:02:22.651] [DEBUG] debug-file - Current idle worker size: 0.
[2026-06-02T01:02:22.651] [DEBUG] debug-file - Current busy worker size: 0.
[2026-06-02T01:02:22.583] [DEBUG] debug-file - Target 'default' config initialized
[2026-06-02T01:02:22.652] [DEBUG] debug-file - hvigor build process will be closed.
[2026-06-02T01:02:22.584] [DEBUG] debug-file - Module 'entry' target 'default' build option initialized
[2026-06-02T01:02:22.655] [DEBUG] debug-file - worker[0] exits with exit code 0.
[2026-06-02T01:02:22.584] [DEBUG] debug-file - End initialize module-target build option map, moduleName=entry
[2026-06-02T01:02:22.656] [DEBUG] debug-file - worker[1] exits with exit code 0.
[2026-06-02T01:02:22.584] [DEBUG] debug-file - Obtain build option for module 'entry' target 'default'in this build.
[2026-06-02T01:02:22.657] [DEBUG] debug-file - Current worker pool is terminated.
[2026-06-02T01:02:22.587] [DEBUG] debug-file - Module entry task initialization takes 3 ms 
[2026-06-02T01:02:22.587] [DEBUG] debug-file - Hap plugin register hook start...
[2026-06-02T01:02:22.588] [DEBUG] debug-file - Hap plugin register hook end...
[2026-06-02T01:02:22.588] [DEBUG] debug-file - Plugin build process completed
[2026-06-02T01:02:22.588] [DEBUG] debug-file - hvigorfile, binding custom plugins []
[2026-06-02T01:02:22.588] [DEBUG] debug-file - hvigorfile, no custom plugins were found in D:\HUAWEI\lab4\AirShare\entry\hvigorfile.ts
[2026-06-02T01:02:22.588] [DEBUG] debug-file - hvigorfile, resolve finished D:\HUAWEI\lab4\AirShare\entry\hvigorfile.ts
[2026-06-02T01:02:39.553] [DEBUG] debug-file - env: nodejsVersion=v18.20.1
[2026-06-02T01:02:39.654] [DEBUG] debug-file - env: daemon=true
[2026-06-02T01:02:39.554] [DEBUG] debug-file - env: hvigor-config.json5 content = { modelVersion: '6.0.2', dependencies: {} }
[2026-06-02T01:02:40.413] [DEBUG] debug-file - java daemon tryConnect failed Error: connect ECONNREFUSED 127.0.0.1:45050
[2026-06-02T01:02:40.541] [DEBUG] debug-file - java daemon started at port 45050 pid 53908
[2026-06-02T01:02:40.568] [DEBUG] debug-file - session manager: set active socket. socketId=z_beoKESBh5gyzDZAAAB
[2026-06-02T01:02:41.151] [DEBUG] debug-file - watch worker: worker id should be larger than 0. Nothing will be sent to any worker thread.
[2026-06-02T01:02:41.153] [DEBUG] debug-file - Since there is no instance or instance is terminated, create a new worker pool.
[2026-06-02T01:02:41.153] [DEBUG] debug-file - Worker pool is initialized with config:  {
  minPoolNum: 2,
  maxPoolNum: undefined,
  maxCoreSize: undefined,
  cacheCapacity: undefined,
  cacheTtl: undefined
}
[2026-06-02T01:02:41.154] [DEBUG] debug-file - Create  resident worker with id: 0.
[2026-06-02T01:02:41.156] [DEBUG] debug-file - Create  resident worker with id: 1.
[2026-06-02T01:02:41.157] [DEBUG] debug-file - Workers' log level updated to INFO
[2026-06-02T01:02:41.163] [DEBUG] debug-file - Hvigor init with startParameters:{
  hvigorfileTypeCheck: false,
  parallelExecution: true,
  incrementalExecution: true,
  printStackTrace: false,
  daemon: true,
  analyze: 0,
  logLevel: Level { level: 20000, levelStr: 'INFO', colour: 'green' },
  optimizationStrategy: 'memory',
  hotCompile: undefined,
  hotReloadBuild: undefined,
  customizedParam: undefined
}
[2026-06-02T01:02:41.165] [DEBUG] debug-file - Cache service initialization finished in 2 ms 
[2026-06-02T01:02:41.167] [DEBUG] debug-file - hvigorfile, resolving D:\HUAWEI\lab4\AirShare\hvigorfile.ts
[2026-06-02T01:02:42.402] [DEBUG] debug-file - hvigorfile, require result:  { default: { plugins: [] } }
[2026-06-02T01:02:42.403] [DEBUG] debug-file - hvigorfile, binding system plugins null
[2026-06-02T01:02:42.403] [DEBUG] debug-file - Starting plugin build process
[2026-06-02T01:02:42.403] [DEBUG] debug-file - App plugin prepare start...
[2026-06-02T01:02:42.403] [DEBUG] debug-file - App plugin prepare end...
[2026-06-02T01:02:42.403] [DEBUG] debug-file - App plugin creating...
[2026-06-02T01:02:42.536] [DEBUG] debug-file - App plugin register hook start...
[2026-06-02T01:02:42.537] [DEBUG] debug-file - App plugin register hook end...
[2026-06-02T01:02:42.537] [DEBUG] debug-file - Plugin build process completed
[2026-06-02T01:02:42.538] [DEBUG] debug-file - Start initialize project's product build option map with build mode debug.
[2026-06-02T01:02:42.538] [DEBUG] debug-file - Picking option from product 'default' with build mode 'debug'.
[2026-06-02T01:02:42.538] [DEBUG] debug-file - Product 'default' build option initialized
[2026-06-02T01:02:42.538] [DEBUG] debug-file - End initialize project's product build option map with build mode 'debug'.
[2026-06-02T01:02:42.540] [DEBUG] debug-file - Obtain build option for product 'default'in this build.
[2026-06-02T01:02:42.541] [DEBUG] debug-file - No signingConfig found, initRemoteHspCache failed.
[2026-06-02T01:02:42.543] [DEBUG] debug-file - Local scan or download HarmonyOS sdk components toolchains,ets,js,native,previewer
[2026-06-02T01:02:42.545] [DEBUG] debug-file - Local scan or download hmscore sdk components toolchains,ets,native
[2026-06-02T01:02:42.546] [DEBUG] debug-file - Start recording SDK configuration permission data.
[2026-06-02T01:02:42.571] [DEBUG] debug-file - Sdk init in 29 ms 
[2026-06-02T01:02:42.575] [DEBUG] debug-file - Project task initialization takes 4 ms 
[2026-06-02T01:02:42.575] [DEBUG] debug-file - hvigorfile, binding custom plugins []
[2026-06-02T01:02:42.575] [DEBUG] debug-file - hvigorfile, no custom plugins were found in D:\HUAWEI\lab4\AirShare\hvigorfile.ts
[2026-06-02T01:02:42.576] [DEBUG] debug-file - hvigorfile, resolve finished D:\HUAWEI\lab4\AirShare\hvigorfile.ts
[2026-06-02T01:02:42.576] [DEBUG] debug-file - hvigorfile, resolving D:\HUAWEI\lab4\AirShare\entry\hvigorfile.ts
[2026-06-02T01:02:42.580] [DEBUG] debug-file - hvigorfile, require result:  { default: { plugins: [] } }
[2026-06-02T01:02:42.580] [DEBUG] debug-file - hvigorfile, binding system plugins null
[2026-06-02T01:02:42.580] [DEBUG] debug-file - Starting plugin build process
[2026-06-02T01:02:42.580] [DEBUG] debug-file - Hap plugin creating...
[2026-06-02T01:02:42.581] [DEBUG] debug-file - failed to load cangjie to dynamically generate schemas: Error: Cannot find module '@ohos/cangjie-build-support/index'
Require stack:
- D:\HUAWEI\DevEco\DevEco Studio\tools\hvigor\hvigor-ohos-plugin\src\plugin\hooks\cangjie-register.js
- D:\HUAWEI\DevEco\DevEco Studio\tools\hvigor\hvigor-ohos-plugin\src\plugin\strategy\stage-init-strategy.js
- D:\HUAWEI\DevEco\DevEco Studio\tools\hvigor\hvigor-ohos-plugin\src\plugin\builder\abstract-plugin-builder.js
- D:\HUAWEI\DevEco\DevEco Studio\tools\hvigor\hvigor-ohos-plugin\src\plugin\builder\app-plugin-builder.js
- D:\HUAWEI\DevEco\DevEco Studio\tools\hvigor\hvigor-ohos-plugin\src\plugin\factory\plugin-factory.js
- D:\HUAWEI\DevEco\DevEco Studio\tools\hvigor\hvigor-ohos-plugin\index.js
- D:\HUAWEI\lab4\AirShare\hvigorfile.ts
- D:\HUAWEI\DevEco\DevEco Studio\tools\hvigor\hvigor\src\base\internal\lifecycle\configuration.js
- D:\HUAWEI\DevEco\DevEco Studio\tools\hvigor\hvigor\src\base\boot\index.js
- D:\HUAWEI\DevEco\DevEco Studio\tools\hvigor\hvigor\src\base\daemon\cluster\worker-process-lifecycle.js
- D:\HUAWEI\DevEco\DevEco Studio\tools\hvigor\hvigor\src\base\daemon\process\daemon-process-boot-script.js
[2026-06-02T01:02:42.592] [DEBUG] debug-file - Start initialize module-target build option map, moduleName=entry, buildMode=debug
[2026-06-02T01:02:42.592] [DEBUG] debug-file - Target 'default' config initialized
[2026-06-02T01:02:42.593] [DEBUG] debug-file - Module 'entry' target 'default' build option initialized
[2026-06-02T01:02:42.593] [DEBUG] debug-file - End initialize module-target build option map, moduleName=entry
[2026-06-02T01:02:42.593] [DEBUG] debug-file - Start initialize module-target build option map, moduleName=entry, buildMode=release
[2026-06-02T01:02:42.593] [DEBUG] debug-file - Target 'default' config initialized
[2026-06-02T01:02:42.594] [DEBUG] debug-file - Module 'entry' target 'default' build option initialized
[2026-06-02T01:02:42.594] [DEBUG] debug-file - End initialize module-target build option map, moduleName=entry
[2026-06-02T01:02:42.594] [DEBUG] debug-file - Start initialize module-target build option map, moduleName=entry, buildMode=debug
[2026-06-02T01:02:42.594] [DEBUG] debug-file - Target 'default' config initialized
[2026-06-02T01:02:42.594] [DEBUG] debug-file - Module 'entry' target 'default' build option initialized
[2026-06-02T01:02:42.594] [DEBUG] debug-file - End initialize module-target build option map, moduleName=entry
[2026-06-02T01:02:42.594] [DEBUG] debug-file - Obtain build option for module 'entry' target 'default'in this build.
[2026-06-02T01:02:42.598] [DEBUG] debug-file - Module entry task initialization takes 3 ms 
[2026-06-02T01:02:42.598] [DEBUG] debug-file - Hap plugin register hook start...
[2026-06-02T01:02:42.598] [DEBUG] debug-file - Hap plugin register hook end...
[2026-06-02T01:02:42.598] [DEBUG] debug-file - Plugin build process completed
[2026-06-02T01:02:42.598] [DEBUG] debug-file - hvigorfile, binding custom plugins []
[2026-06-02T01:02:42.598] [DEBUG] debug-file - hvigorfile, no custom plugins were found in D:\HUAWEI\lab4\AirShare\entry\hvigorfile.ts
[2026-06-02T01:02:42.598] [DEBUG] debug-file - hvigorfile, resolve finished D:\HUAWEI\lab4\AirShare\entry\hvigorfile.ts
[2026-06-02T01:02:42.612] [DEBUG] debug-file - hvigorfile, resolve hvigorfile dependencies in 14 ms 
[2026-06-02T01:02:42.612] [DEBUG] debug-file - project has submodules:entry
[2026-06-02T01:02:42.613] [DEBUG] debug-file - start to load updatedOhPackageInfo to the disk
[2026-06-02T01:02:42.620] [DEBUG] debug-file - load to the disk finished
[2026-06-02T01:02:42.621] [DEBUG] debug-file - Start to initialize dependency information.
[2026-06-02T01:02:42.623] [DEBUG] debug-file - Module AirShare Collected Dependency: 
[2026-06-02T01:02:42.623] [DEBUG] debug-file - Module AirShare's total dependency: 0
[2026-06-02T01:02:42.627] [DEBUG] debug-file - hvigor build process will be closed with an error.
[2026-06-02T01:02:42.627] [ERROR] debug-file - [31m00303083 Configuration Error
Error Message: The platform version '5.0.0' and API version '10' of compatibleSdkVersion in build-profile.json5 do not match. At file: D:\HUAWEI\lab4\AirShare\build-profile.json5

* Try the following:
  > Configure related versions based on the DevEco Studio compatibility mapping (for example, https://developer.huawei.com/consumer/cn/doc/harmonyos-releases/deveco-studio-new-features).
[39m

[31m* Try:
> Run with --stacktrace option to get the stack trace.
> Run with --debug option to get more log output.

[2026-06-02T01:02:42.627] [DEBUG] debug-file - ERROR: stacktrace = AdaptorError: [31m00303083 Configuration Error
Error Message: The platform version '5.0.0' and API version '10' of compatibleSdkVersion in build-profile.json5 do not match. At file: D:\HUAWEI\lab4\AirShare\build-profile.json5

* Try the following:
  > Configure related versions based on the DevEco Studio compatibility mapping (for example, https://developer.huawei.com/consumer/cn/doc/harmonyos-releases/deveco-studio-new-features).
[39m
    at OhosLogger.printErrorExit (D:\HUAWEI\DevEco\DevEco Studio\tools\hvigor\hvigor\src\base\log\hvigor-log.js:1:5087)
    at OneSdkValidator.versionCompatibilityCheck (D:\HUAWEI\DevEco\DevEco Studio\tools\hvigor\hvigor-ohos-plugin\src\utils\one-sdk-validator.js:1:4367)
    at OneSdkValidator.apiInspection (D:\HUAWEI\DevEco\DevEco Studio\tools\hvigor\hvigor-ohos-plugin\src\utils\one-sdk-validator.js:1:1798)
    at HvigorLifecycleHook.<anonymous> (D:\HUAWEI\DevEco\DevEco Studio\tools\hvigor\hvigor-ohos-plugin\src\plugin\builder\app-plugin-builder.js:1:2659)
    at HvigorLifecycleHook.runFn (D:\HUAWEI\DevEco\DevEco Studio\tools\hvigor\hvigor\src\base\internal\lifecycle\hook\hvigor-lifecycle-hook.js:1:1743)
    at configuration (D:\HUAWEI\DevEco\DevEco Studio\tools\hvigor\hvigor\src\base\internal\lifecycle\configuration.js:1:2806)
    at process.processTicksAndRejections (node:internal/process/task_queues:95:5)
    at async start (D:\HUAWEI\DevEco\DevEco Studio\tools\hvigor\hvigor\src\base\boot\index.js:1:2570)
    at async boot (D:\HUAWEI\DevEco\DevEco Studio\tools\hvigor\hvigor\src\base\boot\index.js:1:1789)
    at async Worker.<anonymous> (D:\HUAWEI\DevEco\DevEco Studio\tools\hvigor\hvigor\src\base\daemon\cluster\worker-process-lifecycle.js:1:3723)
[2026-06-02T01:02:42.627] [ERROR] debug-file - AdaptorError: [31m00303083 Configuration Error
Error Message: The platform version '5.0.0' and API version '10' of compatibleSdkVersion in build-profile.json5 do not match. At file: D:\HUAWEI\lab4\AirShare\build-profile.json5

* Try the following:
  > Configure related versions based on the DevEco Studio compatibility mapping (for example, https://developer.huawei.com/consumer/cn/doc/harmonyos-releases/deveco-studio-new-features).
[39m
    at OhosLogger.printErrorExit (D:\HUAWEI\DevEco\DevEco Studio\tools\hvigor\hvigor\src\base\log\hvigor-log.js:1:5087)
    at OneSdkValidator.versionCompatibilityCheck (D:\HUAWEI\DevEco\DevEco Studio\tools\hvigor\hvigor-ohos-plugin\src\utils\one-sdk-validator.js:1:4367)
    at OneSdkValidator.apiInspection (D:\HUAWEI\DevEco\DevEco Studio\tools\hvigor\hvigor-ohos-plugin\src\utils\one-sdk-validator.js:1:1798)
    at HvigorLifecycleHook.<anonymous> (D:\HUAWEI\DevEco\DevEco Studio\tools\hvigor\hvigor-ohos-plugin\src\plugin\builder\app-plugin-builder.js:1:2659)
    at HvigorLifecycleHook.runFn (D:\HUAWEI\DevEco\DevEco Studio\tools\hvigor\hvigor\src\base\internal\lifecycle\hook\hvigor-lifecycle-hook.js:1:1743)
    at configuration (D:\HUAWEI\DevEco\DevEco Studio\tools\hvigor\hvigor\src\base\internal\lifecycle\configuration.js:1:2806)
    at process.processTicksAndRejections (node:internal/process/task_queues:95:5)
    at async start (D:\HUAWEI\DevEco\DevEco Studio\tools\hvigor\hvigor\src\base\boot\index.js:1:2570)
    at async boot (D:\HUAWEI\DevEco\DevEco Studio\tools\hvigor\hvigor\src\base\boot\index.js:1:1789)
    at async Worker.<anonymous> (D:\HUAWEI\DevEco\DevEco Studio\tools\hvigor\hvigor\src\base\daemon\cluster\worker-process-lifecycle.js:1:3723)
[2026-06-02T01:02:42.642] [ERROR] debug-file - BUILD FAILED in 1 s 484 ms 
[2026-06-02T01:02:42.664] [DEBUG] debug-file - Cleanup worker 0.
[2026-06-02T01:02:42.665] [DEBUG] debug-file - Worker 0 has been cleaned up.
[2026-06-02T01:02:42.665] [DEBUG] debug-file - Current idle worker size: 1.
[2026-06-02T01:02:42.665] [DEBUG] debug-file - Current resident worker size: 2.
[2026-06-02T01:02:42.665] [DEBUG] debug-file - Cleanup worker 1.
[2026-06-02T01:02:42.665] [DEBUG] debug-file - Worker 1 has been cleaned up.
[2026-06-02T01:02:42.665] [DEBUG] debug-file - Current idle worker size: 0.
[2026-06-02T01:02:42.665] [DEBUG] debug-file - Current resident worker size: 2.
[2026-06-02T01:02:42.666] [DEBUG] debug-file - hvigor build process will be closed.
[2026-06-02T01:02:42.668] [DEBUG] debug-file - session manager: send message to worker process.
[2026-06-02T01:02:42.668] [DEBUG] debug-file - session manager: send message to worker process.
[2026-06-02T01:02:42.670] [DEBUG] debug-file - worker[1] exits with exit code 1.
[2026-06-02T01:02:42.670] [DEBUG] debug-file - worker[0] exits with exit code 1.
[2026-06-02T01:02:42.671] [DEBUG] debug-file - watch worker: worker id should be larger than 0. Nothing will be sent to any worker thread.
[2026-06-02T01:02:42.671] [DEBUG] debug-file - watch worker: worker id should be larger than 0. Nothing will be sent to any worker thread.
[2026-06-02T01:02:48.915] [DEBUG] debug-file - session manager: set active socket. socketId=V3-BZUbO84Blr-l_AAAD
[2026-06-02T01:02:48.920] [DEBUG] debug-file - watch worker: worker id should be larger than 0. Nothing will be sent to any worker thread.
[2026-06-02T01:02:48.922] [DEBUG] debug-file - Workers' log level updated to INFO
[2026-06-02T01:02:48.924] [DEBUG] debug-file - Hvigor init with startParameters:{
  hvigorfileTypeCheck: false,
  parallelExecution: true,
  incrementalExecution: true,
  printStackTrace: false,
  daemon: true,
  analyze: 0,
  logLevel: Level { level: 20000, levelStr: 'INFO', colour: 'green' },
  optimizationStrategy: 'memory',
  hotCompile: undefined,
  hotReloadBuild: undefined,
  customizedParam: undefined
}
[2026-06-02T01:02:48.925] [DEBUG] debug-file - Cache service initialization finished in 1 ms 
[2026-06-02T01:02:48.925] [DEBUG] debug-file - hvigorfile, resolving D:\HUAWEI\lab4\AirShare\hvigorfile.ts
[2026-06-02T01:02:48.929] [DEBUG] debug-file - hvigorfile, require result:  { default: { plugins: [] } }
[2026-06-02T01:02:48.929] [DEBUG] debug-file - hvigorfile, binding system plugins null
[2026-06-02T01:02:48.930] [DEBUG] debug-file - Starting plugin build process
[2026-06-02T01:02:48.930] [DEBUG] debug-file - App plugin prepare start...
[2026-06-02T01:02:48.930] [DEBUG] debug-file - App plugin prepare end...
[2026-06-02T01:02:48.930] [DEBUG] debug-file - App plugin creating...
[2026-06-02T01:02:48.933] [DEBUG] debug-file - App plugin register hook start...
[2026-06-02T01:02:48.933] [DEBUG] debug-file - App plugin register hook end...
[2026-06-02T01:02:48.933] [DEBUG] debug-file - Plugin build process completed
[2026-06-02T01:02:48.933] [DEBUG] debug-file - Start initialize project's product build option map with build mode debug.
[2026-06-02T01:02:48.933] [DEBUG] debug-file - Picking option from product 'default' with build mode 'debug'.
[2026-06-02T01:02:48.933] [DEBUG] debug-file - Product 'default' build option initialized
[2026-06-02T01:02:48.933] [DEBUG] debug-file - End initialize project's product build option map with build mode 'debug'.
[2026-06-02T01:02:48.934] [DEBUG] debug-file - Obtain build option for product 'default'in this build.
[2026-06-02T01:02:48.934] [DEBUG] debug-file - No signingConfig found, initRemoteHspCache failed.
[2026-06-02T01:02:48.936] [DEBUG] debug-file - Start recording SDK configuration permission data.
[2026-06-02T01:02:48.957] [DEBUG] debug-file - Sdk init in 22 ms 
[2026-06-02T01:02:48.959] [DEBUG] debug-file - Project task initialization takes 3 ms 
[2026-06-02T01:02:48.959] [DEBUG] debug-file - hvigorfile, binding custom plugins []
[2026-06-02T01:02:48.959] [DEBUG] debug-file - hvigorfile, no custom plugins were found in D:\HUAWEI\lab4\AirShare\hvigorfile.ts
[2026-06-02T01:02:48.959] [DEBUG] debug-file - hvigorfile, resolve finished D:\HUAWEI\lab4\AirShare\hvigorfile.ts
[2026-06-02T01:02:48.960] [DEBUG] debug-file - hvigorfile, resolving D:\HUAWEI\lab4\AirShare\entry\hvigorfile.ts
[2026-06-02T01:02:48.963] [DEBUG] debug-file - hvigorfile, require result:  { default: { plugins: [] } }
[2026-06-02T01:02:48.963] [DEBUG] debug-file - hvigorfile, binding system plugins null
[2026-06-02T01:02:48.963] [DEBUG] debug-file - Starting plugin build process
[2026-06-02T01:02:48.963] [DEBUG] debug-file - Hap plugin creating...
[2026-06-02T01:02:48.964] [DEBUG] debug-file - failed to load cangjie to dynamically generate schemas: Error: Cannot find module '@ohos/cangjie-build-support/index'
Require stack:
- D:\HUAWEI\DevEco\DevEco Studio\tools\hvigor\hvigor-ohos-plugin\src\plugin\hooks\cangjie-register.js
- D:\HUAWEI\DevEco\DevEco Studio\tools\hvigor\hvigor-ohos-plugin\src\plugin\strategy\stage-init-strategy.js
- D:\HUAWEI\DevEco\DevEco Studio\tools\hvigor\hvigor-ohos-plugin\src\plugin\builder\abstract-plugin-builder.js
- D:\HUAWEI\DevEco\DevEco Studio\tools\hvigor\hvigor-ohos-plugin\src\plugin\builder\app-plugin-builder.js
- D:\HUAWEI\DevEco\DevEco Studio\tools\hvigor\hvigor-ohos-plugin\src\plugin\factory\plugin-factory.js
- D:\HUAWEI\DevEco\DevEco Studio\tools\hvigor\hvigor-ohos-plugin\index.js
- D:\HUAWEI\lab4\AirShare\hvigorfile.ts
- D:\HUAWEI\DevEco\DevEco Studio\tools\hvigor\hvigor\src\base\internal\lifecycle\configuration.js
- D:\HUAWEI\DevEco\DevEco Studio\tools\hvigor\hvigor\src\base\boot\index.js
- D:\HUAWEI\DevEco\DevEco Studio\tools\hvigor\hvigor\src\base\daemon\cluster\worker-process-lifecycle.js
- D:\HUAWEI\DevEco\DevEco Studio\tools\hvigor\hvigor\src\base\daemon\process\daemon-process-boot-script.js
[2026-06-02T01:02:48.965] [DEBUG] debug-file - Start initialize module-target build option map, moduleName=entry, buildMode=debug
[2026-06-02T01:02:48.965] [DEBUG] debug-file - Target 'default' config initialized
[2026-06-02T01:02:48.966] [DEBUG] debug-file - Module 'entry' target 'default' build option initialized
[2026-06-02T01:02:48.966] [DEBUG] debug-file - End initialize module-target build option map, moduleName=entry
[2026-06-02T01:02:48.966] [DEBUG] debug-file - Start initialize module-target build option map, moduleName=entry, buildMode=release
[2026-06-02T01:02:48.966] [DEBUG] debug-file - Target 'default' config initialized
[2026-06-02T01:02:48.966] [DEBUG] debug-file - Module 'entry' target 'default' build option initialized
[2026-06-02T01:02:48.966] [DEBUG] debug-file - End initialize module-target build option map, moduleName=entry
[2026-06-02T01:02:48.966] [DEBUG] debug-file - Start initialize module-target build option map, moduleName=entry, buildMode=debug
[2026-06-02T01:02:48.966] [DEBUG] debug-file - Target 'default' config initialized
[2026-06-02T01:02:48.966] [DEBUG] debug-file - Module 'entry' target 'default' build option initialized
[2026-06-02T01:02:48.966] [DEBUG] debug-file - End initialize module-target build option map, moduleName=entry
[2026-06-02T01:02:48.966] [DEBUG] debug-file - Obtain build option for module 'entry' target 'default'in this build.
[2026-06-02T01:02:48.967] [DEBUG] debug-file - Module entry task initialization takes 1 ms 
[2026-06-02T01:02:48.967] [DEBUG] debug-file - Hap plugin register hook start...
[2026-06-02T01:02:48.967] [DEBUG] debug-file - Hap plugin register hook end...
[2026-06-02T01:02:48.967] [DEBUG] debug-file - Plugin build process completed
[2026-06-02T01:02:48.967] [DEBUG] debug-file - hvigorfile, binding custom plugins []
[2026-06-02T01:02:48.967] [DEBUG] debug-file - hvigorfile, no custom plugins were found in D:\HUAWEI\lab4\AirShare\entry\hvigorfile.ts
[2026-06-02T01:02:48.967] [DEBUG] debug-file - hvigorfile, resolve finished D:\HUAWEI\lab4\AirShare\entry\hvigorfile.ts
[2026-06-02T01:02:48.983] [DEBUG] debug-file - hvigorfile, resolve hvigorfile dependencies in 16 ms 
[2026-06-02T01:02:48.983] [DEBUG] debug-file - project has submodules:entry
[2026-06-02T01:02:48.987] [DEBUG] debug-file - start to load updatedOhPackageInfo to the disk
[2026-06-02T01:02:48.991] [DEBUG] debug-file - load to the disk finished
[2026-06-02T01:02:48.992] [DEBUG] debug-file - Start to initialize dependency information.
[2026-06-02T01:02:48.992] [DEBUG] debug-file - Module AirShare Collected Dependency: 
[2026-06-02T01:02:48.992] [DEBUG] debug-file - Module AirShare's total dependency: 0
[2026-06-02T01:02:48.995] [DEBUG] debug-file - hvigor build process will be closed with an error.
[2026-06-02T01:02:48.995] [ERROR] debug-file - [31m00303083 Configuration Error
Error Message: The platform version '5.0.0' and API version '10' of compatibleSdkVersion in build-profile.json5 do not match. At file: D:\HUAWEI\lab4\AirShare\build-profile.json5

* Try the following:
  > Configure related versions based on the DevEco Studio compatibility mapping (for example, https://developer.huawei.com/consumer/cn/doc/harmonyos-releases/deveco-studio-new-features).
[39m

[31m* Try:
> Run with --stacktrace option to get the stack trace.
> Run with --debug option to get more log output.

[2026-06-02T01:02:48.995] [DEBUG] debug-file - ERROR: stacktrace = AdaptorError: [31m00303083 Configuration Error
Error Message: The platform version '5.0.0' and API version '10' of compatibleSdkVersion in build-profile.json5 do not match. At file: D:\HUAWEI\lab4\AirShare\build-profile.json5

* Try the following:
  > Configure related versions based on the DevEco Studio compatibility mapping (for example, https://developer.huawei.com/consumer/cn/doc/harmonyos-releases/deveco-studio-new-features).
[39m
    at OhosLogger.printErrorExit (D:\HUAWEI\DevEco\DevEco Studio\tools\hvigor\hvigor\src\base\log\hvigor-log.js:1:5087)
    at OneSdkValidator.versionCompatibilityCheck (D:\HUAWEI\DevEco\DevEco Studio\tools\hvigor\hvigor-ohos-plugin\src\utils\one-sdk-validator.js:1:4367)
    at OneSdkValidator.apiInspection (D:\HUAWEI\DevEco\DevEco Studio\tools\hvigor\hvigor-ohos-plugin\src\utils\one-sdk-validator.js:1:1798)
    at HvigorLifecycleHook.<anonymous> (D:\HUAWEI\DevEco\DevEco Studio\tools\hvigor\hvigor-ohos-plugin\src\plugin\builder\app-plugin-builder.js:1:2659)
    at HvigorLifecycleHook.runFn (D:\HUAWEI\DevEco\DevEco Studio\tools\hvigor\hvigor\src\base\internal\lifecycle\hook\hvigor-lifecycle-hook.js:1:1743)
    at configuration (D:\HUAWEI\DevEco\DevEco Studio\tools\hvigor\hvigor\src\base\internal\lifecycle\configuration.js:1:2806)
    at process.processTicksAndRejections (node:internal/process/task_queues:95:5)
    at async start (D:\HUAWEI\DevEco\DevEco Studio\tools\hvigor\hvigor\src\base\boot\index.js:1:2570)
    at async boot (D:\HUAWEI\DevEco\DevEco Studio\tools\hvigor\hvigor\src\base\boot\index.js:1:1789)
    at async Worker.<anonymous> (D:\HUAWEI\DevEco\DevEco Studio\tools\hvigor\hvigor\src\base\daemon\cluster\worker-process-lifecycle.js:1:3723)
[2026-06-02T01:02:48.995] [ERROR] debug-file - AdaptorError: [31m00303083 Configuration Error
Error Message: The platform version '5.0.0' and API version '10' of compatibleSdkVersion in build-profile.json5 do not match. At file: D:\HUAWEI\lab4\AirShare\build-profile.json5

* Try the following:
  > Configure related versions based on the DevEco Studio compatibility mapping (for example, https://developer.huawei.com/consumer/cn/doc/harmonyos-releases/deveco-studio-new-features).
[39m
    at OhosLogger.printErrorExit (D:\HUAWEI\DevEco\DevEco Studio\tools\hvigor\hvigor\src\base\log\hvigor-log.js:1:5087)
    at OneSdkValidator.versionCompatibilityCheck (D:\HUAWEI\DevEco\DevEco Studio\tools\hvigor\hvigor-ohos-plugin\src\utils\one-sdk-validator.js:1:4367)
    at OneSdkValidator.apiInspection (D:\HUAWEI\DevEco\DevEco Studio\tools\hvigor\hvigor-ohos-plugin\src\utils\one-sdk-validator.js:1:1798)
    at HvigorLifecycleHook.<anonymous> (D:\HUAWEI\DevEco\DevEco Studio\tools\hvigor\hvigor-ohos-plugin\src\plugin\builder\app-plugin-builder.js:1:2659)
    at HvigorLifecycleHook.runFn (D:\HUAWEI\DevEco\DevEco Studio\tools\hvigor\hvigor\src\base\internal\lifecycle\hook\hvigor-lifecycle-hook.js:1:1743)
    at configuration (D:\HUAWEI\DevEco\DevEco Studio\tools\hvigor\hvigor\src\base\internal\lifecycle\configuration.js:1:2806)
    at process.processTicksAndRejections (node:internal/process/task_queues:95:5)
    at async start (D:\HUAWEI\DevEco\DevEco Studio\tools\hvigor\hvigor\src\base\boot\index.js:1:2570)
    at async boot (D:\HUAWEI\DevEco\DevEco Studio\tools\hvigor\hvigor\src\base\boot\index.js:1:1789)
    at async Worker.<anonymous> (D:\HUAWEI\DevEco\DevEco Studio\tools\hvigor\hvigor\src\base\daemon\cluster\worker-process-lifecycle.js:1:3723)
[2026-06-02T01:02:49.010] [ERROR] debug-file - BUILD FAILED in 88 ms 
[2026-06-02T01:02:49.028] [DEBUG] debug-file - There's no busy workers and idle workers need cleanup.
[2026-06-02T01:02:49.028] [DEBUG] debug-file - hvigor build process will be closed.
[2026-06-02T01:02:49.035] [DEBUG] debug-file - session manager: send message to worker process.
[2026-06-02T01:02:49.035] [DEBUG] debug-file - session manager: send message to worker process.
[2026-06-02T01:02:49.035] [DEBUG] debug-file - watch worker: worker id should be larger than 0. Nothing will be sent to any worker thread.
[2026-06-02T01:02:49.035] [DEBUG] debug-file - watch worker: worker id should be larger than 0. Nothing will be sent to any worker thread.
[2026-06-02T01:08:09.237] [DEBUG] debug-file - env: nodejsVersion=v18.20.1
[2026-06-02T01:08:09.302] [DEBUG] debug-file - env: daemon=true
[2026-06-02T01:08:09.238] [DEBUG] debug-file - env: hvigor-config.json5 content = { modelVersion: '6.0.2', dependencies: {} }
[2026-06-02T01:08:09.799] [DEBUG] debug-file - session manager: set active socket. socketId=rZ3Dtlc9kQGFfQqtAAAF
[2026-06-02T01:08:09.804] [DEBUG] debug-file - watch worker: worker id should be larger than 0. Nothing will be sent to any worker thread.
[2026-06-02T01:08:09.806] [DEBUG] debug-file - Workers' log level updated to INFO
[2026-06-02T01:08:09.808] [DEBUG] debug-file - Hvigor init with startParameters:{
  hvigorfileTypeCheck: false,
  parallelExecution: true,
  incrementalExecution: true,
  printStackTrace: false,
  daemon: true,
  analyze: 0,
  logLevel: Level { level: 20000, levelStr: 'INFO', colour: 'green' },
  optimizationStrategy: 'memory',
  hotCompile: undefined,
  hotReloadBuild: undefined,
  customizedParam: undefined
}
[2026-06-02T01:08:09.809] [DEBUG] debug-file - Cache service initialization finished in 1 ms 
[2026-06-02T01:08:09.809] [DEBUG] debug-file - hvigorfile, resolving D:\HUAWEI\lab4\AirShare\hvigorfile.ts
[2026-06-02T01:08:09.815] [DEBUG] debug-file - hvigorfile, require result:  { default: { plugins: [] } }
[2026-06-02T01:08:09.815] [DEBUG] debug-file - hvigorfile, binding system plugins null
[2026-06-02T01:08:09.815] [DEBUG] debug-file - Starting plugin build process
[2026-06-02T01:08:09.815] [DEBUG] debug-file - App plugin prepare start...
[2026-06-02T01:08:09.815] [DEBUG] debug-file - App plugin prepare end...
[2026-06-02T01:08:09.815] [DEBUG] debug-file - App plugin creating...
[2026-06-02T01:08:09.818] [DEBUG] debug-file - App plugin register hook start...
[2026-06-02T01:08:09.818] [DEBUG] debug-file - App plugin register hook end...
[2026-06-02T01:08:09.818] [DEBUG] debug-file - Plugin build process completed
[2026-06-02T01:08:09.820] [DEBUG] debug-file - Start initialize project's product build option map with build mode debug.
[2026-06-02T01:08:09.820] [DEBUG] debug-file - Picking option from product 'default' with build mode 'debug'.
[2026-06-02T01:08:09.820] [DEBUG] debug-file - Product 'default' build option initialized
[2026-06-02T01:08:09.820] [DEBUG] debug-file - End initialize project's product build option map with build mode 'debug'.
[2026-06-02T01:08:09.821] [DEBUG] debug-file - Obtain build option for product 'default'in this build.
[2026-06-02T01:08:09.822] [DEBUG] debug-file - No signingConfig found, initRemoteHspCache failed.
[2026-06-02T01:08:09.823] [DEBUG] debug-file - Start recording SDK configuration permission data.
[2026-06-02T01:08:09.843] [DEBUG] debug-file - Sdk init in 21 ms 
[2026-06-02T01:08:09.846] [DEBUG] debug-file - Project task initialization takes 3 ms 
[2026-06-02T01:08:09.846] [DEBUG] debug-file - hvigorfile, binding custom plugins []
[2026-06-02T01:08:09.846] [DEBUG] debug-file - hvigorfile, no custom plugins were found in D:\HUAWEI\lab4\AirShare\hvigorfile.ts
[2026-06-02T01:08:09.846] [DEBUG] debug-file - hvigorfile, resolve finished D:\HUAWEI\lab4\AirShare\hvigorfile.ts
[2026-06-02T01:08:09.846] [DEBUG] debug-file - hvigorfile, resolving D:\HUAWEI\lab4\AirShare\entry\hvigorfile.ts
[2026-06-02T01:08:09.849] [DEBUG] debug-file - hvigorfile, require result:  { default: { plugins: [] } }
[2026-06-02T01:08:09.849] [DEBUG] debug-file - hvigorfile, binding system plugins null
[2026-06-02T01:08:09.849] [DEBUG] debug-file - Starting plugin build process
[2026-06-02T01:08:09.849] [DEBUG] debug-file - Hap plugin creating...
[2026-06-02T01:08:09.850] [DEBUG] debug-file - failed to load cangjie to dynamically generate schemas: Error: Cannot find module '@ohos/cangjie-build-support/index'
Require stack:
- D:\HUAWEI\DevEco\DevEco Studio\tools\hvigor\hvigor-ohos-plugin\src\plugin\hooks\cangjie-register.js
- D:\HUAWEI\DevEco\DevEco Studio\tools\hvigor\hvigor-ohos-plugin\src\plugin\strategy\stage-init-strategy.js
- D:\HUAWEI\DevEco\DevEco Studio\tools\hvigor\hvigor-ohos-plugin\src\plugin\builder\abstract-plugin-builder.js
- D:\HUAWEI\DevEco\DevEco Studio\tools\hvigor\hvigor-ohos-plugin\src\plugin\builder\app-plugin-builder.js
- D:\HUAWEI\DevEco\DevEco Studio\tools\hvigor\hvigor-ohos-plugin\src\plugin\factory\plugin-factory.js
- D:\HUAWEI\DevEco\DevEco Studio\tools\hvigor\hvigor-ohos-plugin\index.js
- D:\HUAWEI\lab4\AirShare\hvigorfile.ts
- D:\HUAWEI\DevEco\DevEco Studio\tools\hvigor\hvigor\src\base\internal\lifecycle\configuration.js
- D:\HUAWEI\DevEco\DevEco Studio\tools\hvigor\hvigor\src\base\boot\index.js
- D:\HUAWEI\DevEco\DevEco Studio\tools\hvigor\hvigor\src\base\daemon\cluster\worker-process-lifecycle.js
- D:\HUAWEI\DevEco\DevEco Studio\tools\hvigor\hvigor\src\base\daemon\process\daemon-process-boot-script.js
[2026-06-02T01:08:09.851] [DEBUG] debug-file - Start initialize module-target build option map, moduleName=entry, buildMode=debug
[2026-06-02T01:08:09.851] [DEBUG] debug-file - Target 'default' config initialized
[2026-06-02T01:08:09.852] [DEBUG] debug-file - Module 'entry' target 'default' build option initialized
[2026-06-02T01:08:09.852] [DEBUG] debug-file - End initialize module-target build option map, moduleName=entry
[2026-06-02T01:08:09.852] [DEBUG] debug-file - Start initialize module-target build option map, moduleName=entry, buildMode=release
[2026-06-02T01:08:09.852] [DEBUG] debug-file - Target 'default' config initialized
[2026-06-02T01:08:09.852] [DEBUG] debug-file - Module 'entry' target 'default' build option initialized
[2026-06-02T01:08:09.852] [DEBUG] debug-file - End initialize module-target build option map, moduleName=entry
[2026-06-02T01:08:09.853] [DEBUG] debug-file - Start initialize module-target build option map, moduleName=entry, buildMode=debug
[2026-06-02T01:08:09.853] [DEBUG] debug-file - Target 'default' config initialized
[2026-06-02T01:08:09.853] [DEBUG] debug-file - Module 'entry' target 'default' build option initialized
[2026-06-02T01:08:09.853] [DEBUG] debug-file - End initialize module-target build option map, moduleName=entry
[2026-06-02T01:08:09.853] [DEBUG] debug-file - Obtain build option for module 'entry' target 'default'in this build.
[2026-06-02T01:08:09.854] [DEBUG] debug-file - Module entry task initialization takes 1 ms 
[2026-06-02T01:08:09.854] [DEBUG] debug-file - Hap plugin register hook start...
[2026-06-02T01:08:09.854] [DEBUG] debug-file - Hap plugin register hook end...
[2026-06-02T01:08:09.854] [DEBUG] debug-file - Plugin build process completed
[2026-06-02T01:08:09.854] [DEBUG] debug-file - hvigorfile, binding custom plugins []
[2026-06-02T01:08:09.854] [DEBUG] debug-file - hvigorfile, no custom plugins were found in D:\HUAWEI\lab4\AirShare\entry\hvigorfile.ts
[2026-06-02T01:08:09.854] [DEBUG] debug-file - hvigorfile, resolve finished D:\HUAWEI\lab4\AirShare\entry\hvigorfile.ts
[2026-06-02T01:08:09.867] [DEBUG] debug-file - hvigorfile, resolve hvigorfile dependencies in 13 ms 
[2026-06-02T01:08:09.867] [DEBUG] debug-file - project has submodules:entry
[2026-06-02T01:08:09.868] [DEBUG] debug-file - start to load updatedOhPackageInfo to the disk
[2026-06-02T01:08:09.871] [DEBUG] debug-file - load to the disk finished
[2026-06-02T01:08:09.872] [DEBUG] debug-file - Start to initialize dependency information.
[2026-06-02T01:08:09.873] [DEBUG] debug-file - Module AirShare Collected Dependency: 
[2026-06-02T01:08:09.873] [DEBUG] debug-file - Module AirShare's total dependency: 0
[2026-06-02T01:08:09.873] [DEBUG] debug-file - Start to initialize dependency information.
[2026-06-02T01:08:09.875] [DEBUG] debug-file - Module entry Collected Dependency: 
[2026-06-02T01:08:09.875] [DEBUG] debug-file - Module entry's total dependency: 0
[2026-06-02T01:08:09.878] [DEBUG] debug-file - Configuration phase cost:70 ms 
[2026-06-02T01:08:09.880] [DEBUG] debug-file - Configuration task cost before running: 74 ms 
[2026-06-02T01:08:09.885] [DEBUG] debug-file - Executing task :entry:default@PreBuild
[2026-06-02T01:08:09.887] [DEBUG] debug-file - Task 'entry:default@PreBuild' cost while wrapping incremental declarations: 1 ms 
[2026-06-02T01:08:09.927] [ERROR] debug-file - Failed :entry:default@PreBuild... 
[2026-06-02T01:08:09.927] [DEBUG] debug-file - hvigor build process will be closed with an error.
[2026-06-02T01:08:09.927] [ERROR] debug-file - [31m00303038 Configuration Error
Error Message: Schema validate failed, at file: D:\HUAWEI\lab4\AirShare\AppScope\app.json5

* Try the following:
  > Please check the following fields. 
 {
  instancePath: 'app',
  keyword: 'enum',
  params: {
    allowedValues: [
      'bundleName',
      'debug',
      'bundleType',
      'icon',
      'label',
      'description',
      'vendor',
      'versionCode',
      'versionName',
      'minCompatibleVersionCode',
      'minAPIVersion',
      'targetAPIVersion',
      'apiReleaseType',
      'distributedNotificationEnabled',
      'entityType',
      'keepAlive',
      'removable',
      'singleton',
      'userDataClearable',
      'accessible',
      'multiProjects',
      'asanEnabled',
      'default',
      'tablet',
      'tv',
      'wearable',
      'car',
      'targetBundleName',
      'targetPriority',
      'generateBuildHash',
      '2in1',
      'GWPAsanEnabled',
      'tsanEnabled',
      'ubsanEnabled',
      'appEnvironments',
      'maxChildProcess',
      'multiAppMode',
      'hwasanEnabled',
      'configuration',
      'cloudFileSyncEnabled',
      'cloudStructuredDataSyncEnabled',
      'assetAccessGroups',
      'startMode',
      'appPreloadPhase'
    ]
  },
  message: 'must be equal to one of the allowed values',
  location: 'D:/HUAWEI/lab4/AirShare/AppScope/app.json5:2:11'
} 
{
  instancePath: 'app',
  keyword: 'propertyNames',
  params: { propertyName: 'compatibleAPIVersion' },
  message: 'property name must be valid',
  location: 'D:/HUAWEI/lab4/AirShare/AppScope/app.json5:2:11'
} 
{
  instancePath: 'app',
  keyword: 'if',
  params: { failingKeyword: 'then' },
  message: 'must match "then" schema',
  location: 'D:/HUAWEI/lab4/AirShare/AppScope/app.json5:2:11'
} 

[39m

[31m* Try:
> Run with --stacktrace option to get the stack trace.
> Run with --debug option to get more log output.

[2026-06-02T01:08:09.927] [DEBUG] debug-file - ERROR: stacktrace = AdaptorError: [31m00303038 Configuration Error
Error Message: Schema validate failed, at file: D:\HUAWEI\lab4\AirShare\AppScope\app.json5

* Try the following:
  > Please check the following fields. 
 {
  instancePath: 'app',
  keyword: 'enum',
  params: {
    allowedValues: [
      'bundleName',
      'debug',
      'bundleType',
      'icon',
      'label',
      'description',
      'vendor',
      'versionCode',
      'versionName',
      'minCompatibleVersionCode',
      'minAPIVersion',
      'targetAPIVersion',
      'apiReleaseType',
      'distributedNotificationEnabled',
      'entityType',
      'keepAlive',
      'removable',
      'singleton',
      'userDataClearable',
      'accessible',
      'multiProjects',
      'asanEnabled',
      'default',
      'tablet',
      'tv',
      'wearable',
      'car',
      'targetBundleName',
      'targetPriority',
      'generateBuildHash',
      '2in1',
      'GWPAsanEnabled',
      'tsanEnabled',
      'ubsanEnabled',
      'appEnvironments',
      'maxChildProcess',
      'multiAppMode',
      'hwasanEnabled',
      'configuration',
      'cloudFileSyncEnabled',
      'cloudStructuredDataSyncEnabled',
      'assetAccessGroups',
      'startMode',
      'appPreloadPhase'
    ]
  },
  message: 'must be equal to one of the allowed values',
  location: 'D:/HUAWEI/lab4/AirShare/AppScope/app.json5:2:11'
} 
{
  instancePath: 'app',
  keyword: 'propertyNames',
  params: { propertyName: 'compatibleAPIVersion' },
  message: 'property name must be valid',
  location: 'D:/HUAWEI/lab4/AirShare/AppScope/app.json5:2:11'
} 
{
  instancePath: 'app',
  keyword: 'if',
  params: { failingKeyword: 'then' },
  message: 'must match "then" schema',
  location: 'D:/HUAWEI/lab4/AirShare/AppScope/app.json5:2:11'
} 

[39m
    at OhosLogger.printErrorExit (D:\HUAWEI\DevEco\DevEco Studio\tools\hvigor\hvigor\src\base\log\hvigor-log.js:1:5087)
    at ValidateUtil.doSchemaCheck (D:\HUAWEI\DevEco\DevEco Studio\tools\hvigor\hvigor-ohos-plugin\src\utils\validate\validate-util.js:1:8177)
    at ValidateUtil.submitSchemaCheckWork (D:\HUAWEI\DevEco\DevEco Studio\tools\hvigor\hvigor-ohos-plugin\src\utils\validate\validate-util.js:1:7013)
    at PreBuild.appJson5Validate (D:\HUAWEI\DevEco\DevEco Studio\tools\hvigor\hvigor-ohos-plugin\src\tasks\pre-build.js:1:14286)
    at PreBuild.doValidateForDiffApiType (D:\HUAWEI\DevEco\DevEco Studio\tools\hvigor\hvigor-ohos-plugin\src\tasks\pre-build.js:1:9573)
    at PreBuild.doTaskAction (D:\HUAWEI\DevEco\DevEco Studio\tools\hvigor\hvigor-ohos-plugin\src\tasks\abstract\abstract-pre-build.js:1:7450)
    at PreBuild.<anonymous> (D:\HUAWEI\DevEco\DevEco Studio\tools\hvigor\hvigor-ohos-plugin\src\tasks\task\ohos-module-task.js:1:2074)
    at process.processTicksAndRejections (node:internal/process/task_queues:95:5)
    at async PreBuild.execute (D:\HUAWEI\DevEco\DevEco Studio\tools\hvigor\hvigor\src\base\external\task\core-task-impl.js:1:2191)
    at async TaskProxy.execute (D:\HUAWEI\DevEco\DevEco Studio\tools\hvigor\hvigor\src\base\internal\task\proxy\task-proxy.js:1:6139)
[2026-06-02T01:08:09.927] [ERROR] debug-file - AdaptorError: [31m00303038 Configuration Error
Error Message: Schema validate failed, at file: D:\HUAWEI\lab4\AirShare\AppScope\app.json5

* Try the following:
  > Please check the following fields. 
 {
  instancePath: 'app',
  keyword: 'enum',
  params: {
    allowedValues: [
      'bundleName',
      'debug',
      'bundleType',
      'icon',
      'label',
      'description',
      'vendor',
      'versionCode',
      'versionName',
      'minCompatibleVersionCode',
      'minAPIVersion',
      'targetAPIVersion',
      'apiReleaseType',
      'distributedNotificationEnabled',
      'entityType',
      'keepAlive',
      'removable',
      'singleton',
      'userDataClearable',
      'accessible',
      'multiProjects',
      'asanEnabled',
      'default',
      'tablet',
      'tv',
      'wearable',
      'car',
      'targetBundleName',
      'targetPriority',
      'generateBuildHash',
      '2in1',
      'GWPAsanEnabled',
      'tsanEnabled',
      'ubsanEnabled',
      'appEnvironments',
      'maxChildProcess',
      'multiAppMode',
      'hwasanEnabled',
      'configuration',
      'cloudFileSyncEnabled',
      'cloudStructuredDataSyncEnabled',
      'assetAccessGroups',
      'startMode',
      'appPreloadPhase'
    ]
  },
  message: 'must be equal to one of the allowed values',
  location: 'D:/HUAWEI/lab4/AirShare/AppScope/app.json5:2:11'
} 
{
  instancePath: 'app',
  keyword: 'propertyNames',
  params: { propertyName: 'compatibleAPIVersion' },
  message: 'property name must be valid',
  location: 'D:/HUAWEI/lab4/AirShare/AppScope/app.json5:2:11'
} 
{
  instancePath: 'app',
  keyword: 'if',
  params: { failingKeyword: 'then' },
  message: 'must match "then" schema',
  location: 'D:/HUAWEI/lab4/AirShare/AppScope/app.json5:2:11'
} 

[39m
    at OhosLogger.printErrorExit (D:\HUAWEI\DevEco\DevEco Studio\tools\hvigor\hvigor\src\base\log\hvigor-log.js:1:5087)
    at ValidateUtil.doSchemaCheck (D:\HUAWEI\DevEco\DevEco Studio\tools\hvigor\hvigor-ohos-plugin\src\utils\validate\validate-util.js:1:8177)
    at ValidateUtil.submitSchemaCheckWork (D:\HUAWEI\DevEco\DevEco Studio\tools\hvigor\hvigor-ohos-plugin\src\utils\validate\validate-util.js:1:7013)
    at PreBuild.appJson5Validate (D:\HUAWEI\DevEco\DevEco Studio\tools\hvigor\hvigor-ohos-plugin\src\tasks\pre-build.js:1:14286)
    at PreBuild.doValidateForDiffApiType (D:\HUAWEI\DevEco\DevEco Studio\tools\hvigor\hvigor-ohos-plugin\src\tasks\pre-build.js:1:9573)
    at PreBuild.doTaskAction (D:\HUAWEI\DevEco\DevEco Studio\tools\hvigor\hvigor-ohos-plugin\src\tasks\abstract\abstract-pre-build.js:1:7450)
    at PreBuild.<anonymous> (D:\HUAWEI\DevEco\DevEco Studio\tools\hvigor\hvigor-ohos-plugin\src\tasks\task\ohos-module-task.js:1:2074)
    at process.processTicksAndRejections (node:internal/process/task_queues:95:5)
    at async PreBuild.execute (D:\HUAWEI\DevEco\DevEco Studio\tools\hvigor\hvigor\src\base\external\task\core-task-impl.js:1:2191)
    at async TaskProxy.execute (D:\HUAWEI\DevEco\DevEco Studio\tools\hvigor\hvigor\src\base\internal\task\proxy\task-proxy.js:1:6139)
[2026-06-02T01:08:09.941] [ERROR] debug-file - BUILD FAILED in 135 ms 
[2026-06-02T01:08:09.942] [DEBUG] debug-file - Update task entry:default@PreBuild input file:D:\HUAWEI\lab4\AirShare\AppScope\app.json5 cache by regenerate.
[2026-06-02T01:08:09.942] [DEBUG] debug-file - Update task entry:default@PreBuild input file:D:\HUAWEI\lab4\AirShare\entry\src\main\module.json5 cache by regenerate.
[2026-06-02T01:08:09.943] [DEBUG] debug-file - Update task entry:default@PreBuild input file:D:\HUAWEI\lab4\AirShare\build-profile.json5 cache by regenerate.
[2026-06-02T01:08:09.943] [DEBUG] debug-file - Update task entry:default@PreBuild input file:D:\HUAWEI\lab4\AirShare\entry\build-profile.json5 cache by regenerate.
[2026-06-02T01:08:09.943] [DEBUG] debug-file - Update task entry:default@PreBuild input file:D:\HUAWEI\lab4\AirShare\entry\src\main\resources\base\profile\main_pages.json cache by regenerate.
[2026-06-02T01:08:09.943] [DEBUG] debug-file - Update task entry:default@PreBuild input file:D:\HUAWEI\lab4\AirShare\hvigor\hvigor-config.json5 cache by regenerate.
[2026-06-02T01:08:09.943] [DEBUG] debug-file - Update task entry:default@PreBuild input file:D:\HUAWEI\lab4\AirShare\entry\oh-package.json5 cache by regenerate.
[2026-06-02T01:08:09.943] [DEBUG] debug-file - Update task entry:default@PreBuild input file:D:\HUAWEI\lab4\AirShare\oh-package.json5 cache by regenerate.
[2026-06-02T01:08:09.944] [DEBUG] debug-file - Incremental task entry:default@PreBuild post-execution cost:3 ms .
[2026-06-02T01:08:09.964] [DEBUG] debug-file - There's no busy workers and idle workers need cleanup.
[2026-06-02T01:08:09.964] [DEBUG] debug-file - hvigor build process will be closed.
[2026-06-02T01:08:09.971] [DEBUG] debug-file - session manager: send message to worker process.
[2026-06-02T01:08:09.971] [DEBUG] debug-file - session manager: send message to worker process.
[2026-06-02T01:08:09.971] [DEBUG] debug-file - watch worker: worker id should be larger than 0. Nothing will be sent to any worker thread.
[2026-06-02T01:08:09.971] [DEBUG] debug-file - watch worker: worker id should be larger than 0. Nothing will be sent to any worker thread.
[2026-06-02T01:08:53.974] [DEBUG] debug-file - env: nodejsVersion=v18.20.1
[2026-06-02T01:08:54.032] [DEBUG] debug-file - env: daemon=true
[2026-06-02T01:08:53.975] [DEBUG] debug-file - env: hvigor-config.json5 content = { modelVersion: '6.0.2', dependencies: {} }
[2026-06-02T01:08:54.512] [DEBUG] debug-file - session manager: set active socket. socketId=gxMlJfudDPu-mlaBAAAH
[2026-06-02T01:08:54.517] [DEBUG] debug-file - watch worker: worker id should be larger than 0. Nothing will be sent to any worker thread.
[2026-06-02T01:08:54.518] [DEBUG] debug-file - Workers' log level updated to INFO
[2026-06-02T01:08:54.520] [DEBUG] debug-file - Hvigor init with startParameters:{
  hvigorfileTypeCheck: false,
  parallelExecution: true,
  incrementalExecution: true,
  printStackTrace: false,
  daemon: true,
  analyze: 0,
  logLevel: Level { level: 20000, levelStr: 'INFO', colour: 'green' },
  optimizationStrategy: 'memory',
  hotCompile: undefined,
  hotReloadBuild: undefined,
  customizedParam: undefined
}
[2026-06-02T01:08:54.521] [DEBUG] debug-file - Cache service initialization finished in 1 ms 
[2026-06-02T01:08:54.521] [DEBUG] debug-file - hvigorfile, resolving D:\HUAWEI\lab4\AirShare\hvigorfile.ts
[2026-06-02T01:08:54.524] [DEBUG] debug-file - hvigorfile, require result:  { default: { plugins: [] } }
[2026-06-02T01:08:54.525] [DEBUG] debug-file - hvigorfile, binding system plugins null
[2026-06-02T01:08:54.525] [DEBUG] debug-file - Starting plugin build process
[2026-06-02T01:08:54.525] [DEBUG] debug-file - App plugin prepare start...
[2026-06-02T01:08:54.525] [DEBUG] debug-file - App plugin prepare end...
[2026-06-02T01:08:54.525] [DEBUG] debug-file - App plugin creating...
[2026-06-02T01:08:54.528] [DEBUG] debug-file - App plugin register hook start...
[2026-06-02T01:08:54.528] [DEBUG] debug-file - App plugin register hook end...
[2026-06-02T01:08:54.528] [DEBUG] debug-file - Plugin build process completed
[2026-06-02T01:08:54.528] [DEBUG] debug-file - Start initialize project's product build option map with build mode debug.
[2026-06-02T01:08:54.528] [DEBUG] debug-file - Picking option from product 'default' with build mode 'debug'.
[2026-06-02T01:08:54.528] [DEBUG] debug-file - Product 'default' build option initialized
[2026-06-02T01:08:54.528] [DEBUG] debug-file - End initialize project's product build option map with build mode 'debug'.
[2026-06-02T01:08:54.529] [DEBUG] debug-file - Obtain build option for product 'default'in this build.
[2026-06-02T01:08:54.529] [DEBUG] debug-file - No signingConfig found, initRemoteHspCache failed.
[2026-06-02T01:08:54.531] [DEBUG] debug-file - Start recording SDK configuration permission data.
[2026-06-02T01:08:54.550] [DEBUG] debug-file - Sdk init in 21 ms 
[2026-06-02T01:08:54.552] [DEBUG] debug-file - Project task initialization takes 3 ms 
[2026-06-02T01:08:54.552] [DEBUG] debug-file - hvigorfile, binding custom plugins []
[2026-06-02T01:08:54.552] [DEBUG] debug-file - hvigorfile, no custom plugins were found in D:\HUAWEI\lab4\AirShare\hvigorfile.ts
[2026-06-02T01:08:54.552] [DEBUG] debug-file - hvigorfile, resolve finished D:\HUAWEI\lab4\AirShare\hvigorfile.ts
[2026-06-02T01:08:54.553] [DEBUG] debug-file - hvigorfile, resolving D:\HUAWEI\lab4\AirShare\entry\hvigorfile.ts
[2026-06-02T01:08:54.556] [DEBUG] debug-file - hvigorfile, require result:  { default: { plugins: [] } }
[2026-06-02T01:08:54.556] [DEBUG] debug-file - hvigorfile, binding system plugins null
[2026-06-02T01:08:54.556] [DEBUG] debug-file - Starting plugin build process
[2026-06-02T01:08:54.556] [DEBUG] debug-file - Hap plugin creating...
[2026-06-02T01:08:54.557] [DEBUG] debug-file - failed to load cangjie to dynamically generate schemas: Error: Cannot find module '@ohos/cangjie-build-support/index'
Require stack:
- D:\HUAWEI\DevEco\DevEco Studio\tools\hvigor\hvigor-ohos-plugin\src\plugin\hooks\cangjie-register.js
- D:\HUAWEI\DevEco\DevEco Studio\tools\hvigor\hvigor-ohos-plugin\src\plugin\strategy\stage-init-strategy.js
- D:\HUAWEI\DevEco\DevEco Studio\tools\hvigor\hvigor-ohos-plugin\src\plugin\builder\abstract-plugin-builder.js
- D:\HUAWEI\DevEco\DevEco Studio\tools\hvigor\hvigor-ohos-plugin\src\plugin\builder\app-plugin-builder.js
- D:\HUAWEI\DevEco\DevEco Studio\tools\hvigor\hvigor-ohos-plugin\src\plugin\factory\plugin-factory.js
- D:\HUAWEI\DevEco\DevEco Studio\tools\hvigor\hvigor-ohos-plugin\index.js
- D:\HUAWEI\lab4\AirShare\hvigorfile.ts
- D:\HUAWEI\DevEco\DevEco Studio\tools\hvigor\hvigor\src\base\internal\lifecycle\configuration.js
- D:\HUAWEI\DevEco\DevEco Studio\tools\hvigor\hvigor\src\base\boot\index.js
- D:\HUAWEI\DevEco\DevEco Studio\tools\hvigor\hvigor\src\base\daemon\cluster\worker-process-lifecycle.js
- D:\HUAWEI\DevEco\DevEco Studio\tools\hvigor\hvigor\src\base\daemon\process\daemon-process-boot-script.js
[2026-06-02T01:08:54.559] [DEBUG] debug-file - Start initialize module-target build option map, moduleName=entry, buildMode=debug
[2026-06-02T01:08:54.559] [DEBUG] debug-file - Target 'default' config initialized
[2026-06-02T01:08:54.559] [DEBUG] debug-file - Module 'entry' target 'default' build option initialized
[2026-06-02T01:08:54.559] [DEBUG] debug-file - End initialize module-target build option map, moduleName=entry
[2026-06-02T01:08:54.559] [DEBUG] debug-file - Start initialize module-target build option map, moduleName=entry, buildMode=release
[2026-06-02T01:08:54.559] [DEBUG] debug-file - Target 'default' config initialized
[2026-06-02T01:08:54.559] [DEBUG] debug-file - Module 'entry' target 'default' build option initialized
[2026-06-02T01:08:54.559] [DEBUG] debug-file - End initialize module-target build option map, moduleName=entry
[2026-06-02T01:08:54.559] [DEBUG] debug-file - Start initialize module-target build option map, moduleName=entry, buildMode=debug
[2026-06-02T01:08:54.559] [DEBUG] debug-file - Target 'default' config initialized
[2026-06-02T01:08:54.560] [DEBUG] debug-file - Module 'entry' target 'default' build option initialized
[2026-06-02T01:08:54.560] [DEBUG] debug-file - End initialize module-target build option map, moduleName=entry
[2026-06-02T01:08:54.560] [DEBUG] debug-file - Obtain build option for module 'entry' target 'default'in this build.
[2026-06-02T01:08:54.562] [DEBUG] debug-file - Module entry task initialization takes 1 ms 
[2026-06-02T01:08:54.562] [DEBUG] debug-file - Hap plugin register hook start...
[2026-06-02T01:08:54.562] [DEBUG] debug-file - Hap plugin register hook end...
[2026-06-02T01:08:54.563] [DEBUG] debug-file - Plugin build process completed
[2026-06-02T01:08:54.563] [DEBUG] debug-file - hvigorfile, binding custom plugins []
[2026-06-02T01:08:54.563] [DEBUG] debug-file - hvigorfile, no custom plugins were found in D:\HUAWEI\lab4\AirShare\entry\hvigorfile.ts
[2026-06-02T01:08:54.563] [DEBUG] debug-file - hvigorfile, resolve finished D:\HUAWEI\lab4\AirShare\entry\hvigorfile.ts
[2026-06-02T01:08:54.575] [DEBUG] debug-file - hvigorfile, resolve hvigorfile dependencies in 13 ms 
[2026-06-02T01:08:54.575] [DEBUG] debug-file - project has submodules:entry
[2026-06-02T01:08:54.576] [DEBUG] debug-file - start to load updatedOhPackageInfo to the disk
[2026-06-02T01:08:54.582] [DEBUG] debug-file - load to the disk finished
[2026-06-02T01:08:54.582] [DEBUG] debug-file - Start to initialize dependency information.
[2026-06-02T01:08:54.583] [DEBUG] debug-file - Module AirShare Collected Dependency: 
[2026-06-02T01:08:54.583] [DEBUG] debug-file - Module AirShare's total dependency: 0
[2026-06-02T01:08:54.583] [DEBUG] debug-file - Start to initialize dependency information.
[2026-06-02T01:08:54.584] [DEBUG] debug-file - Module entry Collected Dependency: 
[2026-06-02T01:08:54.584] [DEBUG] debug-file - Module entry's total dependency: 0
[2026-06-02T01:08:54.585] [DEBUG] debug-file - Configuration phase cost:65 ms 
[2026-06-02T01:08:54.586] [DEBUG] debug-file - Configuration task cost before running: 68 ms 
[2026-06-02T01:08:54.588] [DEBUG] debug-file - Executing task :entry:default@PreBuild
[2026-06-02T01:08:54.589] [DEBUG] debug-file - Task 'entry:default@PreBuild' cost while wrapping incremental declarations: 1 ms 
[2026-06-02T01:08:54.593] [ERROR] debug-file - Failed :entry:default@PreBuild... 
[2026-06-02T01:08:54.593] [DEBUG] debug-file - hvigor build process will be closed with an error.
[2026-06-02T01:08:54.593] [ERROR] debug-file - [31m00303038 Configuration Error
Error Message: Schema validate failed, at file: D:\HUAWEI\lab4\AirShare\AppScope\app.json5

* Try the following:
  > Please check the following fields. 
 {
  instancePath: 'app',
  keyword: 'enum',
  params: {
    allowedValues: [
      'bundleName',
      'debug',
      'bundleType',
      'icon',
      'label',
      'description',
      'vendor',
      'versionCode',
      'versionName',
      'minCompatibleVersionCode',
      'minAPIVersion',
      'targetAPIVersion',
      'apiReleaseType',
      'distributedNotificationEnabled',
      'entityType',
      'keepAlive',
      'removable',
      'singleton',
      'userDataClearable',
      'accessible',
      'multiProjects',
      'asanEnabled',
      'default',
      'tablet',
      'tv',
      'wearable',
      'car',
      'targetBundleName',
      'targetPriority',
      'generateBuildHash',
      '2in1',
      'GWPAsanEnabled',
      'tsanEnabled',
      'ubsanEnabled',
      'appEnvironments',
      'maxChildProcess',
      'multiAppMode',
      'hwasanEnabled',
      'configuration',
      'cloudFileSyncEnabled',
      'cloudStructuredDataSyncEnabled',
      'assetAccessGroups',
      'startMode',
      'appPreloadPhase'
    ]
  },
  message: 'must be equal to one of the allowed values',
  location: 'D:/HUAWEI/lab4/AirShare/AppScope/app.json5:2:11'
} 
{
  instancePath: 'app',
  keyword: 'propertyNames',
  params: { propertyName: 'compatibleAPIVersion' },
  message: 'property name must be valid',
  location: 'D:/HUAWEI/lab4/AirShare/AppScope/app.json5:2:11'
} 
{
  instancePath: 'app',
  keyword: 'if',
  params: { failingKeyword: 'then' },
  message: 'must match "then" schema',
  location: 'D:/HUAWEI/lab4/AirShare/AppScope/app.json5:2:11'
} 

[39m

[31m* Try:
> Run with --stacktrace option to get the stack trace.
> Run with --debug option to get more log output.

[2026-06-02T01:08:54.593] [DEBUG] debug-file - ERROR: stacktrace = AdaptorError: [31m00303038 Configuration Error
Error Message: Schema validate failed, at file: D:\HUAWEI\lab4\AirShare\AppScope\app.json5

* Try the following:
  > Please check the following fields. 
 {
  instancePath: 'app',
  keyword: 'enum',
  params: {
    allowedValues: [
      'bundleName',
      'debug',
      'bundleType',
      'icon',
      'label',
      'description',
      'vendor',
      'versionCode',
      'versionName',
      'minCompatibleVersionCode',
      'minAPIVersion',
      'targetAPIVersion',
      'apiReleaseType',
      'distributedNotificationEnabled',
      'entityType',
      'keepAlive',
      'removable',
      'singleton',
      'userDataClearable',
      'accessible',
      'multiProjects',
      'asanEnabled',
      'default',
      'tablet',
      'tv',
      'wearable',
      'car',
      'targetBundleName',
      'targetPriority',
      'generateBuildHash',
      '2in1',
      'GWPAsanEnabled',
      'tsanEnabled',
      'ubsanEnabled',
      'appEnvironments',
      'maxChildProcess',
      'multiAppMode',
      'hwasanEnabled',
      'configuration',
      'cloudFileSyncEnabled',
      'cloudStructuredDataSyncEnabled',
      'assetAccessGroups',
      'startMode',
      'appPreloadPhase'
    ]
  },
  message: 'must be equal to one of the allowed values',
  location: 'D:/HUAWEI/lab4/AirShare/AppScope/app.json5:2:11'
} 
{
  instancePath: 'app',
  keyword: 'propertyNames',
  params: { propertyName: 'compatibleAPIVersion' },
  message: 'property name must be valid',
  location: 'D:/HUAWEI/lab4/AirShare/AppScope/app.json5:2:11'
} 
{
  instancePath: 'app',
  keyword: 'if',
  params: { failingKeyword: 'then' },
  message: 'must match "then" schema',
  location: 'D:/HUAWEI/lab4/AirShare/AppScope/app.json5:2:11'
} 

[39m
    at OhosLogger.printErrorExit (D:\HUAWEI\DevEco\DevEco Studio\tools\hvigor\hvigor\src\base\log\hvigor-log.js:1:5087)
    at ValidateUtil.doSchemaCheck (D:\HUAWEI\DevEco\DevEco Studio\tools\hvigor\hvigor-ohos-plugin\src\utils\validate\validate-util.js:1:8177)
    at ValidateUtil.submitSchemaCheckWork (D:\HUAWEI\DevEco\DevEco Studio\tools\hvigor\hvigor-ohos-plugin\src\utils\validate\validate-util.js:1:7013)
    at PreBuild.appJson5Validate (D:\HUAWEI\DevEco\DevEco Studio\tools\hvigor\hvigor-ohos-plugin\src\tasks\pre-build.js:1:14286)
    at PreBuild.doValidateForDiffApiType (D:\HUAWEI\DevEco\DevEco Studio\tools\hvigor\hvigor-ohos-plugin\src\tasks\pre-build.js:1:9573)
    at PreBuild.doTaskAction (D:\HUAWEI\DevEco\DevEco Studio\tools\hvigor\hvigor-ohos-plugin\src\tasks\abstract\abstract-pre-build.js:1:7450)
    at PreBuild.<anonymous> (D:\HUAWEI\DevEco\DevEco Studio\tools\hvigor\hvigor-ohos-plugin\src\tasks\task\ohos-module-task.js:1:2074)
    at process.processTicksAndRejections (node:internal/process/task_queues:95:5)
    at async PreBuild.execute (D:\HUAWEI\DevEco\DevEco Studio\tools\hvigor\hvigor\src\base\external\task\core-task-impl.js:1:2191)
    at async TaskProxy.execute (D:\HUAWEI\DevEco\DevEco Studio\tools\hvigor\hvigor\src\base\internal\task\proxy\task-proxy.js:1:6139)
[2026-06-02T01:08:54.593] [ERROR] debug-file - AdaptorError: [31m00303038 Configuration Error
Error Message: Schema validate failed, at file: D:\HUAWEI\lab4\AirShare\AppScope\app.json5

* Try the following:
  > Please check the following fields. 
 {
  instancePath: 'app',
  keyword: 'enum',
  params: {
    allowedValues: [
      'bundleName',
      'debug',
      'bundleType',
      'icon',
      'label',
      'description',
      'vendor',
      'versionCode',
      'versionName',
      'minCompatibleVersionCode',
      'minAPIVersion',
      'targetAPIVersion',
      'apiReleaseType',
      'distributedNotificationEnabled',
      'entityType',
      'keepAlive',
      'removable',
      'singleton',
      'userDataClearable',
      'accessible',
      'multiProjects',
      'asanEnabled',
      'default',
      'tablet',
      'tv',
      'wearable',
      'car',
      'targetBundleName',
      'targetPriority',
      'generateBuildHash',
      '2in1',
      'GWPAsanEnabled',
      'tsanEnabled',
      'ubsanEnabled',
      'appEnvironments',
      'maxChildProcess',
      'multiAppMode',
      'hwasanEnabled',
      'configuration',
      'cloudFileSyncEnabled',
      'cloudStructuredDataSyncEnabled',
      'assetAccessGroups',
      'startMode',
      'appPreloadPhase'
    ]
  },
  message: 'must be equal to one of the allowed values',
  location: 'D:/HUAWEI/lab4/AirShare/AppScope/app.json5:2:11'
} 
{
  instancePath: 'app',
  keyword: 'propertyNames',
  params: { propertyName: 'compatibleAPIVersion' },
  message: 'property name must be valid',
  location: 'D:/HUAWEI/lab4/AirShare/AppScope/app.json5:2:11'
} 
{
  instancePath: 'app',
  keyword: 'if',
  params: { failingKeyword: 'then' },
  message: 'must match "then" schema',
  location: 'D:/HUAWEI/lab4/AirShare/AppScope/app.json5:2:11'
} 

[39m
    at OhosLogger.printErrorExit (D:\HUAWEI\DevEco\DevEco Studio\tools\hvigor\hvigor\src\base\log\hvigor-log.js:1:5087)
    at ValidateUtil.doSchemaCheck (D:\HUAWEI\DevEco\DevEco Studio\tools\hvigor\hvigor-ohos-plugin\src\utils\validate\validate-util.js:1:8177)
    at ValidateUtil.submitSchemaCheckWork (D:\HUAWEI\DevEco\DevEco Studio\tools\hvigor\hvigor-ohos-plugin\src\utils\validate\validate-util.js:1:7013)
    at PreBuild.appJson5Validate (D:\HUAWEI\DevEco\DevEco Studio\tools\hvigor\hvigor-ohos-plugin\src\tasks\pre-build.js:1:14286)
    at PreBuild.doValidateForDiffApiType (D:\HUAWEI\DevEco\DevEco Studio\tools\hvigor\hvigor-ohos-plugin\src\tasks\pre-build.js:1:9573)
    at PreBuild.doTaskAction (D:\HUAWEI\DevEco\DevEco Studio\tools\hvigor\hvigor-ohos-plugin\src\tasks\abstract\abstract-pre-build.js:1:7450)
    at PreBuild.<anonymous> (D:\HUAWEI\DevEco\DevEco Studio\tools\hvigor\hvigor-ohos-plugin\src\tasks\task\ohos-module-task.js:1:2074)
    at process.processTicksAndRejections (node:internal/process/task_queues:95:5)
    at async PreBuild.execute (D:\HUAWEI\DevEco\DevEco Studio\tools\hvigor\hvigor\src\base\external\task\core-task-impl.js:1:2191)
    at async TaskProxy.execute (D:\HUAWEI\DevEco\DevEco Studio\tools\hvigor\hvigor\src\base\internal\task\proxy\task-proxy.js:1:6139)
[2026-06-02T01:08:54.607] [ERROR] debug-file - BUILD FAILED in 89 ms 
[2026-06-02T01:08:54.608] [DEBUG] debug-file - Update task entry:default@PreBuild input file:D:\HUAWEI\lab4\AirShare\AppScope\app.json5 cache by regenerate.
[2026-06-02T01:08:54.608] [DEBUG] debug-file - Update task entry:default@PreBuild input file:D:\HUAWEI\lab4\AirShare\entry\src\main\module.json5 cache by regenerate.
[2026-06-02T01:08:54.608] [DEBUG] debug-file - Update task entry:default@PreBuild input file:D:\HUAWEI\lab4\AirShare\build-profile.json5 cache by regenerate.
[2026-06-02T01:08:54.608] [DEBUG] debug-file - Update task entry:default@PreBuild input file:D:\HUAWEI\lab4\AirShare\entry\build-profile.json5 cache by regenerate.
[2026-06-02T01:08:54.608] [DEBUG] debug-file - Update task entry:default@PreBuild input file:D:\HUAWEI\lab4\AirShare\entry\src\main\resources\base\profile\main_pages.json cache by regenerate.
[2026-06-02T01:08:54.609] [DEBUG] debug-file - Update task entry:default@PreBuild input file:D:\HUAWEI\lab4\AirShare\hvigor\hvigor-config.json5 cache by regenerate.
[2026-06-02T01:08:54.609] [DEBUG] debug-file - Update task entry:default@PreBuild input file:D:\HUAWEI\lab4\AirShare\entry\oh-package.json5 cache by regenerate.
[2026-06-02T01:08:54.609] [DEBUG] debug-file - Update task entry:default@PreBuild input file:D:\HUAWEI\lab4\AirShare\oh-package.json5 cache by regenerate.
[2026-06-02T01:08:54.609] [DEBUG] debug-file - Incremental task entry:default@PreBuild post-execution cost:2 ms .
[2026-06-02T01:08:54.627] [DEBUG] debug-file - There's no busy workers and idle workers need cleanup.
[2026-06-02T01:08:54.627] [DEBUG] debug-file - hvigor build process will be closed.
[2026-06-02T01:08:54.632] [DEBUG] debug-file - session manager: send message to worker process.
[2026-06-02T01:08:54.633] [DEBUG] debug-file - session manager: send message to worker process.
[2026-06-02T01:08:54.632] [DEBUG] debug-file - watch worker: worker id should be larger than 0. Nothing will be sent to any worker thread.
[2026-06-02T01:08:54.633] [DEBUG] debug-file - watch worker: worker id should be larger than 0. Nothing will be sent to any worker thread.
[2026-06-02T01:09:09.306] [DEBUG] debug-file - env: daemon=true
[2026-06-02T01:09:09.243] [DEBUG] debug-file - env: nodejsVersion=v18.20.1
[2026-06-02T01:09:09.244] [DEBUG] debug-file - env: hvigor-config.json5 content = { modelVersion: '6.0.2', dependencies: {} }
[2026-06-02T01:09:09.791] [DEBUG] debug-file - session manager: set active socket. socketId=FLI8EM8IsmPyJj1qAAAJ
[2026-06-02T01:09:09.796] [DEBUG] debug-file - watch worker: worker id should be larger than 0. Nothing will be sent to any worker thread.
[2026-06-02T01:09:09.798] [DEBUG] debug-file - Workers' log level updated to INFO
[2026-06-02T01:09:09.800] [DEBUG] debug-file - Hvigor init with startParameters:{
  hvigorfileTypeCheck: false,
  parallelExecution: true,
  incrementalExecution: true,
  printStackTrace: false,
  daemon: true,
  analyze: 0,
  logLevel: Level { level: 20000, levelStr: 'INFO', colour: 'green' },
  optimizationStrategy: 'memory',
  hotCompile: undefined,
  hotReloadBuild: undefined,
  customizedParam: undefined
}
[2026-06-02T01:09:09.801] [DEBUG] debug-file - Cache service initialization finished in 1 ms 
[2026-06-02T01:09:09.801] [DEBUG] debug-file - hvigorfile, resolving D:\HUAWEI\lab4\AirShare\hvigorfile.ts
[2026-06-02T01:09:09.807] [DEBUG] debug-file - hvigorfile, require result:  { default: { plugins: [] } }
[2026-06-02T01:09:09.807] [DEBUG] debug-file - hvigorfile, binding system plugins null
[2026-06-02T01:09:09.808] [DEBUG] debug-file - Starting plugin build process
[2026-06-02T01:09:09.808] [DEBUG] debug-file - App plugin prepare start...
[2026-06-02T01:09:09.808] [DEBUG] debug-file - App plugin prepare end...
[2026-06-02T01:09:09.808] [DEBUG] debug-file - App plugin creating...
[2026-06-02T01:09:09.811] [DEBUG] debug-file - App plugin register hook start...
[2026-06-02T01:09:09.811] [DEBUG] debug-file - App plugin register hook end...
[2026-06-02T01:09:09.811] [DEBUG] debug-file - Plugin build process completed
[2026-06-02T01:09:09.811] [DEBUG] debug-file - Start initialize project's product build option map with build mode debug.
[2026-06-02T01:09:09.811] [DEBUG] debug-file - Picking option from product 'default' with build mode 'debug'.
[2026-06-02T01:09:09.811] [DEBUG] debug-file - Product 'default' build option initialized
[2026-06-02T01:09:09.812] [DEBUG] debug-file - End initialize project's product build option map with build mode 'debug'.
[2026-06-02T01:09:09.812] [DEBUG] debug-file - Obtain build option for product 'default'in this build.
[2026-06-02T01:09:09.813] [DEBUG] debug-file - No signingConfig found, initRemoteHspCache failed.
[2026-06-02T01:09:09.815] [DEBUG] debug-file - Start recording SDK configuration permission data.
[2026-06-02T01:09:09.834] [DEBUG] debug-file - Sdk init in 22 ms 
[2026-06-02T01:09:09.837] [DEBUG] debug-file - Project task initialization takes 2 ms 
[2026-06-02T01:09:09.837] [DEBUG] debug-file - hvigorfile, binding custom plugins []
[2026-06-02T01:09:09.837] [DEBUG] debug-file - hvigorfile, no custom plugins were found in D:\HUAWEI\lab4\AirShare\hvigorfile.ts
[2026-06-02T01:09:09.837] [DEBUG] debug-file - hvigorfile, resolve finished D:\HUAWEI\lab4\AirShare\hvigorfile.ts
[2026-06-02T01:09:09.837] [DEBUG] debug-file - hvigorfile, resolving D:\HUAWEI\lab4\AirShare\entry\hvigorfile.ts
[2026-06-02T01:09:09.840] [DEBUG] debug-file - hvigorfile, require result:  { default: { plugins: [] } }
[2026-06-02T01:09:09.840] [DEBUG] debug-file - hvigorfile, binding system plugins null
[2026-06-02T01:09:09.840] [DEBUG] debug-file - Starting plugin build process
[2026-06-02T01:09:09.840] [DEBUG] debug-file - Hap plugin creating...
[2026-06-02T01:09:09.841] [DEBUG] debug-file - failed to load cangjie to dynamically generate schemas: Error: Cannot find module '@ohos/cangjie-build-support/index'
Require stack:
- D:\HUAWEI\DevEco\DevEco Studio\tools\hvigor\hvigor-ohos-plugin\src\plugin\hooks\cangjie-register.js
- D:\HUAWEI\DevEco\DevEco Studio\tools\hvigor\hvigor-ohos-plugin\src\plugin\strategy\stage-init-strategy.js
- D:\HUAWEI\DevEco\DevEco Studio\tools\hvigor\hvigor-ohos-plugin\src\plugin\builder\abstract-plugin-builder.js
- D:\HUAWEI\DevEco\DevEco Studio\tools\hvigor\hvigor-ohos-plugin\src\plugin\builder\app-plugin-builder.js
- D:\HUAWEI\DevEco\DevEco Studio\tools\hvigor\hvigor-ohos-plugin\src\plugin\factory\plugin-factory.js
- D:\HUAWEI\DevEco\DevEco Studio\tools\hvigor\hvigor-ohos-plugin\index.js
- D:\HUAWEI\lab4\AirShare\hvigorfile.ts
- D:\HUAWEI\DevEco\DevEco Studio\tools\hvigor\hvigor\src\base\internal\lifecycle\configuration.js
- D:\HUAWEI\DevEco\DevEco Studio\tools\hvigor\hvigor\src\base\boot\index.js
- D:\HUAWEI\DevEco\DevEco Studio\tools\hvigor\hvigor\src\base\daemon\cluster\worker-process-lifecycle.js
- D:\HUAWEI\DevEco\DevEco Studio\tools\hvigor\hvigor\src\base\daemon\process\daemon-process-boot-script.js
[2026-06-02T01:09:09.843] [DEBUG] debug-file - Start initialize module-target build option map, moduleName=entry, buildMode=debug
[2026-06-02T01:09:09.843] [DEBUG] debug-file - Target 'default' config initialized
[2026-06-02T01:09:09.844] [DEBUG] debug-file - Module 'entry' target 'default' build option initialized
[2026-06-02T01:09:09.844] [DEBUG] debug-file - End initialize module-target build option map, moduleName=entry
[2026-06-02T01:09:09.844] [DEBUG] debug-file - Start initialize module-target build option map, moduleName=entry, buildMode=release
[2026-06-02T01:09:09.844] [DEBUG] debug-file - Target 'default' config initialized
[2026-06-02T01:09:09.844] [DEBUG] debug-file - Module 'entry' target 'default' build option initialized
[2026-06-02T01:09:09.844] [DEBUG] debug-file - End initialize module-target build option map, moduleName=entry
[2026-06-02T01:09:09.844] [DEBUG] debug-file - Start initialize module-target build option map, moduleName=entry, buildMode=debug
[2026-06-02T01:09:09.844] [DEBUG] debug-file - Target 'default' config initialized
[2026-06-02T01:09:09.844] [DEBUG] debug-file - Module 'entry' target 'default' build option initialized
[2026-06-02T01:09:09.844] [DEBUG] debug-file - End initialize module-target build option map, moduleName=entry
[2026-06-02T01:09:09.844] [DEBUG] debug-file - Obtain build option for module 'entry' target 'default'in this build.
[2026-06-02T01:09:09.846] [DEBUG] debug-file - Module entry task initialization takes 1 ms 
[2026-06-02T01:09:09.846] [DEBUG] debug-file - Hap plugin register hook start...
[2026-06-02T01:09:09.846] [DEBUG] debug-file - Hap plugin register hook end...
[2026-06-02T01:09:09.846] [DEBUG] debug-file - Plugin build process completed
[2026-06-02T01:09:09.846] [DEBUG] debug-file - hvigorfile, binding custom plugins []
[2026-06-02T01:09:09.846] [DEBUG] debug-file - hvigorfile, no custom plugins were found in D:\HUAWEI\lab4\AirShare\entry\hvigorfile.ts
[2026-06-02T01:09:09.847] [DEBUG] debug-file - hvigorfile, resolve finished D:\HUAWEI\lab4\AirShare\entry\hvigorfile.ts
[2026-06-02T01:09:09.862] [DEBUG] debug-file - hvigorfile, resolve hvigorfile dependencies in 15 ms 
[2026-06-02T01:09:09.862] [DEBUG] debug-file - project has submodules:entry
[2026-06-02T01:09:09.863] [DEBUG] debug-file - start to load updatedOhPackageInfo to the disk
[2026-06-02T01:09:09.867] [DEBUG] debug-file - load to the disk finished
[2026-06-02T01:09:09.868] [DEBUG] debug-file - Start to initialize dependency information.
[2026-06-02T01:09:09.869] [DEBUG] debug-file - Module AirShare Collected Dependency: 
[2026-06-02T01:09:09.869] [DEBUG] debug-file - Module AirShare's total dependency: 0
[2026-06-02T01:09:09.870] [DEBUG] debug-file - Start to initialize dependency information.
[2026-06-02T01:09:09.871] [DEBUG] debug-file - Module entry Collected Dependency: 
[2026-06-02T01:09:09.871] [DEBUG] debug-file - Module entry's total dependency: 0
[2026-06-02T01:09:09.872] [DEBUG] debug-file - Configuration phase cost:71 ms 
[2026-06-02T01:09:09.873] [DEBUG] debug-file - Configuration task cost before running: 75 ms 
[2026-06-02T01:09:09.875] [DEBUG] debug-file - Executing task :entry:default@PreBuild
[2026-06-02T01:09:09.876] [DEBUG] debug-file - Task 'entry:default@PreBuild' cost while wrapping incremental declarations: 1 ms 
[2026-06-02T01:09:09.881] [ERROR] debug-file - Failed :entry:default@PreBuild... 
[2026-06-02T01:09:09.881] [DEBUG] debug-file - hvigor build process will be closed with an error.
[2026-06-02T01:09:09.881] [ERROR] debug-file - [31m00303038 Configuration Error
Error Message: Schema validate failed, at file: D:\HUAWEI\lab4\AirShare\AppScope\app.json5

* Try the following:
  > Please check the following fields. 
 {
  instancePath: 'app',
  keyword: 'enum',
  params: {
    allowedValues: [
      'bundleName',
      'debug',
      'bundleType',
      'icon',
      'label',
      'description',
      'vendor',
      'versionCode',
      'versionName',
      'minCompatibleVersionCode',
      'minAPIVersion',
      'targetAPIVersion',
      'apiReleaseType',
      'distributedNotificationEnabled',
      'entityType',
      'keepAlive',
      'removable',
      'singleton',
      'userDataClearable',
      'accessible',
      'multiProjects',
      'asanEnabled',
      'default',
      'tablet',
      'tv',
      'wearable',
      'car',
      'targetBundleName',
      'targetPriority',
      'generateBuildHash',
      '2in1',
      'GWPAsanEnabled',
      'tsanEnabled',
      'ubsanEnabled',
      'appEnvironments',
      'maxChildProcess',
      'multiAppMode',
      'hwasanEnabled',
      'configuration',
      'cloudFileSyncEnabled',
      'cloudStructuredDataSyncEnabled',
      'assetAccessGroups',
      'startMode',
      'appPreloadPhase'
    ]
  },
  message: 'must be equal to one of the allowed values',
  location: 'D:/HUAWEI/lab4/AirShare/AppScope/app.json5:2:11'
} 
{
  instancePath: 'app',
  keyword: 'propertyNames',
  params: { propertyName: 'compatibleAPIVersion' },
  message: 'property name must be valid',
  location: 'D:/HUAWEI/lab4/AirShare/AppScope/app.json5:2:11'
} 
{
  instancePath: 'app',
  keyword: 'if',
  params: { failingKeyword: 'then' },
  message: 'must match "then" schema',
  location: 'D:/HUAWEI/lab4/AirShare/AppScope/app.json5:2:11'
} 
{
  instancePath: 'app.minAPIVersion',
  keyword: 'type',
  params: { type: 'integer' },
  message: 'must be integer',
  location: 'D:/HUAWEI/lab4/AirShare/AppScope/app.json5:12:26'
} 
{
  instancePath: 'app.targetAPIVersion',
  keyword: 'type',
  params: { type: 'integer' },
  message: 'must be integer',
  location: 'D:/HUAWEI/lab4/AirShare/AppScope/app.json5:10:29'
} 

[39m

[31m* Try:
> Run with --stacktrace option to get the stack trace.
> Run with --debug option to get more log output.

[2026-06-02T01:09:09.882] [DEBUG] debug-file - ERROR: stacktrace = AdaptorError: [31m00303038 Configuration Error
Error Message: Schema validate failed, at file: D:\HUAWEI\lab4\AirShare\AppScope\app.json5

* Try the following:
  > Please check the following fields. 
 {
  instancePath: 'app',
  keyword: 'enum',
  params: {
    allowedValues: [
      'bundleName',
      'debug',
      'bundleType',
      'icon',
      'label',
      'description',
      'vendor',
      'versionCode',
      'versionName',
      'minCompatibleVersionCode',
      'minAPIVersion',
      'targetAPIVersion',
      'apiReleaseType',
      'distributedNotificationEnabled',
      'entityType',
      'keepAlive',
      'removable',
      'singleton',
      'userDataClearable',
      'accessible',
      'multiProjects',
      'asanEnabled',
      'default',
      'tablet',
      'tv',
      'wearable',
      'car',
      'targetBundleName',
      'targetPriority',
      'generateBuildHash',
      '2in1',
      'GWPAsanEnabled',
      'tsanEnabled',
      'ubsanEnabled',
      'appEnvironments',
      'maxChildProcess',
      'multiAppMode',
      'hwasanEnabled',
      'configuration',
      'cloudFileSyncEnabled',
      'cloudStructuredDataSyncEnabled',
      'assetAccessGroups',
      'startMode',
      'appPreloadPhase'
    ]
  },
  message: 'must be equal to one of the allowed values',
  location: 'D:/HUAWEI/lab4/AirShare/AppScope/app.json5:2:11'
} 
{
  instancePath: 'app',
  keyword: 'propertyNames',
  params: { propertyName: 'compatibleAPIVersion' },
  message: 'property name must be valid',
  location: 'D:/HUAWEI/lab4/AirShare/AppScope/app.json5:2:11'
} 
{
  instancePath: 'app',
  keyword: 'if',
  params: { failingKeyword: 'then' },
  message: 'must match "then" schema',
  location: 'D:/HUAWEI/lab4/AirShare/AppScope/app.json5:2:11'
} 
{
  instancePath: 'app.minAPIVersion',
  keyword: 'type',
  params: { type: 'integer' },
  message: 'must be integer',
  location: 'D:/HUAWEI/lab4/AirShare/AppScope/app.json5:12:26'
} 
{
  instancePath: 'app.targetAPIVersion',
  keyword: 'type',
  params: { type: 'integer' },
  message: 'must be integer',
  location: 'D:/HUAWEI/lab4/AirShare/AppScope/app.json5:10:29'
} 

[39m
    at OhosLogger.printErrorExit (D:\HUAWEI\DevEco\DevEco Studio\tools\hvigor\hvigor\src\base\log\hvigor-log.js:1:5087)
    at ValidateUtil.doSchemaCheck (D:\HUAWEI\DevEco\DevEco Studio\tools\hvigor\hvigor-ohos-plugin\src\utils\validate\validate-util.js:1:8177)
    at ValidateUtil.submitSchemaCheckWork (D:\HUAWEI\DevEco\DevEco Studio\tools\hvigor\hvigor-ohos-plugin\src\utils\validate\validate-util.js:1:7013)
    at PreBuild.appJson5Validate (D:\HUAWEI\DevEco\DevEco Studio\tools\hvigor\hvigor-ohos-plugin\src\tasks\pre-build.js:1:14286)
    at PreBuild.doValidateForDiffApiType (D:\HUAWEI\DevEco\DevEco Studio\tools\hvigor\hvigor-ohos-plugin\src\tasks\pre-build.js:1:9573)
    at PreBuild.doTaskAction (D:\HUAWEI\DevEco\DevEco Studio\tools\hvigor\hvigor-ohos-plugin\src\tasks\abstract\abstract-pre-build.js:1:7450)
    at PreBuild.<anonymous> (D:\HUAWEI\DevEco\DevEco Studio\tools\hvigor\hvigor-ohos-plugin\src\tasks\task\ohos-module-task.js:1:2074)
    at process.processTicksAndRejections (node:internal/process/task_queues:95:5)
    at async PreBuild.execute (D:\HUAWEI\DevEco\DevEco Studio\tools\hvigor\hvigor\src\base\external\task\core-task-impl.js:1:2191)
    at async TaskProxy.execute (D:\HUAWEI\DevEco\DevEco Studio\tools\hvigor\hvigor\src\base\internal\task\proxy\task-proxy.js:1:6139)
[2026-06-02T01:09:09.882] [ERROR] debug-file - AdaptorError: [31m00303038 Configuration Error
Error Message: Schema validate failed, at file: D:\HUAWEI\lab4\AirShare\AppScope\app.json5

* Try the following:
  > Please check the following fields. 
 {
  instancePath: 'app',
  keyword: 'enum',
  params: {
    allowedValues: [
      'bundleName',
      'debug',
      'bundleType',
      'icon',
      'label',
      'description',
      'vendor',
      'versionCode',
      'versionName',
      'minCompatibleVersionCode',
      'minAPIVersion',
      'targetAPIVersion',
      'apiReleaseType',
      'distributedNotificationEnabled',
      'entityType',
      'keepAlive',
      'removable',
      'singleton',
      'userDataClearable',
      'accessible',
      'multiProjects',
      'asanEnabled',
      'default',
      'tablet',
      'tv',
      'wearable',
      'car',
      'targetBundleName',
      'targetPriority',
      'generateBuildHash',
      '2in1',
      'GWPAsanEnabled',
      'tsanEnabled',
      'ubsanEnabled',
      'appEnvironments',
      'maxChildProcess',
      'multiAppMode',
      'hwasanEnabled',
      'configuration',
      'cloudFileSyncEnabled',
      'cloudStructuredDataSyncEnabled',
      'assetAccessGroups',
      'startMode',
      'appPreloadPhase'
    ]
  },
  message: 'must be equal to one of the allowed values',
  location: 'D:/HUAWEI/lab4/AirShare/AppScope/app.json5:2:11'
} 
{
  instancePath: 'app',
  keyword: 'propertyNames',
  params: { propertyName: 'compatibleAPIVersion' },
  message: 'property name must be valid',
  location: 'D:/HUAWEI/lab4/AirShare/AppScope/app.json5:2:11'
} 
{
  instancePath: 'app',
  keyword: 'if',
  params: { failingKeyword: 'then' },
  message: 'must match "then" schema',
  location: 'D:/HUAWEI/lab4/AirShare/AppScope/app.json5:2:11'
} 
{
  instancePath: 'app.minAPIVersion',
  keyword: 'type',
  params: { type: 'integer' },
  message: 'must be integer',
  location: 'D:/HUAWEI/lab4/AirShare/AppScope/app.json5:12:26'
} 
{
  instancePath: 'app.targetAPIVersion',
  keyword: 'type',
  params: { type: 'integer' },
  message: 'must be integer',
  location: 'D:/HUAWEI/lab4/AirShare/AppScope/app.json5:10:29'
} 

[39m
    at OhosLogger.printErrorExit (D:\HUAWEI\DevEco\DevEco Studio\tools\hvigor\hvigor\src\base\log\hvigor-log.js:1:5087)
    at ValidateUtil.doSchemaCheck (D:\HUAWEI\DevEco\DevEco Studio\tools\hvigor\hvigor-ohos-plugin\src\utils\validate\validate-util.js:1:8177)
    at ValidateUtil.submitSchemaCheckWork (D:\HUAWEI\DevEco\DevEco Studio\tools\hvigor\hvigor-ohos-plugin\src\utils\validate\validate-util.js:1:7013)
    at PreBuild.appJson5Validate (D:\HUAWEI\DevEco\DevEco Studio\tools\hvigor\hvigor-ohos-plugin\src\tasks\pre-build.js:1:14286)
    at PreBuild.doValidateForDiffApiType (D:\HUAWEI\DevEco\DevEco Studio\tools\hvigor\hvigor-ohos-plugin\src\tasks\pre-build.js:1:9573)
    at PreBuild.doTaskAction (D:\HUAWEI\DevEco\DevEco Studio\tools\hvigor\hvigor-ohos-plugin\src\tasks\abstract\abstract-pre-build.js:1:7450)
    at PreBuild.<anonymous> (D:\HUAWEI\DevEco\DevEco Studio\tools\hvigor\hvigor-ohos-plugin\src\tasks\task\ohos-module-task.js:1:2074)
    at process.processTicksAndRejections (node:internal/process/task_queues:95:5)
    at async PreBuild.execute (D:\HUAWEI\DevEco\DevEco Studio\tools\hvigor\hvigor\src\base\external\task\core-task-impl.js:1:2191)
    at async TaskProxy.execute (D:\HUAWEI\DevEco\DevEco Studio\tools\hvigor\hvigor\src\base\internal\task\proxy\task-proxy.js:1:6139)
[2026-06-02T01:09:09.896] [ERROR] debug-file - BUILD FAILED in 98 ms 
[2026-06-02T01:09:09.897] [DEBUG] debug-file - Update task entry:default@PreBuild input file:D:\HUAWEI\lab4\AirShare\AppScope\app.json5 cache by regenerate.
[2026-06-02T01:09:09.897] [DEBUG] debug-file - Update task entry:default@PreBuild input file:D:\HUAWEI\lab4\AirShare\entry\src\main\module.json5 cache by regenerate.
[2026-06-02T01:09:09.897] [DEBUG] debug-file - Update task entry:default@PreBuild input file:D:\HUAWEI\lab4\AirShare\build-profile.json5 cache by regenerate.
[2026-06-02T01:09:09.897] [DEBUG] debug-file - Update task entry:default@PreBuild input file:D:\HUAWEI\lab4\AirShare\entry\build-profile.json5 cache by regenerate.
[2026-06-02T01:09:09.897] [DEBUG] debug-file - Update task entry:default@PreBuild input file:D:\HUAWEI\lab4\AirShare\entry\src\main\resources\base\profile\main_pages.json cache by regenerate.
[2026-06-02T01:09:09.897] [DEBUG] debug-file - Update task entry:default@PreBuild input file:D:\HUAWEI\lab4\AirShare\hvigor\hvigor-config.json5 cache by regenerate.
[2026-06-02T01:09:09.897] [DEBUG] debug-file - Update task entry:default@PreBuild input file:D:\HUAWEI\lab4\AirShare\entry\oh-package.json5 cache by regenerate.
[2026-06-02T01:09:09.897] [DEBUG] debug-file - Update task entry:default@PreBuild input file:D:\HUAWEI\lab4\AirShare\oh-package.json5 cache by regenerate.
[2026-06-02T01:09:09.898] [DEBUG] debug-file - Incremental task entry:default@PreBuild post-execution cost:2 ms .
[2026-06-02T01:09:09.920] [DEBUG] debug-file - There's no busy workers and idle workers need cleanup.
[2026-06-02T01:09:09.920] [DEBUG] debug-file - hvigor build process will be closed.
[2026-06-02T01:09:09.927] [DEBUG] debug-file - session manager: send message to worker process.
[2026-06-02T01:09:09.928] [DEBUG] debug-file - session manager: send message to worker process.
[2026-06-02T01:09:09.928] [DEBUG] debug-file - watch worker: worker id should be larger than 0. Nothing will be sent to any worker thread.
[2026-06-02T01:09:09.928] [DEBUG] debug-file - watch worker: worker id should be larger than 0. Nothing will be sent to any worker thread.
[2026-06-02T01:09:20.180] [DEBUG] debug-file - env: nodejsVersion=v18.20.1
[2026-06-02T01:09:20.240] [DEBUG] debug-file - env: daemon=true
[2026-06-02T01:09:20.182] [DEBUG] debug-file - env: hvigor-config.json5 content = { modelVersion: '6.0.2', dependencies: {} }
[2026-06-02T01:09:20.756] [DEBUG] debug-file - session manager: set active socket. socketId=E49Mw08qoeWSpsNYAAAL
[2026-06-02T01:09:20.761] [DEBUG] debug-file - watch worker: worker id should be larger than 0. Nothing will be sent to any worker thread.
[2026-06-02T01:09:20.763] [DEBUG] debug-file - Workers' log level updated to INFO
[2026-06-02T01:09:20.765] [DEBUG] debug-file - Hvigor init with startParameters:{
  hvigorfileTypeCheck: false,
  parallelExecution: true,
  incrementalExecution: true,
  printStackTrace: false,
  daemon: true,
  analyze: 0,
  logLevel: Level { level: 20000, levelStr: 'INFO', colour: 'green' },
  optimizationStrategy: 'memory',
  hotCompile: undefined,
  hotReloadBuild: undefined,
  customizedParam: undefined
}
[2026-06-02T01:09:20.766] [DEBUG] debug-file - Cache service initialization finished in 1 ms 
[2026-06-02T01:09:20.766] [DEBUG] debug-file - hvigorfile, resolving D:\HUAWEI\lab4\AirShare\hvigorfile.ts
[2026-06-02T01:09:20.771] [DEBUG] debug-file - hvigorfile, require result:  { default: { plugins: [] } }
[2026-06-02T01:09:20.771] [DEBUG] debug-file - hvigorfile, binding system plugins null
[2026-06-02T01:09:20.771] [DEBUG] debug-file - Starting plugin build process
[2026-06-02T01:09:20.771] [DEBUG] debug-file - App plugin prepare start...
[2026-06-02T01:09:20.771] [DEBUG] debug-file - App plugin prepare end...
[2026-06-02T01:09:20.771] [DEBUG] debug-file - App plugin creating...
[2026-06-02T01:09:20.774] [DEBUG] debug-file - App plugin register hook start...
[2026-06-02T01:09:20.775] [DEBUG] debug-file - App plugin register hook end...
[2026-06-02T01:09:20.775] [DEBUG] debug-file - Plugin build process completed
[2026-06-02T01:09:20.775] [DEBUG] debug-file - Start initialize project's product build option map with build mode debug.
[2026-06-02T01:09:20.775] [DEBUG] debug-file - Picking option from product 'default' with build mode 'debug'.
[2026-06-02T01:09:20.775] [DEBUG] debug-file - Product 'default' build option initialized
[2026-06-02T01:09:20.775] [DEBUG] debug-file - End initialize project's product build option map with build mode 'debug'.
[2026-06-02T01:09:20.775] [DEBUG] debug-file - Obtain build option for product 'default'in this build.
[2026-06-02T01:09:20.776] [DEBUG] debug-file - No signingConfig found, initRemoteHspCache failed.
[2026-06-02T01:09:20.777] [DEBUG] debug-file - Start recording SDK configuration permission data.
[2026-06-02T01:09:20.796] [DEBUG] debug-file - Sdk init in 20 ms 
[2026-06-02T01:09:20.798] [DEBUG] debug-file - Project task initialization takes 2 ms 
[2026-06-02T01:09:20.798] [DEBUG] debug-file - hvigorfile, binding custom plugins []
[2026-06-02T01:09:20.798] [DEBUG] debug-file - hvigorfile, no custom plugins were found in D:\HUAWEI\lab4\AirShare\hvigorfile.ts
[2026-06-02T01:09:20.798] [DEBUG] debug-file - hvigorfile, resolve finished D:\HUAWEI\lab4\AirShare\hvigorfile.ts
[2026-06-02T01:09:20.798] [DEBUG] debug-file - hvigorfile, resolving D:\HUAWEI\lab4\AirShare\entry\hvigorfile.ts
[2026-06-02T01:09:20.801] [DEBUG] debug-file - hvigorfile, require result:  { default: { plugins: [] } }
[2026-06-02T01:09:20.801] [DEBUG] debug-file - hvigorfile, binding system plugins null
[2026-06-02T01:09:20.802] [DEBUG] debug-file - Starting plugin build process
[2026-06-02T01:09:20.802] [DEBUG] debug-file - Hap plugin creating...
[2026-06-02T01:09:20.802] [DEBUG] debug-file - failed to load cangjie to dynamically generate schemas: Error: Cannot find module '@ohos/cangjie-build-support/index'
Require stack:
- D:\HUAWEI\DevEco\DevEco Studio\tools\hvigor\hvigor-ohos-plugin\src\plugin\hooks\cangjie-register.js
- D:\HUAWEI\DevEco\DevEco Studio\tools\hvigor\hvigor-ohos-plugin\src\plugin\strategy\stage-init-strategy.js
- D:\HUAWEI\DevEco\DevEco Studio\tools\hvigor\hvigor-ohos-plugin\src\plugin\builder\abstract-plugin-builder.js
- D:\HUAWEI\DevEco\DevEco Studio\tools\hvigor\hvigor-ohos-plugin\src\plugin\builder\app-plugin-builder.js
- D:\HUAWEI\DevEco\DevEco Studio\tools\hvigor\hvigor-ohos-plugin\src\plugin\factory\plugin-factory.js
- D:\HUAWEI\DevEco\DevEco Studio\tools\hvigor\hvigor-ohos-plugin\index.js
- D:\HUAWEI\lab4\AirShare\hvigorfile.ts
- D:\HUAWEI\DevEco\DevEco Studio\tools\hvigor\hvigor\src\base\internal\lifecycle\configuration.js
- D:\HUAWEI\DevEco\DevEco Studio\tools\hvigor\hvigor\src\base\boot\index.js
- D:\HUAWEI\DevEco\DevEco Studio\tools\hvigor\hvigor\src\base\daemon\cluster\worker-process-lifecycle.js
- D:\HUAWEI\DevEco\DevEco Studio\tools\hvigor\hvigor\src\base\daemon\process\daemon-process-boot-script.js
[2026-06-02T01:09:20.804] [DEBUG] debug-file - Start initialize module-target build option map, moduleName=entry, buildMode=debug
[2026-06-02T01:09:20.804] [DEBUG] debug-file - Target 'default' config initialized
[2026-06-02T01:09:20.804] [DEBUG] debug-file - Module 'entry' target 'default' build option initialized
[2026-06-02T01:09:20.804] [DEBUG] debug-file - End initialize module-target build option map, moduleName=entry
[2026-06-02T01:09:20.804] [DEBUG] debug-file - Start initialize module-target build option map, moduleName=entry, buildMode=release
[2026-06-02T01:09:20.804] [DEBUG] debug-file - Target 'default' config initialized
[2026-06-02T01:09:20.805] [DEBUG] debug-file - Module 'entry' target 'default' build option initialized
[2026-06-02T01:09:20.805] [DEBUG] debug-file - End initialize module-target build option map, moduleName=entry
[2026-06-02T01:09:20.805] [DEBUG] debug-file - Start initialize module-target build option map, moduleName=entry, buildMode=debug
[2026-06-02T01:09:20.805] [DEBUG] debug-file - Target 'default' config initialized
[2026-06-02T01:09:20.805] [DEBUG] debug-file - Module 'entry' target 'default' build option initialized
[2026-06-02T01:09:20.805] [DEBUG] debug-file - End initialize module-target build option map, moduleName=entry
[2026-06-02T01:09:20.805] [DEBUG] debug-file - Obtain build option for module 'entry' target 'default'in this build.
[2026-06-02T01:09:20.806] [DEBUG] debug-file - Module entry task initialization takes 1 ms 
[2026-06-02T01:09:20.806] [DEBUG] debug-file - Hap plugin register hook start...
[2026-06-02T01:09:20.806] [DEBUG] debug-file - Hap plugin register hook end...
[2026-06-02T01:09:20.806] [DEBUG] debug-file - Plugin build process completed
[2026-06-02T01:09:20.806] [DEBUG] debug-file - hvigorfile, binding custom plugins []
[2026-06-02T01:09:20.806] [DEBUG] debug-file - hvigorfile, no custom plugins were found in D:\HUAWEI\lab4\AirShare\entry\hvigorfile.ts
[2026-06-02T01:09:20.806] [DEBUG] debug-file - hvigorfile, resolve finished D:\HUAWEI\lab4\AirShare\entry\hvigorfile.ts
[2026-06-02T01:09:20.819] [DEBUG] debug-file - hvigorfile, resolve hvigorfile dependencies in 13 ms 
[2026-06-02T01:09:20.819] [DEBUG] debug-file - project has submodules:entry
[2026-06-02T01:09:20.820] [DEBUG] debug-file - start to load updatedOhPackageInfo to the disk
[2026-06-02T01:09:20.825] [DEBUG] debug-file - load to the disk finished
[2026-06-02T01:09:20.826] [DEBUG] debug-file - Start to initialize dependency information.
[2026-06-02T01:09:20.826] [DEBUG] debug-file - Module AirShare Collected Dependency: 
[2026-06-02T01:09:20.826] [DEBUG] debug-file - Module AirShare's total dependency: 0
[2026-06-02T01:09:20.827] [DEBUG] debug-file - Start to initialize dependency information.
[2026-06-02T01:09:20.828] [DEBUG] debug-file - Module entry Collected Dependency: 
[2026-06-02T01:09:20.828] [DEBUG] debug-file - Module entry's total dependency: 0
[2026-06-02T01:09:20.829] [DEBUG] debug-file - Configuration phase cost:64 ms 
[2026-06-02T01:09:20.830] [DEBUG] debug-file - Configuration task cost before running: 67 ms 
[2026-06-02T01:09:20.832] [DEBUG] debug-file - Executing task :entry:default@PreBuild
[2026-06-02T01:09:20.832] [DEBUG] debug-file - Task 'entry:default@PreBuild' cost while wrapping incremental declarations: 1 ms 
[2026-06-02T01:09:20.933] [DEBUG] debug-file - current product is not Atomic service.
[2026-06-02T01:09:20.934] [DEBUG] debug-file - Use tool [win32: JAVA_HOME, CLASSPATH]
 [
  { JAVA_HOME: 'D:\\HUAWEI\\DevEco\\DevEco Studio\\jbr' },
  { CLASSPATH: undefined }
]
[2026-06-02T01:09:20.934] [DEBUG] debug-file - Use tool [win32: NODE_HOME]
 [ { NODE_HOME: 'D:\\HUAWEI\\DevEco\\DevEco Studio\\tools\\node' } ]
[2026-06-02T01:09:20.934] [DEBUG] debug-file - entry : default@PreBuild cost memory 10.201530456542969
[2026-06-02T01:09:20.934] [DEBUG] debug-file - runTaskFromQueue task cost before running: 172 ms 
[2026-06-02T01:09:20.936] [INFO] debug-file - Finished :entry:default@PreBuild... after 103 ms 
[2026-06-02T01:09:20.937] [DEBUG] debug-file - Executing task :entry:default@CreateModuleInfo
[2026-06-02T01:09:20.937] [DEBUG] debug-file - Task 'entry:default@CreateModuleInfo' cost while wrapping incremental declarations: 1 ms 
[2026-06-02T01:09:20.937] [DEBUG] debug-file - entry : default@CreateModuleInfo cost memory 0.04163360595703125
[2026-06-02T01:09:20.938] [DEBUG] debug-file - runTaskFromQueue task cost before running: 175 ms 
[2026-06-02T01:09:20.938] [INFO] debug-file - Finished :entry:default@CreateModuleInfo... after 1 ms 
[2026-06-02T01:09:20.938] [DEBUG] debug-file - Executing task :entry:default@GenerateMetadata
[2026-06-02T01:09:20.939] [DEBUG] debug-file - Task 'entry:default@GenerateMetadata' cost while wrapping incremental declarations: 1 ms 
[2026-06-02T01:09:20.942] [DEBUG] debug-file - entry : default@GenerateMetadata cost memory 0.0610809326171875
[2026-06-02T01:09:20.942] [DEBUG] debug-file - runTaskFromQueue task cost before running: 179 ms 
[2026-06-02T01:09:20.942] [INFO] debug-file - Finished :entry:default@GenerateMetadata... after 4 ms 
[2026-06-02T01:09:20.943] [DEBUG] debug-file - Executing task :entry:default@ConfigureCmake
[2026-06-02T01:09:20.944] [DEBUG] debug-file - entry : default@ConfigureCmake cost memory 0.0144195556640625
[2026-06-02T01:09:20.944] [DEBUG] debug-file - runTaskFromQueue task cost before running: 181 ms 
[2026-06-02T01:09:20.944] [INFO] debug-file - Finished :entry:default@ConfigureCmake... after 1 ms 
[2026-06-02T01:09:20.945] [DEBUG] debug-file - Executing task :entry:default@MergeProfile
[2026-06-02T01:09:20.945] [DEBUG] debug-file - Task 'entry:default@MergeProfile' cost while wrapping incremental declarations: 1 ms 
[2026-06-02T01:09:20.945] [DEBUG] debug-file - Change app api release type with 'Release'
[2026-06-02T01:09:20.946] [DEBUG] debug-file - Change app compile API version with '6.0.2.130'
[2026-06-02T01:09:20.946] [DEBUG] debug-file - Change app target API version with '50000012'
[2026-06-02T01:09:20.946] [DEBUG] debug-file - Change app minimum API version with '50000012'
[2026-06-02T01:09:20.946] [DEBUG] debug-file - Use cli appEnvironment
[2026-06-02T01:09:20.948] [DEBUG] debug-file - entry : default@MergeProfile cost memory 0.218597412109375
[2026-06-02T01:09:20.949] [DEBUG] debug-file - runTaskFromQueue task cost before running: 186 ms 
[2026-06-02T01:09:20.949] [INFO] debug-file - Finished :entry:default@MergeProfile... after 5 ms 
[2026-06-02T01:09:20.951] [DEBUG] debug-file - Executing task :entry:default@CreateBuildProfile
[2026-06-02T01:09:20.951] [DEBUG] debug-file - Task 'entry:default@CreateBuildProfile' cost while wrapping incremental declarations: 1 ms 
[2026-06-02T01:09:20.953] [DEBUG] debug-file - entry : default@CreateBuildProfile cost memory 0.06103515625
[2026-06-02T01:09:20.953] [DEBUG] debug-file - runTaskFromQueue task cost before running: 190 ms 
[2026-06-02T01:09:20.953] [INFO] debug-file - Finished :entry:default@CreateBuildProfile... after 3 ms 
[2026-06-02T01:09:20.954] [DEBUG] debug-file - Executing task :entry:default@PreCheckSyscap
[2026-06-02T01:09:20.955] [DEBUG] debug-file - entry : default@PreCheckSyscap cost memory 0.01467132568359375
[2026-06-02T01:09:20.955] [DEBUG] debug-file - runTaskFromQueue task cost before running: 192 ms 
[2026-06-02T01:09:20.955] [INFO] debug-file - Finished :entry:default@PreCheckSyscap... after 1 ms 
[2026-06-02T01:09:20.957] [DEBUG] debug-file - Executing task :entry:default@GeneratePkgContextInfo
[2026-06-02T01:09:20.963] [DEBUG] debug-file - Task 'entry:default@GeneratePkgContextInfo' cost while wrapping incremental declarations: 1 ms 
[2026-06-02T01:09:20.964] [DEBUG] debug-file - entry : default@GeneratePkgContextInfo cost memory 0.25579833984375
[2026-06-02T01:09:20.964] [DEBUG] debug-file - runTaskFromQueue task cost before running: 201 ms 
[2026-06-02T01:09:20.964] [INFO] debug-file - Finished :entry:default@GeneratePkgContextInfo... after 8 ms 
[2026-06-02T01:09:20.967] [DEBUG] debug-file - Executing task :entry:default@ProcessIntegratedHsp
[2026-06-02T01:09:20.967] [DEBUG] debug-file - entry : default@ProcessIntegratedHsp cost memory 0.261016845703125
[2026-06-02T01:09:20.967] [DEBUG] debug-file - runTaskFromQueue task cost before running: 204 ms 
[2026-06-02T01:09:20.967] [INFO] debug-file - Finished :entry:default@ProcessIntegratedHsp... after 1 ms 
[2026-06-02T01:09:20.968] [DEBUG] debug-file - Executing task :entry:default@BuildNativeWithCmake
[2026-06-02T01:09:20.968] [DEBUG] debug-file - entry : default@BuildNativeWithCmake cost memory 0.015777587890625
[2026-06-02T01:09:20.968] [DEBUG] debug-file - runTaskFromQueue task cost before running: 206 ms 
[2026-06-02T01:09:20.969] [INFO] debug-file - Finished :entry:default@BuildNativeWithCmake... after 1 ms 
[2026-06-02T01:09:20.969] [DEBUG] debug-file - Executing task :entry:default@MakePackInfo
[2026-06-02T01:09:20.971] [DEBUG] debug-file - Module Pack Info:  {
  summary: {
    app: { bundleName: 'c***p', bundleType: 'app', version: [Object] },
    modules: [ [Object] ]
  },
  packages: [
    {
      deviceType: [Array],
      moduleType: 'entry',
      deliveryWithInstall: true,
      name: 'entry-default'
    }
  ]
}
[2026-06-02T01:09:20.972] [DEBUG] debug-file - entry : default@MakePackInfo cost memory 0.1001739501953125
[2026-06-02T01:09:20.972] [DEBUG] debug-file - runTaskFromQueue task cost before running: 210 ms 
[2026-06-02T01:09:20.973] [INFO] debug-file - Finished :entry:default@MakePackInfo... after 4 ms 
[2026-06-02T01:09:20.974] [DEBUG] debug-file - Executing task :entry:default@SyscapTransform
[2026-06-02T01:09:20.974] [DEBUG] debug-file - File: 'D:\HUAWEI\lab4\AirShare\entry\src\main\syscap.json' from 'sysCapJsonPath' is not exists, just ignore.
[2026-06-02T01:09:20.974] [DEBUG] debug-file - Task 'entry:default@SyscapTransform' cost while wrapping incremental declarations: 1 ms 
[2026-06-02T01:09:20.974] [DEBUG] debug-file - entry : default@SyscapTransform cost memory 0.05510711669921875
[2026-06-02T01:09:20.975] [DEBUG] debug-file - runTaskFromQueue task cost before running: 212 ms 
[2026-06-02T01:09:20.975] [INFO] debug-file - Finished :entry:default@SyscapTransform... after 1 ms 
[2026-06-02T01:09:20.976] [DEBUG] debug-file - Executing task :entry:default@ProcessProfile
[2026-06-02T01:09:20.977] [DEBUG] debug-file - Task 'entry:default@ProcessProfile' cost while wrapping incremental declarations: 1 ms 
[2026-06-02T01:09:20.979] [DEBUG] debug-file - [
  'D:\\HUAWEI\\DevEco\\DevEco Studio\\tools\\node\\node.exe',
  'D:\\HUAWEI\\DevEco\\DevEco Studio\\sdk\\default\\openharmony\\ets\\build-tools\\ets-loader\\bin\\ark\\ts2abc.js',
  '--target-api-version',
  '12',
  '--target-api-sub-version',
  'beta1'
]
[2026-06-02T01:09:21.788] [DEBUG] debug-file - 12.0.2.0
[2026-06-02T01:09:21.791] [DEBUG] debug-file - No need to add fake ui ability because of not in preview process.
[2026-06-02T01:09:21.793] [DEBUG] debug-file - entry : default@ProcessProfile cost memory -3.633758544921875
[2026-06-02T01:09:21.793] [DEBUG] debug-file - runTaskFromQueue task cost before running: 1 s 30 ms 
[2026-06-02T01:09:21.794] [INFO] debug-file - Finished :entry:default@ProcessProfile... after 818 ms 
[2026-06-02T01:09:21.796] [DEBUG] debug-file - Executing task :entry:default@ProcessRouterMap
[2026-06-02T01:09:21.800] [DEBUG] debug-file - entry : default@ProcessRouterMap cost memory 0.09325408935546875
[2026-06-02T01:09:21.800] [DEBUG] debug-file - runTaskFromQueue task cost before running: 1 s 37 ms 
[2026-06-02T01:09:21.800] [INFO] debug-file - Finished :entry:default@ProcessRouterMap... after 5 ms 
[2026-06-02T01:09:21.802] [DEBUG] debug-file - Executing task :entry:default@ProcessShareConfig
[2026-06-02T01:09:21.805] [DEBUG] debug-file - entry : default@ProcessShareConfig cost memory 0.07471466064453125
[2026-06-02T01:09:21.805] [DEBUG] debug-file - runTaskFromQueue task cost before running: 1 s 42 ms 
[2026-06-02T01:09:21.805] [INFO] debug-file - Finished :entry:default@ProcessShareConfig... after 4 ms 
[2026-06-02T01:09:21.810] [DEBUG] debug-file - Executing task :entry:default@ProcessStartupConfig
[2026-06-02T01:09:21.810] [DEBUG] debug-file - Task 'entry:default@ProcessStartupConfig' cost while wrapping incremental declarations: 1 ms 
[2026-06-02T01:09:21.811] [DEBUG] debug-file - entry : default@ProcessStartupConfig cost memory 0.082000732421875
[2026-06-02T01:09:21.811] [DEBUG] debug-file - runTaskFromQueue task cost before running: 1 s 48 ms 
[2026-06-02T01:09:21.812] [INFO] debug-file - Finished :entry:default@ProcessStartupConfig... after 2 ms 
[2026-06-02T01:09:21.812] [DEBUG] debug-file - Executing task :entry:default@BuildNativeWithNinja
[2026-06-02T01:09:21.814] [DEBUG] debug-file - entry : default@BuildNativeWithNinja cost memory 0.0296173095703125
[2026-06-02T01:09:21.814] [DEBUG] debug-file - runTaskFromQueue task cost before running: 1 s 51 ms 
[2026-06-02T01:09:21.814] [INFO] debug-file - Finished :entry:default@BuildNativeWithNinja... after 2 ms 
[2026-06-02T01:09:21.815] [DEBUG] debug-file - restool module names: entry; moduleName=entry, taskName=default@ProcessResource
[2026-06-02T01:09:21.817] [DEBUG] debug-file - Executing task :entry:default@ProcessResource
[2026-06-02T01:09:21.817] [DEBUG] debug-file - Task 'entry:default@ProcessResource' cost while wrapping incremental declarations: 1 ms 
[2026-06-02T01:09:21.819] [DEBUG] debug-file - entry : default@ProcessResource cost memory 0.11241912841796875
[2026-06-02T01:09:21.820] [DEBUG] debug-file - runTaskFromQueue task cost before running: 1 s 57 ms 
[2026-06-02T01:09:21.820] [INFO] debug-file - Finished :entry:default@ProcessResource... after 4 ms 
[2026-06-02T01:09:21.822] [DEBUG] debug-file - Executing task :entry:default@GenerateLoaderJson
[2026-06-02T01:09:21.823] [DEBUG] debug-file - Task 'entry:default@GenerateLoaderJson' cost while wrapping incremental declarations: 1 ms 
[2026-06-02T01:09:21.828] [DEBUG] debug-file - entry : default@GenerateLoaderJson cost memory 0.399383544921875
[2026-06-02T01:09:21.828] [DEBUG] debug-file - runTaskFromQueue task cost before running: 1 s 65 ms 
[2026-06-02T01:09:21.830] [INFO] debug-file - Finished :entry:default@GenerateLoaderJson... after 7 ms 
[2026-06-02T01:09:21.830] [DEBUG] debug-file - Executing task :entry:default@ProcessLibs
[2026-06-02T01:09:21.835] [DEBUG] debug-file - Worker dispatch failed, running processLibs on main thread.
[2026-06-02T01:09:21.836] [DEBUG] debug-file - entry : default@ProcessLibs cost memory 0.3832550048828125
[2026-06-02T01:09:21.837] [DEBUG] debug-file - runTaskFromQueue task cost before running: 1 s 74 ms 
[2026-06-02T01:09:21.837] [INFO] debug-file - Finished :entry:default@ProcessLibs... after 7 ms 
[2026-06-02T01:09:21.838] [DEBUG] debug-file - restool module names: entry; moduleName=entry, taskName=default@CompileResource
[2026-06-02T01:09:21.838] [DEBUG] debug-file - Executing task :entry:default@CompileResource
[2026-06-02T01:09:21.842] [DEBUG] debug-file - Use tool [D:\HUAWEI\DevEco\DevEco Studio\sdk\default\openharmony\toolchains\restool.exe]
 [
  'D:\\HUAWEI\\DevEco\\DevEco Studio\\sdk\\default\\openharmony\\toolchains\\restool.exe',
  '-l',
  'D:\\HUAWEI\\lab4\\AirShare\\entry\\build\\default\\intermediates\\res\\default\\resConfig.json'
]
[2026-06-02T01:09:21.842] [DEBUG] debug-file - current process  memoryUsage: {
  rss: 189448192,
  heapTotal: 137617408,
  heapUsed: 111004032,
  external: 3112803,
  arrayBuffers: 85140
} os memoryUsage :19.57897186279297
[2026-06-02T01:09:22.260] [DEBUG] debug-file - Info: Pack: normal pack mode

[2026-06-02T01:09:22.595] [DEBUG] debug-file - Info: hardware concurrency count is : 20
Info: thread count is : 20

[2026-06-02T01:09:22.596] [DEBUG] debug-file - Info: thread pool is started

[2026-06-02T01:09:22.598] [DEBUG] debug-file - Info: CopyBinaryFileImpl: stop copy binary file.

[2026-06-02T01:09:22.599] [DEBUG] debug-file - Info: thread pool is stopped

[2026-06-02T01:09:22.657] [DEBUG] debug-file - ERROR: command = D:\HUAWEI\DevEco\DevEco Studio\sdk\default\openharmony\toolchains\restool.exe -l D:\HUAWEI\lab4\AirShare\entry\build\default\intermediates\res\default\resConfig.json
[2026-06-02T01:09:22.658] [ERROR] debug-file - Failed :entry:default@CompileResource... 
[2026-06-02T01:09:22.658] [DEBUG] debug-file - hvigor build process will be closed with an error.
[2026-06-02T01:09:22.659] [DEBUG] debug-file - ERROR: stacktrace = Error: Tools execution failed.
Error Code: 11211101
Error: Resource Pack Error
Error Message: Failed to scan resources: invalid path 'D:\HUAWEI\lab4\AirShare\AppScope\resources\app_icon.png', not a directory.
	 Detail: Please check the message from tools.
    at OhosLogger.errorMessageExit (D:\HUAWEI\DevEco\DevEco Studio\tools\hvigor\hvigor\src\base\log\hvigor-log.js:1:3497)
    at OhosLogger._printErrorAndExit (D:\HUAWEI\DevEco\DevEco Studio\tools\hvigor\hvigor-ohos-plugin\src\utils\log\ohos-logger.js:1:2024)
    at ProcessUtils.handleException (D:\HUAWEI\DevEco\DevEco Studio\tools\hvigor\hvigor-ohos-plugin\src\utils\process-utils.js:1:5247)
    at ProcessUtils.execute (D:\HUAWEI\DevEco\DevEco Studio\tools\hvigor\hvigor-ohos-plugin\src\utils\process-utils.js:1:3547)
    at process.processTicksAndRejections (node:internal/process/task_queues:95:5)
    at async CompileResource.executeCommand (D:\HUAWEI\DevEco\DevEco Studio\tools\hvigor\hvigor-ohos-plugin\src\tasks\abstract\abstract-compile-resource.js:1:3537)
    at async CompileResource.invokeRestool (D:\HUAWEI\DevEco\DevEco Studio\tools\hvigor\hvigor-ohos-plugin\src\tasks\compile-resource.js:1:4235)
    at async CompileResource.compilationProcess (D:\HUAWEI\DevEco\DevEco Studio\tools\hvigor\hvigor-ohos-plugin\src\tasks\abstract\abstract-compile-resource.js:1:2832)
    at async Promise.all (index 0)
    at async CompileResource.doTaskAction (D:\HUAWEI\DevEco\DevEco Studio\tools\hvigor\hvigor-ohos-plugin\src\tasks\compile-resource.js:1:3859)
[2026-06-02T01:09:22.659] [ERROR] debug-file - Error: Tools execution failed.
Error Code: 11211101
Error: Resource Pack Error
Error Message: Failed to scan resources: invalid path 'D:\HUAWEI\lab4\AirShare\AppScope\resources\app_icon.png', not a directory.
	 Detail: Please check the message from tools.
    at OhosLogger.errorMessageExit (D:\HUAWEI\DevEco\DevEco Studio\tools\hvigor\hvigor\src\base\log\hvigor-log.js:1:3497)
    at OhosLogger._printErrorAndExit (D:\HUAWEI\DevEco\DevEco Studio\tools\hvigor\hvigor-ohos-plugin\src\utils\log\ohos-logger.js:1:2024)
    at ProcessUtils.handleException (D:\HUAWEI\DevEco\DevEco Studio\tools\hvigor\hvigor-ohos-plugin\src\utils\process-utils.js:1:5247)
    at ProcessUtils.execute (D:\HUAWEI\DevEco\DevEco Studio\tools\hvigor\hvigor-ohos-plugin\src\utils\process-utils.js:1:3547)
    at process.processTicksAndRejections (node:internal/process/task_queues:95:5)
    at async CompileResource.executeCommand (D:\HUAWEI\DevEco\DevEco Studio\tools\hvigor\hvigor-ohos-plugin\src\tasks\abstract\abstract-compile-resource.js:1:3537)
    at async CompileResource.invokeRestool (D:\HUAWEI\DevEco\DevEco Studio\tools\hvigor\hvigor-ohos-plugin\src\tasks\compile-resource.js:1:4235)
    at async CompileResource.compilationProcess (D:\HUAWEI\DevEco\DevEco Studio\tools\hvigor\hvigor-ohos-plugin\src\tasks\abstract\abstract-compile-resource.js:1:2832)
    at async Promise.all (index 0)
    at async CompileResource.doTaskAction (D:\HUAWEI\DevEco\DevEco Studio\tools\hvigor\hvigor-ohos-plugin\src\tasks\compile-resource.js:1:3859)
[2026-06-02T01:09:22.673] [ERROR] debug-file - BUILD FAILED in 1 s 910 ms 
[2026-06-02T01:09:22.674] [DEBUG] debug-file - Update task entry:default@PreBuild input file:D:\HUAWEI\lab4\AirShare\AppScope\app.json5 cache by regenerate.
[2026-06-02T01:09:22.674] [DEBUG] debug-file - Update task entry:default@PreBuild input file:D:\HUAWEI\lab4\AirShare\entry\src\main\module.json5 cache by regenerate.
[2026-06-02T01:09:22.674] [DEBUG] debug-file - Update task entry:default@PreBuild input file:D:\HUAWEI\lab4\AirShare\build-profile.json5 cache by regenerate.
[2026-06-02T01:09:22.674] [DEBUG] debug-file - Update task entry:default@PreBuild input file:D:\HUAWEI\lab4\AirShare\entry\build-profile.json5 cache by regenerate.
[2026-06-02T01:09:22.674] [DEBUG] debug-file - Update task entry:default@PreBuild input file:D:\HUAWEI\lab4\AirShare\entry\src\main\resources\base\profile\main_pages.json cache by regenerate.
[2026-06-02T01:09:22.674] [DEBUG] debug-file - Update task entry:default@PreBuild input file:D:\HUAWEI\lab4\AirShare\hvigor\hvigor-config.json5 cache by regenerate.
[2026-06-02T01:09:22.675] [DEBUG] debug-file - Update task entry:default@PreBuild input file:D:\HUAWEI\lab4\AirShare\entry\oh-package.json5 cache by regenerate.
[2026-06-02T01:09:22.675] [DEBUG] debug-file - Update task entry:default@PreBuild input file:D:\HUAWEI\lab4\AirShare\oh-package.json5 cache by regenerate.
[2026-06-02T01:09:22.675] [DEBUG] debug-file - Incremental task entry:default@PreBuild post-execution cost:2 ms .
[2026-06-02T01:09:22.675] [DEBUG] debug-file - Update task entry:default@CreateModuleInfo output file:D:\HUAWEI\lab4\AirShare\entry\build\default\generated\profile\default\ModuleInfo.ts cache.
[2026-06-02T01:09:22.675] [DEBUG] debug-file - Incremental task entry:default@CreateModuleInfo post-execution cost:1 ms .
[2026-06-02T01:09:22.675] [DEBUG] debug-file - Update task entry:default@GenerateMetadata input file:D:\HUAWEI\lab4\AirShare\entry\src\main\module.json5 cache by regenerate.
[2026-06-02T01:09:22.675] [DEBUG] debug-file - Update task entry:default@GenerateMetadata output file:D:\HUAWEI\lab4\AirShare\entry\build\default\intermediates\hap_metadata\default\output_metadata.json cache.
[2026-06-02T01:09:22.676] [DEBUG] debug-file - Incremental task entry:default@GenerateMetadata post-execution cost:1 ms .
[2026-06-02T01:09:22.676] [DEBUG] debug-file - Update task entry:default@MergeProfile input file:D:\HUAWEI\lab4\AirShare\AppScope\app.json5 cache by regenerate.
[2026-06-02T01:09:22.676] [DEBUG] debug-file - Update task entry:default@MergeProfile input file:D:\HUAWEI\lab4\AirShare\build-profile.json5 cache by regenerate.
[2026-06-02T01:09:22.676] [DEBUG] debug-file - Update task entry:default@MergeProfile input file:D:\HUAWEI\lab4\AirShare\entry\src\main\module.json5 cache by regenerate.
[2026-06-02T01:09:22.676] [DEBUG] debug-file - Update task entry:default@MergeProfile output file:D:\HUAWEI\lab4\AirShare\entry\build\default\intermediates\merge_profile\default\module.json cache.
[2026-06-02T01:09:22.676] [DEBUG] debug-file - Incremental task entry:default@MergeProfile post-execution cost:1 ms .
[2026-06-02T01:09:22.676] [DEBUG] debug-file - Update task entry:default@CreateBuildProfile input file:D:\HUAWEI\lab4\AirShare\AppScope\app.json5 cache by regenerate.
[2026-06-02T01:09:22.676] [DEBUG] debug-file - Update task entry:default@CreateBuildProfile input file:D:\HUAWEI\lab4\AirShare\build-profile.json5 cache by regenerate.
[2026-06-02T01:09:22.676] [DEBUG] debug-file - Update task entry:default@CreateBuildProfile output file:D:\HUAWEI\lab4\AirShare\entry\build\default\generated\profile\default\BuildProfile.ets cache.
[2026-06-02T01:09:22.676] [DEBUG] debug-file - Incremental task entry:default@CreateBuildProfile post-execution cost:1 ms .
[2026-06-02T01:09:22.676] [DEBUG] debug-file - Update task entry:default@GeneratePkgContextInfo output file:D:\HUAWEI\lab4\AirShare\entry\build\default\intermediates\loader\default\pkgContextInfo.json cache.
[2026-06-02T01:09:22.677] [DEBUG] debug-file - Incremental task entry:default@GeneratePkgContextInfo post-execution cost:1 ms .
[2026-06-02T01:09:22.677] [DEBUG] debug-file - Update task entry:default@ProcessIntegratedHsp output file:D:\HUAWEI\lab4\AirShare\build\cache\default\integrated_hsp\integratedHspCache.json cache.
[2026-06-02T01:09:22.677] [DEBUG] debug-file - Incremental task entry:default@ProcessIntegratedHsp post-execution cost:1 ms .
[2026-06-02T01:09:22.677] [DEBUG] debug-file - Update task entry:default@MakePackInfo input file:D:\HUAWEI\lab4\AirShare\AppScope\app.json5 cache by regenerate.
[2026-06-02T01:09:22.677] [DEBUG] debug-file - Update task entry:default@MakePackInfo input file:D:\HUAWEI\lab4\AirShare\entry\src\main\module.json5 cache by regenerate.
[2026-06-02T01:09:22.677] [DEBUG] debug-file - Update task entry:default@MakePackInfo input file:D:\HUAWEI\lab4\AirShare\build-profile.json5 cache by regenerate.
[2026-06-02T01:09:22.677] [DEBUG] debug-file - Update task entry:default@MakePackInfo output file:D:\HUAWEI\lab4\AirShare\entry\build\default\outputs\default\pack.info cache.
[2026-06-02T01:09:22.677] [DEBUG] debug-file - Incremental task entry:default@MakePackInfo post-execution cost:1 ms .
[2026-06-02T01:09:22.678] [DEBUG] debug-file - Update task entry:default@SyscapTransform input file:D:\HUAWEI\DevEco\DevEco Studio\sdk\default\openharmony\toolchains\syscap_tool.exe cache by regenerate.
[2026-06-02T01:09:22.678] [DEBUG] debug-file - Update task entry:default@SyscapTransform input file:D:\HUAWEI\DevEco\DevEco Studio\sdk\default\openharmony\ets\api\device-define cache by regenerate.
[2026-06-02T01:09:22.688] [DEBUG] debug-file - Update task entry:default@SyscapTransform output file:D:\HUAWEI\lab4\AirShare\entry\build\default\intermediates\syscap\default\rpcid.sc cache.
[2026-06-02T01:09:22.689] [DEBUG] debug-file - Incremental task entry:default@SyscapTransform post-execution cost:11 ms .
[2026-06-02T01:09:22.689] [DEBUG] debug-file - Update task entry:default@ProcessProfile input file:D:\HUAWEI\lab4\AirShare\entry\build\default\intermediates\merge_profile\default\module.json cache by regenerate.
[2026-06-02T01:09:22.689] [DEBUG] debug-file - Update task entry:default@ProcessProfile output file:D:\HUAWEI\lab4\AirShare\entry\build\default\intermediates\process_profile\default\module.json cache.
[2026-06-02T01:09:22.689] [DEBUG] debug-file - Incremental task entry:default@ProcessProfile post-execution cost:1 ms .
[2026-06-02T01:09:22.689] [DEBUG] debug-file - Update task entry:default@ProcessRouterMap input file:D:\HUAWEI\lab4\AirShare\entry\oh-package.json5 cache by regenerate.
[2026-06-02T01:09:22.689] [DEBUG] debug-file - Update task entry:default@ProcessRouterMap input file:D:\HUAWEI\lab4\AirShare\oh-package.json5 cache by regenerate.
[2026-06-02T01:09:22.689] [DEBUG] debug-file - Update task entry:default@ProcessRouterMap input file:D:\HUAWEI\lab4\AirShare\entry\src\main\module.json5 cache by regenerate.
[2026-06-02T01:09:22.690] [DEBUG] debug-file - Update task entry:default@ProcessRouterMap input file:D:\HUAWEI\lab4\AirShare\entry\build\default\intermediates\loader\default\pkgContextInfo.json cache by regenerate.
[2026-06-02T01:09:22.690] [DEBUG] debug-file - Update task entry:default@ProcessRouterMap output file:D:\HUAWEI\lab4\AirShare\entry\build\default\intermediates\router_map\default\temp-router-map.json cache.
[2026-06-02T01:09:22.690] [DEBUG] debug-file - Update task entry:default@ProcessRouterMap output file:D:\HUAWEI\lab4\AirShare\entry\build\default\intermediates\router_map\default\loader-router-map.json cache.
[2026-06-02T01:09:22.690] [DEBUG] debug-file - Incremental task entry:default@ProcessRouterMap post-execution cost:1 ms .
[2026-06-02T01:09:22.690] [DEBUG] debug-file - Update task entry:default@ProcessShareConfig input file:D:\HUAWEI\lab4\AirShare\entry\oh-package.json5 cache by regenerate.
[2026-06-02T01:09:22.690] [DEBUG] debug-file - Update task entry:default@ProcessShareConfig input file:D:\HUAWEI\lab4\AirShare\oh-package.json5 cache by regenerate.
[2026-06-02T01:09:22.690] [DEBUG] debug-file - Update task entry:default@ProcessShareConfig input file:D:\HUAWEI\lab4\AirShare\entry\src\main\module.json5 cache by regenerate.
[2026-06-02T01:09:22.690] [DEBUG] debug-file - Update task entry:default@ProcessShareConfig input file:D:\HUAWEI\lab4\AirShare\entry\build\default\intermediates\loader\default\pkgContextInfo.json cache by regenerate.
[2026-06-02T01:09:22.690] [DEBUG] debug-file - Update task entry:default@ProcessShareConfig output file:D:\HUAWEI\lab4\AirShare\entry\build\default\intermediates\share_config\default\temp-share-config.json cache.
[2026-06-02T01:09:22.691] [DEBUG] debug-file - Incremental task entry:default@ProcessShareConfig post-execution cost:1 ms .
[2026-06-02T01:09:22.691] [DEBUG] debug-file - Update task entry:default@ProcessStartupConfig input file:D:\HUAWEI\lab4\AirShare\entry\build\default\intermediates\loader\default\pkgContextInfo.json cache by regenerate.
[2026-06-02T01:09:22.691] [DEBUG] debug-file - Update task entry:default@ProcessStartupConfig output file:D:\HUAWEI\lab4\AirShare\entry\build\default\intermediates\startup\default\startup_config.json cache.
[2026-06-02T01:09:22.691] [DEBUG] debug-file - Incremental task entry:default@ProcessStartupConfig post-execution cost:1 ms .
[2026-06-02T01:09:22.691] [DEBUG] debug-file - Update task entry:default@ProcessResource output file:D:\HUAWEI\lab4\AirShare\entry\build\default\intermediates\res\default\resConfig.json cache.
[2026-06-02T01:09:22.691] [DEBUG] debug-file - Update task entry:default@ProcessResource output file:D:\HUAWEI\lab4\AirShare\entry\build\default\intermediates\res\default\opt-compression.json cache.
[2026-06-02T01:09:22.691] [DEBUG] debug-file - Incremental task entry:default@ProcessResource post-execution cost:1 ms .
[2026-06-02T01:09:22.692] [DEBUG] debug-file - Update task entry:default@GenerateLoaderJson input file:D:\HUAWEI\lab4\AirShare\entry\build\default\intermediates\loader\default\pkgContextInfo.json cache by regenerate.
[2026-06-02T01:09:22.692] [DEBUG] debug-file - Update task entry:default@GenerateLoaderJson input file:D:\HUAWEI\lab4\AirShare\entry\build\default\intermediates\router_map\default\temp-router-map.json cache by regenerate.
[2026-06-02T01:09:22.693] [DEBUG] debug-file - Update task entry:default@GenerateLoaderJson output file:D:\HUAWEI\lab4\AirShare\entry\build\default\intermediates\loader\default\loader.json cache.
[2026-06-02T01:09:22.693] [DEBUG] debug-file - Incremental task entry:default@GenerateLoaderJson post-execution cost:2 ms .
[2026-06-02T01:09:22.693] [DEBUG] debug-file - Update task entry:default@ProcessLibs input file:D:\HUAWEI\lab4\AirShare\build-profile.json5 cache by regenerate.
[2026-06-02T01:09:22.693] [DEBUG] debug-file - Update task entry:default@ProcessLibs input file:D:\HUAWEI\lab4\AirShare\entry\build-profile.json5 cache by regenerate.
[2026-06-02T01:09:22.693] [DEBUG] debug-file - Update task entry:default@ProcessLibs output file:D:\HUAWEI\lab4\AirShare\entry\build\default\intermediates\libs\default cache.
[2026-06-02T01:09:22.694] [DEBUG] debug-file - Incremental task entry:default@ProcessLibs post-execution cost:1 ms .
[2026-06-02T01:09:22.694] [DEBUG] debug-file - Update task entry:default@CompileResource input file:D:\HUAWEI\lab4\AirShare\entry\src\main\resources cache by regenerate.
[2026-06-02T01:09:22.696] [DEBUG] debug-file - Update task entry:default@CompileResource input file:D:\HUAWEI\lab4\AirShare\AppScope\resources cache by regenerate.
[2026-06-02T01:09:22.696] [DEBUG] debug-file - Update task entry:default@CompileResource input file:D:\HUAWEI\lab4\AirShare\entry\build\default\intermediates\process_profile\default\module.json cache by regenerate.
[2026-06-02T01:09:22.696] [DEBUG] debug-file - Update task entry:default@CompileResource input file:D:\HUAWEI\lab4\AirShare\entry\build\default\intermediates\res\default\resConfig.json cache by regenerate.
[2026-06-02T01:09:22.696] [DEBUG] debug-file - Update task entry:default@CompileResource output file:D:\HUAWEI\lab4\AirShare\entry\build\default\intermediates\res\default cache.
[2026-06-02T01:09:22.697] [DEBUG] debug-file - Update task entry:default@CompileResource output file:D:\HUAWEI\lab4\AirShare\entry\build\default\generated\r\default\ResourceTable.h cache.
[2026-06-02T01:09:22.697] [DEBUG] debug-file - Update task entry:default@CompileResource output file:D:\HUAWEI\lab4\AirShare\entry\build\default\generated\r\default cache.
[2026-06-02T01:09:22.697] [DEBUG] debug-file - Incremental task entry:default@CompileResource post-execution cost:4 ms .
[2026-06-02T01:09:22.719] [DEBUG] debug-file - There's no busy workers and idle workers need cleanup.
[2026-06-02T01:09:22.720] [DEBUG] debug-file - hvigor build process will be closed.
[2026-06-02T01:09:22.726] [DEBUG] debug-file - session manager: send message to worker process.
[2026-06-02T01:09:22.726] [DEBUG] debug-file - session manager: send message to worker process.
[2026-06-02T01:09:22.726] [DEBUG] debug-file - watch worker: worker id should be larger than 0. Nothing will be sent to any worker thread.
[2026-06-02T01:09:22.726] [DEBUG] debug-file - watch worker: worker id should be larger than 0. Nothing will be sent to any worker thread.
[2026-06-02T01:09:58.007] [DEBUG] debug-file - env: nodejsVersion=v18.20.1
[2026-06-02T01:09:58.071] [DEBUG] debug-file - env: daemon=true
[2026-06-02T01:09:58.008] [DEBUG] debug-file - env: hvigor-config.json5 content = { modelVersion: '6.0.2', dependencies: {} }
[2026-06-02T01:09:58.554] [DEBUG] debug-file - session manager: set active socket. socketId=AwjPNtTO8aAiX1ElAAAN
[2026-06-02T01:09:58.559] [DEBUG] debug-file - watch worker: worker id should be larger than 0. Nothing will be sent to any worker thread.
[2026-06-02T01:09:58.560] [DEBUG] debug-file - Workers' log level updated to INFO
[2026-06-02T01:09:58.562] [DEBUG] debug-file - Hvigor init with startParameters:{
  hvigorfileTypeCheck: false,
  parallelExecution: true,
  incrementalExecution: true,
  printStackTrace: false,
  daemon: true,
  analyze: 0,
  logLevel: Level { level: 20000, levelStr: 'INFO', colour: 'green' },
  optimizationStrategy: 'memory',
  hotCompile: undefined,
  hotReloadBuild: undefined,
  customizedParam: undefined
}
[2026-06-02T01:09:58.564] [DEBUG] debug-file - Cache service initialization finished in 2 ms 
[2026-06-02T01:09:58.564] [DEBUG] debug-file - hvigorfile, resolving D:\HUAWEI\lab4\AirShare\hvigorfile.ts
[2026-06-02T01:09:58.569] [DEBUG] debug-file - hvigorfile, require result:  { default: { plugins: [] } }
[2026-06-02T01:09:58.569] [DEBUG] debug-file - hvigorfile, binding system plugins null
[2026-06-02T01:09:58.569] [DEBUG] debug-file - Starting plugin build process
[2026-06-02T01:09:58.569] [DEBUG] debug-file - App plugin prepare start...
[2026-06-02T01:09:58.569] [DEBUG] debug-file - App plugin prepare end...
[2026-06-02T01:09:58.569] [DEBUG] debug-file - App plugin creating...
[2026-06-02T01:09:58.572] [DEBUG] debug-file - App plugin register hook start...
[2026-06-02T01:09:58.572] [DEBUG] debug-file - App plugin register hook end...
[2026-06-02T01:09:58.572] [DEBUG] debug-file - Plugin build process completed
[2026-06-02T01:09:58.573] [DEBUG] debug-file - Start initialize project's product build option map with build mode debug.
[2026-06-02T01:09:58.573] [DEBUG] debug-file - Picking option from product 'default' with build mode 'debug'.
[2026-06-02T01:09:58.573] [DEBUG] debug-file - Product 'default' build option initialized
[2026-06-02T01:09:58.573] [DEBUG] debug-file - End initialize project's product build option map with build mode 'debug'.
[2026-06-02T01:09:58.573] [DEBUG] debug-file - Obtain build option for product 'default'in this build.
[2026-06-02T01:09:58.574] [DEBUG] debug-file - No signingConfig found, initRemoteHspCache failed.
[2026-06-02T01:09:58.575] [DEBUG] debug-file - Start recording SDK configuration permission data.
[2026-06-02T01:09:58.601] [DEBUG] debug-file - Sdk init in 27 ms 
[2026-06-02T01:09:58.603] [DEBUG] debug-file - Project task initialization takes 2 ms 
[2026-06-02T01:09:58.603] [DEBUG] debug-file - hvigorfile, binding custom plugins []
[2026-06-02T01:09:58.603] [DEBUG] debug-file - hvigorfile, no custom plugins were found in D:\HUAWEI\lab4\AirShare\hvigorfile.ts
[2026-06-02T01:09:58.603] [DEBUG] debug-file - hvigorfile, resolve finished D:\HUAWEI\lab4\AirShare\hvigorfile.ts
[2026-06-02T01:09:58.603] [DEBUG] debug-file - hvigorfile, resolving D:\HUAWEI\lab4\AirShare\entry\hvigorfile.ts
[2026-06-02T01:09:58.606] [DEBUG] debug-file - hvigorfile, require result:  { default: { plugins: [] } }
[2026-06-02T01:09:58.607] [DEBUG] debug-file - hvigorfile, binding system plugins null
[2026-06-02T01:09:58.607] [DEBUG] debug-file - Starting plugin build process
[2026-06-02T01:09:58.607] [DEBUG] debug-file - Hap plugin creating...
[2026-06-02T01:09:58.607] [DEBUG] debug-file - failed to load cangjie to dynamically generate schemas: Error: Cannot find module '@ohos/cangjie-build-support/index'
Require stack:
- D:\HUAWEI\DevEco\DevEco Studio\tools\hvigor\hvigor-ohos-plugin\src\plugin\hooks\cangjie-register.js
- D:\HUAWEI\DevEco\DevEco Studio\tools\hvigor\hvigor-ohos-plugin\src\plugin\strategy\stage-init-strategy.js
- D:\HUAWEI\DevEco\DevEco Studio\tools\hvigor\hvigor-ohos-plugin\src\plugin\builder\abstract-plugin-builder.js
- D:\HUAWEI\DevEco\DevEco Studio\tools\hvigor\hvigor-ohos-plugin\src\plugin\builder\app-plugin-builder.js
- D:\HUAWEI\DevEco\DevEco Studio\tools\hvigor\hvigor-ohos-plugin\src\plugin\factory\plugin-factory.js
- D:\HUAWEI\DevEco\DevEco Studio\tools\hvigor\hvigor-ohos-plugin\index.js
- D:\HUAWEI\lab4\AirShare\hvigorfile.ts
- D:\HUAWEI\DevEco\DevEco Studio\tools\hvigor\hvigor\src\base\internal\lifecycle\configuration.js
- D:\HUAWEI\DevEco\DevEco Studio\tools\hvigor\hvigor\src\base\boot\index.js
- D:\HUAWEI\DevEco\DevEco Studio\tools\hvigor\hvigor\src\base\daemon\cluster\worker-process-lifecycle.js
- D:\HUAWEI\DevEco\DevEco Studio\tools\hvigor\hvigor\src\base\daemon\process\daemon-process-boot-script.js
[2026-06-02T01:09:58.612] [DEBUG] debug-file - Start initialize module-target build option map, moduleName=entry, buildMode=debug
[2026-06-02T01:09:58.612] [DEBUG] debug-file - Target 'default' config initialized
[2026-06-02T01:09:58.612] [DEBUG] debug-file - Module 'entry' target 'default' build option initialized
[2026-06-02T01:09:58.612] [DEBUG] debug-file - End initialize module-target build option map, moduleName=entry
[2026-06-02T01:09:58.612] [DEBUG] debug-file - Start initialize module-target build option map, moduleName=entry, buildMode=release
[2026-06-02T01:09:58.612] [DEBUG] debug-file - Target 'default' config initialized
[2026-06-02T01:09:58.614] [DEBUG] debug-file - Module 'entry' target 'default' build option initialized
[2026-06-02T01:09:58.614] [DEBUG] debug-file - End initialize module-target build option map, moduleName=entry
[2026-06-02T01:09:58.614] [DEBUG] debug-file - Start initialize module-target build option map, moduleName=entry, buildMode=debug
[2026-06-02T01:09:58.614] [DEBUG] debug-file - Target 'default' config initialized
[2026-06-02T01:09:58.614] [DEBUG] debug-file - Module 'entry' target 'default' build option initialized
[2026-06-02T01:09:58.614] [DEBUG] debug-file - End initialize module-target build option map, moduleName=entry
[2026-06-02T01:09:58.614] [DEBUG] debug-file - Obtain build option for module 'entry' target 'default'in this build.
[2026-06-02T01:09:58.615] [DEBUG] debug-file - Module entry task initialization takes 1 ms 
[2026-06-02T01:09:58.615] [DEBUG] debug-file - Hap plugin register hook start...
[2026-06-02T01:09:58.615] [DEBUG] debug-file - Hap plugin register hook end...
[2026-06-02T01:09:58.615] [DEBUG] debug-file - Plugin build process completed
[2026-06-02T01:09:58.615] [DEBUG] debug-file - hvigorfile, binding custom plugins []
[2026-06-02T01:09:58.615] [DEBUG] debug-file - hvigorfile, no custom plugins were found in D:\HUAWEI\lab4\AirShare\entry\hvigorfile.ts
[2026-06-02T01:09:58.615] [DEBUG] debug-file - hvigorfile, resolve finished D:\HUAWEI\lab4\AirShare\entry\hvigorfile.ts
[2026-06-02T01:09:58.628] [DEBUG] debug-file - hvigorfile, resolve hvigorfile dependencies in 13 ms 
[2026-06-02T01:09:58.628] [DEBUG] debug-file - project has submodules:entry
[2026-06-02T01:09:58.629] [DEBUG] debug-file - start to load updatedOhPackageInfo to the disk
[2026-06-02T01:09:58.634] [DEBUG] debug-file - load to the disk finished
[2026-06-02T01:09:58.635] [DEBUG] debug-file - Start to initialize dependency information.
[2026-06-02T01:09:58.635] [DEBUG] debug-file - Module AirShare Collected Dependency: 
[2026-06-02T01:09:58.635] [DEBUG] debug-file - Module AirShare's total dependency: 0
[2026-06-02T01:09:58.636] [DEBUG] debug-file - Start to initialize dependency information.
[2026-06-02T01:09:58.637] [DEBUG] debug-file - Module entry Collected Dependency: 
[2026-06-02T01:09:58.637] [DEBUG] debug-file - Module entry's total dependency: 0
[2026-06-02T01:09:58.638] [DEBUG] debug-file - Configuration phase cost:75 ms 
[2026-06-02T01:09:58.639] [DEBUG] debug-file - Configuration task cost before running: 79 ms 
[2026-06-02T01:09:58.641] [DEBUG] debug-file - Executing task :entry:default@PreBuild
[2026-06-02T01:09:58.642] [DEBUG] debug-file - Task 'entry:default@PreBuild' cost while wrapping incremental declarations: 1 ms 
[2026-06-02T01:09:58.646] [DEBUG] debug-file - Incremental task entry:default@PreBuild pre-execution cost: 4 ms .
[2026-06-02T01:09:58.646] [DEBUG] debug-file - entry : default@PreBuild cost memory 0.34444427490234375
[2026-06-02T01:09:58.647] [INFO] debug-file - UP-TO-DATE :entry:default@PreBuild...  
[2026-06-02T01:09:58.647] [DEBUG] debug-file - Executing task :entry:default@CreateModuleInfo
[2026-06-02T01:09:58.648] [DEBUG] debug-file - Task 'entry:default@CreateModuleInfo' cost while wrapping incremental declarations: 1 ms 
[2026-06-02T01:09:58.648] [DEBUG] debug-file - entry : default@CreateModuleInfo cost memory 0.04167938232421875
[2026-06-02T01:09:58.648] [DEBUG] debug-file - runTaskFromQueue task cost before running: 88 ms 
[2026-06-02T01:09:58.648] [INFO] debug-file - Finished :entry:default@CreateModuleInfo... after 1 ms 
[2026-06-02T01:09:58.648] [DEBUG] debug-file - Executing task :entry:default@GenerateMetadata
[2026-06-02T01:09:58.649] [DEBUG] debug-file - Task 'entry:default@GenerateMetadata' cost while wrapping incremental declarations: 1 ms 
[2026-06-02T01:09:58.649] [DEBUG] debug-file - Incremental task entry:default@GenerateMetadata pre-execution cost: 1 ms .
[2026-06-02T01:09:58.649] [DEBUG] debug-file - entry : default@GenerateMetadata cost memory 0.08722686767578125
[2026-06-02T01:09:58.650] [INFO] debug-file - UP-TO-DATE :entry:default@GenerateMetadata...  
[2026-06-02T01:09:58.650] [DEBUG] debug-file - Executing task :entry:default@ConfigureCmake
[2026-06-02T01:09:58.650] [DEBUG] debug-file - entry : default@ConfigureCmake cost memory 0.0145416259765625
[2026-06-02T01:09:58.650] [DEBUG] debug-file - runTaskFromQueue task cost before running: 90 ms 
[2026-06-02T01:09:58.650] [INFO] debug-file - Finished :entry:default@ConfigureCmake... after 1 ms 
[2026-06-02T01:09:58.651] [DEBUG] debug-file - Executing task :entry:default@MergeProfile
[2026-06-02T01:09:58.651] [DEBUG] debug-file - Task 'entry:default@MergeProfile' cost while wrapping incremental declarations: 1 ms 
[2026-06-02T01:09:58.652] [DEBUG] debug-file - Incremental task entry:default@MergeProfile pre-execution cost: 1 ms .
[2026-06-02T01:09:58.652] [DEBUG] debug-file - entry : default@MergeProfile cost memory 0.1363677978515625
[2026-06-02T01:09:58.652] [INFO] debug-file - UP-TO-DATE :entry:default@MergeProfile...  
[2026-06-02T01:09:58.653] [DEBUG] debug-file - Executing task :entry:default@CreateBuildProfile
[2026-06-02T01:09:58.653] [DEBUG] debug-file - Task 'entry:default@CreateBuildProfile' cost while wrapping incremental declarations: 1 ms 
[2026-06-02T01:09:58.654] [DEBUG] debug-file - Incremental task entry:default@CreateBuildProfile pre-execution cost: 1 ms .
[2026-06-02T01:09:58.654] [DEBUG] debug-file - entry : default@CreateBuildProfile cost memory 0.08960723876953125
[2026-06-02T01:09:58.654] [INFO] debug-file - UP-TO-DATE :entry:default@CreateBuildProfile...  
[2026-06-02T01:09:58.655] [DEBUG] debug-file - Executing task :entry:default@PreCheckSyscap
[2026-06-02T01:09:58.655] [DEBUG] debug-file - entry : default@PreCheckSyscap cost memory 0.01482391357421875
[2026-06-02T01:09:58.655] [DEBUG] debug-file - runTaskFromQueue task cost before running: 95 ms 
[2026-06-02T01:09:58.655] [INFO] debug-file - Finished :entry:default@PreCheckSyscap... after 1 ms 
[2026-06-02T01:09:58.655] [DEBUG] debug-file - Executing task :entry:default@GeneratePkgContextInfo
[2026-06-02T01:09:58.658] [DEBUG] debug-file - Task 'entry:default@GeneratePkgContextInfo' cost while wrapping incremental declarations: 1 ms 
[2026-06-02T01:09:58.658] [DEBUG] debug-file - Incremental task entry:default@GeneratePkgContextInfo pre-execution cost: 1 ms .
[2026-06-02T01:09:58.658] [DEBUG] debug-file - entry : default@GeneratePkgContextInfo cost memory -1.39764404296875
[2026-06-02T01:09:58.658] [INFO] debug-file - UP-TO-DATE :entry:default@GeneratePkgContextInfo...  
[2026-06-02T01:09:58.660] [DEBUG] debug-file - Executing task :entry:default@ProcessIntegratedHsp
[2026-06-02T01:09:58.660] [DEBUG] debug-file - entry:default@ProcessIntegratedHsp is not up-to-date, since the output file 'D:\HUAWEI\lab4\AirShare\build\cache\default\integrated_hsp\integratedHspCache.json' does not exist.
[2026-06-02T01:09:58.661] [DEBUG] debug-file - Incremental task entry:default@ProcessIntegratedHsp pre-execution cost: 1 ms .
[2026-06-02T01:09:58.661] [DEBUG] debug-file - entry : default@ProcessIntegratedHsp cost memory 0.05816650390625
[2026-06-02T01:09:58.661] [DEBUG] debug-file - runTaskFromQueue task cost before running: 100 ms 
[2026-06-02T01:09:58.661] [INFO] debug-file - Finished :entry:default@ProcessIntegratedHsp... after 1 ms 
[2026-06-02T01:09:58.661] [DEBUG] debug-file - Executing task :entry:default@BuildNativeWithCmake
[2026-06-02T01:09:58.661] [DEBUG] debug-file - entry : default@BuildNativeWithCmake cost memory 0.014556884765625
[2026-06-02T01:09:58.662] [DEBUG] debug-file - runTaskFromQueue task cost before running: 101 ms 
[2026-06-02T01:09:58.662] [INFO] debug-file - Finished :entry:default@BuildNativeWithCmake... after 1 ms 
[2026-06-02T01:09:58.662] [DEBUG] debug-file - Executing task :entry:default@MakePackInfo
[2026-06-02T01:09:58.663] [DEBUG] debug-file - Incremental task entry:default@MakePackInfo pre-execution cost: 1 ms .
[2026-06-02T01:09:58.663] [DEBUG] debug-file - entry : default@MakePackInfo cost memory 0.10404205322265625
[2026-06-02T01:09:58.663] [INFO] debug-file - UP-TO-DATE :entry:default@MakePackInfo...  
[2026-06-02T01:09:58.664] [DEBUG] debug-file - Executing task :entry:default@SyscapTransform
[2026-06-02T01:09:58.664] [DEBUG] debug-file - File: 'D:\HUAWEI\lab4\AirShare\entry\src\main\syscap.json' from 'sysCapJsonPath' is not exists, just ignore.
[2026-06-02T01:09:58.664] [DEBUG] debug-file - Task 'entry:default@SyscapTransform' cost while wrapping incremental declarations: 1 ms 
[2026-06-02T01:09:58.665] [DEBUG] debug-file - entry:default@SyscapTransform is not up-to-date, since the output file 'D:\HUAWEI\lab4\AirShare\entry\build\default\intermediates\syscap\default\rpcid.sc' does not exist.
[2026-06-02T01:09:58.665] [DEBUG] debug-file - Incremental task entry:default@SyscapTransform pre-execution cost: 2 ms .
[2026-06-02T01:09:58.665] [DEBUG] debug-file - entry : default@SyscapTransform cost memory 0.14836883544921875
[2026-06-02T01:09:58.665] [DEBUG] debug-file - runTaskFromQueue task cost before running: 105 ms 
[2026-06-02T01:09:58.666] [INFO] debug-file - Finished :entry:default@SyscapTransform... after 2 ms 
[2026-06-02T01:09:58.666] [DEBUG] debug-file - Executing task :entry:default@ProcessProfile
[2026-06-02T01:09:58.667] [DEBUG] debug-file - Task 'entry:default@ProcessProfile' cost while wrapping incremental declarations: 1 ms 
[2026-06-02T01:09:58.667] [DEBUG] debug-file - Incremental task entry:default@ProcessProfile pre-execution cost: 1 ms .
[2026-06-02T01:09:58.668] [DEBUG] debug-file - entry : default@ProcessProfile cost memory 0.1383819580078125
[2026-06-02T01:09:58.668] [INFO] debug-file - UP-TO-DATE :entry:default@ProcessProfile...  
[2026-06-02T01:09:58.669] [DEBUG] debug-file - Executing task :entry:default@ProcessRouterMap
[2026-06-02T01:09:58.671] [DEBUG] debug-file - Incremental task entry:default@ProcessRouterMap pre-execution cost: 2 ms .
[2026-06-02T01:09:58.671] [DEBUG] debug-file - entry : default@ProcessRouterMap cost memory 0.158935546875
[2026-06-02T01:09:58.671] [INFO] debug-file - UP-TO-DATE :entry:default@ProcessRouterMap...  
[2026-06-02T01:09:58.672] [DEBUG] debug-file - Executing task :entry:default@ProcessShareConfig
[2026-06-02T01:09:58.674] [DEBUG] debug-file - Incremental task entry:default@ProcessShareConfig pre-execution cost: 1 ms .
[2026-06-02T01:09:58.674] [DEBUG] debug-file - entry : default@ProcessShareConfig cost memory -1.419189453125
[2026-06-02T01:09:58.674] [INFO] debug-file - UP-TO-DATE :entry:default@ProcessShareConfig...  
[2026-06-02T01:09:58.675] [DEBUG] debug-file - Executing task :entry:default@ProcessStartupConfig
[2026-06-02T01:09:58.675] [DEBUG] debug-file - Task 'entry:default@ProcessStartupConfig' cost while wrapping incremental declarations: 1 ms 
[2026-06-02T01:09:58.675] [DEBUG] debug-file - entry:default@ProcessStartupConfig is not up-to-date, since the output file 'D:\HUAWEI\lab4\AirShare\entry\build\default\intermediates\startup\default\startup_config.json' does not exist.
[2026-06-02T01:09:58.675] [DEBUG] debug-file - Incremental task entry:default@ProcessStartupConfig pre-execution cost: 1 ms .
[2026-06-02T01:09:58.676] [DEBUG] debug-file - entry : default@ProcessStartupConfig cost memory 0.12561798095703125
[2026-06-02T01:09:58.676] [DEBUG] debug-file - runTaskFromQueue task cost before running: 116 ms 
[2026-06-02T01:09:58.676] [INFO] debug-file - Finished :entry:default@ProcessStartupConfig... after 2 ms 
[2026-06-02T01:09:58.677] [DEBUG] debug-file - Executing task :entry:default@BuildNativeWithNinja
[2026-06-02T01:09:58.677] [DEBUG] debug-file - entry : default@BuildNativeWithNinja cost memory 0.02326202392578125
[2026-06-02T01:09:58.677] [DEBUG] debug-file - runTaskFromQueue task cost before running: 117 ms 
[2026-06-02T01:09:58.677] [INFO] debug-file - Finished :entry:default@BuildNativeWithNinja... after 1 ms 
[2026-06-02T01:09:58.677] [DEBUG] debug-file - restool module names: entry; moduleName=entry, taskName=default@ProcessResource
[2026-06-02T01:09:58.678] [DEBUG] debug-file - Executing task :entry:default@ProcessResource
[2026-06-02T01:09:58.678] [DEBUG] debug-file - Task 'entry:default@ProcessResource' cost while wrapping incremental declarations: 1 ms 
[2026-06-02T01:09:58.679] [DEBUG] debug-file - Incremental task entry:default@ProcessResource pre-execution cost: 1 ms .
[2026-06-02T01:09:58.679] [DEBUG] debug-file - entry : default@ProcessResource cost memory 0.12580108642578125
[2026-06-02T01:09:58.680] [INFO] debug-file - UP-TO-DATE :entry:default@ProcessResource...  
[2026-06-02T01:09:58.681] [DEBUG] debug-file - Executing task :entry:default@GenerateLoaderJson
[2026-06-02T01:09:58.681] [DEBUG] debug-file - Task 'entry:default@GenerateLoaderJson' cost while wrapping incremental declarations: 1 ms 
[2026-06-02T01:09:58.685] [DEBUG] debug-file - Incremental task entry:default@GenerateLoaderJson pre-execution cost: 3 ms .
[2026-06-02T01:09:58.685] [DEBUG] debug-file - entry : default@GenerateLoaderJson cost memory 0.3959197998046875
[2026-06-02T01:09:58.686] [INFO] debug-file - UP-TO-DATE :entry:default@GenerateLoaderJson...  
[2026-06-02T01:09:58.687] [DEBUG] debug-file - Executing task :entry:default@ProcessLibs
[2026-06-02T01:09:58.688] [DEBUG] debug-file - Incremental task entry:default@ProcessLibs pre-execution cost: 1 ms .
[2026-06-02T01:09:58.688] [DEBUG] debug-file - entry : default@ProcessLibs cost memory 0.09816741943359375
[2026-06-02T01:09:58.688] [INFO] debug-file - UP-TO-DATE :entry:default@ProcessLibs...  
[2026-06-02T01:09:58.689] [DEBUG] debug-file - restool module names: entry; moduleName=entry, taskName=default@CompileResource
[2026-06-02T01:09:58.690] [DEBUG] debug-file - Executing task :entry:default@CompileResource
[2026-06-02T01:09:58.692] [DEBUG] debug-file - Use tool [D:\HUAWEI\DevEco\DevEco Studio\sdk\default\openharmony\toolchains\restool.exe]
 [
  'D:\\HUAWEI\\DevEco\\DevEco Studio\\sdk\\default\\openharmony\\toolchains\\restool.exe',
  '-l',
  'D:\\HUAWEI\\lab4\\AirShare\\entry\\build\\default\\intermediates\\res\\default\\resConfig.json'
]
[2026-06-02T01:09:58.692] [DEBUG] debug-file - current process  memoryUsage: {
  rss: 179060736,
  heapTotal: 125444096,
  heapUsed: 112678456,
  external: 3126574,
  arrayBuffers: 98911
} os memoryUsage :19.950157165527344
[2026-06-02T01:09:58.736] [DEBUG] debug-file - Info: Pack: normal pack mode

[2026-06-02T01:09:58.777] [DEBUG] debug-file - Info: hardware concurrency count is : 20
Info: thread count is : 20

[2026-06-02T01:09:58.777] [DEBUG] debug-file - Info: thread pool is started

[2026-06-02T01:09:58.779] [DEBUG] debug-file - Info: CopyBinaryFileImpl: stop copy binary file.

[2026-06-02T01:09:58.780] [DEBUG] debug-file - Info: thread pool is stopped

[2026-06-02T01:09:58.845] [DEBUG] debug-file - ERROR: command = D:\HUAWEI\DevEco\DevEco Studio\sdk\default\openharmony\toolchains\restool.exe -l D:\HUAWEI\lab4\AirShare\entry\build\default\intermediates\res\default\resConfig.json
[2026-06-02T01:09:58.845] [ERROR] debug-file - Failed :entry:default@CompileResource... 
[2026-06-02T01:09:58.845] [DEBUG] debug-file - hvigor build process will be closed with an error.
[2026-06-02T01:09:58.846] [DEBUG] debug-file - ERROR: stacktrace = Error: Tools execution failed.
Error Code: 11211101
Error: Resource Pack Error
Error Message: Failed to scan resources: invalid path 'D:\HUAWEI\lab4\AirShare\AppScope\resources\app_icon.png', not a directory.
	 Detail: Please check the message from tools.
    at OhosLogger.errorMessageExit (D:\HUAWEI\DevEco\DevEco Studio\tools\hvigor\hvigor\src\base\log\hvigor-log.js:1:3497)
    at OhosLogger._printErrorAndExit (D:\HUAWEI\DevEco\DevEco Studio\tools\hvigor\hvigor-ohos-plugin\src\utils\log\ohos-logger.js:1:2024)
    at ProcessUtils.handleException (D:\HUAWEI\DevEco\DevEco Studio\tools\hvigor\hvigor-ohos-plugin\src\utils\process-utils.js:1:5247)
    at ProcessUtils.execute (D:\HUAWEI\DevEco\DevEco Studio\tools\hvigor\hvigor-ohos-plugin\src\utils\process-utils.js:1:3547)
    at process.processTicksAndRejections (node:internal/process/task_queues:95:5)
    at async CompileResource.executeCommand (D:\HUAWEI\DevEco\DevEco Studio\tools\hvigor\hvigor-ohos-plugin\src\tasks\abstract\abstract-compile-resource.js:1:3537)
    at async CompileResource.invokeRestool (D:\HUAWEI\DevEco\DevEco Studio\tools\hvigor\hvigor-ohos-plugin\src\tasks\compile-resource.js:1:4235)
    at async CompileResource.compilationProcess (D:\HUAWEI\DevEco\DevEco Studio\tools\hvigor\hvigor-ohos-plugin\src\tasks\abstract\abstract-compile-resource.js:1:2832)
    at async Promise.all (index 0)
    at async CompileResource.doTaskAction (D:\HUAWEI\DevEco\DevEco Studio\tools\hvigor\hvigor-ohos-plugin\src\tasks\compile-resource.js:1:3859)
[2026-06-02T01:09:58.846] [ERROR] debug-file - Error: Tools execution failed.
Error Code: 11211101
Error: Resource Pack Error
Error Message: Failed to scan resources: invalid path 'D:\HUAWEI\lab4\AirShare\AppScope\resources\app_icon.png', not a directory.
	 Detail: Please check the message from tools.
    at OhosLogger.errorMessageExit (D:\HUAWEI\DevEco\DevEco Studio\tools\hvigor\hvigor\src\base\log\hvigor-log.js:1:3497)
    at OhosLogger._printErrorAndExit (D:\HUAWEI\DevEco\DevEco Studio\tools\hvigor\hvigor-ohos-plugin\src\utils\log\ohos-logger.js:1:2024)
    at ProcessUtils.handleException (D:\HUAWEI\DevEco\DevEco Studio\tools\hvigor\hvigor-ohos-plugin\src\utils\process-utils.js:1:5247)
    at ProcessUtils.execute (D:\HUAWEI\DevEco\DevEco Studio\tools\hvigor\hvigor-ohos-plugin\src\utils\process-utils.js:1:3547)
    at process.processTicksAndRejections (node:internal/process/task_queues:95:5)
    at async CompileResource.executeCommand (D:\HUAWEI\DevEco\DevEco Studio\tools\hvigor\hvigor-ohos-plugin\src\tasks\abstract\abstract-compile-resource.js:1:3537)
    at async CompileResource.invokeRestool (D:\HUAWEI\DevEco\DevEco Studio\tools\hvigor\hvigor-ohos-plugin\src\tasks\compile-resource.js:1:4235)
    at async CompileResource.compilationProcess (D:\HUAWEI\DevEco\DevEco Studio\tools\hvigor\hvigor-ohos-plugin\src\tasks\abstract\abstract-compile-resource.js:1:2832)
    at async Promise.all (index 0)
    at async CompileResource.doTaskAction (D:\HUAWEI\DevEco\DevEco Studio\tools\hvigor\hvigor-ohos-plugin\src\tasks\compile-resource.js:1:3859)
[2026-06-02T01:09:58.860] [ERROR] debug-file - BUILD FAILED in 300 ms 
[2026-06-02T01:09:58.860] [DEBUG] debug-file - There is no need to refresh cache, since the incremental task entry:default@PreBuild is up-to-date.
[2026-06-02T01:09:58.860] [DEBUG] debug-file - Update task entry:default@CreateModuleInfo output file:D:\HUAWEI\lab4\AirShare\entry\build\default\generated\profile\default\ModuleInfo.ts cache.
[2026-06-02T01:09:58.860] [DEBUG] debug-file - Incremental task entry:default@CreateModuleInfo post-execution cost:1 ms .
[2026-06-02T01:09:58.860] [DEBUG] debug-file - There is no need to refresh cache, since the incremental task entry:default@GenerateMetadata is up-to-date.
[2026-06-02T01:09:58.860] [DEBUG] debug-file - There is no need to refresh cache, since the incremental task entry:default@MergeProfile is up-to-date.
[2026-06-02T01:09:58.860] [DEBUG] debug-file - There is no need to refresh cache, since the incremental task entry:default@CreateBuildProfile is up-to-date.
[2026-06-02T01:09:58.860] [DEBUG] debug-file - There is no need to refresh cache, since the incremental task entry:default@GeneratePkgContextInfo is up-to-date.
[2026-06-02T01:09:58.860] [DEBUG] debug-file - Update task entry:default@ProcessIntegratedHsp output file:D:\HUAWEI\lab4\AirShare\build\cache\default\integrated_hsp\integratedHspCache.json cache.
[2026-06-02T01:09:58.861] [DEBUG] debug-file - Incremental task entry:default@ProcessIntegratedHsp post-execution cost:1 ms .
[2026-06-02T01:09:58.861] [DEBUG] debug-file - There is no need to refresh cache, since the incremental task entry:default@MakePackInfo is up-to-date.
[2026-06-02T01:09:58.861] [DEBUG] debug-file - Update task entry:default@SyscapTransform input file:D:\HUAWEI\DevEco\DevEco Studio\sdk\default\openharmony\toolchains\syscap_tool.exe cache by regenerate.
[2026-06-02T01:09:58.861] [DEBUG] debug-file - Update task entry:default@SyscapTransform input file:D:\HUAWEI\DevEco\DevEco Studio\sdk\default\openharmony\ets\api\device-define cache by regenerate.
[2026-06-02T01:09:58.861] [DEBUG] debug-file - Update task entry:default@SyscapTransform output file:D:\HUAWEI\lab4\AirShare\entry\build\default\intermediates\syscap\default\rpcid.sc cache.
[2026-06-02T01:09:58.861] [DEBUG] debug-file - Incremental task entry:default@SyscapTransform post-execution cost:1 ms .
[2026-06-02T01:09:58.862] [DEBUG] debug-file - There is no need to refresh cache, since the incremental task entry:default@ProcessProfile is up-to-date.
[2026-06-02T01:09:58.862] [DEBUG] debug-file - There is no need to refresh cache, since the incremental task entry:default@ProcessRouterMap is up-to-date.
[2026-06-02T01:09:58.862] [DEBUG] debug-file - There is no need to refresh cache, since the incremental task entry:default@ProcessShareConfig is up-to-date.
[2026-06-02T01:09:58.862] [DEBUG] debug-file - Update task entry:default@ProcessStartupConfig input file:D:\HUAWEI\lab4\AirShare\entry\build\default\intermediates\loader\default\pkgContextInfo.json cache by regenerate.
[2026-06-02T01:09:58.862] [DEBUG] debug-file - Update task entry:default@ProcessStartupConfig output file:D:\HUAWEI\lab4\AirShare\entry\build\default\intermediates\startup\default\startup_config.json cache.
[2026-06-02T01:09:58.862] [DEBUG] debug-file - Incremental task entry:default@ProcessStartupConfig post-execution cost:1 ms .
[2026-06-02T01:09:58.862] [DEBUG] debug-file - There is no need to refresh cache, since the incremental task entry:default@ProcessResource is up-to-date.
[2026-06-02T01:09:58.862] [DEBUG] debug-file - There is no need to refresh cache, since the incremental task entry:default@GenerateLoaderJson is up-to-date.
[2026-06-02T01:09:58.862] [DEBUG] debug-file - There is no need to refresh cache, since the incremental task entry:default@ProcessLibs is up-to-date.
[2026-06-02T01:09:58.863] [DEBUG] debug-file - Update task entry:default@CompileResource input file:D:\HUAWEI\lab4\AirShare\entry\src\main\resources cache by regenerate.
[2026-06-02T01:09:58.864] [DEBUG] debug-file - Update task entry:default@CompileResource input file:D:\HUAWEI\lab4\AirShare\AppScope\resources cache by regenerate.
[2026-06-02T01:09:58.864] [DEBUG] debug-file - Update task entry:default@CompileResource input file:D:\HUAWEI\lab4\AirShare\entry\build\default\intermediates\process_profile\default\module.json cache by regenerate.
[2026-06-02T01:09:58.864] [DEBUG] debug-file - Update task entry:default@CompileResource input file:D:\HUAWEI\lab4\AirShare\entry\build\default\intermediates\res\default\resConfig.json cache by regenerate.
[2026-06-02T01:09:58.864] [DEBUG] debug-file - Update task entry:default@CompileResource output file:D:\HUAWEI\lab4\AirShare\entry\build\default\intermediates\res\default cache.
[2026-06-02T01:09:58.865] [DEBUG] debug-file - Update task entry:default@CompileResource output file:D:\HUAWEI\lab4\AirShare\entry\build\default\generated\r\default\ResourceTable.h cache.
[2026-06-02T01:09:58.865] [DEBUG] debug-file - Update task entry:default@CompileResource output file:D:\HUAWEI\lab4\AirShare\entry\build\default\generated\r\default cache.
[2026-06-02T01:09:58.865] [DEBUG] debug-file - Incremental task entry:default@CompileResource post-execution cost:4 ms .
[2026-06-02T01:09:58.889] [DEBUG] debug-file - There's no busy workers and idle workers need cleanup.
[2026-06-02T01:09:58.890] [DEBUG] debug-file - hvigor build process will be closed.
[2026-06-02T01:09:58.896] [DEBUG] debug-file - session manager: send message to worker process.
[2026-06-02T01:09:58.897] [DEBUG] debug-file - session manager: send message to worker process.
[2026-06-02T01:09:58.896] [DEBUG] debug-file - watch worker: worker id should be larger than 0. Nothing will be sent to any worker thread.
[2026-06-02T01:09:58.897] [DEBUG] debug-file - watch worker: worker id should be larger than 0. Nothing will be sent to any worker thread.
[2026-06-02T01:10:09.779] [DEBUG] debug-file - env: nodejsVersion=v18.20.1
[2026-06-02T01:10:09.838] [DEBUG] debug-file - env: daemon=true
[2026-06-02T01:10:09.780] [DEBUG] debug-file - env: hvigor-config.json5 content = { modelVersion: '6.0.2', dependencies: {} }
[2026-06-02T01:10:10.330] [DEBUG] debug-file - session manager: set active socket. socketId=W7L755SIYRSpUxwMAAAP
[2026-06-02T01:10:10.334] [DEBUG] debug-file - watch worker: worker id should be larger than 0. Nothing will be sent to any worker thread.
[2026-06-02T01:10:10.336] [DEBUG] debug-file - Workers' log level updated to INFO
[2026-06-02T01:10:10.337] [DEBUG] debug-file - Hvigor init with startParameters:{
  hvigorfileTypeCheck: false,
  parallelExecution: true,
  incrementalExecution: true,
  printStackTrace: false,
  daemon: true,
  analyze: 0,
  logLevel: Level { level: 20000, levelStr: 'INFO', colour: 'green' },
  optimizationStrategy: 'memory',
  hotCompile: undefined,
  hotReloadBuild: undefined,
  customizedParam: undefined
}
[2026-06-02T01:10:10.339] [DEBUG] debug-file - Cache service initialization finished in 2 ms 
[2026-06-02T01:10:10.339] [DEBUG] debug-file - hvigorfile, resolving D:\HUAWEI\lab4\AirShare\hvigorfile.ts
[2026-06-02T01:10:10.342] [DEBUG] debug-file - hvigorfile, require result:  { default: { plugins: [] } }
[2026-06-02T01:10:10.342] [DEBUG] debug-file - hvigorfile, binding system plugins null
[2026-06-02T01:10:10.343] [DEBUG] debug-file - Starting plugin build process
[2026-06-02T01:10:10.343] [DEBUG] debug-file - App plugin prepare start...
[2026-06-02T01:10:10.343] [DEBUG] debug-file - App plugin prepare end...
[2026-06-02T01:10:10.343] [DEBUG] debug-file - App plugin creating...
[2026-06-02T01:10:10.346] [DEBUG] debug-file - App plugin register hook start...
[2026-06-02T01:10:10.346] [DEBUG] debug-file - App plugin register hook end...
[2026-06-02T01:10:10.346] [DEBUG] debug-file - Plugin build process completed
[2026-06-02T01:10:10.346] [DEBUG] debug-file - Start initialize project's product build option map with build mode debug.
[2026-06-02T01:10:10.346] [DEBUG] debug-file - Picking option from product 'default' with build mode 'debug'.
[2026-06-02T01:10:10.346] [DEBUG] debug-file - Product 'default' build option initialized
[2026-06-02T01:10:10.346] [DEBUG] debug-file - End initialize project's product build option map with build mode 'debug'.
[2026-06-02T01:10:10.347] [DEBUG] debug-file - Obtain build option for product 'default'in this build.
[2026-06-02T01:10:10.347] [DEBUG] debug-file - No signingConfig found, initRemoteHspCache failed.
[2026-06-02T01:10:10.349] [DEBUG] debug-file - Start recording SDK configuration permission data.
[2026-06-02T01:10:10.368] [DEBUG] debug-file - Sdk init in 21 ms 
[2026-06-02T01:10:10.370] [DEBUG] debug-file - Project task initialization takes 2 ms 
[2026-06-02T01:10:10.370] [DEBUG] debug-file - hvigorfile, binding custom plugins []
[2026-06-02T01:10:10.370] [DEBUG] debug-file - hvigorfile, no custom plugins were found in D:\HUAWEI\lab4\AirShare\hvigorfile.ts
[2026-06-02T01:10:10.370] [DEBUG] debug-file - hvigorfile, resolve finished D:\HUAWEI\lab4\AirShare\hvigorfile.ts
[2026-06-02T01:10:10.370] [DEBUG] debug-file - hvigorfile, resolving D:\HUAWEI\lab4\AirShare\entry\hvigorfile.ts
[2026-06-02T01:10:10.373] [DEBUG] debug-file - hvigorfile, require result:  { default: { plugins: [] } }
[2026-06-02T01:10:10.373] [DEBUG] debug-file - hvigorfile, binding system plugins null
[2026-06-02T01:10:10.373] [DEBUG] debug-file - Starting plugin build process
[2026-06-02T01:10:10.373] [DEBUG] debug-file - Hap plugin creating...
[2026-06-02T01:10:10.373] [DEBUG] debug-file - failed to load cangjie to dynamically generate schemas: Error: Cannot find module '@ohos/cangjie-build-support/index'
Require stack:
- D:\HUAWEI\DevEco\DevEco Studio\tools\hvigor\hvigor-ohos-plugin\src\plugin\hooks\cangjie-register.js
- D:\HUAWEI\DevEco\DevEco Studio\tools\hvigor\hvigor-ohos-plugin\src\plugin\strategy\stage-init-strategy.js
- D:\HUAWEI\DevEco\DevEco Studio\tools\hvigor\hvigor-ohos-plugin\src\plugin\builder\abstract-plugin-builder.js
- D:\HUAWEI\DevEco\DevEco Studio\tools\hvigor\hvigor-ohos-plugin\src\plugin\builder\app-plugin-builder.js
- D:\HUAWEI\DevEco\DevEco Studio\tools\hvigor\hvigor-ohos-plugin\src\plugin\factory\plugin-factory.js
- D:\HUAWEI\DevEco\DevEco Studio\tools\hvigor\hvigor-ohos-plugin\index.js
- D:\HUAWEI\lab4\AirShare\hvigorfile.ts
- D:\HUAWEI\DevEco\DevEco Studio\tools\hvigor\hvigor\src\base\internal\lifecycle\configuration.js
- D:\HUAWEI\DevEco\DevEco Studio\tools\hvigor\hvigor\src\base\boot\index.js
- D:\HUAWEI\DevEco\DevEco Studio\tools\hvigor\hvigor\src\base\daemon\cluster\worker-process-lifecycle.js
- D:\HUAWEI\DevEco\DevEco Studio\tools\hvigor\hvigor\src\base\daemon\process\daemon-process-boot-script.js
[2026-06-02T01:10:10.375] [DEBUG] debug-file - Start initialize module-target build option map, moduleName=entry, buildMode=debug
[2026-06-02T01:10:10.375] [DEBUG] debug-file - Target 'default' config initialized
[2026-06-02T01:10:10.375] [DEBUG] debug-file - Module 'entry' target 'default' build option initialized
[2026-06-02T01:10:10.375] [DEBUG] debug-file - End initialize module-target build option map, moduleName=entry
[2026-06-02T01:10:10.375] [DEBUG] debug-file - Start initialize module-target build option map, moduleName=entry, buildMode=release
[2026-06-02T01:10:10.375] [DEBUG] debug-file - Target 'default' config initialized
[2026-06-02T01:10:10.376] [DEBUG] debug-file - Module 'entry' target 'default' build option initialized
[2026-06-02T01:10:10.376] [DEBUG] debug-file - End initialize module-target build option map, moduleName=entry
[2026-06-02T01:10:10.376] [DEBUG] debug-file - Start initialize module-target build option map, moduleName=entry, buildMode=debug
[2026-06-02T01:10:10.376] [DEBUG] debug-file - Target 'default' config initialized
[2026-06-02T01:10:10.376] [DEBUG] debug-file - Module 'entry' target 'default' build option initialized
[2026-06-02T01:10:10.376] [DEBUG] debug-file - End initialize module-target build option map, moduleName=entry
[2026-06-02T01:10:10.376] [DEBUG] debug-file - Obtain build option for module 'entry' target 'default'in this build.
[2026-06-02T01:10:10.377] [DEBUG] debug-file - Module entry task initialization takes 1 ms 
[2026-06-02T01:10:10.377] [DEBUG] debug-file - Hap plugin register hook start...
[2026-06-02T01:10:10.377] [DEBUG] debug-file - Hap plugin register hook end...
[2026-06-02T01:10:10.377] [DEBUG] debug-file - Plugin build process completed
[2026-06-02T01:10:10.377] [DEBUG] debug-file - hvigorfile, binding custom plugins []
[2026-06-02T01:10:10.377] [DEBUG] debug-file - hvigorfile, no custom plugins were found in D:\HUAWEI\lab4\AirShare\entry\hvigorfile.ts
[2026-06-02T01:10:10.377] [DEBUG] debug-file - hvigorfile, resolve finished D:\HUAWEI\lab4\AirShare\entry\hvigorfile.ts
[2026-06-02T01:10:10.389] [DEBUG] debug-file - hvigorfile, resolve hvigorfile dependencies in 13 ms 
[2026-06-02T01:10:10.390] [DEBUG] debug-file - project has submodules:entry
[2026-06-02T01:10:10.390] [DEBUG] debug-file - start to load updatedOhPackageInfo to the disk
[2026-06-02T01:10:10.395] [DEBUG] debug-file - load to the disk finished
[2026-06-02T01:10:10.396] [DEBUG] debug-file - Start to initialize dependency information.
[2026-06-02T01:10:10.396] [DEBUG] debug-file - Module AirShare Collected Dependency: 
[2026-06-02T01:10:10.396] [DEBUG] debug-file - Module AirShare's total dependency: 0
[2026-06-02T01:10:10.397] [DEBUG] debug-file - Start to initialize dependency information.
[2026-06-02T01:10:10.398] [DEBUG] debug-file - Module entry Collected Dependency: 
[2026-06-02T01:10:10.398] [DEBUG] debug-file - Module entry's total dependency: 0
[2026-06-02T01:10:10.399] [DEBUG] debug-file - Configuration phase cost:60 ms 
[2026-06-02T01:10:10.400] [DEBUG] debug-file - Configuration task cost before running: 64 ms 
[2026-06-02T01:10:10.402] [DEBUG] debug-file - Executing task :entry:default@PreBuild
[2026-06-02T01:10:10.402] [DEBUG] debug-file - Task 'entry:default@PreBuild' cost while wrapping incremental declarations: 1 ms 
[2026-06-02T01:10:10.405] [DEBUG] debug-file - Incremental task entry:default@PreBuild pre-execution cost: 2 ms .
[2026-06-02T01:10:10.405] [DEBUG] debug-file - entry : default@PreBuild cost memory 0.311370849609375
[2026-06-02T01:10:10.406] [INFO] debug-file - UP-TO-DATE :entry:default@PreBuild...  
[2026-06-02T01:10:10.406] [DEBUG] debug-file - Executing task :entry:default@CreateModuleInfo
[2026-06-02T01:10:10.407] [DEBUG] debug-file - Task 'entry:default@CreateModuleInfo' cost while wrapping incremental declarations: 1 ms 
[2026-06-02T01:10:10.407] [DEBUG] debug-file - entry : default@CreateModuleInfo cost memory 0.0413970947265625
[2026-06-02T01:10:10.407] [DEBUG] debug-file - runTaskFromQueue task cost before running: 71 ms 
[2026-06-02T01:10:10.407] [INFO] debug-file - Finished :entry:default@CreateModuleInfo... after 1 ms 
[2026-06-02T01:10:10.407] [DEBUG] debug-file - Executing task :entry:default@GenerateMetadata
[2026-06-02T01:10:10.408] [DEBUG] debug-file - Task 'entry:default@GenerateMetadata' cost while wrapping incremental declarations: 1 ms 
[2026-06-02T01:10:10.408] [DEBUG] debug-file - Incremental task entry:default@GenerateMetadata pre-execution cost: 1 ms .
[2026-06-02T01:10:10.408] [DEBUG] debug-file - entry : default@GenerateMetadata cost memory 0.08315277099609375
[2026-06-02T01:10:10.408] [INFO] debug-file - UP-TO-DATE :entry:default@GenerateMetadata...  
[2026-06-02T01:10:10.409] [DEBUG] debug-file - Executing task :entry:default@ConfigureCmake
[2026-06-02T01:10:10.409] [DEBUG] debug-file - entry : default@ConfigureCmake cost memory 0.0144805908203125
[2026-06-02T01:10:10.409] [DEBUG] debug-file - runTaskFromQueue task cost before running: 73 ms 
[2026-06-02T01:10:10.409] [INFO] debug-file - Finished :entry:default@ConfigureCmake... after 1 ms 
[2026-06-02T01:10:10.409] [DEBUG] debug-file - Executing task :entry:default@MergeProfile
[2026-06-02T01:10:10.409] [DEBUG] debug-file - Task 'entry:default@MergeProfile' cost while wrapping incremental declarations: 1 ms 
[2026-06-02T01:10:10.410] [DEBUG] debug-file - Incremental task entry:default@MergeProfile pre-execution cost: 1 ms .
[2026-06-02T01:10:10.410] [DEBUG] debug-file - entry : default@MergeProfile cost memory 0.12802886962890625
[2026-06-02T01:10:10.411] [INFO] debug-file - UP-TO-DATE :entry:default@MergeProfile...  
[2026-06-02T01:10:10.411] [DEBUG] debug-file - Executing task :entry:default@CreateBuildProfile
[2026-06-02T01:10:10.411] [DEBUG] debug-file - Task 'entry:default@CreateBuildProfile' cost while wrapping incremental declarations: 1 ms 
[2026-06-02T01:10:10.412] [DEBUG] debug-file - Incremental task entry:default@CreateBuildProfile pre-execution cost: 1 ms .
[2026-06-02T01:10:10.412] [DEBUG] debug-file - entry : default@CreateBuildProfile cost memory 0.08972930908203125
[2026-06-02T01:10:10.412] [INFO] debug-file - UP-TO-DATE :entry:default@CreateBuildProfile...  
[2026-06-02T01:10:10.413] [DEBUG] debug-file - Executing task :entry:default@PreCheckSyscap
[2026-06-02T01:10:10.413] [DEBUG] debug-file - entry : default@PreCheckSyscap cost memory 0.01470947265625
[2026-06-02T01:10:10.413] [DEBUG] debug-file - runTaskFromQueue task cost before running: 77 ms 
[2026-06-02T01:10:10.413] [INFO] debug-file - Finished :entry:default@PreCheckSyscap... after 1 ms 
[2026-06-02T01:10:10.413] [DEBUG] debug-file - Executing task :entry:default@GeneratePkgContextInfo
[2026-06-02T01:10:10.416] [DEBUG] debug-file - Task 'entry:default@GeneratePkgContextInfo' cost while wrapping incremental declarations: 1 ms 
[2026-06-02T01:10:10.416] [DEBUG] debug-file - Incremental task entry:default@GeneratePkgContextInfo pre-execution cost: 1 ms .
[2026-06-02T01:10:10.416] [DEBUG] debug-file - entry : default@GeneratePkgContextInfo cost memory -1.404815673828125
[2026-06-02T01:10:10.417] [INFO] debug-file - UP-TO-DATE :entry:default@GeneratePkgContextInfo...  
[2026-06-02T01:10:10.418] [DEBUG] debug-file - Executing task :entry:default@ProcessIntegratedHsp
[2026-06-02T01:10:10.419] [DEBUG] debug-file - entry:default@ProcessIntegratedHsp is not up-to-date, since the output file 'D:\HUAWEI\lab4\AirShare\build\cache\default\integrated_hsp\integratedHspCache.json' does not exist.
[2026-06-02T01:10:10.419] [DEBUG] debug-file - Incremental task entry:default@ProcessIntegratedHsp pre-execution cost: 1 ms .
[2026-06-02T01:10:10.419] [DEBUG] debug-file - entry : default@ProcessIntegratedHsp cost memory 0.0556640625
[2026-06-02T01:10:10.419] [DEBUG] debug-file - runTaskFromQueue task cost before running: 84 ms 
[2026-06-02T01:10:10.419] [INFO] debug-file - Finished :entry:default@ProcessIntegratedHsp... after 1 ms 
[2026-06-02T01:10:10.420] [DEBUG] debug-file - Executing task :entry:default@BuildNativeWithCmake
[2026-06-02T01:10:10.420] [DEBUG] debug-file - entry : default@BuildNativeWithCmake cost memory 0.0144805908203125
[2026-06-02T01:10:10.420] [DEBUG] debug-file - runTaskFromQueue task cost before running: 85 ms 
[2026-06-02T01:10:10.420] [INFO] debug-file - Finished :entry:default@BuildNativeWithCmake... after 1 ms 
[2026-06-02T01:10:10.421] [DEBUG] debug-file - Executing task :entry:default@MakePackInfo
[2026-06-02T01:10:10.423] [DEBUG] debug-file - Incremental task entry:default@MakePackInfo pre-execution cost: 2 ms .
[2026-06-02T01:10:10.423] [DEBUG] debug-file - entry : default@MakePackInfo cost memory 0.13564300537109375
[2026-06-02T01:10:10.423] [INFO] debug-file - UP-TO-DATE :entry:default@MakePackInfo...  
[2026-06-02T01:10:10.425] [DEBUG] debug-file - Executing task :entry:default@SyscapTransform
[2026-06-02T01:10:10.425] [DEBUG] debug-file - File: 'D:\HUAWEI\lab4\AirShare\entry\src\main\syscap.json' from 'sysCapJsonPath' is not exists, just ignore.
[2026-06-02T01:10:10.425] [DEBUG] debug-file - Task 'entry:default@SyscapTransform' cost while wrapping incremental declarations: 1 ms 
[2026-06-02T01:10:10.426] [DEBUG] debug-file - entry:default@SyscapTransform is not up-to-date, since the output file 'D:\HUAWEI\lab4\AirShare\entry\build\default\intermediates\syscap\default\rpcid.sc' does not exist.
[2026-06-02T01:10:10.426] [DEBUG] debug-file - Incremental task entry:default@SyscapTransform pre-execution cost: 1 ms .
[2026-06-02T01:10:10.426] [DEBUG] debug-file - entry : default@SyscapTransform cost memory 0.1419525146484375
[2026-06-02T01:10:10.426] [DEBUG] debug-file - runTaskFromQueue task cost before running: 91 ms 
[2026-06-02T01:10:10.426] [INFO] debug-file - Finished :entry:default@SyscapTransform... after 2 ms 
[2026-06-02T01:10:10.427] [DEBUG] debug-file - Executing task :entry:default@ProcessProfile
[2026-06-02T01:10:10.428] [DEBUG] debug-file - Task 'entry:default@ProcessProfile' cost while wrapping incremental declarations: 1 ms 
[2026-06-02T01:10:10.428] [DEBUG] debug-file - Incremental task entry:default@ProcessProfile pre-execution cost: 1 ms .
[2026-06-02T01:10:10.428] [DEBUG] debug-file - entry : default@ProcessProfile cost memory 0.1386871337890625
[2026-06-02T01:10:10.428] [INFO] debug-file - UP-TO-DATE :entry:default@ProcessProfile...  
[2026-06-02T01:10:10.429] [DEBUG] debug-file - Executing task :entry:default@ProcessRouterMap
[2026-06-02T01:10:10.430] [DEBUG] debug-file - Incremental task entry:default@ProcessRouterMap pre-execution cost: 1 ms .
[2026-06-02T01:10:10.430] [DEBUG] debug-file - entry : default@ProcessRouterMap cost memory 0.15550994873046875
[2026-06-02T01:10:10.431] [INFO] debug-file - UP-TO-DATE :entry:default@ProcessRouterMap...  
[2026-06-02T01:10:10.431] [DEBUG] debug-file - Executing task :entry:default@ProcessShareConfig
[2026-06-02T01:10:10.433] [DEBUG] debug-file - Incremental task entry:default@ProcessShareConfig pre-execution cost: 2 ms .
[2026-06-02T01:10:10.433] [DEBUG] debug-file - entry : default@ProcessShareConfig cost memory -1.4310989379882812
[2026-06-02T01:10:10.434] [INFO] debug-file - UP-TO-DATE :entry:default@ProcessShareConfig...  
[2026-06-02T01:10:10.434] [DEBUG] debug-file - Executing task :entry:default@ProcessStartupConfig
[2026-06-02T01:10:10.434] [DEBUG] debug-file - Task 'entry:default@ProcessStartupConfig' cost while wrapping incremental declarations: 1 ms 
[2026-06-02T01:10:10.435] [DEBUG] debug-file - entry:default@ProcessStartupConfig is not up-to-date, since the output file 'D:\HUAWEI\lab4\AirShare\entry\build\default\intermediates\startup\default\startup_config.json' does not exist.
[2026-06-02T01:10:10.435] [DEBUG] debug-file - Incremental task entry:default@ProcessStartupConfig pre-execution cost: 1 ms .
[2026-06-02T01:10:10.435] [DEBUG] debug-file - entry : default@ProcessStartupConfig cost memory 0.12575531005859375
[2026-06-02T01:10:10.435] [DEBUG] debug-file - runTaskFromQueue task cost before running: 100 ms 
[2026-06-02T01:10:10.435] [INFO] debug-file - Finished :entry:default@ProcessStartupConfig... after 2 ms 
[2026-06-02T01:10:10.436] [DEBUG] debug-file - Executing task :entry:default@BuildNativeWithNinja
[2026-06-02T01:10:10.436] [DEBUG] debug-file - entry : default@BuildNativeWithNinja cost memory 0.02057647705078125
[2026-06-02T01:10:10.436] [DEBUG] debug-file - runTaskFromQueue task cost before running: 101 ms 
[2026-06-02T01:10:10.436] [INFO] debug-file - Finished :entry:default@BuildNativeWithNinja... after 1 ms 
[2026-06-02T01:10:10.437] [DEBUG] debug-file - restool module names: entry; moduleName=entry, taskName=default@ProcessResource
[2026-06-02T01:10:10.438] [DEBUG] debug-file - Executing task :entry:default@ProcessResource
[2026-06-02T01:10:10.438] [DEBUG] debug-file - Task 'entry:default@ProcessResource' cost while wrapping incremental declarations: 1 ms 
[2026-06-02T01:10:10.438] [DEBUG] debug-file - Incremental task entry:default@ProcessResource pre-execution cost: 1 ms .
[2026-06-02T01:10:10.438] [DEBUG] debug-file - entry : default@ProcessResource cost memory 0.12581634521484375
[2026-06-02T01:10:10.439] [INFO] debug-file - UP-TO-DATE :entry:default@ProcessResource...  
[2026-06-02T01:10:10.440] [DEBUG] debug-file - Executing task :entry:default@GenerateLoaderJson
[2026-06-02T01:10:10.441] [DEBUG] debug-file - Task 'entry:default@GenerateLoaderJson' cost while wrapping incremental declarations: 1 ms 
[2026-06-02T01:10:10.444] [DEBUG] debug-file - Incremental task entry:default@GenerateLoaderJson pre-execution cost: 2 ms .
[2026-06-02T01:10:10.444] [DEBUG] debug-file - entry : default@GenerateLoaderJson cost memory 0.36785888671875
[2026-06-02T01:10:10.446] [INFO] debug-file - UP-TO-DATE :entry:default@GenerateLoaderJson...  
[2026-06-02T01:10:10.446] [DEBUG] debug-file - Executing task :entry:default@ProcessLibs
[2026-06-02T01:10:10.447] [DEBUG] debug-file - Incremental task entry:default@ProcessLibs pre-execution cost: 1 ms .
[2026-06-02T01:10:10.447] [DEBUG] debug-file - entry : default@ProcessLibs cost memory 0.09815216064453125
[2026-06-02T01:10:10.448] [INFO] debug-file - UP-TO-DATE :entry:default@ProcessLibs...  
[2026-06-02T01:10:10.448] [DEBUG] debug-file - restool module names: entry; moduleName=entry, taskName=default@CompileResource
[2026-06-02T01:10:10.449] [DEBUG] debug-file - Executing task :entry:default@CompileResource
[2026-06-02T01:10:10.451] [DEBUG] debug-file - Use tool [D:\HUAWEI\DevEco\DevEco Studio\sdk\default\openharmony\toolchains\restool.exe]
 [
  'D:\\HUAWEI\\DevEco\\DevEco Studio\\sdk\\default\\openharmony\\toolchains\\restool.exe',
  '-l',
  'D:\\HUAWEI\\lab4\\AirShare\\entry\\build\\default\\intermediates\\res\\default\\resConfig.json'
]
[2026-06-02T01:10:10.451] [DEBUG] debug-file - current process  memoryUsage: {
  rss: 181190656,
  heapTotal: 125853696,
  heapUsed: 115984552,
  external: 3144953,
  arrayBuffers: 117290
} os memoryUsage :19.918502807617188
[2026-06-02T01:10:10.488] [DEBUG] debug-file - Info: Pack: normal pack mode

[2026-06-02T01:10:10.529] [DEBUG] debug-file - Info: hardware concurrency count is : 20
Info: thread count is : 20

[2026-06-02T01:10:10.529] [DEBUG] debug-file - Info: thread pool is started

[2026-06-02T01:10:10.530] [DEBUG] debug-file - Info: GenericCompiler::CompileFiles

[2026-06-02T01:10:10.535] [DEBUG] debug-file - Info: CopyBinaryFile: stop copy binary file.

[2026-06-02T01:10:10.535] [DEBUG] debug-file - Info: thread pool is stopped

[2026-06-02T01:10:10.591] [DEBUG] debug-file - ERROR: command = D:\HUAWEI\DevEco\DevEco Studio\sdk\default\openharmony\toolchains\restool.exe -l D:\HUAWEI\lab4\AirShare\entry\build\default\intermediates\res\default\resConfig.json
[2026-06-02T01:10:10.592] [ERROR] debug-file - Failed :entry:default@CompileResource... 
[2026-06-02T01:10:10.592] [DEBUG] debug-file - hvigor build process will be closed with an error.
[2026-06-02T01:10:10.592] [DEBUG] debug-file - ERROR: stacktrace = Error: Tools execution failed.
Error Code: 11211104
Error: Resource Pack Error
Error Message: Invalid resource directory name 'color'. Valid values: ["element","media","profile"]. At file: D:\HUAWEI\lab4\AirShare\entry\src\main\resources\base\color
	 Detail: Please check the message from tools.
    at OhosLogger.errorMessageExit (D:\HUAWEI\DevEco\DevEco Studio\tools\hvigor\hvigor\src\base\log\hvigor-log.js:1:3497)
    at OhosLogger._printErrorAndExit (D:\HUAWEI\DevEco\DevEco Studio\tools\hvigor\hvigor-ohos-plugin\src\utils\log\ohos-logger.js:1:2024)
    at ProcessUtils.handleException (D:\HUAWEI\DevEco\DevEco Studio\tools\hvigor\hvigor-ohos-plugin\src\utils\process-utils.js:1:5247)
    at ProcessUtils.execute (D:\HUAWEI\DevEco\DevEco Studio\tools\hvigor\hvigor-ohos-plugin\src\utils\process-utils.js:1:3547)
    at process.processTicksAndRejections (node:internal/process/task_queues:95:5)
    at async CompileResource.executeCommand (D:\HUAWEI\DevEco\DevEco Studio\tools\hvigor\hvigor-ohos-plugin\src\tasks\abstract\abstract-compile-resource.js:1:3537)
    at async CompileResource.invokeRestool (D:\HUAWEI\DevEco\DevEco Studio\tools\hvigor\hvigor-ohos-plugin\src\tasks\compile-resource.js:1:4235)
    at async CompileResource.compilationProcess (D:\HUAWEI\DevEco\DevEco Studio\tools\hvigor\hvigor-ohos-plugin\src\tasks\abstract\abstract-compile-resource.js:1:2832)
    at async Promise.all (index 0)
    at async CompileResource.doTaskAction (D:\HUAWEI\DevEco\DevEco Studio\tools\hvigor\hvigor-ohos-plugin\src\tasks\compile-resource.js:1:3859)
[2026-06-02T01:10:10.592] [ERROR] debug-file - Error: Tools execution failed.
Error Code: 11211104
Error: Resource Pack Error
Error Message: Invalid resource directory name 'color'. Valid values: ["element","media","profile"]. At file: D:\HUAWEI\lab4\AirShare\entry\src\main\resources\base\color
	 Detail: Please check the message from tools.
    at OhosLogger.errorMessageExit (D:\HUAWEI\DevEco\DevEco Studio\tools\hvigor\hvigor\src\base\log\hvigor-log.js:1:3497)
    at OhosLogger._printErrorAndExit (D:\HUAWEI\DevEco\DevEco Studio\tools\hvigor\hvigor-ohos-plugin\src\utils\log\ohos-logger.js:1:2024)
    at ProcessUtils.handleException (D:\HUAWEI\DevEco\DevEco Studio\tools\hvigor\hvigor-ohos-plugin\src\utils\process-utils.js:1:5247)
    at ProcessUtils.execute (D:\HUAWEI\DevEco\DevEco Studio\tools\hvigor\hvigor-ohos-plugin\src\utils\process-utils.js:1:3547)
    at process.processTicksAndRejections (node:internal/process/task_queues:95:5)
    at async CompileResource.executeCommand (D:\HUAWEI\DevEco\DevEco Studio\tools\hvigor\hvigor-ohos-plugin\src\tasks\abstract\abstract-compile-resource.js:1:3537)
    at async CompileResource.invokeRestool (D:\HUAWEI\DevEco\DevEco Studio\tools\hvigor\hvigor-ohos-plugin\src\tasks\compile-resource.js:1:4235)
    at async CompileResource.compilationProcess (D:\HUAWEI\DevEco\DevEco Studio\tools\hvigor\hvigor-ohos-plugin\src\tasks\abstract\abstract-compile-resource.js:1:2832)
    at async Promise.all (index 0)
    at async CompileResource.doTaskAction (D:\HUAWEI\DevEco\DevEco Studio\tools\hvigor\hvigor-ohos-plugin\src\tasks\compile-resource.js:1:3859)
[2026-06-02T01:10:10.606] [ERROR] debug-file - BUILD FAILED in 270 ms 
[2026-06-02T01:10:10.606] [DEBUG] debug-file - There is no need to refresh cache, since the incremental task entry:default@PreBuild is up-to-date.
[2026-06-02T01:10:10.606] [DEBUG] debug-file - Update task entry:default@CreateModuleInfo output file:D:\HUAWEI\lab4\AirShare\entry\build\default\generated\profile\default\ModuleInfo.ts cache.
[2026-06-02T01:10:10.606] [DEBUG] debug-file - Incremental task entry:default@CreateModuleInfo post-execution cost:1 ms .
[2026-06-02T01:10:10.606] [DEBUG] debug-file - There is no need to refresh cache, since the incremental task entry:default@GenerateMetadata is up-to-date.
[2026-06-02T01:10:10.606] [DEBUG] debug-file - There is no need to refresh cache, since the incremental task entry:default@MergeProfile is up-to-date.
[2026-06-02T01:10:10.606] [DEBUG] debug-file - There is no need to refresh cache, since the incremental task entry:default@CreateBuildProfile is up-to-date.
[2026-06-02T01:10:10.606] [DEBUG] debug-file - There is no need to refresh cache, since the incremental task entry:default@GeneratePkgContextInfo is up-to-date.
[2026-06-02T01:10:10.606] [DEBUG] debug-file - Update task entry:default@ProcessIntegratedHsp output file:D:\HUAWEI\lab4\AirShare\build\cache\default\integrated_hsp\integratedHspCache.json cache.
[2026-06-02T01:10:10.606] [DEBUG] debug-file - Incremental task entry:default@ProcessIntegratedHsp post-execution cost:1 ms .
[2026-06-02T01:10:10.606] [DEBUG] debug-file - There is no need to refresh cache, since the incremental task entry:default@MakePackInfo is up-to-date.
[2026-06-02T01:10:10.606] [DEBUG] debug-file - Update task entry:default@SyscapTransform input file:D:\HUAWEI\DevEco\DevEco Studio\sdk\default\openharmony\toolchains\syscap_tool.exe cache by regenerate.
[2026-06-02T01:10:10.607] [DEBUG] debug-file - Update task entry:default@SyscapTransform input file:D:\HUAWEI\DevEco\DevEco Studio\sdk\default\openharmony\ets\api\device-define cache by regenerate.
[2026-06-02T01:10:10.607] [DEBUG] debug-file - Update task entry:default@SyscapTransform output file:D:\HUAWEI\lab4\AirShare\entry\build\default\intermediates\syscap\default\rpcid.sc cache.
[2026-06-02T01:10:10.607] [DEBUG] debug-file - Incremental task entry:default@SyscapTransform post-execution cost:1 ms .
[2026-06-02T01:10:10.607] [DEBUG] debug-file - There is no need to refresh cache, since the incremental task entry:default@ProcessProfile is up-to-date.
[2026-06-02T01:10:10.607] [DEBUG] debug-file - There is no need to refresh cache, since the incremental task entry:default@ProcessRouterMap is up-to-date.
[2026-06-02T01:10:10.607] [DEBUG] debug-file - There is no need to refresh cache, since the incremental task entry:default@ProcessShareConfig is up-to-date.
[2026-06-02T01:10:10.607] [DEBUG] debug-file - Update task entry:default@ProcessStartupConfig input file:D:\HUAWEI\lab4\AirShare\entry\build\default\intermediates\loader\default\pkgContextInfo.json cache by regenerate.
[2026-06-02T01:10:10.608] [DEBUG] debug-file - Update task entry:default@ProcessStartupConfig output file:D:\HUAWEI\lab4\AirShare\entry\build\default\intermediates\startup\default\startup_config.json cache.
[2026-06-02T01:10:10.608] [DEBUG] debug-file - Incremental task entry:default@ProcessStartupConfig post-execution cost:1 ms .
[2026-06-02T01:10:10.608] [DEBUG] debug-file - There is no need to refresh cache, since the incremental task entry:default@ProcessResource is up-to-date.
[2026-06-02T01:10:10.608] [DEBUG] debug-file - There is no need to refresh cache, since the incremental task entry:default@GenerateLoaderJson is up-to-date.
[2026-06-02T01:10:10.608] [DEBUG] debug-file - There is no need to refresh cache, since the incremental task entry:default@ProcessLibs is up-to-date.
[2026-06-02T01:10:10.608] [DEBUG] debug-file - Update task entry:default@CompileResource input file:D:\HUAWEI\lab4\AirShare\entry\src\main\resources cache by regenerate.
[2026-06-02T01:10:10.609] [DEBUG] debug-file - Update task entry:default@CompileResource input file:D:\HUAWEI\lab4\AirShare\AppScope\resources cache by regenerate.
[2026-06-02T01:10:10.610] [DEBUG] debug-file - Update task entry:default@CompileResource input file:D:\HUAWEI\lab4\AirShare\entry\build\default\intermediates\process_profile\default\module.json cache by regenerate.
[2026-06-02T01:10:10.610] [DEBUG] debug-file - Update task entry:default@CompileResource input file:D:\HUAWEI\lab4\AirShare\entry\build\default\intermediates\res\default\resConfig.json cache by regenerate.
[2026-06-02T01:10:10.610] [DEBUG] debug-file - Update task entry:default@CompileResource output file:D:\HUAWEI\lab4\AirShare\entry\build\default\intermediates\res\default cache.
[2026-06-02T01:10:10.611] [DEBUG] debug-file - Update task entry:default@CompileResource output file:D:\HUAWEI\lab4\AirShare\entry\build\default\generated\r\default\ResourceTable.h cache.
[2026-06-02T01:10:10.611] [DEBUG] debug-file - Update task entry:default@CompileResource output file:D:\HUAWEI\lab4\AirShare\entry\build\default\generated\r\default cache.
[2026-06-02T01:10:10.611] [DEBUG] debug-file - Incremental task entry:default@CompileResource post-execution cost:4 ms .
[2026-06-02T01:10:10.633] [DEBUG] debug-file - There's no busy workers and idle workers need cleanup.
[2026-06-02T01:10:10.633] [DEBUG] debug-file - hvigor build process will be closed.
[2026-06-02T01:10:10.640] [DEBUG] debug-file - session manager: send message to worker process.
[2026-06-02T01:10:10.640] [DEBUG] debug-file - session manager: send message to worker process.
[2026-06-02T01:10:10.640] [DEBUG] debug-file - watch worker: worker id should be larger than 0. Nothing will be sent to any worker thread.
[2026-06-02T01:10:10.640] [DEBUG] debug-file - watch worker: worker id should be larger than 0. Nothing will be sent to any worker thread.
[2026-06-02T01:10:35.402] [DEBUG] debug-file - env: nodejsVersion=v18.20.1
[2026-06-02T01:10:35.463] [DEBUG] debug-file - env: daemon=true
[2026-06-02T01:10:35.403] [DEBUG] debug-file - env: hvigor-config.json5 content = { modelVersion: '6.0.2', dependencies: {} }
[2026-06-02T01:10:35.940] [DEBUG] debug-file - session manager: set active socket. socketId=CGa3IsUKJJUncpR8AAAR
[2026-06-02T01:10:35.945] [DEBUG] debug-file - watch worker: worker id should be larger than 0. Nothing will be sent to any worker thread.
[2026-06-02T01:10:35.947] [DEBUG] debug-file - Workers' log level updated to INFO
[2026-06-02T01:10:35.949] [DEBUG] debug-file - Hvigor init with startParameters:{
  hvigorfileTypeCheck: false,
  parallelExecution: true,
  incrementalExecution: true,
  printStackTrace: false,
  daemon: true,
  analyze: 0,
  logLevel: Level { level: 20000, levelStr: 'INFO', colour: 'green' },
  optimizationStrategy: 'memory',
  hotCompile: undefined,
  hotReloadBuild: undefined,
  customizedParam: undefined
}
[2026-06-02T01:10:35.950] [DEBUG] debug-file - Cache service initialization finished in 2 ms 
[2026-06-02T01:10:35.950] [DEBUG] debug-file - hvigorfile, resolving D:\HUAWEI\lab4\AirShare\hvigorfile.ts
[2026-06-02T01:10:35.953] [DEBUG] debug-file - hvigorfile, require result:  { default: { plugins: [] } }
[2026-06-02T01:10:35.953] [DEBUG] debug-file - hvigorfile, binding system plugins null
[2026-06-02T01:10:35.954] [DEBUG] debug-file - Starting plugin build process
[2026-06-02T01:10:35.954] [DEBUG] debug-file - App plugin prepare start...
[2026-06-02T01:10:35.954] [DEBUG] debug-file - App plugin prepare end...
[2026-06-02T01:10:35.954] [DEBUG] debug-file - App plugin creating...
[2026-06-02T01:10:35.956] [DEBUG] debug-file - App plugin register hook start...
[2026-06-02T01:10:35.957] [DEBUG] debug-file - App plugin register hook end...
[2026-06-02T01:10:35.957] [DEBUG] debug-file - Plugin build process completed
[2026-06-02T01:10:35.957] [DEBUG] debug-file - Start initialize project's product build option map with build mode debug.
[2026-06-02T01:10:35.957] [DEBUG] debug-file - Picking option from product 'default' with build mode 'debug'.
[2026-06-02T01:10:35.958] [DEBUG] debug-file - Product 'default' build option initialized
[2026-06-02T01:10:35.958] [DEBUG] debug-file - End initialize project's product build option map with build mode 'debug'.
[2026-06-02T01:10:35.958] [DEBUG] debug-file - Obtain build option for product 'default'in this build.
[2026-06-02T01:10:35.959] [DEBUG] debug-file - No signingConfig found, initRemoteHspCache failed.
[2026-06-02T01:10:35.961] [DEBUG] debug-file - Start recording SDK configuration permission data.
[2026-06-02T01:10:35.979] [DEBUG] debug-file - Sdk init in 20 ms 
[2026-06-02T01:10:35.982] [DEBUG] debug-file - Project task initialization takes 3 ms 
[2026-06-02T01:10:35.982] [DEBUG] debug-file - hvigorfile, binding custom plugins []
[2026-06-02T01:10:35.982] [DEBUG] debug-file - hvigorfile, no custom plugins were found in D:\HUAWEI\lab4\AirShare\hvigorfile.ts
[2026-06-02T01:10:35.982] [DEBUG] debug-file - hvigorfile, resolve finished D:\HUAWEI\lab4\AirShare\hvigorfile.ts
[2026-06-02T01:10:35.982] [DEBUG] debug-file - hvigorfile, resolving D:\HUAWEI\lab4\AirShare\entry\hvigorfile.ts
[2026-06-02T01:10:35.984] [DEBUG] debug-file - hvigorfile, require result:  { default: { plugins: [] } }
[2026-06-02T01:10:35.984] [DEBUG] debug-file - hvigorfile, binding system plugins null
[2026-06-02T01:10:35.984] [DEBUG] debug-file - Starting plugin build process
[2026-06-02T01:10:35.985] [DEBUG] debug-file - Hap plugin creating...
[2026-06-02T01:10:35.985] [DEBUG] debug-file - failed to load cangjie to dynamically generate schemas: Error: Cannot find module '@ohos/cangjie-build-support/index'
Require stack:
- D:\HUAWEI\DevEco\DevEco Studio\tools\hvigor\hvigor-ohos-plugin\src\plugin\hooks\cangjie-register.js
- D:\HUAWEI\DevEco\DevEco Studio\tools\hvigor\hvigor-ohos-plugin\src\plugin\strategy\stage-init-strategy.js
- D:\HUAWEI\DevEco\DevEco Studio\tools\hvigor\hvigor-ohos-plugin\src\plugin\builder\abstract-plugin-builder.js
- D:\HUAWEI\DevEco\DevEco Studio\tools\hvigor\hvigor-ohos-plugin\src\plugin\builder\app-plugin-builder.js
- D:\HUAWEI\DevEco\DevEco Studio\tools\hvigor\hvigor-ohos-plugin\src\plugin\factory\plugin-factory.js
- D:\HUAWEI\DevEco\DevEco Studio\tools\hvigor\hvigor-ohos-plugin\index.js
- D:\HUAWEI\lab4\AirShare\hvigorfile.ts
- D:\HUAWEI\DevEco\DevEco Studio\tools\hvigor\hvigor\src\base\internal\lifecycle\configuration.js
- D:\HUAWEI\DevEco\DevEco Studio\tools\hvigor\hvigor\src\base\boot\index.js
- D:\HUAWEI\DevEco\DevEco Studio\tools\hvigor\hvigor\src\base\daemon\cluster\worker-process-lifecycle.js
- D:\HUAWEI\DevEco\DevEco Studio\tools\hvigor\hvigor\src\base\daemon\process\daemon-process-boot-script.js
[2026-06-02T01:10:35.987] [DEBUG] debug-file - Start initialize module-target build option map, moduleName=entry, buildMode=debug
[2026-06-02T01:10:35.987] [DEBUG] debug-file - Target 'default' config initialized
[2026-06-02T01:10:35.987] [DEBUG] debug-file - Module 'entry' target 'default' build option initialized
[2026-06-02T01:10:35.987] [DEBUG] debug-file - End initialize module-target build option map, moduleName=entry
[2026-06-02T01:10:35.987] [DEBUG] debug-file - Start initialize module-target build option map, moduleName=entry, buildMode=release
[2026-06-02T01:10:35.987] [DEBUG] debug-file - Target 'default' config initialized
[2026-06-02T01:10:35.987] [DEBUG] debug-file - Module 'entry' target 'default' build option initialized
[2026-06-02T01:10:35.988] [DEBUG] debug-file - End initialize module-target build option map, moduleName=entry
[2026-06-02T01:10:35.988] [DEBUG] debug-file - Start initialize module-target build option map, moduleName=entry, buildMode=debug
[2026-06-02T01:10:35.988] [DEBUG] debug-file - Target 'default' config initialized
[2026-06-02T01:10:35.988] [DEBUG] debug-file - Module 'entry' target 'default' build option initialized
[2026-06-02T01:10:35.988] [DEBUG] debug-file - End initialize module-target build option map, moduleName=entry
[2026-06-02T01:10:35.988] [DEBUG] debug-file - Obtain build option for module 'entry' target 'default'in this build.
[2026-06-02T01:10:35.990] [DEBUG] debug-file - Module entry task initialization takes 2 ms 
[2026-06-02T01:10:35.990] [DEBUG] debug-file - Hap plugin register hook start...
[2026-06-02T01:10:35.990] [DEBUG] debug-file - Hap plugin register hook end...
[2026-06-02T01:10:35.990] [DEBUG] debug-file - Plugin build process completed
[2026-06-02T01:10:35.990] [DEBUG] debug-file - hvigorfile, binding custom plugins []
[2026-06-02T01:10:35.990] [DEBUG] debug-file - hvigorfile, no custom plugins were found in D:\HUAWEI\lab4\AirShare\entry\hvigorfile.ts
[2026-06-02T01:10:35.990] [DEBUG] debug-file - hvigorfile, resolve finished D:\HUAWEI\lab4\AirShare\entry\hvigorfile.ts
[2026-06-02T01:10:36.002] [DEBUG] debug-file - hvigorfile, resolve hvigorfile dependencies in 12 ms 
[2026-06-02T01:10:36.002] [DEBUG] debug-file - project has submodules:entry
[2026-06-02T01:10:36.003] [DEBUG] debug-file - start to load updatedOhPackageInfo to the disk
[2026-06-02T01:10:36.008] [DEBUG] debug-file - load to the disk finished
[2026-06-02T01:10:36.008] [DEBUG] debug-file - Start to initialize dependency information.
[2026-06-02T01:10:36.009] [DEBUG] debug-file - Module AirShare Collected Dependency: 
[2026-06-02T01:10:36.009] [DEBUG] debug-file - Module AirShare's total dependency: 0
[2026-06-02T01:10:36.009] [DEBUG] debug-file - Start to initialize dependency information.
[2026-06-02T01:10:36.010] [DEBUG] debug-file - Module entry Collected Dependency: 
[2026-06-02T01:10:36.011] [DEBUG] debug-file - Module entry's total dependency: 0
[2026-06-02T01:10:36.011] [DEBUG] debug-file - Configuration phase cost:62 ms 
[2026-06-02T01:10:36.012] [DEBUG] debug-file - Configuration task cost before running: 65 ms 
[2026-06-02T01:10:36.014] [DEBUG] debug-file - Executing task :entry:default@PreBuild
[2026-06-02T01:10:36.014] [DEBUG] debug-file - Task 'entry:default@PreBuild' cost while wrapping incremental declarations: 1 ms 
[2026-06-02T01:10:36.017] [DEBUG] debug-file - Incremental task entry:default@PreBuild pre-execution cost: 2 ms .
[2026-06-02T01:10:36.017] [DEBUG] debug-file - entry : default@PreBuild cost memory 0.3065185546875
[2026-06-02T01:10:36.018] [INFO] debug-file - UP-TO-DATE :entry:default@PreBuild...  
[2026-06-02T01:10:36.019] [DEBUG] debug-file - Executing task :entry:default@CreateModuleInfo
[2026-06-02T01:10:36.019] [DEBUG] debug-file - Task 'entry:default@CreateModuleInfo' cost while wrapping incremental declarations: 1 ms 
[2026-06-02T01:10:36.019] [DEBUG] debug-file - entry : default@CreateModuleInfo cost memory 0.0413970947265625
[2026-06-02T01:10:36.019] [DEBUG] debug-file - runTaskFromQueue task cost before running: 72 ms 
[2026-06-02T01:10:36.019] [INFO] debug-file - Finished :entry:default@CreateModuleInfo... after 1 ms 
[2026-06-02T01:10:36.020] [DEBUG] debug-file - Executing task :entry:default@GenerateMetadata
[2026-06-02T01:10:36.020] [DEBUG] debug-file - Task 'entry:default@GenerateMetadata' cost while wrapping incremental declarations: 1 ms 
[2026-06-02T01:10:36.021] [DEBUG] debug-file - Incremental task entry:default@GenerateMetadata pre-execution cost: 1 ms .
[2026-06-02T01:10:36.021] [DEBUG] debug-file - entry : default@GenerateMetadata cost memory 0.08301544189453125
[2026-06-02T01:10:36.021] [INFO] debug-file - UP-TO-DATE :entry:default@GenerateMetadata...  
[2026-06-02T01:10:36.021] [DEBUG] debug-file - Executing task :entry:default@ConfigureCmake
[2026-06-02T01:10:36.021] [DEBUG] debug-file - entry : default@ConfigureCmake cost memory 0.0144805908203125
[2026-06-02T01:10:36.021] [DEBUG] debug-file - runTaskFromQueue task cost before running: 75 ms 
[2026-06-02T01:10:36.022] [INFO] debug-file - Finished :entry:default@ConfigureCmake... after 1 ms 
[2026-06-02T01:10:36.022] [DEBUG] debug-file - Executing task :entry:default@MergeProfile
[2026-06-02T01:10:36.022] [DEBUG] debug-file - Task 'entry:default@MergeProfile' cost while wrapping incremental declarations: 1 ms 
[2026-06-02T01:10:36.023] [DEBUG] debug-file - Incremental task entry:default@MergeProfile pre-execution cost: 1 ms .
[2026-06-02T01:10:36.023] [DEBUG] debug-file - entry : default@MergeProfile cost memory 0.1282196044921875
[2026-06-02T01:10:36.023] [INFO] debug-file - UP-TO-DATE :entry:default@MergeProfile...  
[2026-06-02T01:10:36.024] [DEBUG] debug-file - Executing task :entry:default@CreateBuildProfile
[2026-06-02T01:10:36.024] [DEBUG] debug-file - Task 'entry:default@CreateBuildProfile' cost while wrapping incremental declarations: 1 ms 
[2026-06-02T01:10:36.025] [DEBUG] debug-file - Incremental task entry:default@CreateBuildProfile pre-execution cost: 1 ms .
[2026-06-02T01:10:36.025] [DEBUG] debug-file - entry : default@CreateBuildProfile cost memory 0.08957672119140625
[2026-06-02T01:10:36.025] [INFO] debug-file - UP-TO-DATE :entry:default@CreateBuildProfile...  
[2026-06-02T01:10:36.026] [DEBUG] debug-file - Executing task :entry:default@PreCheckSyscap
[2026-06-02T01:10:36.026] [DEBUG] debug-file - entry : default@PreCheckSyscap cost memory 0.01480865478515625
[2026-06-02T01:10:36.026] [DEBUG] debug-file - runTaskFromQueue task cost before running: 79 ms 
[2026-06-02T01:10:36.026] [INFO] debug-file - Finished :entry:default@PreCheckSyscap... after 1 ms 
[2026-06-02T01:10:36.027] [DEBUG] debug-file - Executing task :entry:default@GeneratePkgContextInfo
[2026-06-02T01:10:36.028] [DEBUG] debug-file - Task 'entry:default@GeneratePkgContextInfo' cost while wrapping incremental declarations: 1 ms 
[2026-06-02T01:10:36.029] [DEBUG] debug-file - Incremental task entry:default@GeneratePkgContextInfo pre-execution cost: 1 ms .
[2026-06-02T01:10:36.029] [DEBUG] debug-file - entry : default@GeneratePkgContextInfo cost memory 0.2310028076171875
[2026-06-02T01:10:36.029] [INFO] debug-file - UP-TO-DATE :entry:default@GeneratePkgContextInfo...  
[2026-06-02T01:10:36.031] [DEBUG] debug-file - Executing task :entry:default@ProcessIntegratedHsp
[2026-06-02T01:10:36.031] [DEBUG] debug-file - entry:default@ProcessIntegratedHsp is not up-to-date, since the output file 'D:\HUAWEI\lab4\AirShare\build\cache\default\integrated_hsp\integratedHspCache.json' does not exist.
[2026-06-02T01:10:36.031] [DEBUG] debug-file - Incremental task entry:default@ProcessIntegratedHsp pre-execution cost: 1 ms .
[2026-06-02T01:10:36.031] [DEBUG] debug-file - entry : default@ProcessIntegratedHsp cost memory 0.0557403564453125
[2026-06-02T01:10:36.031] [DEBUG] debug-file - runTaskFromQueue task cost before running: 84 ms 
[2026-06-02T01:10:36.031] [INFO] debug-file - Finished :entry:default@ProcessIntegratedHsp... after 1 ms 
[2026-06-02T01:10:36.032] [DEBUG] debug-file - Executing task :entry:default@BuildNativeWithCmake
[2026-06-02T01:10:36.032] [DEBUG] debug-file - entry : default@BuildNativeWithCmake cost memory 0.0144805908203125
[2026-06-02T01:10:36.032] [DEBUG] debug-file - runTaskFromQueue task cost before running: 85 ms 
[2026-06-02T01:10:36.032] [INFO] debug-file - Finished :entry:default@BuildNativeWithCmake... after 1 ms 
[2026-06-02T01:10:36.032] [DEBUG] debug-file - Executing task :entry:default@MakePackInfo
[2026-06-02T01:10:36.033] [DEBUG] debug-file - Incremental task entry:default@MakePackInfo pre-execution cost: 1 ms .
[2026-06-02T01:10:36.033] [DEBUG] debug-file - entry : default@MakePackInfo cost memory 0.10404205322265625
[2026-06-02T01:10:36.033] [INFO] debug-file - UP-TO-DATE :entry:default@MakePackInfo...  
[2026-06-02T01:10:36.034] [DEBUG] debug-file - Executing task :entry:default@SyscapTransform
[2026-06-02T01:10:36.034] [DEBUG] debug-file - File: 'D:\HUAWEI\lab4\AirShare\entry\src\main\syscap.json' from 'sysCapJsonPath' is not exists, just ignore.
[2026-06-02T01:10:36.034] [DEBUG] debug-file - Task 'entry:default@SyscapTransform' cost while wrapping incremental declarations: 1 ms 
[2026-06-02T01:10:36.035] [DEBUG] debug-file - entry:default@SyscapTransform is not up-to-date, since the output file 'D:\HUAWEI\lab4\AirShare\entry\build\default\intermediates\syscap\default\rpcid.sc' does not exist.
[2026-06-02T01:10:36.035] [DEBUG] debug-file - Incremental task entry:default@SyscapTransform pre-execution cost: 1 ms .
[2026-06-02T01:10:36.035] [DEBUG] debug-file - entry : default@SyscapTransform cost memory 0.14174652099609375
[2026-06-02T01:10:36.035] [DEBUG] debug-file - runTaskFromQueue task cost before running: 89 ms 
[2026-06-02T01:10:36.035] [INFO] debug-file - Finished :entry:default@SyscapTransform... after 2 ms 
[2026-06-02T01:10:36.036] [DEBUG] debug-file - Executing task :entry:default@ProcessProfile
[2026-06-02T01:10:36.036] [DEBUG] debug-file - Task 'entry:default@ProcessProfile' cost while wrapping incremental declarations: 1 ms 
[2026-06-02T01:10:36.037] [DEBUG] debug-file - Incremental task entry:default@ProcessProfile pre-execution cost: 1 ms .
[2026-06-02T01:10:36.037] [DEBUG] debug-file - entry : default@ProcessProfile cost memory -1.4281082153320312
[2026-06-02T01:10:36.037] [INFO] debug-file - UP-TO-DATE :entry:default@ProcessProfile...  
[2026-06-02T01:10:36.038] [DEBUG] debug-file - Executing task :entry:default@ProcessRouterMap
[2026-06-02T01:10:36.039] [DEBUG] debug-file - Incremental task entry:default@ProcessRouterMap pre-execution cost: 1 ms .
[2026-06-02T01:10:36.039] [DEBUG] debug-file - entry : default@ProcessRouterMap cost memory 0.15575408935546875
[2026-06-02T01:10:36.039] [INFO] debug-file - UP-TO-DATE :entry:default@ProcessRouterMap...  
[2026-06-02T01:10:36.040] [DEBUG] debug-file - Executing task :entry:default@ProcessShareConfig
[2026-06-02T01:10:36.041] [DEBUG] debug-file - Incremental task entry:default@ProcessShareConfig pre-execution cost: 1 ms .
[2026-06-02T01:10:36.041] [DEBUG] debug-file - entry : default@ProcessShareConfig cost memory 0.1324310302734375
[2026-06-02T01:10:36.041] [INFO] debug-file - UP-TO-DATE :entry:default@ProcessShareConfig...  
[2026-06-02T01:10:36.042] [DEBUG] debug-file - Executing task :entry:default@ProcessStartupConfig
[2026-06-02T01:10:36.042] [DEBUG] debug-file - Task 'entry:default@ProcessStartupConfig' cost while wrapping incremental declarations: 1 ms 
[2026-06-02T01:10:36.042] [DEBUG] debug-file - entry:default@ProcessStartupConfig is not up-to-date, since the output file 'D:\HUAWEI\lab4\AirShare\entry\build\default\intermediates\startup\default\startup_config.json' does not exist.
[2026-06-02T01:10:36.042] [DEBUG] debug-file - Incremental task entry:default@ProcessStartupConfig pre-execution cost: 1 ms .
[2026-06-02T01:10:36.042] [DEBUG] debug-file - entry : default@ProcessStartupConfig cost memory 0.12552642822265625
[2026-06-02T01:10:36.042] [DEBUG] debug-file - runTaskFromQueue task cost before running: 96 ms 
[2026-06-02T01:10:36.043] [INFO] debug-file - Finished :entry:default@ProcessStartupConfig... after 1 ms 
[2026-06-02T01:10:36.043] [DEBUG] debug-file - Executing task :entry:default@BuildNativeWithNinja
[2026-06-02T01:10:36.043] [DEBUG] debug-file - entry : default@BuildNativeWithNinja cost memory 0.02057647705078125
[2026-06-02T01:10:36.043] [DEBUG] debug-file - runTaskFromQueue task cost before running: 97 ms 
[2026-06-02T01:10:36.044] [INFO] debug-file - Finished :entry:default@BuildNativeWithNinja... after 1 ms 
[2026-06-02T01:10:36.044] [DEBUG] debug-file - restool module names: entry; moduleName=entry, taskName=default@ProcessResource
[2026-06-02T01:10:36.045] [DEBUG] debug-file - Executing task :entry:default@ProcessResource
[2026-06-02T01:10:36.045] [DEBUG] debug-file - Task 'entry:default@ProcessResource' cost while wrapping incremental declarations: 1 ms 
[2026-06-02T01:10:36.045] [DEBUG] debug-file - Incremental task entry:default@ProcessResource pre-execution cost: 1 ms .
[2026-06-02T01:10:36.046] [DEBUG] debug-file - entry : default@ProcessResource cost memory 0.125823974609375
[2026-06-02T01:10:36.046] [INFO] debug-file - UP-TO-DATE :entry:default@ProcessResource...  
[2026-06-02T01:10:36.047] [DEBUG] debug-file - Executing task :entry:default@GenerateLoaderJson
[2026-06-02T01:10:36.048] [DEBUG] debug-file - Task 'entry:default@GenerateLoaderJson' cost while wrapping incremental declarations: 1 ms 
[2026-06-02T01:10:36.050] [DEBUG] debug-file - Incremental task entry:default@GenerateLoaderJson pre-execution cost: 2 ms .
[2026-06-02T01:10:36.051] [DEBUG] debug-file - entry : default@GenerateLoaderJson cost memory 0.3668975830078125
[2026-06-02T01:10:36.052] [INFO] debug-file - UP-TO-DATE :entry:default@GenerateLoaderJson...  
[2026-06-02T01:10:36.053] [DEBUG] debug-file - Executing task :entry:default@ProcessLibs
[2026-06-02T01:10:36.054] [DEBUG] debug-file - Incremental task entry:default@ProcessLibs pre-execution cost: 1 ms .
[2026-06-02T01:10:36.054] [DEBUG] debug-file - entry : default@ProcessLibs cost memory 0.09813690185546875
[2026-06-02T01:10:36.054] [INFO] debug-file - UP-TO-DATE :entry:default@ProcessLibs...  
[2026-06-02T01:10:36.055] [DEBUG] debug-file - restool module names: entry; moduleName=entry, taskName=default@CompileResource
[2026-06-02T01:10:36.055] [DEBUG] debug-file - Executing task :entry:default@CompileResource
[2026-06-02T01:10:36.057] [DEBUG] debug-file - Use tool [D:\HUAWEI\DevEco\DevEco Studio\sdk\default\openharmony\toolchains\restool.exe]
 [
  'D:\\HUAWEI\\DevEco\\DevEco Studio\\sdk\\default\\openharmony\\toolchains\\restool.exe',
  '-l',
  'D:\\HUAWEI\\lab4\\AirShare\\entry\\build\\default\\intermediates\\res\\default\\resConfig.json'
]
[2026-06-02T01:10:36.058] [DEBUG] debug-file - current process  memoryUsage: {
  rss: 183001088,
  heapTotal: 129146880,
  heapUsed: 120246392,
  external: 3179716,
  arrayBuffers: 152053
} os memoryUsage :19.216564178466797
[2026-06-02T01:10:36.099] [DEBUG] debug-file - Info: Pack: normal pack mode

[2026-06-02T01:10:36.143] [DEBUG] debug-file - Info: hardware concurrency count is : 20
Info: thread count is : 20

[2026-06-02T01:10:36.143] [DEBUG] debug-file - Info: thread pool is started

[2026-06-02T01:10:36.144] [DEBUG] debug-file - Info: GenericCompiler::CompileFiles

[2026-06-02T01:10:36.148] [DEBUG] debug-file - Info: GenericCompiler::CompileFiles

[2026-06-02T01:10:36.149] [DEBUG] debug-file - Info: GenericCompiler::CompileFiles

[2026-06-02T01:10:36.154] [DEBUG] debug-file - 06-02 01:10:36.154 89716 89484 E C01400/ImageTranscoderUtils: DecodeToRGBA IN

[2026-06-02T01:10:36.154] [DEBUG] debug-file - 06-02 01:10:36.154 89716 89484 E C01400/ImageTranscoderUtils: ImageFilter IN D:\HUAWEI\lab4\AirShare\AppScope\resources\base\media\app_icon.png

[2026-06-02T01:10:36.155] [DEBUG] debug-file - 06-02 01:10:36.155 89716 89484 E C01400/ImageTranscoder: TranscodeSLR Only zoom-out is supported.

[2026-06-02T01:10:36.155] [DEBUG] debug-file - Warning: ScaleImage failed, error message: INVALID_PARAMETERS, file path = D:\HUAWEI\lab4\AirShare\AppScope\resources\base\media\app_icon.png

[2026-06-02T01:10:36.156] [DEBUG] debug-file - 06-02 01:10:36.156 89716 89484 E C01400/ImageTranscoderUtils: DecodeToRGBA IN
06-02 01:10:36.156 89716 89484 E C01400/ImageTranscoderUtils: ImageFilter IN D:\HUAWEI\lab4\AirShare\entry\src\main\resources\base\media\icon.png

[2026-06-02T01:10:36.156] [DEBUG] debug-file - 06-02 01:10:36.157 89716 89484 E C01400/ImageTranscoder: TranscodeSLR Only zoom-out is supported.

[2026-06-02T01:10:36.156] [DEBUG] debug-file - Warning: ScaleImage failed, error message: INVALID_PARAMETERS, file path = D:\HUAWEI\lab4\AirShare\entry\src\main\resources\base\media\icon.png

[2026-06-02T01:10:36.157] [DEBUG] debug-file - Warning: The width or height of the png file referenced by the icon exceeds the limit (41 pixels)
at D:\HUAWEI\lab4\AirShare\AppScope\resources\base\media\app_icon.png

[2026-06-02T01:10:36.157] [DEBUG] debug-file - Warning: The width or height of the png file referenced by the icon exceeds the limit (41 pixels)
at D:\HUAWEI\lab4\AirShare\entry\src\main\resources\base\media\icon.png
Warning: The width or height of the png file referenced by the startWindowIcon exceeds the limit (144 pixels)
at D:\HUAWEI\lab4\AirShare\entry\src\main\resources\base\media\icon.png

[2026-06-02T01:10:36.159] [DEBUG] debug-file - Info: restool resources compile success.

[2026-06-02T01:10:36.159] [DEBUG] debug-file - Info: thread pool is stopped

[2026-06-02T01:10:36.226] [DEBUG] debug-file - entry : default@CompileResource cost memory 0.4817047119140625
[2026-06-02T01:10:36.226] [DEBUG] debug-file - runTaskFromQueue task cost before running: 280 ms 
[2026-06-02T01:10:36.227] [INFO] debug-file - Finished :entry:default@CompileResource... after 172 ms 
[2026-06-02T01:10:36.228] [DEBUG] debug-file - Executing task :entry:default@DoNativeStrip
[2026-06-02T01:10:36.228] [DEBUG] debug-file - Task 'entry:default@DoNativeStrip' cost while wrapping incremental declarations: 1 ms 
[2026-06-02T01:10:36.231] [DEBUG] debug-file - entry : default@DoNativeStrip cost memory 0.05742645263671875
[2026-06-02T01:10:36.231] [DEBUG] debug-file - runTaskFromQueue task cost before running: 284 ms 
[2026-06-02T01:10:36.231] [INFO] debug-file - Finished :entry:default@DoNativeStrip... after 3 ms 
[2026-06-02T01:10:36.232] [DEBUG] debug-file - Executing task :entry:default@CompileArkTS
[2026-06-02T01:10:36.233] [DEBUG] debug-file - obfuscationOptions: undefined
[2026-06-02T01:10:36.234] [DEBUG] debug-file - Task 'entry:default@CompileArkTS' cost while wrapping incremental declarations: 1 ms 
[2026-06-02T01:10:36.247] [DEBUG] debug-file - build config:
[2026-06-02T01:10:36.247] [DEBUG] debug-file - {
  moduleType: 'entry',
  perf: 0,
  targetName: '.default',
  packageManagerType: 'ohpm',
  localPropertiesPath: 'D:\\HUAWEI\\lab4\\AirShare\\local.properties',
  isPreview: false,
  isOhosTest: false,
  isLocalTest: false,
  buildMode: 'Debug',
  hotReloadBuild: undefined,
  watchMode: 'false',
  aceProfilePath: 'D:\\HUAWEI\\lab4\\AirShare\\entry\\build\\default\\intermediates\\res\\default\\resources\\base\\profile',
  etsLoaderPath: 'D:\\HUAWEI\\DevEco\\DevEco Studio\\sdk\\default\\openharmony\\ets\\build-tools\\ets-loader',
  modulePath: 'D:\\HUAWEI\\lab4\\AirShare\\entry',
  testFrameworkPar: {
    testMode: undefined,
    coveragePathFilter: undefined,
    coverageMode: undefined
  },
  needCoverageInsert: false,
  debugLine: false,
  projectTopDir: 'D:\\HUAWEI\\lab4\\AirShare',
  compileSdkVersion: 22,
  compatibleSdkVersion: 12,
  originCompatibleSdkVersion: '5.0.0(12)',
  compatibleSdkVersionStage: 'beta1',
  bundleName: 'c***p',
  etsLoaderVersion: '6.0.2.130',
  etsLoaderReleaseType: 'Release',
  aotCompileMode: 'type',
  apPath: 'D:\\HUAWEI\\lab4\\AirShare\\entry\\modules.ap',
  entryModuleName: 'entry',
  entryModuleVersion: '1.0.0',
  entryPackageName: 'entry',
  allModuleNameHash: '57f7d6d59fcbe9af73cc212fa1d411f82d9ab1db01b0f9a8f027e374097c4c31',
  externalApiPaths: [ 'D:\\HUAWEI\\DevEco\\DevEco Studio\\sdk\\default\\hms\\ets' ],
  compilerTypes: [],
  isCrossplatform: false,
  hvigorPluginFile: undefined,
  compilePluginPath: undefined,
  buildGeneratedProfilePath: 'D:\\HUAWEI\\lab4\\AirShare\\entry\\build\\default\\generated\\profile\\default',
  bundleType: 'app',
  arkTSVersion: undefined,
  apiVersion: 22,
  needCompleteSourcesMap: false,
  isFaMode: false,
  buildDir: 'D:\\HUAWEI\\lab4\\AirShare\\entry\\build',
  deviceTypes: [ 'phone', 'tablet', '2in1' ],
  pkgContextInfo: {
    entry: {
      packageName: 'entry',
      bundleName: '*****',
      moduleName: '',
      version: '',
      entryPath: 'src/main/',
      isSO: false,
      dependencyAlias: ''
    }
  },
  ohPackagePathMap: {},
  dependencyAliasMap: {},
  permission: {
    requestPermissions: [ [Object], [Object], [Object], [Object] ],
    definePermissions: undefined
  },
  useGetCurrentBundleName: false,
  projectArkOption: undefined,
  sourceMapDir: undefined,
  branchElimination: false,
  transformLib: undefined,
  tsImportSendable: false,
  resolveConflictMode: true,
  depName2RootPath: {},
  depName2DepInfo: {},
  rootPathSet: [ 'D:\\HUAWEI\\lab4\\AirShare' ],
  useNativeResolver: true,
  shouldEmitJs: true,
  useTscResolve: false,
  singleFileEmit: false,
  userProjectConfig: {
    autoLazyImport: false,
    allowEmptyBundleName: false,
    reExportCheckMode: 'noCheck',
    executionMode: 'memory',
    usePathPlaceholder: false,
    writeRollupCache: true,
    isExpandImportEnabled: false,
    expandImportExclude: '',
    lazyImportExclude: '',
    lazyImportInclude: '',
    ignoreCrossplatformCheck: false,
    isHarDeduplicateEnabled: false,
    skipOhModulesLint: false,
    enableStrictCheckOHModule: false,
    disableSendableCheckRules: [],
    useDeclarationFileSignature: false,
    customizedOptions: undefined,
    integratedHsp: false,
    isPreloadSoEnabled: false
  },
  executionMode: 'memory',
  arkCompileCachePath: 'D:\\HUAWEI\\lab4\\AirShare\\entry\\build\\default\\cache\\default\\default@CompileArkTS\\esmodule',
  autoLazyFilter: undefined,
  isHarDeduplicateEnabled: false,
  intermediateHarDuplicateDirPath: 'D:\\HUAWEI\\lab4\\AirShare\\entry\\build\\default\\intermediates\\har_duplicate\\default',
  autoLazyImport: false,
  allowEmptyBundleName: false,
  reExportCheckMode: 'noCheck',
  usePathPlaceholder: false,
  writeRollupCache: true,
  isExpandImportEnabled: false,
  expandImportExclude: '',
  lazyImportExclude: '',
  lazyImportInclude: '',
  ignoreCrossplatformCheck: false,
  skipOhModulesLint: false,
  enableStrictCheckOHModule: false,
  disableSendableCheckRules: [],
  useDeclarationFileSignature: false,
  customizedOptions: undefined,
  integratedHsp: false,
  isPreloadSoEnabled: false,
  strictMode: { useNormalizedOHMUrl: true, noExternalImportByPath: true },
  useNormalizedOHMUrl: true,
  caseSensitiveCheck: false,
  aceModuleJsonPath: 'D:\\HUAWEI\\lab4\\AirShare\\entry\\build\\default\\intermediates\\res\\default\\ark_module.json',
  appResource: 'D:\\HUAWEI\\lab4\\AirShare\\entry\\build\\default\\intermediates\\res\\default\\ResourceTable.txt',
  rawFileResource: 'D:\\HUAWEI\\lab4\\AirShare\\entry\\build\\default\\intermediates\\res\\default\\resources\\rawfile',
  resourceTableHash: 'cc27da0a2c4f7970ecf8c577f6f16b68d7b0a8c328e56c6ff0242c9adf2bd6c0',
  runtimeOS: 'HarmonyOS',
  sdkInfo: 'false:22:6.0.2.130:Release',
  aceModuleRoot: 'D:\\HUAWEI\\lab4\\AirShare\\entry\\src\\main\\ets',
  compileMode: 'esmodule',
  aceSuperVisualPath: 'D:\\HUAWEI\\lab4\\AirShare\\entry\\src\\main\\supervisual',
  aceBuildJson: 'D:\\HUAWEI\\lab4\\AirShare\\entry\\build\\default\\intermediates\\loader\\default\\loader.json',
  cachePath: 'D:\\HUAWEI\\lab4\\AirShare\\entry\\build\\default\\cache\\default\\default@CompileArkTS\\esmodule\\debug',
  aceModuleBuild: 'D:\\HUAWEI\\lab4\\AirShare\\entry\\build\\default\\intermediates\\loader_out\\default\\ets',
  supportChunks: true,
  declaredFilesPath: undefined,
  shouldCollectDirectImportees: false,
  isByteCodeHarOptimize: false,
  expandImportPath: undefined,
  pkgNameToPkgBriefInfo: {
    entry: {
      pkgRoot: 'D:\\HUAWEI\\lab4\\AirShare\\entry',
      originalSourceRoots: undefined,
      sourceRoots: [Array],
      pkgName: 'entry'
    }
  },
  projectModel: {
    'D:\\HUAWEI\\lab4\\AirShare\\entry\\src\\main': {
      moduleName: 'entry',
      modulePkgPath: 'D:\\HUAWEI\\lab4\\AirShare\\entry',
      belongProjectPath: 'D:\\HUAWEI\\lab4\\AirShare'
    },
    'D:\\HUAWEI\\lab4\\AirShare\\entry': {
      moduleName: 'entry',
      modulePkgPath: 'D:\\HUAWEI\\lab4\\AirShare\\entry',
      belongProjectPath: 'D:\\HUAWEI\\lab4\\AirShare'
    },
    'D:\\HUAWEI\\lab4\\AirShare': {
      moduleName: 'AirShare',
      modulePkgPath: 'D:\\HUAWEI\\lab4\\AirShare',
      belongProjectPath: 'D:\\HUAWEI\\lab4\\AirShare'
    }
  },
  pkgJsonFileHash: '3b20f4d233ba7a33c901eb79ecc912dc50e5d9dce6ebd76a46d24f24cbe19268',
  allModulePaths: [ 'D:\\HUAWEI\\lab4\\AirShare\\entry' ],
  routerMap: {},
  obfuscationOptions: undefined,
  byteCodeHarToDependencyKeys: undefined,
  compileBlockPkg: [],
  mockParams: {
    decorator: '@MockSetup',
    packageName: '@ohos/hamock',
    etsSourceRootPath: 'src/main/ets',
    mockConfigPath: undefined,
    mockConfigKey2ModuleInfo: {},
    source2ModuleIdMap: {}
  },
  copyCodeResourceEnable: true,
  copyCodeResourceExcludes: [],
  copyCodeResourceIncludes: undefined,
  uiTransformOptimization: false,
  sdkPath: 'D:/HUAWEI/DevEco/DevEco Studio/sdk',
  needPreloadSoFileSet: {},
  preloadSoFilePath: 'D:\\HUAWEI\\lab4\\AirShare\\entry\\build\\default\\intermediates\\preload\\default\\preload.json',
  useSourceHash: false,
  localModuleParamMap: {},
  otherPaths: {
    'entry/*': [
      '..\\*',
      '..\\..\\..\\build\\default\\generated\\profile\\default\\*'
    ]
  },
  collectImportersConfig: undefined
}
[2026-06-02T01:10:36.247] [DEBUG] debug-file - Compile arkts with external api path: D:\HUAWEI\DevEco\DevEco Studio\sdk\default\hms\ets
[2026-06-02T01:10:36.249] [DEBUG] debug-file - default@CompileArkTS work[0] is submitted.
[2026-06-02T01:10:36.250] [DEBUG] debug-file - default@CompileArkTS work[0] is pushed to ready queue.
[2026-06-02T01:10:36.250] [DEBUG] debug-file - A work dispatched to worker[19] failed because unable to get work from ready queue.
[2026-06-02T01:10:36.250] [DEBUG] debug-file - A work dispatched to worker[18] failed because unable to get work from ready queue.
[2026-06-02T01:10:36.250] [DEBUG] debug-file - A work dispatched to worker[17] failed because unable to get work from ready queue.
[2026-06-02T01:10:36.250] [DEBUG] debug-file - A work dispatched to worker[16] failed because unable to get work from ready queue.
[2026-06-02T01:10:36.250] [DEBUG] debug-file - A work dispatched to worker[15] failed because unable to get work from ready queue.
[2026-06-02T01:10:36.250] [DEBUG] debug-file - A work dispatched to worker[14] failed because unable to get work from ready queue.
[2026-06-02T01:10:36.250] [DEBUG] debug-file - A work dispatched to worker[13] failed because unable to get work from ready queue.
[2026-06-02T01:10:36.250] [DEBUG] debug-file - A work dispatched to worker[12] failed because unable to get work from ready queue.
[2026-06-02T01:10:36.250] [DEBUG] debug-file - A work dispatched to worker[11] failed because unable to get work from ready queue.
[2026-06-02T01:10:36.250] [DEBUG] debug-file - A work dispatched to worker[10] failed because unable to get work from ready queue.
[2026-06-02T01:10:36.250] [DEBUG] debug-file - A work dispatched to worker[9] failed because unable to get work from ready queue.
[2026-06-02T01:10:36.250] [DEBUG] debug-file - A work dispatched to worker[8] failed because unable to get work from ready queue.
[2026-06-02T01:10:36.250] [DEBUG] debug-file - A work dispatched to worker[7] failed because unable to get work from ready queue.
[2026-06-02T01:10:36.250] [DEBUG] debug-file - A work dispatched to worker[6] failed because unable to get work from ready queue.
[2026-06-02T01:10:36.250] [DEBUG] debug-file - A work dispatched to worker[5] failed because unable to get work from ready queue.
[2026-06-02T01:10:36.250] [DEBUG] debug-file - Create  resident worker with id: 4.
[2026-06-02T01:10:36.252] [DEBUG] debug-file - default@CompileArkTS work[0] has been dispatched to worker[4].
[2026-06-02T01:10:36.252] [DEBUG] debug-file - default@CompileArkTS work[0] is dispatched.
[2026-06-02T01:10:36.252] [DEBUG] debug-file - CopyResources startTime: 1629562218802800
[2026-06-02T01:10:36.252] [DEBUG] debug-file - default@CompileArkTS work[1] is submitted.
[2026-06-02T01:10:36.252] [DEBUG] debug-file - default@CompileArkTS work[1] is pushed to ready queue.
[2026-06-02T01:10:36.252] [DEBUG] debug-file - A work dispatched to worker[19] failed because unable to get work from ready queue.
[2026-06-02T01:10:36.252] [DEBUG] debug-file - Create  resident worker with id: 18.
[2026-06-02T01:10:36.253] [DEBUG] debug-file - default@CompileArkTS work[1] has been dispatched to worker[18].
[2026-06-02T01:10:36.253] [DEBUG] debug-file - default@CompileArkTS work[1] is dispatched.
[2026-06-02T01:10:36.253] [DEBUG] debug-file - entry : default@CompileArkTS cost memory -0.3649749755859375
[2026-06-02T01:10:36.254] [DEBUG] debug-file - Executing task :entry:default@BuildJS
[2026-06-02T01:10:36.255] [DEBUG] debug-file - Task 'entry:default@BuildJS' cost while wrapping incremental declarations: 1 ms 
[2026-06-02T01:10:36.257] [DEBUG] debug-file - entry : default@BuildJS cost memory 0.1542816162109375
[2026-06-02T01:10:36.257] [DEBUG] debug-file - runTaskFromQueue task cost before running: 310 ms 
[2026-06-02T01:10:36.257] [INFO] debug-file - Finished :entry:default@BuildJS... after 3 ms 
[2026-06-02T01:10:36.258] [DEBUG] debug-file - Executing task :entry:default@CacheNativeLibs
[2026-06-02T01:10:36.258] [DEBUG] debug-file - Task 'entry:default@CacheNativeLibs' cost while wrapping incremental declarations: 1 ms 
[2026-06-02T01:10:36.259] [DEBUG] debug-file - default@CacheNativeLibs work[2] is submitted.
[2026-06-02T01:10:36.259] [DEBUG] debug-file - default@CacheNativeLibs work[2] is pushed to ready queue.
[2026-06-02T01:10:36.259] [DEBUG] debug-file - A work dispatched to worker[19] failed because unable to get work from ready queue.
[2026-06-02T01:10:36.259] [DEBUG] debug-file - A work dispatched to worker[18] failed because of worker busy.
[2026-06-02T01:10:36.259] [DEBUG] debug-file - Create  resident worker with id: 17.
[2026-06-02T01:10:36.260] [DEBUG] debug-file - default@CacheNativeLibs work[2] has been dispatched to worker[17].
[2026-06-02T01:10:36.260] [DEBUG] debug-file - default@CacheNativeLibs work[2] is dispatched.
[2026-06-02T01:10:36.260] [DEBUG] debug-file - entry : default@CacheNativeLibs cost memory 0.14971160888671875
[2026-06-02T01:10:36.986] [DEBUG] debug-file - worker[18] has one work done.
[2026-06-02T01:10:36.986] [DEBUG] debug-file - CopyResources is end, endTime: 1629562952749600
[2026-06-02T01:10:36.986] [DEBUG] debug-file - default@CompileArkTS work[1] done.
[2026-06-02T01:10:36.987] [DEBUG] debug-file - A work dispatched to worker[18] failed because unable to get work from ready queue.
[2026-06-02T01:10:37.053] [DEBUG] debug-file - worker[17] has one work done.
[2026-06-02T01:10:37.053] [DEBUG] debug-file - default@CacheNativeLibs work[2] done.
[2026-06-02T01:10:37.053] [DEBUG] debug-file - A work dispatched to worker[17] failed because unable to get work from ready queue.
[2026-06-02T01:10:37.054] [INFO] debug-file - Finished :entry:default@CacheNativeLibs... after 10 ms 
[2026-06-02T01:10:41.995] [DEBUG] debug-file - worker[4] has one work error.
[2026-06-02T01:10:41.995] [DEBUG] debug-file - default@CompileArkTS work[0] failed.
[2026-06-02T01:10:41.995] [DEBUG] debug-file - Ark compile task finished.finished time is 1629567961270800
[2026-06-02T01:10:41.996] [ERROR] debug-file - Failed :entry:default@CompileArkTS... 
[2026-06-02T01:10:41.996] [WARN] debug-file - 
[33m1 WARN: [33m[33mArkTS:WARN: For details about ArkTS syntax errors, see FAQs[39m[39m
[33m2 WARN: [33m[33mArkTS:WARN File: D:/HUAWEI/lab4/AirShare/entry/src/main/ets/pages/Index.ets:16:20
 'getContext' has been deprecated.
[39m[39m
[33m3 WARN: [33m[33mArkTS:WARN File: D:/HUAWEI/lab4/AirShare/entry/src/main/ets/pages/Index.ets:36:12
 'pushUrl' has been deprecated.
[39m[39m
[33m4 WARN: [33m[33mArkTS:WARN File: D:/HUAWEI/lab4/AirShare/entry/src/main/ets/pages/TransferPage.ets:19:25
 'getParams' has been deprecated.
[39m[39m
[33m5 WARN: [33m[33mArkTS:WARN File: D:/HUAWEI/lab4/AirShare/entry/src/main/ets/pages/TransferPage.ets:34:5
 Function may throw exceptions. Special handling is required.
[39m[39m
[33m6 WARN: [33m[33mArkTS:WARN File: D:/HUAWEI/lab4/AirShare/entry/src/main/ets/pages/TransferPage.ets:77:37
 'back' has been deprecated.
[39m[39m
[2026-06-02T01:10:41.996] [DEBUG] debug-file - hvigor build process will be closed with an error.
[2026-06-02T01:10:41.996] [DEBUG] debug-file - ERROR: stacktrace = Error: ArkTS Compiler Error
[31m1 ERROR: [31m10605999 ArkTS Compiler Error
Error Message: Property 'put' does not exist on type 'void & Promise<Preferences>'. At File: D:/HUAWEI/lab4/AirShare/entry/src/main/ets/pages/Index.ets:29:19
[39m
[39m
[31m2 ERROR: [31m10605999 ArkTS Compiler Error
Error Message: Property 'put' does not exist on type 'void & Promise<Preferences>'. At File: D:/HUAWEI/lab4/AirShare/entry/src/main/ets/pages/Index.ets:30:19
[39m
[39m
[31m3 ERROR: [31m10605999 ArkTS Compiler Error
Error Message: Property 'put' does not exist on type 'void & Promise<Preferences>'. At File: D:/HUAWEI/lab4/AirShare/entry/src/main/ets/pages/Index.ets:31:19
[39m
[39m
[31m4 ERROR: [31m10605999 ArkTS Compiler Error
Error Message: Property 'flush' does not exist on type 'void & Promise<Preferences>'. At File: D:/HUAWEI/lab4/AirShare/entry/src/main/ets/pages/Index.ets:32:19
[39m
[39m
[31m5 ERROR: [31m10505001 ArkTS Compiler Error
Error Message: Property 'MixedMode' does not exist on type 'typeof webview'. At File: D:/HUAWEI/lab4/AirShare/entry/src/main/ets/pages/TransferPage.ets:91:32
[39m
[39m
[31mCOMPILE RESULT:FAIL {ERROR:6 WARN:6}[39m
    at runArkPack (D:\HUAWEI\DevEco\DevEco Studio\tools\hvigor\hvigor-ohos-plugin\node_modules\@ohos\hvigor-arkts-compose\dist\src\arkts-pack.js:1:5860)
ArkTSCompilerError: ArkTS Compiler Error
    at throwArkTsCompilerError (D:\HUAWEI\DevEco\DevEco Studio\tools\hvigor\hvigor-ohos-plugin\node_modules\@ohos\hvigor-arkts-compose\dist\src\data\compose-error.js:1:423)
    at throwErrorIfHasErrorInfo (D:\HUAWEI\DevEco\DevEco Studio\tools\hvigor\hvigor-ohos-plugin\node_modules\@ohos\hvigor-arkts-compose\dist\src\plugins\common-plugin.js:1:4478)
    at Object.handler (D:\HUAWEI\DevEco\DevEco Studio\tools\hvigor\hvigor-ohos-plugin\node_modules\@ohos\hvigor-arkts-compose\dist\src\plugins\common-plugin.js:1:2547)
    at D:\HUAWEI\DevEco\DevEco Studio\tools\hvigor\hvigor-ohos-plugin\node_modules\@ohos\hvigor-arkts-base\node_modules\rollup\dist\shared\rollup.js:27765:40
[2026-06-02T01:10:41.996] [ERROR] debug-file - Error: ArkTS Compiler Error
[31m1 ERROR: [31m10605999 ArkTS Compiler Error
Error Message: Property 'put' does not exist on type 'void & Promise<Preferences>'. At File: D:/HUAWEI/lab4/AirShare/entry/src/main/ets/pages/Index.ets:29:19
[39m
[39m
[31m2 ERROR: [31m10605999 ArkTS Compiler Error
Error Message: Property 'put' does not exist on type 'void & Promise<Preferences>'. At File: D:/HUAWEI/lab4/AirShare/entry/src/main/ets/pages/Index.ets:30:19
[39m
[39m
[31m3 ERROR: [31m10605999 ArkTS Compiler Error
Error Message: Property 'put' does not exist on type 'void & Promise<Preferences>'. At File: D:/HUAWEI/lab4/AirShare/entry/src/main/ets/pages/Index.ets:31:19
[39m
[39m
[31m4 ERROR: [31m10605999 ArkTS Compiler Error
Error Message: Property 'flush' does not exist on type 'void & Promise<Preferences>'. At File: D:/HUAWEI/lab4/AirShare/entry/src/main/ets/pages/Index.ets:32:19
[39m
[39m
[31m5 ERROR: [31m10505001 ArkTS Compiler Error
Error Message: Property 'MixedMode' does not exist on type 'typeof webview'. At File: D:/HUAWEI/lab4/AirShare/entry/src/main/ets/pages/TransferPage.ets:91:32
[39m
[39m
[31mCOMPILE RESULT:FAIL {ERROR:6 WARN:6}[39m
    at runArkPack (D:\HUAWEI\DevEco\DevEco Studio\tools\hvigor\hvigor-ohos-plugin\node_modules\@ohos\hvigor-arkts-compose\dist\src\arkts-pack.js:1:5860)
ArkTSCompilerError: ArkTS Compiler Error
    at throwArkTsCompilerError (D:\HUAWEI\DevEco\DevEco Studio\tools\hvigor\hvigor-ohos-plugin\node_modules\@ohos\hvigor-arkts-compose\dist\src\data\compose-error.js:1:423)
    at throwErrorIfHasErrorInfo (D:\HUAWEI\DevEco\DevEco Studio\tools\hvigor\hvigor-ohos-plugin\node_modules\@ohos\hvigor-arkts-compose\dist\src\plugins\common-plugin.js:1:4478)
    at Object.handler (D:\HUAWEI\DevEco\DevEco Studio\tools\hvigor\hvigor-ohos-plugin\node_modules\@ohos\hvigor-arkts-compose\dist\src\plugins\common-plugin.js:1:2547)
    at D:\HUAWEI\DevEco\DevEco Studio\tools\hvigor\hvigor-ohos-plugin\node_modules\@ohos\hvigor-arkts-base\node_modules\rollup\dist\shared\rollup.js:27765:40
[2026-06-02T01:10:42.011] [ERROR] debug-file - BUILD FAILED in 6 s 64 ms 
[2026-06-02T01:10:42.011] [DEBUG] debug-file - There is no need to refresh cache, since the incremental task entry:default@PreBuild is up-to-date.
[2026-06-02T01:10:42.011] [DEBUG] debug-file - Update task entry:default@CreateModuleInfo output file:D:\HUAWEI\lab4\AirShare\entry\build\default\generated\profile\default\ModuleInfo.ts cache.
[2026-06-02T01:10:42.012] [DEBUG] debug-file - Incremental task entry:default@CreateModuleInfo post-execution cost:1 ms .
[2026-06-02T01:10:42.012] [DEBUG] debug-file - There is no need to refresh cache, since the incremental task entry:default@GenerateMetadata is up-to-date.
[2026-06-02T01:10:42.012] [DEBUG] debug-file - There is no need to refresh cache, since the incremental task entry:default@MergeProfile is up-to-date.
[2026-06-02T01:10:42.012] [DEBUG] debug-file - There is no need to refresh cache, since the incremental task entry:default@CreateBuildProfile is up-to-date.
[2026-06-02T01:10:42.012] [DEBUG] debug-file - There is no need to refresh cache, since the incremental task entry:default@GeneratePkgContextInfo is up-to-date.
[2026-06-02T01:10:42.012] [DEBUG] debug-file - Update task entry:default@ProcessIntegratedHsp output file:D:\HUAWEI\lab4\AirShare\build\cache\default\integrated_hsp\integratedHspCache.json cache.
[2026-06-02T01:10:42.013] [DEBUG] debug-file - Incremental task entry:default@ProcessIntegratedHsp post-execution cost:1 ms .
[2026-06-02T01:10:42.013] [DEBUG] debug-file - There is no need to refresh cache, since the incremental task entry:default@MakePackInfo is up-to-date.
[2026-06-02T01:10:42.013] [DEBUG] debug-file - Update task entry:default@SyscapTransform input file:D:\HUAWEI\DevEco\DevEco Studio\sdk\default\openharmony\toolchains\syscap_tool.exe cache by regenerate.
[2026-06-02T01:10:42.013] [DEBUG] debug-file - Update task entry:default@SyscapTransform input file:D:\HUAWEI\DevEco\DevEco Studio\sdk\default\openharmony\ets\api\device-define cache by regenerate.
[2026-06-02T01:10:42.013] [DEBUG] debug-file - Update task entry:default@SyscapTransform output file:D:\HUAWEI\lab4\AirShare\entry\build\default\intermediates\syscap\default\rpcid.sc cache.
[2026-06-02T01:10:42.014] [DEBUG] debug-file - Incremental task entry:default@SyscapTransform post-execution cost:1 ms .
[2026-06-02T01:10:42.014] [DEBUG] debug-file - There is no need to refresh cache, since the incremental task entry:default@ProcessProfile is up-to-date.
[2026-06-02T01:10:42.014] [DEBUG] debug-file - There is no need to refresh cache, since the incremental task entry:default@ProcessRouterMap is up-to-date.
[2026-06-02T01:10:42.014] [DEBUG] debug-file - There is no need to refresh cache, since the incremental task entry:default@ProcessShareConfig is up-to-date.
[2026-06-02T01:10:42.014] [DEBUG] debug-file - Update task entry:default@ProcessStartupConfig input file:D:\HUAWEI\lab4\AirShare\entry\build\default\intermediates\loader\default\pkgContextInfo.json cache by regenerate.
[2026-06-02T01:10:42.014] [DEBUG] debug-file - Update task entry:default@ProcessStartupConfig output file:D:\HUAWEI\lab4\AirShare\entry\build\default\intermediates\startup\default\startup_config.json cache.
[2026-06-02T01:10:42.014] [DEBUG] debug-file - Incremental task entry:default@ProcessStartupConfig post-execution cost:1 ms .
[2026-06-02T01:10:42.014] [DEBUG] debug-file - There is no need to refresh cache, since the incremental task entry:default@ProcessResource is up-to-date.
[2026-06-02T01:10:42.014] [DEBUG] debug-file - There is no need to refresh cache, since the incremental task entry:default@GenerateLoaderJson is up-to-date.
[2026-06-02T01:10:42.014] [DEBUG] debug-file - There is no need to refresh cache, since the incremental task entry:default@ProcessLibs is up-to-date.
[2026-06-02T01:10:42.015] [DEBUG] debug-file - Update task entry:default@CompileResource input file:D:\HUAWEI\lab4\AirShare\entry\src\main\resources cache by regenerate.
[2026-06-02T01:10:42.016] [DEBUG] debug-file - Update task entry:default@CompileResource input file:D:\HUAWEI\lab4\AirShare\AppScope\resources cache by regenerate.
[2026-06-02T01:10:42.016] [DEBUG] debug-file - Update task entry:default@CompileResource input file:D:\HUAWEI\lab4\AirShare\entry\build\default\intermediates\process_profile\default\module.json cache by regenerate.
[2026-06-02T01:10:42.016] [DEBUG] debug-file - Update task entry:default@CompileResource input file:D:\HUAWEI\lab4\AirShare\entry\build\default\intermediates\res\default\resConfig.json cache by regenerate.
[2026-06-02T01:10:42.017] [DEBUG] debug-file - Update task entry:default@CompileResource output file:D:\HUAWEI\lab4\AirShare\entry\build\default\intermediates\res\default cache.
[2026-06-02T01:10:42.019] [DEBUG] debug-file - Update task entry:default@CompileResource output file:D:\HUAWEI\lab4\AirShare\entry\build\default\generated\r\default\ResourceTable.h cache.
[2026-06-02T01:10:42.019] [DEBUG] debug-file - Update task entry:default@CompileResource output file:D:\HUAWEI\lab4\AirShare\entry\build\default\generated\r\default cache.
[2026-06-02T01:10:42.020] [DEBUG] debug-file - Incremental task entry:default@CompileResource post-execution cost:6 ms .
[2026-06-02T01:10:42.020] [DEBUG] debug-file - Update task entry:default@DoNativeStrip input file:D:\HUAWEI\lab4\AirShare\entry\build\default\intermediates\libs\default cache by regenerate.
[2026-06-02T01:10:42.020] [DEBUG] debug-file - Update task entry:default@DoNativeStrip output file:D:\HUAWEI\lab4\AirShare\entry\build\default\intermediates\stripped_native_libs\default cache.
[2026-06-02T01:10:42.020] [DEBUG] debug-file - Incremental task entry:default@DoNativeStrip post-execution cost:1 ms .
[2026-06-02T01:10:42.021] [DEBUG] debug-file - Update task entry:default@CompileArkTS input file:D:\HUAWEI\lab4\AirShare\entry\build\default\intermediates\loader\default cache by regenerate.
[2026-06-02T01:10:42.021] [DEBUG] debug-file - Update task entry:default@CompileArkTS input file:D:\HUAWEI\lab4\AirShare\entry\build\default\intermediates\res\default\resources\rawfile cache by regenerate.
[2026-06-02T01:10:42.022] [DEBUG] debug-file - Update task entry:default@CompileArkTS input file:D:\HUAWEI\lab4\AirShare\entry\build\default\intermediates\res\default\ResourceTable.txt cache by regenerate.
[2026-06-02T01:10:42.022] [DEBUG] debug-file - Update task entry:default@CompileArkTS input file:D:\HUAWEI\lab4\AirShare\entry\build\default\intermediates\res\default\ark_module.json cache by regenerate.
[2026-06-02T01:10:42.022] [DEBUG] debug-file - Update task entry:default@CompileArkTS input file:D:\HUAWEI\lab4\AirShare\entry\build\default\intermediates\res\default\resources\base\profile cache by regenerate.
[2026-06-02T01:10:42.022] [DEBUG] debug-file - Update task entry:default@CompileArkTS input file:D:\HUAWEI\lab4\AirShare\entry\src\main\ets cache by regenerate.
[2026-06-02T01:10:42.023] [DEBUG] debug-file - Update task entry:default@CompileArkTS input file:D:\HUAWEI\lab4\AirShare\entry\build\default\intermediates\loader\default\pkgContextInfo.json cache by regenerate.
[2026-06-02T01:10:42.023] [DEBUG] debug-file - Update task entry:default@CompileArkTS input file:D:\HUAWEI\lab4\AirShare\entry\build\default\generated\profile\default\BuildProfile.ets cache by regenerate.
[2026-06-02T01:10:42.023] [DEBUG] debug-file - Update task entry:default@CompileArkTS output file:D:\HUAWEI\lab4\AirShare\entry\build\default\intermediates\loader_out\default\ets cache.
[2026-06-02T01:10:42.023] [DEBUG] debug-file - Incremental task entry:default@CompileArkTS post-execution cost:4 ms .
[2026-06-02T01:10:42.024] [DEBUG] debug-file - Update task entry:default@BuildJS input file:D:\HUAWEI\lab4\AirShare\entry\build\default\intermediates\loader\default cache by regenerate.
[2026-06-02T01:10:42.024] [DEBUG] debug-file - Update task entry:default@BuildJS input file:D:\HUAWEI\lab4\AirShare\entry\build\default\intermediates\res\default\resources\rawfile cache by regenerate.
[2026-06-02T01:10:42.025] [DEBUG] debug-file - Update task entry:default@BuildJS input file:D:\HUAWEI\lab4\AirShare\entry\build\default\intermediates\res\default\ResourceTable.txt cache by regenerate.
[2026-06-02T01:10:42.025] [DEBUG] debug-file - Update task entry:default@BuildJS input file:D:\HUAWEI\lab4\AirShare\entry\build\default\intermediates\res\default\ark_module.json cache by regenerate.
[2026-06-02T01:10:42.025] [DEBUG] debug-file - Update task entry:default@BuildJS input file:D:\HUAWEI\lab4\AirShare\entry\build\default\intermediates\res\default\resources\base\profile cache by regenerate.
[2026-06-02T01:10:42.025] [DEBUG] debug-file - Update task entry:default@BuildJS input file:D:\HUAWEI\lab4\AirShare\entry\build\default\intermediates\loader\default\pkgContextInfo.json cache by regenerate.
[2026-06-02T01:10:42.025] [DEBUG] debug-file - Update task entry:default@BuildJS output file:D:\HUAWEI\lab4\AirShare\entry\build\default\intermediates\loader_out\default\js cache.
[2026-06-02T01:10:42.026] [DEBUG] debug-file - Incremental task entry:default@BuildJS post-execution cost:3 ms .
[2026-06-02T01:10:42.026] [DEBUG] debug-file - Update task entry:default@CacheNativeLibs input file:D:\HUAWEI\lab4\AirShare\entry\build\default\intermediates\stripped_native_libs\default cache by regenerate.
[2026-06-02T01:10:42.026] [DEBUG] debug-file - Update task entry:default@CacheNativeLibs input file:D:\HUAWEI\lab4\AirShare\entry\build\default\intermediates\libs\default cache by regenerate.
[2026-06-02T01:10:42.026] [DEBUG] debug-file - Update task entry:default@CacheNativeLibs output file:D:\HUAWEI\lab4\AirShare\entry\build\default\intermediates\patch\default\base_native_libs.json cache.
[2026-06-02T01:10:42.026] [DEBUG] debug-file - Incremental task entry:default@CacheNativeLibs post-execution cost:1 ms .
[2026-06-02T01:10:42.050] [DEBUG] debug-file - Cleanup worker 18.
[2026-06-02T01:10:42.050] [DEBUG] debug-file - Worker 18 has been cleaned up.
[2026-06-02T01:10:42.050] [DEBUG] debug-file - Current idle worker size: 2.
[2026-06-02T01:10:42.050] [DEBUG] debug-file - Current resident worker size: 3.
[2026-06-02T01:10:42.050] [DEBUG] debug-file - Cleanup worker 17.
[2026-06-02T01:10:42.050] [DEBUG] debug-file - Worker 17 has been cleaned up.
[2026-06-02T01:10:42.050] [DEBUG] debug-file - Current idle worker size: 1.
[2026-06-02T01:10:42.050] [DEBUG] debug-file - Current resident worker size: 3.
[2026-06-02T01:10:42.051] [DEBUG] debug-file - hvigor build process will be closed.
[2026-06-02T01:10:42.057] [DEBUG] debug-file - session manager: send message to worker process.
[2026-06-02T01:10:42.058] [DEBUG] debug-file - session manager: send message to worker process.
[2026-06-02T01:10:42.057] [DEBUG] debug-file - watch worker: worker id should be larger than 0. Nothing will be sent to any worker thread.
[2026-06-02T01:10:42.057] [DEBUG] debug-file - watch worker: worker id should be larger than 0. Nothing will be sent to any worker thread.
[2026-06-02T01:10:42.063] [DEBUG] debug-file - worker[18] exits with exit code 1.
[2026-06-02T01:10:42.064] [DEBUG] debug-file - worker[17] exits with exit code 1.
[2026-06-02T01:11:15.117] [DEBUG] debug-file - env: daemon=true
[2026-06-02T01:11:15.047] [DEBUG] debug-file - env: nodejsVersion=v18.20.1
[2026-06-02T01:11:15.048] [DEBUG] debug-file - env: hvigor-config.json5 content = { modelVersion: '6.0.2', dependencies: {} }
[2026-06-02T01:11:15.649] [DEBUG] debug-file - session manager: set active socket. socketId=3BC7CYQTDr6rSH1iAAAT
[2026-06-02T01:11:15.654] [DEBUG] debug-file - watch worker: worker id should be larger than 0. Nothing will be sent to any worker thread.
[2026-06-02T01:11:15.656] [DEBUG] debug-file - Workers' log level updated to INFO
[2026-06-02T01:11:15.659] [DEBUG] debug-file - Hvigor init with startParameters:{
  hvigorfileTypeCheck: false,
  parallelExecution: true,
  incrementalExecution: true,
  printStackTrace: false,
  daemon: true,
  analyze: 0,
  logLevel: Level { level: 20000, levelStr: 'INFO', colour: 'green' },
  optimizationStrategy: 'memory',
  hotCompile: undefined,
  hotReloadBuild: undefined,
  customizedParam: undefined
}
[2026-06-02T01:11:15.661] [DEBUG] debug-file - Cache service initialization finished in 2 ms 
[2026-06-02T01:11:15.661] [DEBUG] debug-file - hvigorfile, resolving D:\HUAWEI\lab4\AirShare\hvigorfile.ts
[2026-06-02T01:11:15.665] [DEBUG] debug-file - hvigorfile, require result:  { default: { plugins: [] } }
[2026-06-02T01:11:15.665] [DEBUG] debug-file - hvigorfile, binding system plugins null
[2026-06-02T01:11:15.665] [DEBUG] debug-file - Starting plugin build process
[2026-06-02T01:11:15.665] [DEBUG] debug-file - App plugin prepare start...
[2026-06-02T01:11:15.665] [DEBUG] debug-file - App plugin prepare end...
[2026-06-02T01:11:15.665] [DEBUG] debug-file - App plugin creating...
[2026-06-02T01:11:15.669] [DEBUG] debug-file - App plugin register hook start...
[2026-06-02T01:11:15.669] [DEBUG] debug-file - App plugin register hook end...
[2026-06-02T01:11:15.669] [DEBUG] debug-file - Plugin build process completed
[2026-06-02T01:11:15.669] [DEBUG] debug-file - Start initialize project's product build option map with build mode debug.
[2026-06-02T01:11:15.669] [DEBUG] debug-file - Picking option from product 'default' with build mode 'debug'.
[2026-06-02T01:11:15.669] [DEBUG] debug-file - Product 'default' build option initialized
[2026-06-02T01:11:15.669] [DEBUG] debug-file - End initialize project's product build option map with build mode 'debug'.
[2026-06-02T01:11:15.670] [DEBUG] debug-file - Obtain build option for product 'default'in this build.
[2026-06-02T01:11:15.670] [DEBUG] debug-file - No signingConfig found, initRemoteHspCache failed.
[2026-06-02T01:11:15.672] [DEBUG] debug-file - Start recording SDK configuration permission data.
[2026-06-02T01:11:15.695] [DEBUG] debug-file - Sdk init in 25 ms 
[2026-06-02T01:11:15.698] [DEBUG] debug-file - Project task initialization takes 3 ms 
[2026-06-02T01:11:15.698] [DEBUG] debug-file - hvigorfile, binding custom plugins []
[2026-06-02T01:11:15.698] [DEBUG] debug-file - hvigorfile, no custom plugins were found in D:\HUAWEI\lab4\AirShare\hvigorfile.ts
[2026-06-02T01:11:15.698] [DEBUG] debug-file - hvigorfile, resolve finished D:\HUAWEI\lab4\AirShare\hvigorfile.ts
[2026-06-02T01:11:15.698] [DEBUG] debug-file - hvigorfile, resolving D:\HUAWEI\lab4\AirShare\entry\hvigorfile.ts
[2026-06-02T01:11:15.701] [DEBUG] debug-file - hvigorfile, require result:  { default: { plugins: [] } }
[2026-06-02T01:11:15.702] [DEBUG] debug-file - hvigorfile, binding system plugins null
[2026-06-02T01:11:15.702] [DEBUG] debug-file - Starting plugin build process
[2026-06-02T01:11:15.702] [DEBUG] debug-file - Hap plugin creating...
[2026-06-02T01:11:15.702] [DEBUG] debug-file - failed to load cangjie to dynamically generate schemas: Error: Cannot find module '@ohos/cangjie-build-support/index'
Require stack:
- D:\HUAWEI\DevEco\DevEco Studio\tools\hvigor\hvigor-ohos-plugin\src\plugin\hooks\cangjie-register.js
- D:\HUAWEI\DevEco\DevEco Studio\tools\hvigor\hvigor-ohos-plugin\src\plugin\strategy\stage-init-strategy.js
- D:\HUAWEI\DevEco\DevEco Studio\tools\hvigor\hvigor-ohos-plugin\src\plugin\builder\abstract-plugin-builder.js
- D:\HUAWEI\DevEco\DevEco Studio\tools\hvigor\hvigor-ohos-plugin\src\plugin\builder\app-plugin-builder.js
- D:\HUAWEI\DevEco\DevEco Studio\tools\hvigor\hvigor-ohos-plugin\src\plugin\factory\plugin-factory.js
- D:\HUAWEI\DevEco\DevEco Studio\tools\hvigor\hvigor-ohos-plugin\index.js
- D:\HUAWEI\lab4\AirShare\hvigorfile.ts
- D:\HUAWEI\DevEco\DevEco Studio\tools\hvigor\hvigor\src\base\internal\lifecycle\configuration.js
- D:\HUAWEI\DevEco\DevEco Studio\tools\hvigor\hvigor\src\base\boot\index.js
- D:\HUAWEI\DevEco\DevEco Studio\tools\hvigor\hvigor\src\base\daemon\cluster\worker-process-lifecycle.js
- D:\HUAWEI\DevEco\DevEco Studio\tools\hvigor\hvigor\src\base\daemon\process\daemon-process-boot-script.js
[2026-06-02T01:11:15.704] [DEBUG] debug-file - Start initialize module-target build option map, moduleName=entry, buildMode=debug
[2026-06-02T01:11:15.704] [DEBUG] debug-file - Target 'default' config initialized
[2026-06-02T01:11:15.704] [DEBUG] debug-file - Module 'entry' target 'default' build option initialized
[2026-06-02T01:11:15.704] [DEBUG] debug-file - End initialize module-target build option map, moduleName=entry
[2026-06-02T01:11:15.704] [DEBUG] debug-file - Start initialize module-target build option map, moduleName=entry, buildMode=release
[2026-06-02T01:11:15.704] [DEBUG] debug-file - Target 'default' config initialized
[2026-06-02T01:11:15.705] [DEBUG] debug-file - Module 'entry' target 'default' build option initialized
[2026-06-02T01:11:15.705] [DEBUG] debug-file - End initialize module-target build option map, moduleName=entry
[2026-06-02T01:11:15.705] [DEBUG] debug-file - Start initialize module-target build option map, moduleName=entry, buildMode=debug
[2026-06-02T01:11:15.705] [DEBUG] debug-file - Target 'default' config initialized
[2026-06-02T01:11:15.705] [DEBUG] debug-file - Module 'entry' target 'default' build option initialized
[2026-06-02T01:11:15.705] [DEBUG] debug-file - End initialize module-target build option map, moduleName=entry
[2026-06-02T01:11:15.705] [DEBUG] debug-file - Obtain build option for module 'entry' target 'default'in this build.
[2026-06-02T01:11:15.706] [DEBUG] debug-file - Module entry task initialization takes 1 ms 
[2026-06-02T01:11:15.706] [DEBUG] debug-file - Hap plugin register hook start...
[2026-06-02T01:11:15.706] [DEBUG] debug-file - Hap plugin register hook end...
[2026-06-02T01:11:15.706] [DEBUG] debug-file - Plugin build process completed
[2026-06-02T01:11:15.706] [DEBUG] debug-file - hvigorfile, binding custom plugins []
[2026-06-02T01:11:15.706] [DEBUG] debug-file - hvigorfile, no custom plugins were found in D:\HUAWEI\lab4\AirShare\entry\hvigorfile.ts
[2026-06-02T01:11:15.706] [DEBUG] debug-file - hvigorfile, resolve finished D:\HUAWEI\lab4\AirShare\entry\hvigorfile.ts
[2026-06-02T01:11:15.721] [DEBUG] debug-file - hvigorfile, resolve hvigorfile dependencies in 15 ms 
[2026-06-02T01:11:15.721] [DEBUG] debug-file - project has submodules:entry
[2026-06-02T01:11:15.722] [DEBUG] debug-file - start to load updatedOhPackageInfo to the disk
[2026-06-02T01:11:15.728] [DEBUG] debug-file - load to the disk finished
[2026-06-02T01:11:15.728] [DEBUG] debug-file - Start to initialize dependency information.
[2026-06-02T01:11:15.729] [DEBUG] debug-file - Module AirShare Collected Dependency: 
[2026-06-02T01:11:15.729] [DEBUG] debug-file - Module AirShare's total dependency: 0
[2026-06-02T01:11:15.730] [DEBUG] debug-file - Start to initialize dependency information.
[2026-06-02T01:11:15.731] [DEBUG] debug-file - Module entry Collected Dependency: 
[2026-06-02T01:11:15.731] [DEBUG] debug-file - Module entry's total dependency: 0
[2026-06-02T01:11:15.732] [DEBUG] debug-file - Configuration phase cost:71 ms 
[2026-06-02T01:11:15.733] [DEBUG] debug-file - Configuration task cost before running: 77 ms 
[2026-06-02T01:11:15.736] [DEBUG] debug-file - Executing task :entry:default@PreBuild
[2026-06-02T01:11:15.737] [DEBUG] debug-file - Task 'entry:default@PreBuild' cost while wrapping incremental declarations: 1 ms 
[2026-06-02T01:11:15.740] [DEBUG] debug-file - Incremental task entry:default@PreBuild pre-execution cost: 3 ms .
[2026-06-02T01:11:15.740] [DEBUG] debug-file - entry : default@PreBuild cost memory 0.30608367919921875
[2026-06-02T01:11:15.742] [INFO] debug-file - UP-TO-DATE :entry:default@PreBuild...  
[2026-06-02T01:11:15.743] [DEBUG] debug-file - Executing task :entry:default@CreateModuleInfo
[2026-06-02T01:11:15.744] [DEBUG] debug-file - Task 'entry:default@CreateModuleInfo' cost while wrapping incremental declarations: 1 ms 
[2026-06-02T01:11:15.744] [DEBUG] debug-file - entry : default@CreateModuleInfo cost memory 0.04141998291015625
[2026-06-02T01:11:15.744] [DEBUG] debug-file - runTaskFromQueue task cost before running: 89 ms 
[2026-06-02T01:11:15.745] [INFO] debug-file - Finished :entry:default@CreateModuleInfo... after 1 ms 
[2026-06-02T01:11:15.746] [DEBUG] debug-file - Executing task :entry:default@GenerateMetadata
[2026-06-02T01:11:15.746] [DEBUG] debug-file - Task 'entry:default@GenerateMetadata' cost while wrapping incremental declarations: 1 ms 
[2026-06-02T01:11:15.747] [DEBUG] debug-file - Incremental task entry:default@GenerateMetadata pre-execution cost: 1 ms .
[2026-06-02T01:11:15.747] [DEBUG] debug-file - entry : default@GenerateMetadata cost memory 0.08286285400390625
[2026-06-02T01:11:15.747] [INFO] debug-file - UP-TO-DATE :entry:default@GenerateMetadata...  
[2026-06-02T01:11:15.748] [DEBUG] debug-file - Executing task :entry:default@ConfigureCmake
[2026-06-02T01:11:15.748] [DEBUG] debug-file - entry : default@ConfigureCmake cost memory 0.0144805908203125
[2026-06-02T01:11:15.748] [DEBUG] debug-file - runTaskFromQueue task cost before running: 92 ms 
[2026-06-02T01:11:15.748] [INFO] debug-file - Finished :entry:default@ConfigureCmake... after 1 ms 
[2026-06-02T01:11:15.749] [DEBUG] debug-file - Executing task :entry:default@MergeProfile
[2026-06-02T01:11:15.749] [DEBUG] debug-file - Task 'entry:default@MergeProfile' cost while wrapping incremental declarations: 1 ms 
[2026-06-02T01:11:15.754] [DEBUG] debug-file - Incremental task entry:default@MergeProfile pre-execution cost: 6 ms .
[2026-06-02T01:11:15.755] [DEBUG] debug-file - entry : default@MergeProfile cost memory -12.597297668457031
[2026-06-02T01:11:15.755] [INFO] debug-file - UP-TO-DATE :entry:default@MergeProfile...  
[2026-06-02T01:11:15.756] [DEBUG] debug-file - Executing task :entry:default@CreateBuildProfile
[2026-06-02T01:11:15.756] [DEBUG] debug-file - Task 'entry:default@CreateBuildProfile' cost while wrapping incremental declarations: 1 ms 
[2026-06-02T01:11:15.757] [DEBUG] debug-file - Incremental task entry:default@CreateBuildProfile pre-execution cost: 1 ms .
[2026-06-02T01:11:15.757] [DEBUG] debug-file - entry : default@CreateBuildProfile cost memory 0.12087249755859375
[2026-06-02T01:11:15.757] [INFO] debug-file - UP-TO-DATE :entry:default@CreateBuildProfile...  
[2026-06-02T01:11:15.758] [DEBUG] debug-file - Executing task :entry:default@PreCheckSyscap
[2026-06-02T01:11:15.758] [DEBUG] debug-file - entry : default@PreCheckSyscap cost memory 0.0148162841796875
[2026-06-02T01:11:15.758] [DEBUG] debug-file - runTaskFromQueue task cost before running: 103 ms 
[2026-06-02T01:11:15.758] [INFO] debug-file - Finished :entry:default@PreCheckSyscap... after 1 ms 
[2026-06-02T01:11:15.760] [DEBUG] debug-file - Executing task :entry:default@GeneratePkgContextInfo
[2026-06-02T01:11:15.762] [DEBUG] debug-file - Task 'entry:default@GeneratePkgContextInfo' cost while wrapping incremental declarations: 1 ms 
[2026-06-02T01:11:15.763] [DEBUG] debug-file - Incremental task entry:default@GeneratePkgContextInfo pre-execution cost: 1 ms .
[2026-06-02T01:11:15.763] [DEBUG] debug-file - entry : default@GeneratePkgContextInfo cost memory 0.400238037109375
[2026-06-02T01:11:15.763] [INFO] debug-file - UP-TO-DATE :entry:default@GeneratePkgContextInfo...  
[2026-06-02T01:11:15.765] [DEBUG] debug-file - Executing task :entry:default@ProcessIntegratedHsp
[2026-06-02T01:11:15.765] [DEBUG] debug-file - entry:default@ProcessIntegratedHsp is not up-to-date, since the output file 'D:\HUAWEI\lab4\AirShare\build\cache\default\integrated_hsp\integratedHspCache.json' does not exist.
[2026-06-02T01:11:15.765] [DEBUG] debug-file - Incremental task entry:default@ProcessIntegratedHsp pre-execution cost: 1 ms .
[2026-06-02T01:11:15.765] [DEBUG] debug-file - entry : default@ProcessIntegratedHsp cost memory 0.0557403564453125
[2026-06-02T01:11:15.765] [DEBUG] debug-file - runTaskFromQueue task cost before running: 110 ms 
[2026-06-02T01:11:15.766] [INFO] debug-file - Finished :entry:default@ProcessIntegratedHsp... after 1 ms 
[2026-06-02T01:11:15.766] [DEBUG] debug-file - Executing task :entry:default@BuildNativeWithCmake
[2026-06-02T01:11:15.766] [DEBUG] debug-file - entry : default@BuildNativeWithCmake cost memory 0.0145416259765625
[2026-06-02T01:11:15.766] [DEBUG] debug-file - runTaskFromQueue task cost before running: 111 ms 
[2026-06-02T01:11:15.766] [INFO] debug-file - Finished :entry:default@BuildNativeWithCmake... after 1 ms 
[2026-06-02T01:11:15.767] [DEBUG] debug-file - Executing task :entry:default@MakePackInfo
[2026-06-02T01:11:15.768] [DEBUG] debug-file - Incremental task entry:default@MakePackInfo pre-execution cost: 1 ms .
[2026-06-02T01:11:15.768] [DEBUG] debug-file - entry : default@MakePackInfo cost memory 0.10406494140625
[2026-06-02T01:11:15.768] [INFO] debug-file - UP-TO-DATE :entry:default@MakePackInfo...  
[2026-06-02T01:11:15.769] [DEBUG] debug-file - Executing task :entry:default@SyscapTransform
[2026-06-02T01:11:15.769] [DEBUG] debug-file - File: 'D:\HUAWEI\lab4\AirShare\entry\src\main\syscap.json' from 'sysCapJsonPath' is not exists, just ignore.
[2026-06-02T01:11:15.769] [DEBUG] debug-file - Task 'entry:default@SyscapTransform' cost while wrapping incremental declarations: 1 ms 
[2026-06-02T01:11:15.770] [DEBUG] debug-file - entry:default@SyscapTransform is not up-to-date, since the output file 'D:\HUAWEI\lab4\AirShare\entry\build\default\intermediates\syscap\default\rpcid.sc' does not exist.
[2026-06-02T01:11:15.770] [DEBUG] debug-file - Incremental task entry:default@SyscapTransform pre-execution cost: 1 ms .
[2026-06-02T01:11:15.770] [DEBUG] debug-file - entry : default@SyscapTransform cost memory 0.143768310546875
[2026-06-02T01:11:15.771] [DEBUG] debug-file - runTaskFromQueue task cost before running: 115 ms 
[2026-06-02T01:11:15.771] [INFO] debug-file - Finished :entry:default@SyscapTransform... after 2 ms 
[2026-06-02T01:11:15.772] [DEBUG] debug-file - Executing task :entry:default@ProcessProfile
[2026-06-02T01:11:15.772] [DEBUG] debug-file - Task 'entry:default@ProcessProfile' cost while wrapping incremental declarations: 1 ms 
[2026-06-02T01:11:15.773] [DEBUG] debug-file - Incremental task entry:default@ProcessProfile pre-execution cost: 1 ms .
[2026-06-02T01:11:15.775] [DEBUG] debug-file - entry : default@ProcessProfile cost memory -1.5831451416015625
[2026-06-02T01:11:15.775] [INFO] debug-file - UP-TO-DATE :entry:default@ProcessProfile...  
[2026-06-02T01:11:15.776] [DEBUG] debug-file - Executing task :entry:default@ProcessRouterMap
[2026-06-02T01:11:15.777] [DEBUG] debug-file - Incremental task entry:default@ProcessRouterMap pre-execution cost: 2 ms .
[2026-06-02T01:11:15.777] [DEBUG] debug-file - entry : default@ProcessRouterMap cost memory 0.15901947021484375
[2026-06-02T01:11:15.777] [INFO] debug-file - UP-TO-DATE :entry:default@ProcessRouterMap...  
[2026-06-02T01:11:15.778] [DEBUG] debug-file - Executing task :entry:default@ProcessShareConfig
[2026-06-02T01:11:15.779] [DEBUG] debug-file - Incremental task entry:default@ProcessShareConfig pre-execution cost: 1 ms .
[2026-06-02T01:11:15.779] [DEBUG] debug-file - entry : default@ProcessShareConfig cost memory 0.1324615478515625
[2026-06-02T01:11:15.780] [INFO] debug-file - UP-TO-DATE :entry:default@ProcessShareConfig...  
[2026-06-02T01:11:15.780] [DEBUG] debug-file - Executing task :entry:default@ProcessStartupConfig
[2026-06-02T01:11:15.780] [DEBUG] debug-file - Task 'entry:default@ProcessStartupConfig' cost while wrapping incremental declarations: 1 ms 
[2026-06-02T01:11:15.781] [DEBUG] debug-file - entry:default@ProcessStartupConfig is not up-to-date, since the output file 'D:\HUAWEI\lab4\AirShare\entry\build\default\intermediates\startup\default\startup_config.json' does not exist.
[2026-06-02T01:11:15.781] [DEBUG] debug-file - Incremental task entry:default@ProcessStartupConfig pre-execution cost: 1 ms .
[2026-06-02T01:11:15.781] [DEBUG] debug-file - entry : default@ProcessStartupConfig cost memory 0.12579345703125
[2026-06-02T01:11:15.781] [DEBUG] debug-file - runTaskFromQueue task cost before running: 126 ms 
[2026-06-02T01:11:15.782] [INFO] debug-file - Finished :entry:default@ProcessStartupConfig... after 2 ms 
[2026-06-02T01:11:15.782] [DEBUG] debug-file - Executing task :entry:default@BuildNativeWithNinja
[2026-06-02T01:11:15.783] [DEBUG] debug-file - entry : default@BuildNativeWithNinja cost memory 0.02065277099609375
[2026-06-02T01:11:15.783] [DEBUG] debug-file - runTaskFromQueue task cost before running: 127 ms 
[2026-06-02T01:11:15.783] [INFO] debug-file - Finished :entry:default@BuildNativeWithNinja... after 1 ms 
[2026-06-02T01:11:15.784] [DEBUG] debug-file - restool module names: entry; moduleName=entry, taskName=default@ProcessResource
[2026-06-02T01:11:15.785] [DEBUG] debug-file - Executing task :entry:default@ProcessResource
[2026-06-02T01:11:15.785] [DEBUG] debug-file - Task 'entry:default@ProcessResource' cost while wrapping incremental declarations: 1 ms 
[2026-06-02T01:11:15.785] [DEBUG] debug-file - Incremental task entry:default@ProcessResource pre-execution cost: 1 ms .
[2026-06-02T01:11:15.786] [DEBUG] debug-file - entry : default@ProcessResource cost memory 0.12819671630859375
[2026-06-02T01:11:15.786] [INFO] debug-file - UP-TO-DATE :entry:default@ProcessResource...  
[2026-06-02T01:11:15.788] [DEBUG] debug-file - Executing task :entry:default@GenerateLoaderJson
[2026-06-02T01:11:15.788] [DEBUG] debug-file - Task 'entry:default@GenerateLoaderJson' cost while wrapping incremental declarations: 1 ms 
[2026-06-02T01:11:15.793] [DEBUG] debug-file - Incremental task entry:default@GenerateLoaderJson pre-execution cost: 4 ms .
[2026-06-02T01:11:15.793] [DEBUG] debug-file - entry : default@GenerateLoaderJson cost memory -1.2184066772460938
[2026-06-02T01:11:15.794] [INFO] debug-file - UP-TO-DATE :entry:default@GenerateLoaderJson...  
[2026-06-02T01:11:15.795] [DEBUG] debug-file - Executing task :entry:default@ProcessLibs
[2026-06-02T01:11:15.796] [DEBUG] debug-file - Incremental task entry:default@ProcessLibs pre-execution cost: 1 ms .
[2026-06-02T01:11:15.796] [DEBUG] debug-file - entry : default@ProcessLibs cost memory 0.09967041015625
[2026-06-02T01:11:15.797] [INFO] debug-file - UP-TO-DATE :entry:default@ProcessLibs...  
[2026-06-02T01:11:15.797] [DEBUG] debug-file - restool module names: entry; moduleName=entry, taskName=default@CompileResource
[2026-06-02T01:11:15.798] [DEBUG] debug-file - Executing task :entry:default@CompileResource
[2026-06-02T01:11:15.803] [DEBUG] debug-file - Incremental task entry:default@CompileResource pre-execution cost: 5 ms .
[2026-06-02T01:11:15.803] [DEBUG] debug-file - entry : default@CompileResource cost memory 0.5908584594726562
[2026-06-02T01:11:15.804] [INFO] debug-file - UP-TO-DATE :entry:default@CompileResource...  
[2026-06-02T01:11:15.805] [DEBUG] debug-file - Executing task :entry:default@DoNativeStrip
[2026-06-02T01:11:15.805] [DEBUG] debug-file - Task 'entry:default@DoNativeStrip' cost while wrapping incremental declarations: 1 ms 
[2026-06-02T01:11:15.806] [DEBUG] debug-file - Incremental task entry:default@DoNativeStrip pre-execution cost: 1 ms .
[2026-06-02T01:11:15.806] [DEBUG] debug-file - entry : default@DoNativeStrip cost memory 0.07653045654296875
[2026-06-02T01:11:15.807] [INFO] debug-file - UP-TO-DATE :entry:default@DoNativeStrip...  
[2026-06-02T01:11:15.808] [DEBUG] debug-file - Executing task :entry:default@CompileArkTS
[2026-06-02T01:11:15.808] [DEBUG] debug-file - obfuscationOptions: undefined
[2026-06-02T01:11:15.809] [DEBUG] debug-file - Task 'entry:default@CompileArkTS' cost while wrapping incremental declarations: 1 ms 
[2026-06-02T01:11:15.817] [DEBUG] debug-file - build config:
[2026-06-02T01:11:15.817] [DEBUG] debug-file - {
  moduleType: 'entry',
  perf: 0,
  targetName: '.default',
  packageManagerType: 'ohpm',
  localPropertiesPath: 'D:\\HUAWEI\\lab4\\AirShare\\local.properties',
  isPreview: false,
  isOhosTest: false,
  isLocalTest: false,
  buildMode: 'Debug',
  hotReloadBuild: undefined,
  watchMode: 'false',
  aceProfilePath: 'D:\\HUAWEI\\lab4\\AirShare\\entry\\build\\default\\intermediates\\res\\default\\resources\\base\\profile',
  etsLoaderPath: 'D:\\HUAWEI\\DevEco\\DevEco Studio\\sdk\\default\\openharmony\\ets\\build-tools\\ets-loader',
  modulePath: 'D:\\HUAWEI\\lab4\\AirShare\\entry',
  testFrameworkPar: {
    testMode: undefined,
    coveragePathFilter: undefined,
    coverageMode: undefined
  },
  needCoverageInsert: false,
  debugLine: false,
  projectTopDir: 'D:\\HUAWEI\\lab4\\AirShare',
  compileSdkVersion: 22,
  compatibleSdkVersion: 12,
  originCompatibleSdkVersion: '5.0.0(12)',
  compatibleSdkVersionStage: 'beta1',
  bundleName: 'c***p',
  etsLoaderVersion: '6.0.2.130',
  etsLoaderReleaseType: 'Release',
  aotCompileMode: 'type',
  apPath: 'D:\\HUAWEI\\lab4\\AirShare\\entry\\modules.ap',
  entryModuleName: 'entry',
  entryModuleVersion: '1.0.0',
  entryPackageName: 'entry',
  allModuleNameHash: '57f7d6d59fcbe9af73cc212fa1d411f82d9ab1db01b0f9a8f027e374097c4c31',
  externalApiPaths: [ 'D:\\HUAWEI\\DevEco\\DevEco Studio\\sdk\\default\\hms\\ets' ],
  compilerTypes: [],
  isCrossplatform: false,
  hvigorPluginFile: undefined,
  compilePluginPath: undefined,
  buildGeneratedProfilePath: 'D:\\HUAWEI\\lab4\\AirShare\\entry\\build\\default\\generated\\profile\\default',
  bundleType: 'app',
  arkTSVersion: undefined,
  apiVersion: 22,
  needCompleteSourcesMap: false,
  isFaMode: false,
  buildDir: 'D:\\HUAWEI\\lab4\\AirShare\\entry\\build',
  deviceTypes: [ 'phone', 'tablet', '2in1' ],
  pkgContextInfo: {
    entry: {
      packageName: 'entry',
      bundleName: '*****',
      moduleName: '',
      version: '',
      entryPath: 'src/main/',
      isSO: false,
      dependencyAlias: ''
    }
  },
  ohPackagePathMap: {},
  dependencyAliasMap: {},
  permission: {
    requestPermissions: [ [Object], [Object], [Object], [Object] ],
    definePermissions: undefined
  },
  useGetCurrentBundleName: false,
  projectArkOption: undefined,
  sourceMapDir: undefined,
  branchElimination: false,
  transformLib: undefined,
  tsImportSendable: false,
  resolveConflictMode: true,
  depName2RootPath: {},
  depName2DepInfo: {},
  rootPathSet: [ 'D:\\HUAWEI\\lab4\\AirShare' ],
  useNativeResolver: true,
  shouldEmitJs: true,
  useTscResolve: false,
  singleFileEmit: false,
  userProjectConfig: {
    autoLazyImport: false,
    allowEmptyBundleName: false,
    reExportCheckMode: 'noCheck',
    executionMode: 'memory',
    usePathPlaceholder: false,
    writeRollupCache: true,
    isExpandImportEnabled: false,
    expandImportExclude: '',
    lazyImportExclude: '',
    lazyImportInclude: '',
    ignoreCrossplatformCheck: false,
    isHarDeduplicateEnabled: false,
    skipOhModulesLint: false,
    enableStrictCheckOHModule: false,
    disableSendableCheckRules: [],
    useDeclarationFileSignature: false,
    customizedOptions: undefined,
    integratedHsp: false,
    isPreloadSoEnabled: false
  },
  executionMode: 'memory',
  arkCompileCachePath: 'D:\\HUAWEI\\lab4\\AirShare\\entry\\build\\default\\cache\\default\\default@CompileArkTS\\esmodule',
  autoLazyFilter: undefined,
  isHarDeduplicateEnabled: false,
  intermediateHarDuplicateDirPath: 'D:\\HUAWEI\\lab4\\AirShare\\entry\\build\\default\\intermediates\\har_duplicate\\default',
  autoLazyImport: false,
  allowEmptyBundleName: false,
  reExportCheckMode: 'noCheck',
  usePathPlaceholder: false,
  writeRollupCache: true,
  isExpandImportEnabled: false,
  expandImportExclude: '',
  lazyImportExclude: '',
  lazyImportInclude: '',
  ignoreCrossplatformCheck: false,
  skipOhModulesLint: false,
  enableStrictCheckOHModule: false,
  disableSendableCheckRules: [],
  useDeclarationFileSignature: false,
  customizedOptions: undefined,
  integratedHsp: false,
  isPreloadSoEnabled: false,
  strictMode: { useNormalizedOHMUrl: true, noExternalImportByPath: true },
  useNormalizedOHMUrl: true,
  caseSensitiveCheck: false,
  aceModuleJsonPath: 'D:\\HUAWEI\\lab4\\AirShare\\entry\\build\\default\\intermediates\\res\\default\\ark_module.json',
  appResource: 'D:\\HUAWEI\\lab4\\AirShare\\entry\\build\\default\\intermediates\\res\\default\\ResourceTable.txt',
  rawFileResource: 'D:\\HUAWEI\\lab4\\AirShare\\entry\\build\\default\\intermediates\\res\\default\\resources\\rawfile',
  resourceTableHash: 'cc27da0a2c4f7970ecf8c577f6f16b68d7b0a8c328e56c6ff0242c9adf2bd6c0',
  runtimeOS: 'HarmonyOS',
  sdkInfo: 'false:22:6.0.2.130:Release',
  aceModuleRoot: 'D:\\HUAWEI\\lab4\\AirShare\\entry\\src\\main\\ets',
  compileMode: 'esmodule',
  aceSuperVisualPath: 'D:\\HUAWEI\\lab4\\AirShare\\entry\\src\\main\\supervisual',
  aceBuildJson: 'D:\\HUAWEI\\lab4\\AirShare\\entry\\build\\default\\intermediates\\loader\\default\\loader.json',
  cachePath: 'D:\\HUAWEI\\lab4\\AirShare\\entry\\build\\default\\cache\\default\\default@CompileArkTS\\esmodule\\debug',
  aceModuleBuild: 'D:\\HUAWEI\\lab4\\AirShare\\entry\\build\\default\\intermediates\\loader_out\\default\\ets',
  supportChunks: true,
  declaredFilesPath: undefined,
  shouldCollectDirectImportees: false,
  isByteCodeHarOptimize: false,
  expandImportPath: undefined,
  pkgNameToPkgBriefInfo: {
    entry: {
      pkgRoot: 'D:\\HUAWEI\\lab4\\AirShare\\entry',
      originalSourceRoots: undefined,
      sourceRoots: [Array],
      pkgName: 'entry'
    }
  },
  projectModel: {
    'D:\\HUAWEI\\lab4\\AirShare\\entry\\src\\main': {
      moduleName: 'entry',
      modulePkgPath: 'D:\\HUAWEI\\lab4\\AirShare\\entry',
      belongProjectPath: 'D:\\HUAWEI\\lab4\\AirShare'
    },
    'D:\\HUAWEI\\lab4\\AirShare\\entry': {
      moduleName: 'entry',
      modulePkgPath: 'D:\\HUAWEI\\lab4\\AirShare\\entry',
      belongProjectPath: 'D:\\HUAWEI\\lab4\\AirShare'
    },
    'D:\\HUAWEI\\lab4\\AirShare': {
      moduleName: 'AirShare',
      modulePkgPath: 'D:\\HUAWEI\\lab4\\AirShare',
      belongProjectPath: 'D:\\HUAWEI\\lab4\\AirShare'
    }
  },
  pkgJsonFileHash: '3b20f4d233ba7a33c901eb79ecc912dc50e5d9dce6ebd76a46d24f24cbe19268',
  allModulePaths: [ 'D:\\HUAWEI\\lab4\\AirShare\\entry' ],
  routerMap: {},
  obfuscationOptions: undefined,
  byteCodeHarToDependencyKeys: undefined,
  compileBlockPkg: [],
  mockParams: {
    decorator: '@MockSetup',
    packageName: '@ohos/hamock',
    etsSourceRootPath: 'src/main/ets',
    mockConfigPath: undefined,
    mockConfigKey2ModuleInfo: {},
    source2ModuleIdMap: {}
  },
  copyCodeResourceEnable: true,
  copyCodeResourceExcludes: [],
  copyCodeResourceIncludes: undefined,
  uiTransformOptimization: false,
  sdkPath: 'D:/HUAWEI/DevEco/DevEco Studio/sdk',
  needPreloadSoFileSet: {},
  preloadSoFilePath: 'D:\\HUAWEI\\lab4\\AirShare\\entry\\build\\default\\intermediates\\preload\\default\\preload.json',
  useSourceHash: false,
  localModuleParamMap: {},
  otherPaths: {
    'entry/*': [
      '..\\*',
      '..\\..\\..\\build\\default\\generated\\profile\\default\\*'
    ]
  },
  collectImportersConfig: undefined
}
[2026-06-02T01:11:15.818] [DEBUG] debug-file - Compile arkts with external api path: D:\HUAWEI\DevEco\DevEco Studio\sdk\default\hms\ets
[2026-06-02T01:11:15.818] [DEBUG] debug-file - default@CompileArkTS work[3] is submitted.
[2026-06-02T01:11:15.818] [DEBUG] debug-file - default@CompileArkTS work[3] is pushed to ready queue.
[2026-06-02T01:11:15.819] [DEBUG] debug-file - A work dispatched to worker[19] failed because unable to get work from ready queue.
[2026-06-02T01:11:15.819] [DEBUG] debug-file - A work dispatched to worker[18] failed because unable to get work from ready queue.
[2026-06-02T01:11:15.819] [DEBUG] debug-file - A work dispatched to worker[17] failed because unable to get work from ready queue.
[2026-06-02T01:11:15.819] [DEBUG] debug-file - A work dispatched to worker[16] failed because unable to get work from ready queue.
[2026-06-02T01:11:15.819] [DEBUG] debug-file - A work dispatched to worker[15] failed because unable to get work from ready queue.
[2026-06-02T01:11:15.819] [DEBUG] debug-file - A work dispatched to worker[14] failed because unable to get work from ready queue.
[2026-06-02T01:11:15.819] [DEBUG] debug-file - A work dispatched to worker[13] failed because unable to get work from ready queue.
[2026-06-02T01:11:15.819] [DEBUG] debug-file - A work dispatched to worker[12] failed because unable to get work from ready queue.
[2026-06-02T01:11:15.819] [DEBUG] debug-file - A work dispatched to worker[11] failed because unable to get work from ready queue.
[2026-06-02T01:11:15.819] [DEBUG] debug-file - A work dispatched to worker[10] failed because unable to get work from ready queue.
[2026-06-02T01:11:15.819] [DEBUG] debug-file - A work dispatched to worker[9] failed because unable to get work from ready queue.
[2026-06-02T01:11:15.819] [DEBUG] debug-file - A work dispatched to worker[8] failed because unable to get work from ready queue.
[2026-06-02T01:11:15.819] [DEBUG] debug-file - A work dispatched to worker[7] failed because unable to get work from ready queue.
[2026-06-02T01:11:15.819] [DEBUG] debug-file - A work dispatched to worker[6] failed because unable to get work from ready queue.
[2026-06-02T01:11:15.819] [DEBUG] debug-file - A work dispatched to worker[5] failed because unable to get work from ready queue.
[2026-06-02T01:11:15.819] [DEBUG] debug-file - default@CompileArkTS work[3] has been dispatched to worker[4].
[2026-06-02T01:11:15.819] [DEBUG] debug-file - default@CompileArkTS work[3] is dispatched.
[2026-06-02T01:11:15.819] [DEBUG] debug-file - CopyResources startTime: 1629601785891300
[2026-06-02T01:11:15.819] [DEBUG] debug-file - default@CompileArkTS work[4] is submitted.
[2026-06-02T01:11:15.819] [DEBUG] debug-file - default@CompileArkTS work[4] is pushed to ready queue.
[2026-06-02T01:11:15.819] [DEBUG] debug-file - A work dispatched to worker[19] failed because unable to get work from ready queue.
[2026-06-02T01:11:15.819] [DEBUG] debug-file - Create  resident worker with id: 18.
[2026-06-02T01:11:15.820] [DEBUG] debug-file - default@CompileArkTS work[4] has been dispatched to worker[18].
[2026-06-02T01:11:15.821] [DEBUG] debug-file - default@CompileArkTS work[4] is dispatched.
[2026-06-02T01:11:15.821] [DEBUG] debug-file - entry : default@CompileArkTS cost memory -0.39704132080078125
[2026-06-02T01:11:15.822] [DEBUG] debug-file - Executing task :entry:default@BuildJS
[2026-06-02T01:11:15.822] [DEBUG] debug-file - Task 'entry:default@BuildJS' cost while wrapping incremental declarations: 1 ms 
[2026-06-02T01:11:15.825] [DEBUG] debug-file - entry : default@BuildJS cost memory 0.15648651123046875
[2026-06-02T01:11:15.825] [DEBUG] debug-file - runTaskFromQueue task cost before running: 169 ms 
[2026-06-02T01:11:15.825] [INFO] debug-file - Finished :entry:default@BuildJS... after 3 ms 
[2026-06-02T01:11:15.826] [DEBUG] debug-file - Executing task :entry:default@CacheNativeLibs
[2026-06-02T01:11:15.826] [DEBUG] debug-file - Task 'entry:default@CacheNativeLibs' cost while wrapping incremental declarations: 1 ms 
[2026-06-02T01:11:15.827] [DEBUG] debug-file - Incremental task entry:default@CacheNativeLibs pre-execution cost: 1 ms .
[2026-06-02T01:11:15.827] [DEBUG] debug-file - entry : default@CacheNativeLibs cost memory 0.0898284912109375
[2026-06-02T01:11:15.827] [INFO] debug-file - UP-TO-DATE :entry:default@CacheNativeLibs...  
[2026-06-02T01:11:16.698] [DEBUG] debug-file - worker[18] has one work done.
[2026-06-02T01:11:16.698] [DEBUG] debug-file - CopyResources is end, endTime: 1629602664392600
[2026-06-02T01:11:16.698] [DEBUG] debug-file - default@CompileArkTS work[4] done.
[2026-06-02T01:11:16.698] [DEBUG] debug-file - A work dispatched to worker[18] failed because unable to get work from ready queue.
[2026-06-02T01:11:16.799] [WARN] debug-file - [33mWARN: [33m[33mArkTS:WARN File: D:/HUAWEI/lab4/AirShare/entry/src/main/ets/pages/Index.ets:16:20
 'getContext' has been deprecated.
[39m[39m
[33mWARN: [33m[33mArkTS:WARN File: D:/HUAWEI/lab4/AirShare/entry/src/main/ets/pages/Index.ets:36:12
 'pushUrl' has been deprecated.
[39m[39m
[33mWARN: [33m[33mArkTS:WARN File: D:/HUAWEI/lab4/AirShare/entry/src/main/ets/pages/TransferPage.ets:19:25
 'getParams' has been deprecated.
[39m[39m
[33mWARN: [33m[33mArkTS:WARN File: D:/HUAWEI/lab4/AirShare/entry/src/main/ets/pages/TransferPage.ets:34:5
 Function may throw exceptions. Special handling is required.
[39m[39m
[33mWARN: [33m[33mArkTS:WARN File: D:/HUAWEI/lab4/AirShare/entry/src/main/ets/pages/TransferPage.ets:77:37
 'back' has been deprecated.
[39m[39m

[2026-06-02T01:11:16.799] [DEBUG] debug-file - Ark compile task finished.finished time is 1629602765662300
[2026-06-02T01:11:16.800] [DEBUG] debug-file - worker[4] has one work done.
[2026-06-02T01:11:16.802] [DEBUG] debug-file - default@CompileArkTS work[3] done.
[2026-06-02T01:11:16.802] [DEBUG] debug-file - A work dispatched to worker[4] failed because unable to get work from ready queue.
[2026-06-02T01:11:16.803] [INFO] debug-file - Finished :entry:default@CompileArkTS... after 991 ms 
[2026-06-02T01:11:16.804] [DEBUG] debug-file - Executing task :entry:default@GeneratePkgModuleJson
[2026-06-02T01:11:16.804] [DEBUG] debug-file - File: 'D:\HUAWEI\lab4\AirShare\entry\build\default\intermediates\preload\default\preload.json' from 'preloadSoJsonPath' is not exists, just ignore.
[2026-06-02T01:11:16.805] [DEBUG] debug-file - Error occurs while handling @Input 'shouldDeduplicateHar': The "data" argument must be of type string or an instance of Buffer, TypedArray, or DataView. Received undefined
[2026-06-02T01:11:16.805] [DEBUG] debug-file - Task 'entry:default@GeneratePkgModuleJson' cost while wrapping incremental declarations: 1 ms 
[2026-06-02T01:11:16.808] [DEBUG] debug-file - entry : default@GeneratePkgModuleJson cost memory 0.18700408935546875
[2026-06-02T01:11:16.809] [DEBUG] debug-file - runTaskFromQueue task cost before running: 1 s 153 ms 
[2026-06-02T01:11:16.809] [INFO] debug-file - Finished :entry:default@GeneratePkgModuleJson... after 5 ms 
[2026-06-02T01:11:16.810] [DEBUG] debug-file - Executing task :entry:default@ProcessCompiledResources
[2026-06-02T01:11:16.810] [DEBUG] debug-file - File: 'D:\HUAWEI\lab4\AirShare\entry\build\default\intermediates\preload\default\preload.json' from 'preloadSoJsonPath' is not exists, just ignore.
[2026-06-02T01:11:16.810] [DEBUG] debug-file - Task 'entry:default@ProcessCompiledResources' cost while wrapping incremental declarations: 1 ms 
[2026-06-02T01:11:16.810] [DEBUG] debug-file - entry : default@ProcessCompiledResources cost memory 0.0610198974609375
[2026-06-02T01:11:16.810] [DEBUG] debug-file - runTaskFromQueue task cost before running: 1 s 155 ms 
[2026-06-02T01:11:16.810] [INFO] debug-file - Finished :entry:default@ProcessCompiledResources... after 1 ms 
[2026-06-02T01:11:16.812] [DEBUG] debug-file - Executing task :entry:default@PackageHap
[2026-06-02T01:11:16.814] [DEBUG] debug-file - Use tool [D:\HUAWEI\DevEco\DevEco Studio\sdk\default\openharmony\toolchains\lib\app_packing_tool.jar]
 [
  'java',
  '-Dfile.encoding=GBK',
  '-jar',
  'D:\\HUAWEI\\DevEco\\DevEco Studio\\sdk\\default\\openharmony\\toolchains\\lib\\app_packing_tool.jar',
  '--mode',
  'hap',
  '--force',
  'true',
  '--lib-path',
  'D:\\HUAWEI\\lab4\\AirShare\\entry\\build\\default\\intermediates\\stripped_native_libs\\default',
  '--json-path',
  'D:\\HUAWEI\\lab4\\AirShare\\entry\\build\\default\\intermediates\\package\\default\\module.json',
  '--resources-path',
  'D:\\HUAWEI\\lab4\\AirShare\\entry\\build\\default\\intermediates\\res\\default\\resources',
  '--index-path',
  'D:\\HUAWEI\\lab4\\AirShare\\entry\\build\\default\\intermediates\\res\\default\\resources.index',
  '--pack-info-path',
  'D:\\HUAWEI\\lab4\\AirShare\\entry\\build\\default\\outputs\\default\\pack.info',
  '--out-path',
  'D:\\HUAWEI\\lab4\\AirShare\\entry\\build\\default\\outputs\\default\\entry-default-unsigned.hap',
  '--ets-path',
  'D:\\HUAWEI\\lab4\\AirShare\\entry\\build\\default\\intermediates\\loader_out\\default\\ets',
  '--pkg-context-path',
  'D:\\HUAWEI\\lab4\\AirShare\\entry\\build\\default\\intermediates\\loader\\default\\pkgContextInfo.json'
]
[2026-06-02T01:11:17.201] [DEBUG] debug-file - java daemon socket received message:{"code":0,"message":"pack success"}
[2026-06-02T01:11:17.207] [DEBUG] debug-file - entry : default@PackageHap cost memory 0.5456314086914062
[2026-06-02T01:11:17.208] [DEBUG] debug-file - runTaskFromQueue task cost before running: 1 s 552 ms 
[2026-06-02T01:11:17.208] [INFO] debug-file - Finished :entry:default@PackageHap... after 396 ms 
[2026-06-02T01:11:17.209] [DEBUG] debug-file - Executing task :entry:default@PackingCheck
[2026-06-02T01:11:17.216] [DEBUG] debug-file - entry : default@PackingCheck cost memory 0.739471435546875
[2026-06-02T01:11:17.216] [DEBUG] debug-file - runTaskFromQueue task cost before running: 1 s 560 ms 
[2026-06-02T01:11:17.216] [INFO] debug-file - Finished :entry:default@PackingCheck... after 7 ms 
[2026-06-02T01:11:17.217] [DEBUG] debug-file - Executing task :entry:default@SignHap
[2026-06-02T01:11:17.218] [WARN] debug-file - Will skip sign 'hos_hap'. No signingConfigs profile is configured in current project.
             If needed, configure the signingConfigs in D:\HUAWEI\lab4\AirShare\build-profile.json5.
[2026-06-02T01:11:17.219] [DEBUG] debug-file - entry : default@SignHap cost memory 0.06665802001953125
[2026-06-02T01:11:17.219] [DEBUG] debug-file - runTaskFromQueue task cost before running: 1 s 563 ms 
[2026-06-02T01:11:17.219] [INFO] debug-file - Finished :entry:default@SignHap... after 2 ms 
[2026-06-02T01:11:17.220] [DEBUG] debug-file - Executing task :entry:default@CollectDebugSymbol
[2026-06-02T01:11:17.221] [DEBUG] debug-file - entry : default@CollectDebugSymbol cost memory 0.09212493896484375
[2026-06-02T01:11:17.221] [DEBUG] debug-file - runTaskFromQueue task cost before running: 1 s 566 ms 
[2026-06-02T01:11:17.221] [INFO] debug-file - Finished :entry:default@CollectDebugSymbol... after 1 ms 
[2026-06-02T01:11:17.221] [DEBUG] debug-file - Executing task :entry:assembleHap
[2026-06-02T01:11:17.222] [DEBUG] debug-file - entry : assembleHap cost memory 0.012725830078125
[2026-06-02T01:11:17.222] [DEBUG] debug-file - runTaskFromQueue task cost before running: 1 s 566 ms 
[2026-06-02T01:11:17.222] [INFO] debug-file - Finished :entry:assembleHap... after 1 ms 
[2026-06-02T01:11:17.238] [INFO] debug-file - BUILD SUCCESSFUL in 1 s 582 ms 
[2026-06-02T01:11:17.238] [DEBUG] debug-file - There is no need to refresh cache, since the incremental task entry:default@PreBuild is up-to-date.
[2026-06-02T01:11:17.238] [DEBUG] debug-file - Update task entry:default@CreateModuleInfo output file:D:\HUAWEI\lab4\AirShare\entry\build\default\generated\profile\default\ModuleInfo.ts cache.
[2026-06-02T01:11:17.239] [DEBUG] debug-file - Incremental task entry:default@CreateModuleInfo post-execution cost:1 ms .
[2026-06-02T01:11:17.239] [DEBUG] debug-file - There is no need to refresh cache, since the incremental task entry:default@GenerateMetadata is up-to-date.
[2026-06-02T01:11:17.239] [DEBUG] debug-file - There is no need to refresh cache, since the incremental task entry:default@MergeProfile is up-to-date.
[2026-06-02T01:11:17.239] [DEBUG] debug-file - There is no need to refresh cache, since the incremental task entry:default@CreateBuildProfile is up-to-date.
[2026-06-02T01:11:17.239] [DEBUG] debug-file - There is no need to refresh cache, since the incremental task entry:default@GeneratePkgContextInfo is up-to-date.
[2026-06-02T01:11:17.239] [DEBUG] debug-file - Update task entry:default@ProcessIntegratedHsp output file:D:\HUAWEI\lab4\AirShare\build\cache\default\integrated_hsp\integratedHspCache.json cache.
[2026-06-02T01:11:17.239] [DEBUG] debug-file - Incremental task entry:default@ProcessIntegratedHsp post-execution cost:1 ms .
[2026-06-02T01:11:17.239] [DEBUG] debug-file - There is no need to refresh cache, since the incremental task entry:default@MakePackInfo is up-to-date.
[2026-06-02T01:11:17.239] [DEBUG] debug-file - Update task entry:default@SyscapTransform input file:D:\HUAWEI\DevEco\DevEco Studio\sdk\default\openharmony\toolchains\syscap_tool.exe cache by regenerate.
[2026-06-02T01:11:17.239] [DEBUG] debug-file - Update task entry:default@SyscapTransform input file:D:\HUAWEI\DevEco\DevEco Studio\sdk\default\openharmony\ets\api\device-define cache by regenerate.
[2026-06-02T01:11:17.240] [DEBUG] debug-file - Update task entry:default@SyscapTransform output file:D:\HUAWEI\lab4\AirShare\entry\build\default\intermediates\syscap\default\rpcid.sc cache.
[2026-06-02T01:11:17.240] [DEBUG] debug-file - Incremental task entry:default@SyscapTransform post-execution cost:1 ms .
[2026-06-02T01:11:17.240] [DEBUG] debug-file - There is no need to refresh cache, since the incremental task entry:default@ProcessProfile is up-to-date.
[2026-06-02T01:11:17.240] [DEBUG] debug-file - There is no need to refresh cache, since the incremental task entry:default@ProcessRouterMap is up-to-date.
[2026-06-02T01:11:17.240] [DEBUG] debug-file - There is no need to refresh cache, since the incremental task entry:default@ProcessShareConfig is up-to-date.
[2026-06-02T01:11:17.240] [DEBUG] debug-file - Update task entry:default@ProcessStartupConfig input file:D:\HUAWEI\lab4\AirShare\entry\build\default\intermediates\loader\default\pkgContextInfo.json cache by regenerate.
[2026-06-02T01:11:17.241] [DEBUG] debug-file - Update task entry:default@ProcessStartupConfig output file:D:\HUAWEI\lab4\AirShare\entry\build\default\intermediates\startup\default\startup_config.json cache.
[2026-06-02T01:11:17.241] [DEBUG] debug-file - Incremental task entry:default@ProcessStartupConfig post-execution cost:1 ms .
[2026-06-02T01:11:17.241] [DEBUG] debug-file - There is no need to refresh cache, since the incremental task entry:default@ProcessResource is up-to-date.
[2026-06-02T01:11:17.241] [DEBUG] debug-file - There is no need to refresh cache, since the incremental task entry:default@GenerateLoaderJson is up-to-date.
[2026-06-02T01:11:17.241] [DEBUG] debug-file - There is no need to refresh cache, since the incremental task entry:default@ProcessLibs is up-to-date.
[2026-06-02T01:11:17.241] [DEBUG] debug-file - There is no need to refresh cache, since the incremental task entry:default@CompileResource is up-to-date.
[2026-06-02T01:11:17.241] [DEBUG] debug-file - There is no need to refresh cache, since the incremental task entry:default@DoNativeStrip is up-to-date.
[2026-06-02T01:11:17.242] [DEBUG] debug-file - Update task entry:default@CompileArkTS input file:D:\HUAWEI\lab4\AirShare\entry\build\default\intermediates\loader\default cache by regenerate.
[2026-06-02T01:11:17.242] [DEBUG] debug-file - Update task entry:default@CompileArkTS input file:D:\HUAWEI\lab4\AirShare\entry\build\default\intermediates\res\default\resources\rawfile cache by regenerate.
[2026-06-02T01:11:17.243] [DEBUG] debug-file - Update task entry:default@CompileArkTS input file:D:\HUAWEI\lab4\AirShare\entry\build\default\intermediates\res\default\ResourceTable.txt cache by regenerate.
[2026-06-02T01:11:17.243] [DEBUG] debug-file - Update task entry:default@CompileArkTS input file:D:\HUAWEI\lab4\AirShare\entry\build\default\intermediates\res\default\ark_module.json cache by regenerate.
[2026-06-02T01:11:17.243] [DEBUG] debug-file - Update task entry:default@CompileArkTS input file:D:\HUAWEI\lab4\AirShare\entry\build\default\intermediates\res\default\resources\base\profile cache by regenerate.
[2026-06-02T01:11:17.243] [DEBUG] debug-file - Update task entry:default@CompileArkTS input file:D:\HUAWEI\lab4\AirShare\entry\src\main\ets cache by regenerate.
[2026-06-02T01:11:17.244] [DEBUG] debug-file - Update task entry:default@CompileArkTS input file:D:\HUAWEI\lab4\AirShare\entry\build\default\intermediates\loader\default\pkgContextInfo.json cache by regenerate.
[2026-06-02T01:11:17.244] [DEBUG] debug-file - Update task entry:default@CompileArkTS input file:D:\HUAWEI\lab4\AirShare\entry\build\default\generated\profile\default\BuildProfile.ets cache by regenerate.
[2026-06-02T01:11:17.244] [DEBUG] debug-file - Update task entry:default@CompileArkTS output file:D:\HUAWEI\lab4\AirShare\entry\build\default\intermediates\loader_out\default\ets cache.
[2026-06-02T01:11:17.245] [DEBUG] debug-file - Incremental task entry:default@CompileArkTS post-execution cost:4 ms .
[2026-06-02T01:11:17.245] [DEBUG] debug-file - Update task entry:default@BuildJS input file:D:\HUAWEI\lab4\AirShare\entry\build\default\intermediates\loader\default cache by regenerate.
[2026-06-02T01:11:17.246] [DEBUG] debug-file - Update task entry:default@BuildJS input file:D:\HUAWEI\lab4\AirShare\entry\build\default\intermediates\res\default\resources\rawfile cache by regenerate.
[2026-06-02T01:11:17.246] [DEBUG] debug-file - Update task entry:default@BuildJS input file:D:\HUAWEI\lab4\AirShare\entry\build\default\intermediates\res\default\ResourceTable.txt cache by regenerate.
[2026-06-02T01:11:17.246] [DEBUG] debug-file - Update task entry:default@BuildJS input file:D:\HUAWEI\lab4\AirShare\entry\build\default\intermediates\res\default\ark_module.json cache by regenerate.
[2026-06-02T01:11:17.246] [DEBUG] debug-file - Update task entry:default@BuildJS input file:D:\HUAWEI\lab4\AirShare\entry\build\default\intermediates\res\default\resources\base\profile cache by regenerate.
[2026-06-02T01:11:17.246] [DEBUG] debug-file - Update task entry:default@BuildJS input file:D:\HUAWEI\lab4\AirShare\entry\build\default\intermediates\loader\default\pkgContextInfo.json cache by regenerate.
[2026-06-02T01:11:17.247] [DEBUG] debug-file - Update task entry:default@BuildJS output file:D:\HUAWEI\lab4\AirShare\entry\build\default\intermediates\loader_out\default\js cache.
[2026-06-02T01:11:17.247] [DEBUG] debug-file - Incremental task entry:default@BuildJS post-execution cost:3 ms .
[2026-06-02T01:11:17.247] [DEBUG] debug-file - There is no need to refresh cache, since the incremental task entry:default@CacheNativeLibs is up-to-date.
[2026-06-02T01:11:17.247] [DEBUG] debug-file - Update task entry:default@GeneratePkgModuleJson input file:D:\HUAWEI\lab4\AirShare\entry\build\default\intermediates\res\default\module.json cache by regenerate.
[2026-06-02T01:11:17.247] [DEBUG] debug-file - Update task entry:default@GeneratePkgModuleJson output file:D:\HUAWEI\lab4\AirShare\entry\build\default\intermediates\package\default\module.json cache.
[2026-06-02T01:11:17.247] [DEBUG] debug-file - Incremental task entry:default@GeneratePkgModuleJson post-execution cost:1 ms .
[2026-06-02T01:11:17.247] [DEBUG] debug-file - Incremental task entry:default@ProcessCompiledResources post-execution cost:1 ms .
[2026-06-02T01:11:17.249] [DEBUG] debug-file - Update task entry:default@PackageHap input file:D:\HUAWEI\lab4\AirShare\entry\build\default\intermediates\stripped_native_libs\default cache by regenerate.
[2026-06-02T01:11:17.249] [DEBUG] debug-file - Update task entry:default@PackageHap input file:D:\HUAWEI\lab4\AirShare\entry\build\default\intermediates\res\default\module.json cache by regenerate.
[2026-06-02T01:11:17.249] [DEBUG] debug-file - Update task entry:default@PackageHap input file:D:\HUAWEI\lab4\AirShare\entry\build\default\intermediates\res\default\resources cache by regenerate.
[2026-06-02T01:11:17.250] [DEBUG] debug-file - Update task entry:default@PackageHap input file:D:\HUAWEI\lab4\AirShare\entry\build\default\intermediates\res\default\resources.index cache by regenerate.
[2026-06-02T01:11:17.250] [DEBUG] debug-file - Update task entry:default@PackageHap input file:D:\HUAWEI\lab4\AirShare\entry\build\default\outputs\default\pack.info cache by regenerate.
[2026-06-02T01:11:17.250] [DEBUG] debug-file - Update task entry:default@PackageHap input file:D:\HUAWEI\lab4\AirShare\entry\build\default\intermediates\loader_out\default\ets cache by regenerate.
[2026-06-02T01:11:17.251] [DEBUG] debug-file - Update task entry:default@PackageHap input file:D:\HUAWEI\lab4\AirShare\entry\build\default\intermediates\loader\default\pkgContextInfo.json cache by regenerate.
[2026-06-02T01:11:17.251] [DEBUG] debug-file - Update task entry:default@PackageHap input file:D:\HUAWEI\lab4\AirShare\entry\build\default\intermediates\loader_out\default\ets\sourceMaps.map cache by regenerate.
[2026-06-02T01:11:17.251] [DEBUG] debug-file - Update task entry:default@PackageHap input file:D:\HUAWEI\lab4\AirShare\entry\build\default\generated\profile\default\BuildProfile.ets cache by regenerate.
[2026-06-02T01:11:17.251] [DEBUG] debug-file - Update task entry:default@PackageHap output file:D:\HUAWEI\lab4\AirShare\entry\build\default\outputs\default\entry-default-unsigned.hap cache.
[2026-06-02T01:11:17.251] [DEBUG] debug-file - Update task entry:default@PackageHap output file:D:\HUAWEI\lab4\AirShare\entry\build\default\intermediates\source_map\default\sourceMaps.map cache.
[2026-06-02T01:11:17.251] [DEBUG] debug-file - Update task entry:default@PackageHap output file:D:\HUAWEI\lab4\AirShare\entry\build\default\outputs\default\mapping\sourceMaps.map cache.
[2026-06-02T01:11:17.252] [DEBUG] debug-file - Incremental task entry:default@PackageHap post-execution cost:5 ms .
[2026-06-02T01:11:17.252] [DEBUG] debug-file - Update task entry:default@SignHap input file:D:\HUAWEI\lab4\AirShare\entry\build\default\outputs\default\entry-default-unsigned.hap cache by regenerate.
[2026-06-02T01:11:17.253] [DEBUG] debug-file - Update task entry:default@SignHap output file:D:\HUAWEI\lab4\AirShare\entry\build\default\outputs\default\entry-default-signed.hap cache.
[2026-06-02T01:11:17.253] [DEBUG] debug-file - Incremental task entry:default@SignHap post-execution cost:1 ms .
[2026-06-02T01:11:17.253] [DEBUG] debug-file - Update task entry:default@CollectDebugSymbol input file:D:\HUAWEI\lab4\AirShare\entry\build\default\intermediates\loader_out\default\ets\sourceMaps.map cache by regenerate.
[2026-06-02T01:11:17.253] [DEBUG] debug-file - Update task entry:default@CollectDebugSymbol input file:D:\HUAWEI\lab4\AirShare\entry\build\default\intermediates\libs\default cache by regenerate.
[2026-06-02T01:11:17.253] [DEBUG] debug-file - Update task entry:default@CollectDebugSymbol output file:D:\HUAWEI\lab4\AirShare\entry\build\default\outputs\default\symbol cache.
[2026-06-02T01:11:17.254] [DEBUG] debug-file - Incremental task entry:default@CollectDebugSymbol post-execution cost:1 ms .
[2026-06-02T01:11:17.279] [DEBUG] debug-file - Cleanup worker 18.
[2026-06-02T01:11:17.279] [DEBUG] debug-file - Worker 18 has been cleaned up.
[2026-06-02T01:11:17.279] [DEBUG] debug-file - Current idle worker size: 1.
[2026-06-02T01:11:17.279] [DEBUG] debug-file - Current resident worker size: 2.
[2026-06-02T01:11:17.280] [DEBUG] debug-file - hvigor build process will be closed.
[2026-06-02T01:11:17.280] [DEBUG] debug-file - java daemon socket close code:1000 reason:close by user
[2026-06-02T01:11:17.285] [DEBUG] debug-file - session manager: send message to worker process.
[2026-06-02T01:11:17.286] [DEBUG] debug-file - session manager: send message to worker process.
[2026-06-02T01:11:17.285] [DEBUG] debug-file - watch worker: worker id should be larger than 0. Nothing will be sent to any worker thread.
[2026-06-02T01:11:17.285] [DEBUG] debug-file - watch worker: worker id should be larger than 0. Nothing will be sent to any worker thread.
[2026-06-02T01:11:17.286] [DEBUG] debug-file - worker[18] exits with exit code 1.
[2026-06-02T01:14:18.201] [DEBUG] debug-file - session manager: set active socket. socketId=RoUi7Quh8Y3a45c_AAAV
[2026-06-02T01:14:18.208] [DEBUG] debug-file - watch worker: worker id should be larger than 0. Nothing will be sent to any worker thread.
[2026-06-02T01:14:18.210] [DEBUG] debug-file - Workers' log level updated to INFO
[2026-06-02T01:14:18.213] [DEBUG] debug-file - Hvigor init with startParameters:{
  hvigorfileTypeCheck: false,
  parallelExecution: true,
  incrementalExecution: true,
  printStackTrace: false,
  daemon: true,
  analyze: 0,
  logLevel: Level { level: 20000, levelStr: 'INFO', colour: 'green' },
  optimizationStrategy: 'memory',
  hotCompile: undefined,
  hotReloadBuild: undefined,
  customizedParam: undefined
}
[2026-06-02T01:14:18.217] [DEBUG] debug-file - Cache service initialization finished in 4 ms 
[2026-06-02T01:14:18.217] [DEBUG] debug-file - hvigorfile, resolving D:\HUAWEI\lab4\AirShare\hvigorfile.ts
[2026-06-02T01:14:18.223] [DEBUG] debug-file - hvigorfile, require result:  { default: { plugins: [] } }
[2026-06-02T01:14:18.223] [DEBUG] debug-file - hvigorfile, binding system plugins null
[2026-06-02T01:14:18.224] [DEBUG] debug-file - Starting plugin build process
[2026-06-02T01:14:18.224] [DEBUG] debug-file - App plugin prepare start...
[2026-06-02T01:14:18.224] [DEBUG] debug-file - App plugin prepare end...
[2026-06-02T01:14:18.224] [DEBUG] debug-file - App plugin creating...
[2026-06-02T01:14:18.229] [DEBUG] debug-file - App plugin register hook start...
[2026-06-02T01:14:18.229] [DEBUG] debug-file - App plugin register hook end...
[2026-06-02T01:14:18.229] [DEBUG] debug-file - Plugin build process completed
[2026-06-02T01:14:18.230] [DEBUG] debug-file - Start initialize project's product build option map with build mode debug.
[2026-06-02T01:14:18.230] [DEBUG] debug-file - Picking option from product 'default' with build mode 'debug'.
[2026-06-02T01:14:18.230] [DEBUG] debug-file - Product 'default' build option initialized
[2026-06-02T01:14:18.230] [DEBUG] debug-file - End initialize project's product build option map with build mode 'debug'.
[2026-06-02T01:14:18.231] [DEBUG] debug-file - Obtain build option for product 'default'in this build.
[2026-06-02T01:14:18.232] [DEBUG] debug-file - No signingConfig found, initRemoteHspCache failed.
[2026-06-02T01:14:18.234] [DEBUG] debug-file - Start recording SDK configuration permission data.
[2026-06-02T01:14:18.265] [DEBUG] debug-file - Sdk init in 33 ms 
[2026-06-02T01:14:18.268] [DEBUG] debug-file - Project task initialization takes 3 ms 
[2026-06-02T01:14:18.268] [DEBUG] debug-file - hvigorfile, binding custom plugins []
[2026-06-02T01:14:18.268] [DEBUG] debug-file - hvigorfile, no custom plugins were found in D:\HUAWEI\lab4\AirShare\hvigorfile.ts
[2026-06-02T01:14:18.268] [DEBUG] debug-file - hvigorfile, resolve finished D:\HUAWEI\lab4\AirShare\hvigorfile.ts
[2026-06-02T01:14:18.268] [DEBUG] debug-file - hvigorfile, resolving D:\HUAWEI\lab4\AirShare\entry\hvigorfile.ts
[2026-06-02T01:14:18.271] [DEBUG] debug-file - hvigorfile, require result:  { default: { plugins: [] } }
[2026-06-02T01:14:18.272] [DEBUG] debug-file - hvigorfile, binding system plugins null
[2026-06-02T01:14:18.272] [DEBUG] debug-file - Starting plugin build process
[2026-06-02T01:14:18.272] [DEBUG] debug-file - Hap plugin creating...
[2026-06-02T01:14:18.273] [DEBUG] debug-file - failed to load cangjie to dynamically generate schemas: Error: Cannot find module '@ohos/cangjie-build-support/index'
Require stack:
- D:\HUAWEI\DevEco\DevEco Studio\tools\hvigor\hvigor-ohos-plugin\src\plugin\hooks\cangjie-register.js
- D:\HUAWEI\DevEco\DevEco Studio\tools\hvigor\hvigor-ohos-plugin\src\plugin\strategy\stage-init-strategy.js
- D:\HUAWEI\DevEco\DevEco Studio\tools\hvigor\hvigor-ohos-plugin\src\plugin\builder\abstract-plugin-builder.js
- D:\HUAWEI\DevEco\DevEco Studio\tools\hvigor\hvigor-ohos-plugin\src\plugin\builder\app-plugin-builder.js
- D:\HUAWEI\DevEco\DevEco Studio\tools\hvigor\hvigor-ohos-plugin\src\plugin\factory\plugin-factory.js
- D:\HUAWEI\DevEco\DevEco Studio\tools\hvigor\hvigor-ohos-plugin\index.js
- D:\HUAWEI\lab4\AirShare\hvigorfile.ts
- D:\HUAWEI\DevEco\DevEco Studio\tools\hvigor\hvigor\src\base\internal\lifecycle\configuration.js
- D:\HUAWEI\DevEco\DevEco Studio\tools\hvigor\hvigor\src\base\boot\index.js
- D:\HUAWEI\DevEco\DevEco Studio\tools\hvigor\hvigor\src\base\daemon\cluster\worker-process-lifecycle.js
- D:\HUAWEI\DevEco\DevEco Studio\tools\hvigor\hvigor\src\base\daemon\process\daemon-process-boot-script.js
[2026-06-02T01:14:18.274] [DEBUG] debug-file - Start initialize module-target build option map, moduleName=entry, buildMode=debug
[2026-06-02T01:14:18.274] [DEBUG] debug-file - Target 'default' config initialized
[2026-06-02T01:14:18.275] [DEBUG] debug-file - Module 'entry' target 'default' build option initialized
[2026-06-02T01:14:18.275] [DEBUG] debug-file - End initialize module-target build option map, moduleName=entry
[2026-06-02T01:14:18.275] [DEBUG] debug-file - Start initialize module-target build option map, moduleName=entry, buildMode=release
[2026-06-02T01:14:18.275] [DEBUG] debug-file - Target 'default' config initialized
[2026-06-02T01:14:18.276] [DEBUG] debug-file - Module 'entry' target 'default' build option initialized
[2026-06-02T01:14:18.276] [DEBUG] debug-file - End initialize module-target build option map, moduleName=entry
[2026-06-02T01:14:18.276] [DEBUG] debug-file - Start initialize module-target build option map, moduleName=entry, buildMode=debug
[2026-06-02T01:14:18.276] [DEBUG] debug-file - Target 'default' config initialized
[2026-06-02T01:14:18.277] [DEBUG] debug-file - Module 'entry' target 'default' build option initialized
[2026-06-02T01:14:18.277] [DEBUG] debug-file - End initialize module-target build option map, moduleName=entry
[2026-06-02T01:14:18.277] [DEBUG] debug-file - Obtain build option for module 'entry' target 'default'in this build.
[2026-06-02T01:14:18.279] [DEBUG] debug-file - Module entry task initialization takes 2 ms 
[2026-06-02T01:14:18.279] [DEBUG] debug-file - Hap plugin register hook start...
[2026-06-02T01:14:18.279] [DEBUG] debug-file - Hap plugin register hook end...
[2026-06-02T01:14:18.279] [DEBUG] debug-file - Plugin build process completed
[2026-06-02T01:14:18.279] [DEBUG] debug-file - hvigorfile, binding custom plugins []
[2026-06-02T01:14:18.279] [DEBUG] debug-file - hvigorfile, no custom plugins were found in D:\HUAWEI\lab4\AirShare\entry\hvigorfile.ts
[2026-06-02T01:14:18.279] [DEBUG] debug-file - hvigorfile, resolve finished D:\HUAWEI\lab4\AirShare\entry\hvigorfile.ts
[2026-06-02T01:14:18.296] [DEBUG] debug-file - hvigorfile, resolve hvigorfile dependencies in 17 ms 
[2026-06-02T01:14:18.296] [DEBUG] debug-file - project has submodules:entry
[2026-06-02T01:14:18.297] [DEBUG] debug-file - start to load updatedOhPackageInfo to the disk
[2026-06-02T01:14:18.303] [DEBUG] debug-file - load to the disk finished
[2026-06-02T01:14:18.304] [DEBUG] debug-file - Start to initialize dependency information.
[2026-06-02T01:14:18.305] [DEBUG] debug-file - Module AirShare Collected Dependency: 
[2026-06-02T01:14:18.305] [DEBUG] debug-file - Module AirShare's total dependency: 0
[2026-06-02T01:14:18.305] [DEBUG] debug-file - Start to initialize dependency information.
[2026-06-02T01:14:18.307] [DEBUG] debug-file - Module entry Collected Dependency: 
[2026-06-02T01:14:18.307] [DEBUG] debug-file - Module entry's total dependency: 0
[2026-06-02T01:14:18.309] [DEBUG] debug-file - Configuration phase cost:92 ms 
[2026-06-02T01:14:18.310] [DEBUG] debug-file - Configuration task cost before running: 100 ms 
[2026-06-02T01:14:18.310] [DEBUG] debug-file - Executing task :entry:init
[2026-06-02T01:14:18.311] [DEBUG] debug-file - entry : init cost memory -1.8201370239257812
[2026-06-02T01:14:18.311] [DEBUG] debug-file - runTaskFromQueue task cost before running: 101 ms 
[2026-06-02T01:14:18.311] [INFO] debug-file - Finished :entry:init... after 2 ms 
[2026-06-02T01:14:18.311] [DEBUG] debug-file - Executing task ::init
[2026-06-02T01:14:18.311] [DEBUG] debug-file - AirShare : init cost memory 0.01366424560546875
[2026-06-02T01:14:18.312] [DEBUG] debug-file - runTaskFromQueue task cost before running: 102 ms 
[2026-06-02T01:14:18.312] [INFO] debug-file - Finished ::init... after 1 ms 
[2026-06-02T01:14:18.329] [DEBUG] debug-file - Obtain build option for module 'entry' target 'default'in this build.
[2026-06-02T01:14:18.332] [DEBUG] debug-file - hvigor build process will be closed.
[2026-06-02T01:14:18.340] [DEBUG] debug-file - session manager: send message to worker process.
[2026-06-02T01:14:18.341] [DEBUG] debug-file - session manager: send message to worker process.
[2026-06-02T01:14:18.340] [DEBUG] debug-file - watch worker: worker id should be larger than 0. Nothing will be sent to any worker thread.
[2026-06-02T01:14:18.341] [DEBUG] debug-file - watch worker: worker id should be larger than 0. Nothing will be sent to any worker thread.
[2026-06-02T01:16:54.595] [DEBUG] debug-file - env: nodejsVersion=v18.20.1
[2026-06-02T01:16:54.671] [DEBUG] debug-file - env: daemon=true
[2026-06-02T01:16:54.596] [DEBUG] debug-file - env: hvigor-config.json5 content = { modelVersion: '5.0.0', dependencies: {} }
[2026-06-02T01:16:55.330] [DEBUG] debug-file - session manager: set active socket. socketId=F8YuY2JeKPflwDJoAAAX
[2026-06-02T01:16:55.336] [DEBUG] debug-file - watch worker: worker id should be larger than 0. Nothing will be sent to any worker thread.
[2026-06-02T01:16:55.339] [DEBUG] debug-file - Workers' log level updated to INFO
[2026-06-02T01:16:55.341] [DEBUG] debug-file - Hvigor init with startParameters:{
  hvigorfileTypeCheck: false,
  parallelExecution: true,
  incrementalExecution: true,
  printStackTrace: false,
  daemon: true,
  analyze: 0,
  logLevel: Level { level: 20000, levelStr: 'INFO', colour: 'green' },
  optimizationStrategy: 'memory',
  hotCompile: undefined,
  hotReloadBuild: undefined,
  customizedParam: undefined
}
[2026-06-02T01:16:55.341] [DEBUG] debug-file - Since current hvigor version 6.22.4 differs from last hvigor version 
      undefined, delete file-cache.json and task-cache.json.
[2026-06-02T01:16:55.341] [DEBUG] debug-file - Cache service initialization finished in 1 ms 
[2026-06-02T01:16:55.342] [DEBUG] debug-file - hvigorfile, resolving D:\HUAWEI\lab4\AirShare\hvigorfile.ts
[2026-06-02T01:16:55.344] [DEBUG] debug-file - hvigorfile, require result:  { default: { plugins: [] } }
[2026-06-02T01:16:55.345] [DEBUG] debug-file - hvigorfile, binding system plugins null
[2026-06-02T01:16:55.346] [DEBUG] debug-file - Starting plugin build process
[2026-06-02T01:16:55.346] [DEBUG] debug-file - App plugin prepare start...
[2026-06-02T01:16:55.346] [DEBUG] debug-file - App plugin prepare end...
[2026-06-02T01:16:55.346] [DEBUG] debug-file - App plugin creating...
[2026-06-02T01:16:55.351] [DEBUG] debug-file - App plugin register hook start...
[2026-06-02T01:16:55.351] [DEBUG] debug-file - App plugin register hook end...
[2026-06-02T01:16:55.351] [DEBUG] debug-file - Plugin build process completed
[2026-06-02T01:16:55.351] [DEBUG] debug-file - Start initialize project's product build option map with build mode debug.
[2026-06-02T01:16:55.351] [DEBUG] debug-file - Picking option from product 'default' with build mode 'debug'.
[2026-06-02T01:16:55.351] [DEBUG] debug-file - Product 'default' build option initialized
[2026-06-02T01:16:55.351] [DEBUG] debug-file - End initialize project's product build option map with build mode 'debug'.
[2026-06-02T01:16:55.352] [DEBUG] debug-file - Obtain build option for product 'default'in this build.
[2026-06-02T01:16:55.353] [DEBUG] debug-file - No signingConfig found, initRemoteHspCache failed.
[2026-06-02T01:16:55.355] [DEBUG] debug-file - Start recording SDK configuration permission data.
[2026-06-02T01:16:55.380] [DEBUG] debug-file - Sdk init in 27 ms 
[2026-06-02T01:16:55.384] [DEBUG] debug-file - Project task initialization takes 4 ms 
[2026-06-02T01:16:55.384] [DEBUG] debug-file - hvigorfile, binding custom plugins []
[2026-06-02T01:16:55.384] [DEBUG] debug-file - hvigorfile, no custom plugins were found in D:\HUAWEI\lab4\AirShare\hvigorfile.ts
[2026-06-02T01:16:55.384] [DEBUG] debug-file - hvigorfile, resolve finished D:\HUAWEI\lab4\AirShare\hvigorfile.ts
[2026-06-02T01:16:55.385] [DEBUG] debug-file - hvigorfile, resolving D:\HUAWEI\lab4\AirShare\entry\hvigorfile.ts
[2026-06-02T01:16:55.390] [DEBUG] debug-file - hvigorfile, require result:  { default: { plugins: [] } }
[2026-06-02T01:16:55.390] [DEBUG] debug-file - hvigorfile, binding system plugins null
[2026-06-02T01:16:55.390] [DEBUG] debug-file - Starting plugin build process
[2026-06-02T01:16:55.390] [DEBUG] debug-file - Hap plugin creating...
[2026-06-02T01:16:55.391] [DEBUG] debug-file - failed to load cangjie to dynamically generate schemas: Error: Cannot find module '@ohos/cangjie-build-support/index'
Require stack:
- D:\HUAWEI\DevEco\DevEco Studio\tools\hvigor\hvigor-ohos-plugin\src\plugin\hooks\cangjie-register.js
- D:\HUAWEI\DevEco\DevEco Studio\tools\hvigor\hvigor-ohos-plugin\src\plugin\strategy\stage-init-strategy.js
- D:\HUAWEI\DevEco\DevEco Studio\tools\hvigor\hvigor-ohos-plugin\src\plugin\builder\abstract-plugin-builder.js
- D:\HUAWEI\DevEco\DevEco Studio\tools\hvigor\hvigor-ohos-plugin\src\plugin\builder\app-plugin-builder.js
- D:\HUAWEI\DevEco\DevEco Studio\tools\hvigor\hvigor-ohos-plugin\src\plugin\factory\plugin-factory.js
- D:\HUAWEI\DevEco\DevEco Studio\tools\hvigor\hvigor-ohos-plugin\index.js
- D:\HUAWEI\lab4\AirShare\hvigorfile.ts
- D:\HUAWEI\DevEco\DevEco Studio\tools\hvigor\hvigor\src\base\internal\lifecycle\configuration.js
- D:\HUAWEI\DevEco\DevEco Studio\tools\hvigor\hvigor\src\base\boot\index.js
- D:\HUAWEI\DevEco\DevEco Studio\tools\hvigor\hvigor\src\base\daemon\cluster\worker-process-lifecycle.js
- D:\HUAWEI\DevEco\DevEco Studio\tools\hvigor\hvigor\src\base\daemon\process\daemon-process-boot-script.js
[2026-06-02T01:16:55.394] [DEBUG] debug-file - Start initialize module-target build option map, moduleName=entry, buildMode=debug
[2026-06-02T01:16:55.395] [DEBUG] debug-file - Target 'default' config initialized
[2026-06-02T01:16:55.395] [DEBUG] debug-file - Module 'entry' target 'default' build option initialized
[2026-06-02T01:16:55.395] [DEBUG] debug-file - End initialize module-target build option map, moduleName=entry
[2026-06-02T01:16:55.395] [DEBUG] debug-file - Start initialize module-target build option map, moduleName=entry, buildMode=release
[2026-06-02T01:16:55.395] [DEBUG] debug-file - Target 'default' config initialized
[2026-06-02T01:16:55.395] [DEBUG] debug-file - Module 'entry' target 'default' build option initialized
[2026-06-02T01:16:55.395] [DEBUG] debug-file - End initialize module-target build option map, moduleName=entry
[2026-06-02T01:16:55.395] [DEBUG] debug-file - Start initialize module-target build option map, moduleName=entry, buildMode=debug
[2026-06-02T01:16:55.395] [DEBUG] debug-file - Target 'default' config initialized
[2026-06-02T01:16:55.396] [DEBUG] debug-file - Module 'entry' target 'default' build option initialized
[2026-06-02T01:16:55.396] [DEBUG] debug-file - End initialize module-target build option map, moduleName=entry
[2026-06-02T01:16:55.396] [DEBUG] debug-file - Obtain build option for module 'entry' target 'default'in this build.
[2026-06-02T01:16:55.397] [DEBUG] debug-file - Module entry task initialization takes 1 ms 
[2026-06-02T01:16:55.397] [DEBUG] debug-file - Hap plugin register hook start...
[2026-06-02T01:16:55.397] [DEBUG] debug-file - Hap plugin register hook end...
[2026-06-02T01:16:55.397] [DEBUG] debug-file - Plugin build process completed
[2026-06-02T01:16:55.397] [DEBUG] debug-file - hvigorfile, binding custom plugins []
[2026-06-02T01:16:55.397] [DEBUG] debug-file - hvigorfile, no custom plugins were found in D:\HUAWEI\lab4\AirShare\entry\hvigorfile.ts
[2026-06-02T01:16:55.397] [DEBUG] debug-file - hvigorfile, resolve finished D:\HUAWEI\lab4\AirShare\entry\hvigorfile.ts
[2026-06-02T01:16:55.421] [DEBUG] debug-file - hvigorfile, resolve hvigorfile dependencies in 23 ms 
[2026-06-02T01:16:55.422] [DEBUG] debug-file - project has submodules:entry
[2026-06-02T01:16:55.423] [DEBUG] debug-file - start to load updatedOhPackageInfo to the disk
[2026-06-02T01:16:55.428] [DEBUG] debug-file - load to the disk finished
[2026-06-02T01:16:55.429] [DEBUG] debug-file - Start to initialize dependency information.
[2026-06-02T01:16:55.430] [DEBUG] debug-file - Module AirShare Collected Dependency: 
[2026-06-02T01:16:55.430] [DEBUG] debug-file - Module AirShare's total dependency: 0
[2026-06-02T01:16:55.430] [DEBUG] debug-file - Start to initialize dependency information.
[2026-06-02T01:16:55.431] [DEBUG] debug-file - Module entry Collected Dependency: 
[2026-06-02T01:16:55.431] [DEBUG] debug-file - Module entry's total dependency: 0
[2026-06-02T01:16:55.432] [DEBUG] debug-file - Configuration phase cost:92 ms 
[2026-06-02T01:16:55.433] [DEBUG] debug-file - Configuration task cost before running: 95 ms 
[2026-06-02T01:16:55.433] [DEBUG] debug-file - Executing task :entry:clean
[2026-06-02T01:16:55.434] [DEBUG] debug-file - clean: Start terminating worker pool.
[2026-06-02T01:16:55.434] [DEBUG] debug-file - Current worker pool is stopped or closed.
[2026-06-02T01:16:55.434] [DEBUG] debug-file - Clear worker 4.
[2026-06-02T01:16:55.434] [DEBUG] debug-file - Worker 4 has been cleared.
[2026-06-02T01:16:55.434] [DEBUG] debug-file - Current idle worker size: 0.
[2026-06-02T01:16:55.434] [DEBUG] debug-file - Current busy worker size: 0.
[2026-06-02T01:16:55.437] [DEBUG] debug-file - Current worker pool is terminated.
[2026-06-02T01:16:55.438] [DEBUG] debug-file - clean: Terminating worker pool finished.
[2026-06-02T01:16:55.480] [DEBUG] debug-file - entry : clean cost memory 0.0693511962890625
[2026-06-02T01:16:55.480] [DEBUG] debug-file - runTaskFromQueue task cost before running: 142 ms 
[2026-06-02T01:16:55.480] [INFO] debug-file - Finished :entry:clean... after 47 ms 
[2026-06-02T01:16:55.484] [DEBUG] debug-file - Executing task :entry:default@PreBuild
[2026-06-02T01:16:55.484] [DEBUG] debug-file - Task 'entry:default@PreBuild' cost while wrapping incremental declarations: 1 ms 
[2026-06-02T01:16:55.488] [DEBUG] debug-file - entry:default@PreBuild is not up-to-date, since the input file 'D:\HUAWEI\lab4\AirShare\hvigor\hvigor-config.json5' has been changed.
[2026-06-02T01:16:55.488] [DEBUG] debug-file - Incremental task entry:default@PreBuild pre-execution cost: 3 ms .
[2026-06-02T01:16:55.666] [DEBUG] debug-file - current product is not Atomic service.
[2026-06-02T01:16:55.666] [DEBUG] debug-file - Use tool [win32: JAVA_HOME, CLASSPATH]
 [
  { JAVA_HOME: 'D:\\HUAWEI\\DevEco\\DevEco Studio\\jbr' },
  { CLASSPATH: undefined }
]
[2026-06-02T01:16:55.667] [DEBUG] debug-file - Use tool [win32: NODE_HOME]
 [ { NODE_HOME: 'D:\\HUAWEI\\DevEco\\DevEco Studio\\tools\\node' } ]
[2026-06-02T01:16:55.667] [DEBUG] debug-file - entry : default@PreBuild cost memory 0.5445480346679688
[2026-06-02T01:16:55.667] [DEBUG] debug-file - runTaskFromQueue task cost before running: 329 ms 
[2026-06-02T01:16:55.669] [INFO] debug-file - Finished :entry:default@PreBuild... after 184 ms 
[2026-06-02T01:16:55.669] [DEBUG] debug-file - Executing task :entry:default@CreateModuleInfo
[2026-06-02T01:16:55.670] [DEBUG] debug-file - Task 'entry:default@CreateModuleInfo' cost while wrapping incremental declarations: 1 ms 
[2026-06-02T01:16:55.670] [DEBUG] debug-file - entry : default@CreateModuleInfo cost memory 0.0440673828125
[2026-06-02T01:16:55.670] [DEBUG] debug-file - runTaskFromQueue task cost before running: 331 ms 
[2026-06-02T01:16:55.670] [INFO] debug-file - Finished :entry:default@CreateModuleInfo... after 1 ms 
[2026-06-02T01:16:55.671] [DEBUG] debug-file - Executing task :entry:default@GenerateMetadata
[2026-06-02T01:16:55.671] [DEBUG] debug-file - Task 'entry:default@GenerateMetadata' cost while wrapping incremental declarations: 1 ms 
[2026-06-02T01:16:55.672] [DEBUG] debug-file - entry:default@GenerateMetadata is not up-to-date, since the output file 'D:\HUAWEI\lab4\AirShare\entry\build\default\intermediates\hap_metadata\default\output_metadata.json' does not exist.
[2026-06-02T01:16:55.672] [DEBUG] debug-file - Incremental task entry:default@GenerateMetadata pre-execution cost: 1 ms .
[2026-06-02T01:16:55.674] [DEBUG] debug-file - entry : default@GenerateMetadata cost memory 0.10547637939453125
[2026-06-02T01:16:55.675] [DEBUG] debug-file - runTaskFromQueue task cost before running: 336 ms 
[2026-06-02T01:16:55.675] [INFO] debug-file - Finished :entry:default@GenerateMetadata... after 4 ms 
[2026-06-02T01:16:55.675] [DEBUG] debug-file - Executing task :entry:default@ConfigureCmake
[2026-06-02T01:16:55.676] [DEBUG] debug-file - entry : default@ConfigureCmake cost memory 0.0144805908203125
[2026-06-02T01:16:55.676] [DEBUG] debug-file - runTaskFromQueue task cost before running: 337 ms 
[2026-06-02T01:16:55.676] [INFO] debug-file - Finished :entry:default@ConfigureCmake... after 1 ms 
[2026-06-02T01:16:55.677] [DEBUG] debug-file - Executing task :entry:default@MergeProfile
[2026-06-02T01:16:55.677] [DEBUG] debug-file - Task 'entry:default@MergeProfile' cost while wrapping incremental declarations: 1 ms 
[2026-06-02T01:16:55.678] [DEBUG] debug-file - entry:default@MergeProfile is not up-to-date, since the output file 'D:\HUAWEI\lab4\AirShare\entry\build\default\intermediates\merge_profile\default\module.json' does not exist.
[2026-06-02T01:16:55.678] [DEBUG] debug-file - Incremental task entry:default@MergeProfile pre-execution cost: 1 ms .
[2026-06-02T01:16:55.678] [DEBUG] debug-file - Change app api release type with 'Release'
[2026-06-02T01:16:55.679] [DEBUG] debug-file - Change app compile API version with '6.0.2.130'
[2026-06-02T01:16:55.679] [DEBUG] debug-file - Change app target API version with '50000012'
[2026-06-02T01:16:55.679] [DEBUG] debug-file - Change app minimum API version with '50000012'
[2026-06-02T01:16:55.679] [DEBUG] debug-file - Use cli appEnvironment
[2026-06-02T01:16:55.682] [DEBUG] debug-file - entry : default@MergeProfile cost memory 0.2295074462890625
[2026-06-02T01:16:55.682] [DEBUG] debug-file - runTaskFromQueue task cost before running: 344 ms 
[2026-06-02T01:16:55.682] [INFO] debug-file - Finished :entry:default@MergeProfile... after 6 ms 
[2026-06-02T01:16:55.683] [DEBUG] debug-file - Executing task :entry:default@CreateBuildProfile
[2026-06-02T01:16:55.684] [DEBUG] debug-file - Task 'entry:default@CreateBuildProfile' cost while wrapping incremental declarations: 1 ms 
[2026-06-02T01:16:55.684] [DEBUG] debug-file - entry:default@CreateBuildProfile is not up-to-date, since the output file 'D:\HUAWEI\lab4\AirShare\entry\build\default\generated\profile\default\BuildProfile.ets' does not exist.
[2026-06-02T01:16:55.684] [DEBUG] debug-file - Incremental task entry:default@CreateBuildProfile pre-execution cost: 1 ms .
[2026-06-02T01:16:55.686] [DEBUG] debug-file - entry : default@CreateBuildProfile cost memory 0.10312652587890625
[2026-06-02T01:16:55.686] [DEBUG] debug-file - runTaskFromQueue task cost before running: 348 ms 
[2026-06-02T01:16:55.687] [INFO] debug-file - Finished :entry:default@CreateBuildProfile... after 4 ms 
[2026-06-02T01:16:55.687] [DEBUG] debug-file - Executing task :entry:default@PreCheckSyscap
[2026-06-02T01:16:55.688] [DEBUG] debug-file - entry : default@PreCheckSyscap cost memory 0.014801025390625
[2026-06-02T01:16:55.688] [DEBUG] debug-file - runTaskFromQueue task cost before running: 349 ms 
[2026-06-02T01:16:55.688] [INFO] debug-file - Finished :entry:default@PreCheckSyscap... after 1 ms 
[2026-06-02T01:16:55.690] [DEBUG] debug-file - Executing task :entry:default@GeneratePkgContextInfo
[2026-06-02T01:16:55.694] [DEBUG] debug-file - Task 'entry:default@GeneratePkgContextInfo' cost while wrapping incremental declarations: 1 ms 
[2026-06-02T01:16:55.694] [DEBUG] debug-file - entry:default@GeneratePkgContextInfo is not up-to-date, since the output file 'D:\HUAWEI\lab4\AirShare\entry\build\default\intermediates\loader\default\pkgContextInfo.json' does not exist.
[2026-06-02T01:16:55.694] [DEBUG] debug-file - Incremental task entry:default@GeneratePkgContextInfo pre-execution cost: 1 ms .
[2026-06-02T01:16:55.695] [DEBUG] debug-file - entry : default@GeneratePkgContextInfo cost memory 0.28424072265625
[2026-06-02T01:16:55.695] [DEBUG] debug-file - runTaskFromQueue task cost before running: 357 ms 
[2026-06-02T01:16:55.696] [INFO] debug-file - Finished :entry:default@GeneratePkgContextInfo... after 6 ms 
[2026-06-02T01:16:55.697] [DEBUG] debug-file - Executing task :entry:default@ProcessIntegratedHsp
[2026-06-02T01:16:55.698] [DEBUG] debug-file - entry:default@ProcessIntegratedHsp is not up-to-date, since the output file 'D:\HUAWEI\lab4\AirShare\build\cache\default\integrated_hsp\integratedHspCache.json' does not exist.
[2026-06-02T01:16:55.698] [DEBUG] debug-file - Incremental task entry:default@ProcessIntegratedHsp pre-execution cost: 1 ms .
[2026-06-02T01:16:55.698] [DEBUG] debug-file - entry : default@ProcessIntegratedHsp cost memory 0.05554962158203125
[2026-06-02T01:16:55.698] [DEBUG] debug-file - runTaskFromQueue task cost before running: 360 ms 
[2026-06-02T01:16:55.698] [INFO] debug-file - Finished :entry:default@ProcessIntegratedHsp... after 1 ms 
[2026-06-02T01:16:55.699] [DEBUG] debug-file - Executing task :entry:default@BuildNativeWithCmake
[2026-06-02T01:16:55.699] [DEBUG] debug-file - entry : default@BuildNativeWithCmake cost memory 0.014495849609375
[2026-06-02T01:16:55.699] [DEBUG] debug-file - runTaskFromQueue task cost before running: 361 ms 
[2026-06-02T01:16:55.699] [INFO] debug-file - Finished :entry:default@BuildNativeWithCmake... after 1 ms 
[2026-06-02T01:16:55.700] [DEBUG] debug-file - Executing task :entry:default@MakePackInfo
[2026-06-02T01:16:55.701] [DEBUG] debug-file - entry:default@MakePackInfo is not up-to-date, since the output file 'D:\HUAWEI\lab4\AirShare\entry\build\default\outputs\default\pack.info' does not exist.
[2026-06-02T01:16:55.701] [DEBUG] debug-file - Incremental task entry:default@MakePackInfo pre-execution cost: 1 ms .
[2026-06-02T01:16:55.702] [DEBUG] debug-file - Module Pack Info:  {
  summary: {
    app: { bundleName: 'c***p', bundleType: 'app', version: [Object] },
    modules: [ [Object] ]
  },
  packages: [
    {
      deviceType: [Array],
      moduleType: 'entry',
      deliveryWithInstall: true,
      name: 'entry-default'
    }
  ]
}
[2026-06-02T01:16:55.705] [DEBUG] debug-file - entry : default@MakePackInfo cost memory -6.5044403076171875
[2026-06-02T01:16:55.705] [DEBUG] debug-file - runTaskFromQueue task cost before running: 367 ms 
[2026-06-02T01:16:55.706] [INFO] debug-file - Finished :entry:default@MakePackInfo... after 6 ms 
[2026-06-02T01:16:55.707] [DEBUG] debug-file - Executing task :entry:default@SyscapTransform
[2026-06-02T01:16:55.707] [DEBUG] debug-file - File: 'D:\HUAWEI\lab4\AirShare\entry\src\main\syscap.json' from 'sysCapJsonPath' is not exists, just ignore.
[2026-06-02T01:16:55.707] [DEBUG] debug-file - Task 'entry:default@SyscapTransform' cost while wrapping incremental declarations: 1 ms 
[2026-06-02T01:16:55.709] [DEBUG] debug-file - entry:default@SyscapTransform is not up-to-date, since the output file 'D:\HUAWEI\lab4\AirShare\entry\build\default\intermediates\syscap\default\rpcid.sc' does not exist.
[2026-06-02T01:16:55.709] [DEBUG] debug-file - Incremental task entry:default@SyscapTransform pre-execution cost: 2 ms .
[2026-06-02T01:16:55.709] [DEBUG] debug-file - entry : default@SyscapTransform cost memory 0.14858245849609375
[2026-06-02T01:16:55.709] [DEBUG] debug-file - runTaskFromQueue task cost before running: 370 ms 
[2026-06-02T01:16:55.709] [INFO] debug-file - Finished :entry:default@SyscapTransform... after 3 ms 
[2026-06-02T01:16:55.710] [DEBUG] debug-file - Executing task :entry:default@ProcessProfile
[2026-06-02T01:16:55.711] [DEBUG] debug-file - Task 'entry:default@ProcessProfile' cost while wrapping incremental declarations: 1 ms 
[2026-06-02T01:16:55.711] [DEBUG] debug-file - entry:default@ProcessProfile is not up-to-date, since the input file 'D:\HUAWEI\lab4\AirShare\entry\build\default\intermediates\merge_profile\default\module.json' has been changed.
[2026-06-02T01:16:55.711] [DEBUG] debug-file - Incremental task entry:default@ProcessProfile pre-execution cost: 1 ms .
[2026-06-02T01:16:55.712] [DEBUG] debug-file - [
  'D:\\HUAWEI\\DevEco\\DevEco Studio\\tools\\node\\node.exe',
  'D:\\HUAWEI\\DevEco\\DevEco Studio\\sdk\\default\\openharmony\\ets\\build-tools\\ets-loader\\bin\\ark\\ts2abc.js',
  '--target-api-version',
  '12',
  '--target-api-sub-version',
  'beta1'
]
[2026-06-02T01:16:55.876] [DEBUG] debug-file - 12.0.2.0
[2026-06-02T01:16:55.879] [DEBUG] debug-file - No need to add fake ui ability because of not in preview process.
[2026-06-02T01:16:55.880] [DEBUG] debug-file - entry : default@ProcessProfile cost memory 0.36517333984375
[2026-06-02T01:16:55.880] [DEBUG] debug-file - runTaskFromQueue task cost before running: 541 ms 
[2026-06-02T01:16:55.880] [INFO] debug-file - Finished :entry:default@ProcessProfile... after 170 ms 
[2026-06-02T01:16:55.881] [DEBUG] debug-file - Executing task :entry:default@ProcessRouterMap
[2026-06-02T01:16:55.882] [DEBUG] debug-file - entry:default@ProcessRouterMap is not up-to-date, since the input file 'D:\HUAWEI\lab4\AirShare\oh-package.json5' has been changed.
[2026-06-02T01:16:55.882] [DEBUG] debug-file - Incremental task entry:default@ProcessRouterMap pre-execution cost: 1 ms .
[2026-06-02T01:16:55.886] [DEBUG] debug-file - entry : default@ProcessRouterMap cost memory 0.14508056640625
[2026-06-02T01:16:55.887] [DEBUG] debug-file - runTaskFromQueue task cost before running: 548 ms 
[2026-06-02T01:16:55.887] [INFO] debug-file - Finished :entry:default@ProcessRouterMap... after 6 ms 
[2026-06-02T01:16:55.888] [DEBUG] debug-file - Executing task :entry:default@ProcessShareConfig
[2026-06-02T01:16:55.890] [DEBUG] debug-file - entry:default@ProcessShareConfig is not up-to-date, since the input file 'D:\HUAWEI\lab4\AirShare\oh-package.json5' has been changed.
[2026-06-02T01:16:55.890] [DEBUG] debug-file - Incremental task entry:default@ProcessShareConfig pre-execution cost: 1 ms .
[2026-06-02T01:16:55.893] [DEBUG] debug-file - entry : default@ProcessShareConfig cost memory 0.126373291015625
[2026-06-02T01:16:55.893] [DEBUG] debug-file - runTaskFromQueue task cost before running: 554 ms 
[2026-06-02T01:16:55.893] [INFO] debug-file - Finished :entry:default@ProcessShareConfig... after 5 ms 
[2026-06-02T01:16:55.895] [DEBUG] debug-file - Executing task :entry:default@ProcessStartupConfig
[2026-06-02T01:16:55.895] [DEBUG] debug-file - Task 'entry:default@ProcessStartupConfig' cost while wrapping incremental declarations: 1 ms 
[2026-06-02T01:16:55.896] [DEBUG] debug-file - entry:default@ProcessStartupConfig is not up-to-date, since the input file 'D:\HUAWEI\lab4\AirShare\entry\build\default\intermediates\loader\default\pkgContextInfo.json' has been changed.
[2026-06-02T01:16:55.896] [DEBUG] debug-file - Incremental task entry:default@ProcessStartupConfig pre-execution cost: 1 ms .
[2026-06-02T01:16:55.897] [DEBUG] debug-file - entry : default@ProcessStartupConfig cost memory 0.12497711181640625
[2026-06-02T01:16:55.897] [DEBUG] debug-file - runTaskFromQueue task cost before running: 558 ms 
[2026-06-02T01:16:55.897] [INFO] debug-file - Finished :entry:default@ProcessStartupConfig... after 2 ms 
[2026-06-02T01:16:55.898] [DEBUG] debug-file - Executing task :entry:default@BuildNativeWithNinja
[2026-06-02T01:16:55.899] [DEBUG] debug-file - entry : default@BuildNativeWithNinja cost memory 0.02657318115234375
[2026-06-02T01:16:55.900] [DEBUG] debug-file - runTaskFromQueue task cost before running: 561 ms 
[2026-06-02T01:16:55.900] [INFO] debug-file - Finished :entry:default@BuildNativeWithNinja... after 2 ms 
[2026-06-02T01:16:55.901] [DEBUG] debug-file - restool module names: entry; moduleName=entry, taskName=default@ProcessResource
[2026-06-02T01:16:55.902] [DEBUG] debug-file - Executing task :entry:default@ProcessResource
[2026-06-02T01:16:55.902] [DEBUG] debug-file - Task 'entry:default@ProcessResource' cost while wrapping incremental declarations: 1 ms 
[2026-06-02T01:16:55.902] [DEBUG] debug-file - entry:default@ProcessResource is not up-to-date, since the output file 'D:\HUAWEI\lab4\AirShare\entry\build\default\intermediates\res\default\resConfig.json' does not exist.
[2026-06-02T01:16:55.902] [DEBUG] debug-file - Incremental task entry:default@ProcessResource pre-execution cost: 1 ms .
[2026-06-02T01:16:55.905] [DEBUG] debug-file - entry : default@ProcessResource cost memory 0.1401519775390625
[2026-06-02T01:16:55.906] [DEBUG] debug-file - runTaskFromQueue task cost before running: 568 ms 
[2026-06-02T01:16:55.907] [INFO] debug-file - Finished :entry:default@ProcessResource... after 5 ms 
[2026-06-02T01:16:55.909] [DEBUG] debug-file - Executing task :entry:default@GenerateLoaderJson
[2026-06-02T01:16:55.910] [DEBUG] debug-file - Task 'entry:default@GenerateLoaderJson' cost while wrapping incremental declarations: 1 ms 
[2026-06-02T01:16:55.914] [DEBUG] debug-file - entry:default@GenerateLoaderJson is not up-to-date, since the input file 'D:\HUAWEI\lab4\AirShare\entry\build\default\intermediates\loader\default\pkgContextInfo.json' has been changed.
[2026-06-02T01:16:55.914] [DEBUG] debug-file - Incremental task entry:default@GenerateLoaderJson pre-execution cost: 3 ms .
[2026-06-02T01:16:55.918] [DEBUG] debug-file - entry : default@GenerateLoaderJson cost memory 0.40541839599609375
[2026-06-02T01:16:55.918] [DEBUG] debug-file - runTaskFromQueue task cost before running: 580 ms 
[2026-06-02T01:16:55.921] [INFO] debug-file - Finished :entry:default@GenerateLoaderJson... after 9 ms 
[2026-06-02T01:16:55.922] [DEBUG] debug-file - Executing task :entry:default@ProcessLibs
[2026-06-02T01:16:55.923] [DEBUG] debug-file - entry:default@ProcessLibs is not up-to-date, since the output file 'D:\HUAWEI\lab4\AirShare\entry\build\default\intermediates\libs\default' does not exist.
[2026-06-02T01:16:55.923] [DEBUG] debug-file - Incremental task entry:default@ProcessLibs pre-execution cost: 1 ms .
[2026-06-02T01:16:55.926] [DEBUG] debug-file - Worker dispatch failed, running processLibs on main thread.
[2026-06-02T01:16:55.928] [DEBUG] debug-file - entry : default@ProcessLibs cost memory 0.38535308837890625
[2026-06-02T01:16:55.928] [DEBUG] debug-file - runTaskFromQueue task cost before running: 590 ms 
[2026-06-02T01:16:55.929] [INFO] debug-file - Finished :entry:default@ProcessLibs... after 7 ms 
[2026-06-02T01:16:55.930] [DEBUG] debug-file - restool module names: entry; moduleName=entry, taskName=default@CompileResource
[2026-06-02T01:16:55.931] [DEBUG] debug-file - Executing task :entry:default@CompileResource
[2026-06-02T01:16:55.938] [DEBUG] debug-file - entry:default@CompileResource is not up-to-date, since the input file 'D:\HUAWEI\lab4\AirShare\entry\build\default\intermediates\process_profile\default\module.json' has been changed.
[2026-06-02T01:16:55.938] [DEBUG] debug-file - Incremental task entry:default@CompileResource pre-execution cost: 6 ms .
[2026-06-02T01:16:55.940] [DEBUG] debug-file - worker[4] exits with exit code 1.
[2026-06-02T01:16:55.941] [DEBUG] debug-file - Use tool [D:\HUAWEI\DevEco\DevEco Studio\sdk\default\openharmony\toolchains\restool.exe]
 [
  'D:\\HUAWEI\\DevEco\\DevEco Studio\\sdk\\default\\openharmony\\toolchains\\restool.exe',
  '-l',
  'D:\\HUAWEI\\lab4\\AirShare\\entry\\build\\default\\intermediates\\res\\default\\resConfig.json'
]
[2026-06-02T01:16:55.942] [DEBUG] debug-file - current process  memoryUsage: {
  rss: 204341248,
  heapTotal: 140865536,
  heapUsed: 116916536,
  external: 3127204,
  arrayBuffers: 99541
} os memoryUsage :24.071136474609375
[2026-06-02T01:16:56.004] [DEBUG] debug-file - Info: Pack: normal pack mode

[2026-06-02T01:16:56.055] [DEBUG] debug-file - Info: hardware concurrency count is : 20
Info: thread count is : 20

[2026-06-02T01:16:56.056] [DEBUG] debug-file - Info: thread pool is started

[2026-06-02T01:16:56.057] [DEBUG] debug-file - Info: GenericCompiler::CompileFiles

[2026-06-02T01:16:56.062] [DEBUG] debug-file - Info: GenericCompiler::CompileFiles

[2026-06-02T01:16:56.063] [DEBUG] debug-file - Info: GenericCompiler::CompileFiles

[2026-06-02T01:16:56.068] [DEBUG] debug-file - 06-02 01:16:56.068 85340 85560 E C01400/ImageTranscoderUtils: DecodeToRGBA IN
06-02 01:16:56.068 85340 85560 E C01400/ImageTranscoderUtils: ImageFilter IN D:\HUAWEI\lab4\AirShare\AppScope\resources\base\media\app_icon.png

[2026-06-02T01:16:56.069] [DEBUG] debug-file - 06-02 01:16:56.069 85340 85560 E C01400/ImageTranscoder: TranscodeSLR Only zoom-out is supported.

[2026-06-02T01:16:56.069] [DEBUG] debug-file - Warning: ScaleImage failed, error message: INVALID_PARAMETERS, file path = D:\HUAWEI\lab4\AirShare\AppScope\resources\base\media\app_icon.png

[2026-06-02T01:16:56.070] [DEBUG] debug-file - 06-02 01:16:56.070 85340 85560 E C01400/ImageTranscoderUtils: DecodeToRGBA IN
06-02 01:16:56.070 85340 85560 E C01400/ImageTranscoderUtils: ImageFilter IN D:\HUAWEI\lab4\AirShare\entry\src\main\resources\base\media\icon.png

[2026-06-02T01:16:56.070] [DEBUG] debug-file - 06-02 01:16:56.071 85340 85560 E C01400/ImageTranscoder: TranscodeSLR Only zoom-out is supported.

[2026-06-02T01:16:56.070] [DEBUG] debug-file - Warning: ScaleImage failed, error message: INVALID_PARAMETERS, file path = D:\HUAWEI\lab4\AirShare\entry\src\main\resources\base\media\icon.png

[2026-06-02T01:16:56.071] [DEBUG] debug-file - Warning: The width or height of the png file referenced by the icon exceeds the limit (41 pixels)
at D:\HUAWEI\lab4\AirShare\AppScope\resources\base\media\app_icon.png

[2026-06-02T01:16:56.072] [DEBUG] debug-file - Warning: The width or height of the png file referenced by the icon exceeds the limit (41 pixels)
at D:\HUAWEI\lab4\AirShare\entry\src\main\resources\base\media\icon.png
Warning: The width or height of the png file referenced by the startWindowIcon exceeds the limit (144 pixels)
at D:\HUAWEI\lab4\AirShare\entry\src\main\resources\base\media\icon.png

[2026-06-02T01:16:56.073] [DEBUG] debug-file - Info: restool resources compile success.

[2026-06-02T01:16:56.074] [DEBUG] debug-file - Info: thread pool is stopped

[2026-06-02T01:16:56.142] [DEBUG] debug-file - entry : default@CompileResource cost memory 0.7401504516601562
[2026-06-02T01:16:56.142] [DEBUG] debug-file - runTaskFromQueue task cost before running: 804 ms 
[2026-06-02T01:16:56.143] [INFO] debug-file - Finished :entry:default@CompileResource... after 212 ms 
[2026-06-02T01:16:56.144] [DEBUG] debug-file - Executing task :entry:default@DoNativeStrip
[2026-06-02T01:16:56.145] [DEBUG] debug-file - Task 'entry:default@DoNativeStrip' cost while wrapping incremental declarations: 1 ms 
[2026-06-02T01:16:56.145] [DEBUG] debug-file - entry:default@DoNativeStrip is not up-to-date, since the output file 'D:\HUAWEI\lab4\AirShare\entry\build\default\intermediates\stripped_native_libs\default' does not exist.
[2026-06-02T01:16:56.145] [DEBUG] debug-file - Incremental task entry:default@DoNativeStrip pre-execution cost: 1 ms .
[2026-06-02T01:16:56.147] [DEBUG] debug-file - entry : default@DoNativeStrip cost memory 0.09857177734375
[2026-06-02T01:16:56.147] [DEBUG] debug-file - runTaskFromQueue task cost before running: 809 ms 
[2026-06-02T01:16:56.147] [INFO] debug-file - Finished :entry:default@DoNativeStrip... after 4 ms 
[2026-06-02T01:16:56.149] [DEBUG] debug-file - Executing task :entry:default@CompileArkTS
[2026-06-02T01:16:56.149] [DEBUG] debug-file - obfuscationOptions: undefined
[2026-06-02T01:16:56.150] [DEBUG] debug-file - Task 'entry:default@CompileArkTS' cost while wrapping incremental declarations: 1 ms 
[2026-06-02T01:16:56.153] [DEBUG] debug-file - entry:default@CompileArkTS is not up-to-date, since the input file 'D:\HUAWEI\lab4\AirShare\entry\build\default\intermediates\loader\default' has been changed.
[2026-06-02T01:16:56.153] [DEBUG] debug-file - Incremental task entry:default@CompileArkTS pre-execution cost: 3 ms .
[2026-06-02T01:16:56.160] [DEBUG] debug-file - build config:
[2026-06-02T01:16:56.160] [DEBUG] debug-file - {
  moduleType: 'entry',
  perf: 0,
  targetName: '.default',
  packageManagerType: 'ohpm',
  localPropertiesPath: 'D:\\HUAWEI\\lab4\\AirShare\\local.properties',
  isPreview: false,
  isOhosTest: false,
  isLocalTest: false,
  buildMode: 'Debug',
  hotReloadBuild: undefined,
  watchMode: 'false',
  aceProfilePath: 'D:\\HUAWEI\\lab4\\AirShare\\entry\\build\\default\\intermediates\\res\\default\\resources\\base\\profile',
  etsLoaderPath: 'D:\\HUAWEI\\DevEco\\DevEco Studio\\sdk\\default\\openharmony\\ets\\build-tools\\ets-loader',
  modulePath: 'D:\\HUAWEI\\lab4\\AirShare\\entry',
  testFrameworkPar: {
    testMode: undefined,
    coveragePathFilter: undefined,
    coverageMode: undefined
  },
  needCoverageInsert: false,
  debugLine: false,
  projectTopDir: 'D:\\HUAWEI\\lab4\\AirShare',
  compileSdkVersion: 22,
  compatibleSdkVersion: 12,
  originCompatibleSdkVersion: '5.0.0(12)',
  compatibleSdkVersionStage: 'beta1',
  bundleName: 'c***p',
  etsLoaderVersion: '6.0.2.130',
  etsLoaderReleaseType: 'Release',
  aotCompileMode: 'type',
  apPath: 'D:\\HUAWEI\\lab4\\AirShare\\entry\\modules.ap',
  entryModuleName: 'entry',
  entryModuleVersion: '1.0.0',
  entryPackageName: 'entry',
  allModuleNameHash: '57f7d6d59fcbe9af73cc212fa1d411f82d9ab1db01b0f9a8f027e374097c4c31',
  externalApiPaths: [ 'D:\\HUAWEI\\DevEco\\DevEco Studio\\sdk\\default\\hms\\ets' ],
  compilerTypes: [],
  isCrossplatform: false,
  hvigorPluginFile: undefined,
  compilePluginPath: undefined,
  buildGeneratedProfilePath: 'D:\\HUAWEI\\lab4\\AirShare\\entry\\build\\default\\generated\\profile\\default',
  bundleType: 'app',
  arkTSVersion: undefined,
  apiVersion: 22,
  needCompleteSourcesMap: false,
  isFaMode: false,
  buildDir: 'D:\\HUAWEI\\lab4\\AirShare\\entry\\build',
  deviceTypes: [ 'phone', 'tablet', '2in1' ],
  pkgContextInfo: {
    entry: {
      packageName: 'entry',
      bundleName: '*****',
      moduleName: '',
      version: '',
      entryPath: 'src/main/',
      isSO: false,
      dependencyAlias: ''
    }
  },
  ohPackagePathMap: {},
  dependencyAliasMap: {},
  permission: {
    requestPermissions: [ [Object], [Object], [Object], [Object] ],
    definePermissions: undefined
  },
  useGetCurrentBundleName: false,
  projectArkOption: undefined,
  sourceMapDir: undefined,
  branchElimination: false,
  transformLib: undefined,
  tsImportSendable: false,
  resolveConflictMode: true,
  depName2RootPath: {},
  depName2DepInfo: {},
  rootPathSet: [ 'D:\\HUAWEI\\lab4\\AirShare' ],
  useNativeResolver: true,
  shouldEmitJs: true,
  useTscResolve: false,
  singleFileEmit: false,
  userProjectConfig: {
    autoLazyImport: false,
    allowEmptyBundleName: false,
    reExportCheckMode: 'noCheck',
    executionMode: 'memory',
    usePathPlaceholder: false,
    writeRollupCache: true,
    isExpandImportEnabled: false,
    expandImportExclude: '',
    lazyImportExclude: '',
    lazyImportInclude: '',
    ignoreCrossplatformCheck: false,
    isHarDeduplicateEnabled: false,
    skipOhModulesLint: false,
    enableStrictCheckOHModule: false,
    disableSendableCheckRules: [],
    useDeclarationFileSignature: false,
    customizedOptions: undefined,
    integratedHsp: false,
    isPreloadSoEnabled: false
  },
  executionMode: 'memory',
  arkCompileCachePath: 'D:\\HUAWEI\\lab4\\AirShare\\entry\\build\\default\\cache\\default\\default@CompileArkTS\\esmodule',
  autoLazyFilter: undefined,
  isHarDeduplicateEnabled: false,
  intermediateHarDuplicateDirPath: 'D:\\HUAWEI\\lab4\\AirShare\\entry\\build\\default\\intermediates\\har_duplicate\\default',
  autoLazyImport: false,
  allowEmptyBundleName: false,
  reExportCheckMode: 'noCheck',
  usePathPlaceholder: false,
  writeRollupCache: true,
  isExpandImportEnabled: false,
  expandImportExclude: '',
  lazyImportExclude: '',
  lazyImportInclude: '',
  ignoreCrossplatformCheck: false,
  skipOhModulesLint: false,
  enableStrictCheckOHModule: false,
  disableSendableCheckRules: [],
  useDeclarationFileSignature: false,
  customizedOptions: undefined,
  integratedHsp: false,
  isPreloadSoEnabled: false,
  strictMode: { useNormalizedOHMUrl: true, noExternalImportByPath: true },
  useNormalizedOHMUrl: true,
  caseSensitiveCheck: false,
  aceModuleJsonPath: 'D:\\HUAWEI\\lab4\\AirShare\\entry\\build\\default\\intermediates\\res\\default\\ark_module.json',
  appResource: 'D:\\HUAWEI\\lab4\\AirShare\\entry\\build\\default\\intermediates\\res\\default\\ResourceTable.txt',
  rawFileResource: 'D:\\HUAWEI\\lab4\\AirShare\\entry\\build\\default\\intermediates\\res\\default\\resources\\rawfile',
  resourceTableHash: 'cc27da0a2c4f7970ecf8c577f6f16b68d7b0a8c328e56c6ff0242c9adf2bd6c0',
  runtimeOS: 'HarmonyOS',
  sdkInfo: 'false:22:6.0.2.130:Release',
  aceModuleRoot: 'D:\\HUAWEI\\lab4\\AirShare\\entry\\src\\main\\ets',
  compileMode: 'esmodule',
  aceSuperVisualPath: 'D:\\HUAWEI\\lab4\\AirShare\\entry\\src\\main\\supervisual',
  aceBuildJson: 'D:\\HUAWEI\\lab4\\AirShare\\entry\\build\\default\\intermediates\\loader\\default\\loader.json',
  cachePath: 'D:\\HUAWEI\\lab4\\AirShare\\entry\\build\\default\\cache\\default\\default@CompileArkTS\\esmodule\\debug',
  aceModuleBuild: 'D:\\HUAWEI\\lab4\\AirShare\\entry\\build\\default\\intermediates\\loader_out\\default\\ets',
  supportChunks: true,
  declaredFilesPath: undefined,
  shouldCollectDirectImportees: false,
  isByteCodeHarOptimize: false,
  expandImportPath: undefined,
  pkgNameToPkgBriefInfo: {
    entry: {
      pkgRoot: 'D:\\HUAWEI\\lab4\\AirShare\\entry',
      originalSourceRoots: undefined,
      sourceRoots: [Array],
      pkgName: 'entry'
    }
  },
  projectModel: {
    'D:\\HUAWEI\\lab4\\AirShare\\entry\\src\\main': {
      moduleName: 'entry',
      modulePkgPath: 'D:\\HUAWEI\\lab4\\AirShare\\entry',
      belongProjectPath: 'D:\\HUAWEI\\lab4\\AirShare'
    },
    'D:\\HUAWEI\\lab4\\AirShare\\entry': {
      moduleName: 'entry',
      modulePkgPath: 'D:\\HUAWEI\\lab4\\AirShare\\entry',
      belongProjectPath: 'D:\\HUAWEI\\lab4\\AirShare'
    },
    'D:\\HUAWEI\\lab4\\AirShare': {
      moduleName: 'AirShare',
      modulePkgPath: 'D:\\HUAWEI\\lab4\\AirShare',
      belongProjectPath: 'D:\\HUAWEI\\lab4\\AirShare'
    }
  },
  pkgJsonFileHash: '001aef831413c115bbc674b1659d70caa0e432fb8e5f79e454ca852c17775c16',
  allModulePaths: [ 'D:\\HUAWEI\\lab4\\AirShare\\entry' ],
  routerMap: {},
  obfuscationOptions: undefined,
  byteCodeHarToDependencyKeys: undefined,
  compileBlockPkg: [],
  mockParams: {
    decorator: '@MockSetup',
    packageName: '@ohos/hamock',
    etsSourceRootPath: 'src/main/ets',
    mockConfigPath: undefined,
    mockConfigKey2ModuleInfo: {},
    source2ModuleIdMap: {}
  },
  copyCodeResourceEnable: true,
  copyCodeResourceExcludes: [],
  copyCodeResourceIncludes: undefined,
  uiTransformOptimization: false,
  sdkPath: 'D:/HUAWEI/DevEco/DevEco Studio/sdk',
  needPreloadSoFileSet: {},
  preloadSoFilePath: 'D:\\HUAWEI\\lab4\\AirShare\\entry\\build\\default\\intermediates\\preload\\default\\preload.json',
  useSourceHash: false,
  localModuleParamMap: {},
  otherPaths: {
    'entry/*': [
      '..\\*',
      '..\\..\\..\\build\\default\\generated\\profile\\default\\*'
    ]
  },
  collectImportersConfig: undefined
}
[2026-06-02T01:16:56.160] [DEBUG] debug-file - Compile arkts with external api path: D:\HUAWEI\DevEco\DevEco Studio\sdk\default\hms\ets
[2026-06-02T01:16:56.161] [DEBUG] debug-file - Since there is no instance or instance is terminated, create a new worker pool.
[2026-06-02T01:16:56.162] [DEBUG] debug-file - Worker pool is initialized with config:  {
  minPoolNum: 2,
  maxPoolNum: undefined,
  maxCoreSize: undefined,
  cacheCapacity: undefined,
  cacheTtl: undefined
}
[2026-06-02T01:16:56.162] [DEBUG] debug-file - Create  resident worker with id: 0.
[2026-06-02T01:16:56.163] [DEBUG] debug-file - Create  resident worker with id: 1.
[2026-06-02T01:16:56.164] [DEBUG] debug-file - default@CompileArkTS work[5] is submitted.
[2026-06-02T01:16:56.164] [DEBUG] debug-file - default@CompileArkTS work[5] is pushed to ready queue.
[2026-06-02T01:16:56.164] [DEBUG] debug-file - A work dispatched to worker[19] failed because unable to get work from ready queue.
[2026-06-02T01:16:56.164] [DEBUG] debug-file - A work dispatched to worker[18] failed because unable to get work from ready queue.
[2026-06-02T01:16:56.164] [DEBUG] debug-file - A work dispatched to worker[17] failed because unable to get work from ready queue.
[2026-06-02T01:16:56.164] [DEBUG] debug-file - A work dispatched to worker[16] failed because unable to get work from ready queue.
[2026-06-02T01:16:56.164] [DEBUG] debug-file - A work dispatched to worker[15] failed because unable to get work from ready queue.
[2026-06-02T01:16:56.164] [DEBUG] debug-file - A work dispatched to worker[14] failed because unable to get work from ready queue.
[2026-06-02T01:16:56.164] [DEBUG] debug-file - A work dispatched to worker[13] failed because unable to get work from ready queue.
[2026-06-02T01:16:56.164] [DEBUG] debug-file - A work dispatched to worker[12] failed because unable to get work from ready queue.
[2026-06-02T01:16:56.164] [DEBUG] debug-file - A work dispatched to worker[11] failed because unable to get work from ready queue.
[2026-06-02T01:16:56.164] [DEBUG] debug-file - A work dispatched to worker[10] failed because unable to get work from ready queue.
[2026-06-02T01:16:56.164] [DEBUG] debug-file - A work dispatched to worker[9] failed because unable to get work from ready queue.
[2026-06-02T01:16:56.164] [DEBUG] debug-file - A work dispatched to worker[8] failed because unable to get work from ready queue.
[2026-06-02T01:16:56.164] [DEBUG] debug-file - A work dispatched to worker[7] failed because unable to get work from ready queue.
[2026-06-02T01:16:56.164] [DEBUG] debug-file - A work dispatched to worker[6] failed because unable to get work from ready queue.
[2026-06-02T01:16:56.164] [DEBUG] debug-file - A work dispatched to worker[5] failed because unable to get work from ready queue.
[2026-06-02T01:16:56.164] [DEBUG] debug-file - Create  resident worker with id: 4.
[2026-06-02T01:16:56.165] [DEBUG] debug-file - default@CompileArkTS work[5] has been dispatched to worker[4].
[2026-06-02T01:16:56.165] [DEBUG] debug-file - default@CompileArkTS work[5] is dispatched.
[2026-06-02T01:16:56.165] [DEBUG] debug-file - CopyResources startTime: 1629942131727700
[2026-06-02T01:16:56.165] [DEBUG] debug-file - default@CompileArkTS work[6] is submitted.
[2026-06-02T01:16:56.165] [DEBUG] debug-file - default@CompileArkTS work[6] is pushed to ready queue.
[2026-06-02T01:16:56.165] [DEBUG] debug-file - A work dispatched to worker[19] failed because unable to get work from ready queue.
[2026-06-02T01:16:56.165] [DEBUG] debug-file - Create  resident worker with id: 18.
[2026-06-02T01:16:56.166] [DEBUG] debug-file - default@CompileArkTS work[6] has been dispatched to worker[18].
[2026-06-02T01:16:56.166] [DEBUG] debug-file - default@CompileArkTS work[6] is dispatched.
[2026-06-02T01:16:56.166] [DEBUG] debug-file - entry : default@CompileArkTS cost memory 1.5168914794921875
[2026-06-02T01:16:56.167] [DEBUG] debug-file - Executing task :entry:default@BuildJS
[2026-06-02T01:16:56.168] [DEBUG] debug-file - Task 'entry:default@BuildJS' cost while wrapping incremental declarations: 1 ms 
[2026-06-02T01:16:56.170] [DEBUG] debug-file - entry : default@BuildJS cost memory 0.15544891357421875
[2026-06-02T01:16:56.171] [DEBUG] debug-file - runTaskFromQueue task cost before running: 832 ms 
[2026-06-02T01:16:56.171] [INFO] debug-file - Finished :entry:default@BuildJS... after 4 ms 
[2026-06-02T01:16:56.172] [DEBUG] debug-file - Executing task :entry:default@CacheNativeLibs
[2026-06-02T01:16:56.172] [DEBUG] debug-file - Task 'entry:default@CacheNativeLibs' cost while wrapping incremental declarations: 1 ms 
[2026-06-02T01:16:56.173] [DEBUG] debug-file - entry:default@CacheNativeLibs is not up-to-date, since the output file 'D:\HUAWEI\lab4\AirShare\entry\build\default\intermediates\patch\default\base_native_libs.json' does not exist.
[2026-06-02T01:16:56.173] [DEBUG] debug-file - Incremental task entry:default@CacheNativeLibs pre-execution cost: 1 ms .
[2026-06-02T01:16:56.173] [DEBUG] debug-file - default@CacheNativeLibs work[7] is submitted.
[2026-06-02T01:16:56.173] [DEBUG] debug-file - default@CacheNativeLibs work[7] is pushed to ready queue.
[2026-06-02T01:16:56.173] [DEBUG] debug-file - A work dispatched to worker[19] failed because unable to get work from ready queue.
[2026-06-02T01:16:56.173] [DEBUG] debug-file - A work dispatched to worker[18] failed because of worker busy.
[2026-06-02T01:16:56.173] [DEBUG] debug-file - Create  resident worker with id: 17.
[2026-06-02T01:16:56.174] [DEBUG] debug-file - default@CacheNativeLibs work[7] has been dispatched to worker[17].
[2026-06-02T01:16:56.174] [DEBUG] debug-file - default@CacheNativeLibs work[7] is dispatched.
[2026-06-02T01:16:56.174] [DEBUG] debug-file - entry : default@CacheNativeLibs cost memory 0.1936187744140625
[2026-06-02T01:16:57.192] [DEBUG] debug-file - worker[18] has one work done.
[2026-06-02T01:16:57.193] [DEBUG] debug-file - CopyResources is end, endTime: 1629943159039300
[2026-06-02T01:16:57.193] [DEBUG] debug-file - default@CompileArkTS work[6] done.
[2026-06-02T01:16:57.193] [DEBUG] debug-file - A work dispatched to worker[18] failed because unable to get work from ready queue.
[2026-06-02T01:16:57.267] [DEBUG] debug-file - worker[17] has one work done.
[2026-06-02T01:16:57.267] [DEBUG] debug-file - default@CacheNativeLibs work[7] done.
[2026-06-02T01:16:57.267] [DEBUG] debug-file - A work dispatched to worker[17] failed because unable to get work from ready queue.
[2026-06-02T01:16:57.267] [INFO] debug-file - Finished :entry:default@CacheNativeLibs... after 9 ms 
[2026-06-02T01:17:02.491] [WARN] debug-file - [33mWARN: [33m[33mArkTS:WARN File: D:/HUAWEI/lab4/AirShare/entry/src/main/ets/pages/Index.ets:16:20
 'getContext' has been deprecated.
[39m[39m
[33mWARN: [33m[33mArkTS:WARN File: D:/HUAWEI/lab4/AirShare/entry/src/main/ets/pages/Index.ets:36:12
 'pushUrl' has been deprecated.
[39m[39m
[33mWARN: [33m[33mArkTS:WARN File: D:/HUAWEI/lab4/AirShare/entry/src/main/ets/pages/TransferPage.ets:19:25
 'getParams' has been deprecated.
[39m[39m
[33mWARN: [33m[33mArkTS:WARN File: D:/HUAWEI/lab4/AirShare/entry/src/main/ets/pages/TransferPage.ets:34:5
 Function may throw exceptions. Special handling is required.
[39m[39m
[33mWARN: [33m[33mArkTS:WARN File: D:/HUAWEI/lab4/AirShare/entry/src/main/ets/pages/TransferPage.ets:77:37
 'back' has been deprecated.
[39m[39m

[2026-06-02T01:17:02.492] [DEBUG] debug-file - Ark compile task finished.finished time is 1629948458166200
[2026-06-02T01:17:02.492] [DEBUG] debug-file - worker[4] has one work done.
[2026-06-02T01:17:02.493] [DEBUG] debug-file - default@CompileArkTS work[5] done.
[2026-06-02T01:17:02.494] [DEBUG] debug-file - A work dispatched to worker[4] failed because unable to get work from ready queue.
[2026-06-02T01:17:02.495] [INFO] debug-file - Finished :entry:default@CompileArkTS... after 4 s 90 ms 
[2026-06-02T01:17:02.496] [DEBUG] debug-file - Executing task :entry:default@GeneratePkgModuleJson
[2026-06-02T01:17:02.496] [DEBUG] debug-file - File: 'D:\HUAWEI\lab4\AirShare\entry\build\default\intermediates\preload\default\preload.json' from 'preloadSoJsonPath' is not exists, just ignore.
[2026-06-02T01:17:02.496] [DEBUG] debug-file - Error occurs while handling @Input 'shouldDeduplicateHar': The "data" argument must be of type string or an instance of Buffer, TypedArray, or DataView. Received undefined
[2026-06-02T01:17:02.497] [DEBUG] debug-file - Task 'entry:default@GeneratePkgModuleJson' cost while wrapping incremental declarations: 1 ms 
[2026-06-02T01:17:02.497] [DEBUG] debug-file - entry:default@GeneratePkgModuleJson is not up-to-date, since the input file 'D:\HUAWEI\lab4\AirShare\entry\build\default\intermediates\res\default\module.json' has been changed.
[2026-06-02T01:17:02.497] [DEBUG] debug-file - Incremental task entry:default@GeneratePkgModuleJson pre-execution cost: 1 ms .
[2026-06-02T01:17:02.500] [DEBUG] debug-file - entry : default@GeneratePkgModuleJson cost memory 0.19712066650390625
[2026-06-02T01:17:02.500] [DEBUG] debug-file - runTaskFromQueue task cost before running: 7 s 162 ms 
[2026-06-02T01:17:02.501] [INFO] debug-file - Finished :entry:default@GeneratePkgModuleJson... after 5 ms 
[2026-06-02T01:17:02.505] [DEBUG] debug-file - Executing task :entry:default@ProcessCompiledResources
[2026-06-02T01:17:02.505] [DEBUG] debug-file - File: 'D:\HUAWEI\lab4\AirShare\entry\build\default\intermediates\preload\default\preload.json' from 'preloadSoJsonPath' is not exists, just ignore.
[2026-06-02T01:17:02.505] [DEBUG] debug-file - Task 'entry:default@ProcessCompiledResources' cost while wrapping incremental declarations: 1 ms 
[2026-06-02T01:17:02.506] [DEBUG] debug-file - entry : default@ProcessCompiledResources cost memory 0.09420013427734375
[2026-06-02T01:17:02.506] [DEBUG] debug-file - runTaskFromQueue task cost before running: 7 s 167 ms 
[2026-06-02T01:17:02.506] [INFO] debug-file - Finished :entry:default@ProcessCompiledResources... after 2 ms 
[2026-06-02T01:17:02.509] [DEBUG] debug-file - Executing task :entry:default@PackageHap
[2026-06-02T01:17:02.511] [DEBUG] debug-file - entry:default@PackageHap is not up-to-date, since the input file 'D:\HUAWEI\lab4\AirShare\entry\build\default\intermediates\res\default\module.json' has been changed.
[2026-06-02T01:17:02.511] [DEBUG] debug-file - Incremental task entry:default@PackageHap pre-execution cost: 2 ms .
[2026-06-02T01:17:02.512] [DEBUG] debug-file - Use tool [D:\HUAWEI\DevEco\DevEco Studio\sdk\default\openharmony\toolchains\lib\app_packing_tool.jar]
 [
  'java',
  '-Dfile.encoding=GBK',
  '-jar',
  'D:\\HUAWEI\\DevEco\\DevEco Studio\\sdk\\default\\openharmony\\toolchains\\lib\\app_packing_tool.jar',
  '--mode',
  'hap',
  '--force',
  'true',
  '--lib-path',
  'D:\\HUAWEI\\lab4\\AirShare\\entry\\build\\default\\intermediates\\stripped_native_libs\\default',
  '--json-path',
  'D:\\HUAWEI\\lab4\\AirShare\\entry\\build\\default\\intermediates\\package\\default\\module.json',
  '--resources-path',
  'D:\\HUAWEI\\lab4\\AirShare\\entry\\build\\default\\intermediates\\res\\default\\resources',
  '--index-path',
  'D:\\HUAWEI\\lab4\\AirShare\\entry\\build\\default\\intermediates\\res\\default\\resources.index',
  '--pack-info-path',
  'D:\\HUAWEI\\lab4\\AirShare\\entry\\build\\default\\outputs\\default\\pack.info',
  '--out-path',
  'D:\\HUAWEI\\lab4\\AirShare\\entry\\build\\default\\outputs\\default\\entry-default-unsigned.hap',
  '--ets-path',
  'D:\\HUAWEI\\lab4\\AirShare\\entry\\build\\default\\intermediates\\loader_out\\default\\ets',
  '--pkg-context-path',
  'D:\\HUAWEI\\lab4\\AirShare\\entry\\build\\default\\intermediates\\loader\\default\\pkgContextInfo.json'
]
[2026-06-02T01:17:02.544] [DEBUG] debug-file - java daemon socket received message:{"code":0,"message":"pack success"}
[2026-06-02T01:17:02.548] [DEBUG] debug-file - entry : default@PackageHap cost memory 0.44913482666015625
[2026-06-02T01:17:02.548] [DEBUG] debug-file - runTaskFromQueue task cost before running: 7 s 210 ms 
[2026-06-02T01:17:02.549] [INFO] debug-file - Finished :entry:default@PackageHap... after 40 ms 
[2026-06-02T01:17:02.550] [DEBUG] debug-file - Executing task :entry:default@PackingCheck
[2026-06-02T01:17:02.553] [DEBUG] debug-file - entry : default@PackingCheck cost memory 0.4662322998046875
[2026-06-02T01:17:02.554] [DEBUG] debug-file - runTaskFromQueue task cost before running: 7 s 215 ms 
[2026-06-02T01:17:02.554] [INFO] debug-file - Finished :entry:default@PackingCheck... after 4 ms 
[2026-06-02T01:17:02.555] [DEBUG] debug-file - Executing task :entry:default@SignHap
[2026-06-02T01:17:02.555] [WARN] debug-file - Will skip sign 'hos_hap'. No signingConfigs profile is configured in current project.
             If needed, configure the signingConfigs in D:\HUAWEI\lab4\AirShare\build-profile.json5.
[2026-06-02T01:17:02.556] [DEBUG] debug-file - entry:default@SignHap is not up-to-date, since the input file 'D:\HUAWEI\lab4\AirShare\entry\build\default\outputs\default\entry-default-unsigned.hap' has been changed.
[2026-06-02T01:17:02.556] [DEBUG] debug-file - Incremental task entry:default@SignHap pre-execution cost: 1 ms .
[2026-06-02T01:17:02.556] [DEBUG] debug-file - entry : default@SignHap cost memory 0.09033203125
[2026-06-02T01:17:02.556] [DEBUG] debug-file - runTaskFromQueue task cost before running: 7 s 217 ms 
[2026-06-02T01:17:02.556] [INFO] debug-file - Finished :entry:default@SignHap... after 2 ms 
[2026-06-02T01:17:02.557] [DEBUG] debug-file - Executing task :entry:default@CollectDebugSymbol
[2026-06-02T01:17:02.558] [DEBUG] debug-file - entry : default@CollectDebugSymbol cost memory 0.09113311767578125
[2026-06-02T01:17:02.558] [DEBUG] debug-file - runTaskFromQueue task cost before running: 7 s 219 ms 
[2026-06-02T01:17:02.558] [INFO] debug-file - Finished :entry:default@CollectDebugSymbol... after 1 ms 
[2026-06-02T01:17:02.558] [DEBUG] debug-file - Executing task :entry:assembleHap
[2026-06-02T01:17:02.558] [DEBUG] debug-file - entry : assembleHap cost memory 0.0126800537109375
[2026-06-02T01:17:02.558] [DEBUG] debug-file - runTaskFromQueue task cost before running: 7 s 220 ms 
[2026-06-02T01:17:02.559] [INFO] debug-file - Finished :entry:assembleHap... after 1 ms 
[2026-06-02T01:17:02.577] [INFO] debug-file - BUILD SUCCESSFUL in 7 s 238 ms 
[2026-06-02T01:17:02.577] [DEBUG] debug-file - Update task entry:default@PreBuild input file:D:\HUAWEI\lab4\AirShare\AppScope\app.json5 cache by regenerate.
[2026-06-02T01:17:02.578] [DEBUG] debug-file - Update task entry:default@PreBuild input file:D:\HUAWEI\lab4\AirShare\entry\src\main\module.json5 cache by regenerate.
[2026-06-02T01:17:02.578] [DEBUG] debug-file - Update task entry:default@PreBuild input file:D:\HUAWEI\lab4\AirShare\build-profile.json5 cache by regenerate.
[2026-06-02T01:17:02.578] [DEBUG] debug-file - Update task entry:default@PreBuild input file:D:\HUAWEI\lab4\AirShare\entry\build-profile.json5 cache by regenerate.
[2026-06-02T01:17:02.578] [DEBUG] debug-file - Update task entry:default@PreBuild input file:D:\HUAWEI\lab4\AirShare\entry\src\main\resources\base\profile\main_pages.json cache by regenerate.
[2026-06-02T01:17:02.578] [DEBUG] debug-file - Update task entry:default@PreBuild input file:D:\HUAWEI\lab4\AirShare\hvigor\hvigor-config.json5 cache from map.
[2026-06-02T01:17:02.578] [DEBUG] debug-file - Update task entry:default@PreBuild input file:D:\HUAWEI\lab4\AirShare\entry\oh-package.json5 cache by regenerate.
[2026-06-02T01:17:02.578] [DEBUG] debug-file - Update task entry:default@PreBuild input file:D:\HUAWEI\lab4\AirShare\oh-package.json5 cache by regenerate.
[2026-06-02T01:17:02.578] [DEBUG] debug-file - Incremental task entry:default@PreBuild post-execution cost:2 ms .
[2026-06-02T01:17:02.578] [DEBUG] debug-file - Update task entry:default@CreateModuleInfo output file:D:\HUAWEI\lab4\AirShare\entry\build\default\generated\profile\default\ModuleInfo.ts cache.
[2026-06-02T01:17:02.579] [DEBUG] debug-file - Incremental task entry:default@CreateModuleInfo post-execution cost:1 ms .
[2026-06-02T01:17:02.579] [DEBUG] debug-file - Update task entry:default@GenerateMetadata input file:D:\HUAWEI\lab4\AirShare\entry\src\main\module.json5 cache by regenerate.
[2026-06-02T01:17:02.579] [DEBUG] debug-file - Update task entry:default@GenerateMetadata output file:D:\HUAWEI\lab4\AirShare\entry\build\default\intermediates\hap_metadata\default\output_metadata.json cache.
[2026-06-02T01:17:02.579] [DEBUG] debug-file - Incremental task entry:default@GenerateMetadata post-execution cost:1 ms .
[2026-06-02T01:17:02.579] [DEBUG] debug-file - Update task entry:default@MergeProfile input file:D:\HUAWEI\lab4\AirShare\AppScope\app.json5 cache by regenerate.
[2026-06-02T01:17:02.579] [DEBUG] debug-file - Update task entry:default@MergeProfile input file:D:\HUAWEI\lab4\AirShare\build-profile.json5 cache by regenerate.
[2026-06-02T01:17:02.579] [DEBUG] debug-file - Update task entry:default@MergeProfile input file:D:\HUAWEI\lab4\AirShare\entry\src\main\module.json5 cache by regenerate.
[2026-06-02T01:17:02.579] [DEBUG] debug-file - Update task entry:default@MergeProfile output file:D:\HUAWEI\lab4\AirShare\entry\build\default\intermediates\merge_profile\default\module.json cache.
[2026-06-02T01:17:02.579] [DEBUG] debug-file - Incremental task entry:default@MergeProfile post-execution cost:1 ms .
[2026-06-02T01:17:02.580] [DEBUG] debug-file - Update task entry:default@CreateBuildProfile input file:D:\HUAWEI\lab4\AirShare\AppScope\app.json5 cache by regenerate.
[2026-06-02T01:17:02.580] [DEBUG] debug-file - Update task entry:default@CreateBuildProfile input file:D:\HUAWEI\lab4\AirShare\build-profile.json5 cache by regenerate.
[2026-06-02T01:17:02.580] [DEBUG] debug-file - Update task entry:default@CreateBuildProfile output file:D:\HUAWEI\lab4\AirShare\entry\build\default\generated\profile\default\BuildProfile.ets cache.
[2026-06-02T01:17:02.580] [DEBUG] debug-file - Incremental task entry:default@CreateBuildProfile post-execution cost:1 ms .
[2026-06-02T01:17:02.580] [DEBUG] debug-file - Update task entry:default@GeneratePkgContextInfo output file:D:\HUAWEI\lab4\AirShare\entry\build\default\intermediates\loader\default\pkgContextInfo.json cache.
[2026-06-02T01:17:02.580] [DEBUG] debug-file - Incremental task entry:default@GeneratePkgContextInfo post-execution cost:1 ms .
[2026-06-02T01:17:02.580] [DEBUG] debug-file - Update task entry:default@ProcessIntegratedHsp output file:D:\HUAWEI\lab4\AirShare\build\cache\default\integrated_hsp\integratedHspCache.json cache.
[2026-06-02T01:17:02.580] [DEBUG] debug-file - Incremental task entry:default@ProcessIntegratedHsp post-execution cost:1 ms .
[2026-06-02T01:17:02.580] [DEBUG] debug-file - Update task entry:default@MakePackInfo input file:D:\HUAWEI\lab4\AirShare\AppScope\app.json5 cache by regenerate.
[2026-06-02T01:17:02.580] [DEBUG] debug-file - Update task entry:default@MakePackInfo input file:D:\HUAWEI\lab4\AirShare\entry\src\main\module.json5 cache by regenerate.
[2026-06-02T01:17:02.581] [DEBUG] debug-file - Update task entry:default@MakePackInfo input file:D:\HUAWEI\lab4\AirShare\build-profile.json5 cache by regenerate.
[2026-06-02T01:17:02.581] [DEBUG] debug-file - Update task entry:default@MakePackInfo output file:D:\HUAWEI\lab4\AirShare\entry\build\default\outputs\default\pack.info cache.
[2026-06-02T01:17:02.581] [DEBUG] debug-file - Incremental task entry:default@MakePackInfo post-execution cost:1 ms .
[2026-06-02T01:17:02.581] [DEBUG] debug-file - Update task entry:default@SyscapTransform input file:D:\HUAWEI\DevEco\DevEco Studio\sdk\default\openharmony\toolchains\syscap_tool.exe cache by regenerate.
[2026-06-02T01:17:02.581] [DEBUG] debug-file - Update task entry:default@SyscapTransform input file:D:\HUAWEI\DevEco\DevEco Studio\sdk\default\openharmony\ets\api\device-define cache by regenerate.
[2026-06-02T01:17:02.582] [DEBUG] debug-file - Update task entry:default@SyscapTransform output file:D:\HUAWEI\lab4\AirShare\entry\build\default\intermediates\syscap\default\rpcid.sc cache.
[2026-06-02T01:17:02.582] [DEBUG] debug-file - Incremental task entry:default@SyscapTransform post-execution cost:1 ms .
[2026-06-02T01:17:02.582] [DEBUG] debug-file - Update task entry:default@ProcessProfile input file:D:\HUAWEI\lab4\AirShare\entry\build\default\intermediates\merge_profile\default\module.json cache from map.
[2026-06-02T01:17:02.582] [DEBUG] debug-file - Update task entry:default@ProcessProfile output file:D:\HUAWEI\lab4\AirShare\entry\build\default\intermediates\process_profile\default\module.json cache.
[2026-06-02T01:17:02.582] [DEBUG] debug-file - Incremental task entry:default@ProcessProfile post-execution cost:1 ms .
[2026-06-02T01:17:02.582] [DEBUG] debug-file - Update task entry:default@ProcessRouterMap input file:D:\HUAWEI\lab4\AirShare\entry\oh-package.json5 cache by regenerate.
[2026-06-02T01:17:02.582] [DEBUG] debug-file - Update task entry:default@ProcessRouterMap input file:D:\HUAWEI\lab4\AirShare\oh-package.json5 cache from map.
[2026-06-02T01:17:02.582] [DEBUG] debug-file - Update task entry:default@ProcessRouterMap input file:D:\HUAWEI\lab4\AirShare\entry\src\main\module.json5 cache by regenerate.
[2026-06-02T01:17:02.582] [DEBUG] debug-file - Update task entry:default@ProcessRouterMap input file:D:\HUAWEI\lab4\AirShare\entry\build\default\intermediates\loader\default\pkgContextInfo.json cache by regenerate.
[2026-06-02T01:17:02.583] [DEBUG] debug-file - Update task entry:default@ProcessRouterMap output file:D:\HUAWEI\lab4\AirShare\entry\build\default\intermediates\router_map\default\temp-router-map.json cache.
[2026-06-02T01:17:02.583] [DEBUG] debug-file - Update task entry:default@ProcessRouterMap output file:D:\HUAWEI\lab4\AirShare\entry\build\default\intermediates\router_map\default\loader-router-map.json cache.
[2026-06-02T01:17:02.583] [DEBUG] debug-file - Incremental task entry:default@ProcessRouterMap post-execution cost:1 ms .
[2026-06-02T01:17:02.583] [DEBUG] debug-file - Update task entry:default@ProcessShareConfig input file:D:\HUAWEI\lab4\AirShare\entry\oh-package.json5 cache by regenerate.
[2026-06-02T01:17:02.583] [DEBUG] debug-file - Update task entry:default@ProcessShareConfig input file:D:\HUAWEI\lab4\AirShare\oh-package.json5 cache from map.
[2026-06-02T01:17:02.583] [DEBUG] debug-file - Update task entry:default@ProcessShareConfig input file:D:\HUAWEI\lab4\AirShare\entry\src\main\module.json5 cache by regenerate.
[2026-06-02T01:17:02.583] [DEBUG] debug-file - Update task entry:default@ProcessShareConfig input file:D:\HUAWEI\lab4\AirShare\entry\build\default\intermediates\loader\default\pkgContextInfo.json cache by regenerate.
[2026-06-02T01:17:02.583] [DEBUG] debug-file - Update task entry:default@ProcessShareConfig output file:D:\HUAWEI\lab4\AirShare\entry\build\default\intermediates\share_config\default\temp-share-config.json cache.
[2026-06-02T01:17:02.584] [DEBUG] debug-file - Incremental task entry:default@ProcessShareConfig post-execution cost:1 ms .
[2026-06-02T01:17:02.584] [DEBUG] debug-file - Update task entry:default@ProcessStartupConfig input file:D:\HUAWEI\lab4\AirShare\entry\build\default\intermediates\loader\default\pkgContextInfo.json cache from map.
[2026-06-02T01:17:02.584] [DEBUG] debug-file - Update task entry:default@ProcessStartupConfig output file:D:\HUAWEI\lab4\AirShare\entry\build\default\intermediates\startup\default\startup_config.json cache.
[2026-06-02T01:17:02.584] [DEBUG] debug-file - Incremental task entry:default@ProcessStartupConfig post-execution cost:1 ms .
[2026-06-02T01:17:02.584] [DEBUG] debug-file - Update task entry:default@ProcessResource output file:D:\HUAWEI\lab4\AirShare\entry\build\default\intermediates\res\default\resConfig.json cache.
[2026-06-02T01:17:02.584] [DEBUG] debug-file - Update task entry:default@ProcessResource output file:D:\HUAWEI\lab4\AirShare\entry\build\default\intermediates\res\default\opt-compression.json cache.
[2026-06-02T01:17:02.584] [DEBUG] debug-file - Incremental task entry:default@ProcessResource post-execution cost:1 ms .
[2026-06-02T01:17:02.585] [DEBUG] debug-file - Update task entry:default@GenerateLoaderJson input file:D:\HUAWEI\lab4\AirShare\entry\build\default\intermediates\loader\default\pkgContextInfo.json cache from map.
[2026-06-02T01:17:02.585] [DEBUG] debug-file - Update task entry:default@GenerateLoaderJson input file:D:\HUAWEI\lab4\AirShare\entry\build\default\intermediates\router_map\default\temp-router-map.json cache by regenerate.
[2026-06-02T01:17:02.585] [DEBUG] debug-file - Update task entry:default@GenerateLoaderJson output file:D:\HUAWEI\lab4\AirShare\entry\build\default\intermediates\loader\default\loader.json cache.
[2026-06-02T01:17:02.585] [DEBUG] debug-file - Incremental task entry:default@GenerateLoaderJson post-execution cost:1 ms .
[2026-06-02T01:17:02.585] [DEBUG] debug-file - Update task entry:default@ProcessLibs input file:D:\HUAWEI\lab4\AirShare\build-profile.json5 cache by regenerate.
[2026-06-02T01:17:02.586] [DEBUG] debug-file - Update task entry:default@ProcessLibs input file:D:\HUAWEI\lab4\AirShare\entry\build-profile.json5 cache by regenerate.
[2026-06-02T01:17:02.586] [DEBUG] debug-file - Update task entry:default@ProcessLibs output file:D:\HUAWEI\lab4\AirShare\entry\build\default\intermediates\libs\default cache.
[2026-06-02T01:17:02.586] [DEBUG] debug-file - Incremental task entry:default@ProcessLibs post-execution cost:1 ms .
[2026-06-02T01:17:02.587] [DEBUG] debug-file - Update task entry:default@CompileResource input file:D:\HUAWEI\lab4\AirShare\entry\src\main\resources cache by regenerate.
[2026-06-02T01:17:02.588] [DEBUG] debug-file - Update task entry:default@CompileResource input file:D:\HUAWEI\lab4\AirShare\AppScope\resources cache by regenerate.
[2026-06-02T01:17:02.588] [DEBUG] debug-file - Update task entry:default@CompileResource input file:D:\HUAWEI\lab4\AirShare\entry\build\default\intermediates\process_profile\default\module.json cache from map.
[2026-06-02T01:17:02.588] [DEBUG] debug-file - Update task entry:default@CompileResource input file:D:\HUAWEI\lab4\AirShare\entry\build\default\intermediates\res\default\resConfig.json cache by regenerate.
[2026-06-02T01:17:02.588] [DEBUG] debug-file - Update task entry:default@CompileResource output file:D:\HUAWEI\lab4\AirShare\entry\build\default\intermediates\res\default cache.
[2026-06-02T01:17:02.591] [DEBUG] debug-file - Update task entry:default@CompileResource output file:D:\HUAWEI\lab4\AirShare\entry\build\default\generated\r\default\ResourceTable.h cache.
[2026-06-02T01:17:02.591] [DEBUG] debug-file - Update task entry:default@CompileResource output file:D:\HUAWEI\lab4\AirShare\entry\build\default\generated\r\default cache.
[2026-06-02T01:17:02.591] [DEBUG] debug-file - Incremental task entry:default@CompileResource post-execution cost:6 ms .
[2026-06-02T01:17:02.591] [DEBUG] debug-file - Update task entry:default@DoNativeStrip input file:D:\HUAWEI\lab4\AirShare\entry\build\default\intermediates\libs\default cache by regenerate.
[2026-06-02T01:17:02.591] [DEBUG] debug-file - Update task entry:default@DoNativeStrip output file:D:\HUAWEI\lab4\AirShare\entry\build\default\intermediates\stripped_native_libs\default cache.
[2026-06-02T01:17:02.592] [DEBUG] debug-file - Incremental task entry:default@DoNativeStrip post-execution cost:1 ms .
[2026-06-02T01:17:02.593] [DEBUG] debug-file - Update task entry:default@CompileArkTS input file:D:\HUAWEI\lab4\AirShare\entry\build\default\intermediates\loader\default cache from map.
[2026-06-02T01:17:02.593] [DEBUG] debug-file - Update task entry:default@CompileArkTS input file:D:\HUAWEI\lab4\AirShare\entry\build\default\intermediates\res\default\resources\rawfile cache by regenerate.
[2026-06-02T01:17:02.594] [DEBUG] debug-file - Update task entry:default@CompileArkTS input file:D:\HUAWEI\lab4\AirShare\entry\build\default\intermediates\res\default\ResourceTable.txt cache by regenerate.
[2026-06-02T01:17:02.594] [DEBUG] debug-file - Update task entry:default@CompileArkTS input file:D:\HUAWEI\lab4\AirShare\entry\build\default\intermediates\res\default\ark_module.json cache by regenerate.
[2026-06-02T01:17:02.594] [DEBUG] debug-file - Update task entry:default@CompileArkTS input file:D:\HUAWEI\lab4\AirShare\entry\build\default\intermediates\res\default\resources\base\profile cache by regenerate.
[2026-06-02T01:17:02.595] [DEBUG] debug-file - Update task entry:default@CompileArkTS input file:D:\HUAWEI\lab4\AirShare\entry\src\main\ets cache by regenerate.
[2026-06-02T01:17:02.596] [DEBUG] debug-file - Update task entry:default@CompileArkTS input file:D:\HUAWEI\lab4\AirShare\entry\build\default\intermediates\loader\default\pkgContextInfo.json cache by regenerate.
[2026-06-02T01:17:02.596] [DEBUG] debug-file - Update task entry:default@CompileArkTS input file:D:\HUAWEI\lab4\AirShare\entry\build\default\generated\profile\default\BuildProfile.ets cache by regenerate.
[2026-06-02T01:17:02.596] [DEBUG] debug-file - Update task entry:default@CompileArkTS output file:D:\HUAWEI\lab4\AirShare\entry\build\default\intermediates\loader_out\default\ets cache.
[2026-06-02T01:17:02.596] [DEBUG] debug-file - Incremental task entry:default@CompileArkTS post-execution cost:5 ms .
[2026-06-02T01:17:02.597] [DEBUG] debug-file - Update task entry:default@BuildJS input file:D:\HUAWEI\lab4\AirShare\entry\build\default\intermediates\loader\default cache by regenerate.
[2026-06-02T01:17:02.598] [DEBUG] debug-file - Update task entry:default@BuildJS input file:D:\HUAWEI\lab4\AirShare\entry\build\default\intermediates\res\default\resources\rawfile cache by regenerate.
[2026-06-02T01:17:02.598] [DEBUG] debug-file - Update task entry:default@BuildJS input file:D:\HUAWEI\lab4\AirShare\entry\build\default\intermediates\res\default\ResourceTable.txt cache by regenerate.
[2026-06-02T01:17:02.598] [DEBUG] debug-file - Update task entry:default@BuildJS input file:D:\HUAWEI\lab4\AirShare\entry\build\default\intermediates\res\default\ark_module.json cache by regenerate.
[2026-06-02T01:17:02.598] [DEBUG] debug-file - Update task entry:default@BuildJS input file:D:\HUAWEI\lab4\AirShare\entry\build\default\intermediates\res\default\resources\base\profile cache by regenerate.
[2026-06-02T01:17:02.599] [DEBUG] debug-file - Update task entry:default@BuildJS input file:D:\HUAWEI\lab4\AirShare\entry\build\default\intermediates\loader\default\pkgContextInfo.json cache by regenerate.
[2026-06-02T01:17:02.599] [DEBUG] debug-file - Update task entry:default@BuildJS output file:D:\HUAWEI\lab4\AirShare\entry\build\default\intermediates\loader_out\default\js cache.
[2026-06-02T01:17:02.599] [DEBUG] debug-file - Incremental task entry:default@BuildJS post-execution cost:3 ms .
[2026-06-02T01:17:02.599] [DEBUG] debug-file - Update task entry:default@CacheNativeLibs input file:D:\HUAWEI\lab4\AirShare\entry\build\default\intermediates\stripped_native_libs\default cache by regenerate.
[2026-06-02T01:17:02.599] [DEBUG] debug-file - Update task entry:default@CacheNativeLibs input file:D:\HUAWEI\lab4\AirShare\entry\build\default\intermediates\libs\default cache by regenerate.
[2026-06-02T01:17:02.599] [DEBUG] debug-file - Update task entry:default@CacheNativeLibs output file:D:\HUAWEI\lab4\AirShare\entry\build\default\intermediates\patch\default\base_native_libs.json cache.
[2026-06-02T01:17:02.600] [DEBUG] debug-file - Incremental task entry:default@CacheNativeLibs post-execution cost:1 ms .
[2026-06-02T01:17:02.600] [DEBUG] debug-file - Update task entry:default@GeneratePkgModuleJson input file:D:\HUAWEI\lab4\AirShare\entry\build\default\intermediates\res\default\module.json cache from map.
[2026-06-02T01:17:02.600] [DEBUG] debug-file - Update task entry:default@GeneratePkgModuleJson output file:D:\HUAWEI\lab4\AirShare\entry\build\default\intermediates\package\default\module.json cache.
[2026-06-02T01:17:02.600] [DEBUG] debug-file - Incremental task entry:default@GeneratePkgModuleJson post-execution cost:1 ms .
[2026-06-02T01:17:02.600] [DEBUG] debug-file - Incremental task entry:default@ProcessCompiledResources post-execution cost:1 ms .
[2026-06-02T01:17:02.601] [DEBUG] debug-file - Update task entry:default@PackageHap input file:D:\HUAWEI\lab4\AirShare\entry\build\default\intermediates\stripped_native_libs\default cache by regenerate.
[2026-06-02T01:17:02.601] [DEBUG] debug-file - Update task entry:default@PackageHap input file:D:\HUAWEI\lab4\AirShare\entry\build\default\intermediates\res\default\module.json cache from map.
[2026-06-02T01:17:02.601] [DEBUG] debug-file - Update task entry:default@PackageHap input file:D:\HUAWEI\lab4\AirShare\entry\build\default\intermediates\res\default\resources cache by regenerate.
[2026-06-02T01:17:02.603] [DEBUG] debug-file - Update task entry:default@PackageHap input file:D:\HUAWEI\lab4\AirShare\entry\build\default\intermediates\res\default\resources.index cache by regenerate.
[2026-06-02T01:17:02.603] [DEBUG] debug-file - Update task entry:default@PackageHap input file:D:\HUAWEI\lab4\AirShare\entry\build\default\outputs\default\pack.info cache by regenerate.
[2026-06-02T01:17:02.603] [DEBUG] debug-file - Update task entry:default@PackageHap input file:D:\HUAWEI\lab4\AirShare\entry\build\default\intermediates\loader_out\default\ets cache by regenerate.
[2026-06-02T01:17:02.603] [DEBUG] debug-file - Update task entry:default@PackageHap input file:D:\HUAWEI\lab4\AirShare\entry\build\default\intermediates\loader\default\pkgContextInfo.json cache by regenerate.
[2026-06-02T01:17:02.603] [DEBUG] debug-file - Update task entry:default@PackageHap input file:D:\HUAWEI\lab4\AirShare\entry\build\default\intermediates\loader_out\default\ets\sourceMaps.map cache by regenerate.
[2026-06-02T01:17:02.603] [DEBUG] debug-file - Update task entry:default@PackageHap input file:D:\HUAWEI\lab4\AirShare\entry\build\default\generated\profile\default\BuildProfile.ets cache by regenerate.
[2026-06-02T01:17:02.604] [DEBUG] debug-file - Update task entry:default@PackageHap output file:D:\HUAWEI\lab4\AirShare\entry\build\default\outputs\default\entry-default-unsigned.hap cache.
[2026-06-02T01:17:02.604] [DEBUG] debug-file - Update task entry:default@PackageHap output file:D:\HUAWEI\lab4\AirShare\entry\build\default\intermediates\source_map\default\sourceMaps.map cache.
[2026-06-02T01:17:02.604] [DEBUG] debug-file - Update task entry:default@PackageHap output file:D:\HUAWEI\lab4\AirShare\entry\build\default\outputs\default\mapping\sourceMaps.map cache.
[2026-06-02T01:17:02.604] [DEBUG] debug-file - Incremental task entry:default@PackageHap post-execution cost:5 ms .
[2026-06-02T01:17:02.604] [DEBUG] debug-file - Update task entry:default@SignHap input file:D:\HUAWEI\lab4\AirShare\entry\build\default\outputs\default\entry-default-unsigned.hap cache from map.
[2026-06-02T01:17:02.604] [DEBUG] debug-file - Update task entry:default@SignHap output file:D:\HUAWEI\lab4\AirShare\entry\build\default\outputs\default\entry-default-signed.hap cache.
[2026-06-02T01:17:02.604] [DEBUG] debug-file - Incremental task entry:default@SignHap post-execution cost:1 ms .
[2026-06-02T01:17:02.605] [DEBUG] debug-file - Update task entry:default@CollectDebugSymbol input file:D:\HUAWEI\lab4\AirShare\entry\build\default\intermediates\loader_out\default\ets\sourceMaps.map cache by regenerate.
[2026-06-02T01:17:02.605] [DEBUG] debug-file - Update task entry:default@CollectDebugSymbol input file:D:\HUAWEI\lab4\AirShare\entry\build\default\intermediates\libs\default cache by regenerate.
[2026-06-02T01:17:02.605] [DEBUG] debug-file - Update task entry:default@CollectDebugSymbol output file:D:\HUAWEI\lab4\AirShare\entry\build\default\outputs\default\symbol cache.
[2026-06-02T01:17:02.605] [DEBUG] debug-file - Incremental task entry:default@CollectDebugSymbol post-execution cost:1 ms .
[2026-06-02T01:17:02.636] [DEBUG] debug-file - Cleanup worker 0.
[2026-06-02T01:17:02.636] [DEBUG] debug-file - Worker 0 has been cleaned up.
[2026-06-02T01:17:02.636] [DEBUG] debug-file - Current idle worker size: 4.
[2026-06-02T01:17:02.636] [DEBUG] debug-file - Current resident worker size: 5.
[2026-06-02T01:17:02.636] [DEBUG] debug-file - Cleanup worker 1.
[2026-06-02T01:17:02.636] [DEBUG] debug-file - Worker 1 has been cleaned up.
[2026-06-02T01:17:02.636] [DEBUG] debug-file - Current idle worker size: 3.
[2026-06-02T01:17:02.636] [DEBUG] debug-file - Current resident worker size: 5.
[2026-06-02T01:17:02.636] [DEBUG] debug-file - Cleanup worker 18.
[2026-06-02T01:17:02.636] [DEBUG] debug-file - Worker 18 has been cleaned up.
[2026-06-02T01:17:02.636] [DEBUG] debug-file - Current idle worker size: 2.
[2026-06-02T01:17:02.636] [DEBUG] debug-file - Current resident worker size: 5.
[2026-06-02T01:17:02.636] [DEBUG] debug-file - Cleanup worker 17.
[2026-06-02T01:17:02.637] [DEBUG] debug-file - Worker 17 has been cleaned up.
[2026-06-02T01:17:02.637] [DEBUG] debug-file - Current idle worker size: 1.
[2026-06-02T01:17:02.637] [DEBUG] debug-file - Current resident worker size: 5.
[2026-06-02T01:17:02.640] [DEBUG] debug-file - hvigor build process will be closed.
[2026-06-02T01:17:02.641] [DEBUG] debug-file - java daemon socket close code:1000 reason:close by user
[2026-06-02T01:17:02.643] [DEBUG] debug-file - session manager: send message to worker process.
[2026-06-02T01:17:02.644] [DEBUG] debug-file - session manager: send message to worker process.
[2026-06-02T01:17:02.643] [DEBUG] debug-file - watch worker: worker id should be larger than 0. Nothing will be sent to any worker thread.
[2026-06-02T01:17:02.644] [DEBUG] debug-file - watch worker: worker id should be larger than 0. Nothing will be sent to any worker thread.
[2026-06-02T01:17:02.646] [DEBUG] debug-file - worker[0] exits with exit code 1.
[2026-06-02T01:17:02.647] [DEBUG] debug-file - worker[1] exits with exit code 1.
[2026-06-02T01:17:02.651] [DEBUG] debug-file - worker[18] exits with exit code 1.
[2026-06-02T01:17:02.651] [DEBUG] debug-file - worker[17] exits with exit code 1.
[2026-06-02T01:17:24.064] [DEBUG] debug-file - session manager: set active socket. socketId=RxE_fIyZdvL6JIYbAAAZ
[2026-06-02T01:17:24.070] [DEBUG] debug-file - watch worker: worker id should be larger than 0. Nothing will be sent to any worker thread.
[2026-06-02T01:17:24.071] [DEBUG] debug-file - Workers' log level updated to INFO
[2026-06-02T01:17:24.073] [DEBUG] debug-file - Hvigor init with startParameters:{
  hvigorfileTypeCheck: false,
  parallelExecution: true,
  incrementalExecution: true,
  printStackTrace: false,
  daemon: true,
  analyze: 0,
  logLevel: Level { level: 20000, levelStr: 'INFO', colour: 'green' },
  optimizationStrategy: 'memory',
  hotCompile: undefined,
  hotReloadBuild: undefined,
  customizedParam: undefined
}
[2026-06-02T01:17:24.075] [DEBUG] debug-file - Cache service initialization finished in 2 ms 
[2026-06-02T01:17:24.075] [DEBUG] debug-file - hvigorfile, resolving D:\HUAWEI\lab4\AirShare\hvigorfile.ts
[2026-06-02T01:17:24.078] [DEBUG] debug-file - hvigorfile, require result:  { default: { plugins: [] } }
[2026-06-02T01:17:24.079] [DEBUG] debug-file - hvigorfile, binding system plugins null
[2026-06-02T01:17:24.079] [DEBUG] debug-file - Starting plugin build process
[2026-06-02T01:17:24.079] [DEBUG] debug-file - App plugin prepare start...
[2026-06-02T01:17:24.079] [DEBUG] debug-file - App plugin prepare end...
[2026-06-02T01:17:24.079] [DEBUG] debug-file - App plugin creating...
[2026-06-02T01:17:24.203] [DEBUG] debug-file - App plugin register hook start...
[2026-06-02T01:17:24.203] [DEBUG] debug-file - App plugin register hook end...
[2026-06-02T01:17:24.203] [DEBUG] debug-file - Plugin build process completed
[2026-06-02T01:17:24.203] [DEBUG] debug-file - Start initialize project's product build option map with build mode debug.
[2026-06-02T01:17:24.203] [DEBUG] debug-file - Picking option from product 'default' with build mode 'debug'.
[2026-06-02T01:17:24.204] [DEBUG] debug-file - Product 'default' build option initialized
[2026-06-02T01:17:24.204] [DEBUG] debug-file - End initialize project's product build option map with build mode 'debug'.
[2026-06-02T01:17:24.204] [DEBUG] debug-file - Obtain build option for product 'default'in this build.
[2026-06-02T01:17:24.205] [DEBUG] debug-file - No signingConfig found, initRemoteHspCache failed.
[2026-06-02T01:17:24.206] [DEBUG] debug-file - Start recording SDK configuration permission data.
[2026-06-02T01:17:24.225] [DEBUG] debug-file - Sdk init in 21 ms 
[2026-06-02T01:17:24.227] [DEBUG] debug-file - Project task initialization takes 2 ms 
[2026-06-02T01:17:24.227] [DEBUG] debug-file - hvigorfile, binding custom plugins []
[2026-06-02T01:17:24.227] [DEBUG] debug-file - hvigorfile, no custom plugins were found in D:\HUAWEI\lab4\AirShare\hvigorfile.ts
[2026-06-02T01:17:24.227] [DEBUG] debug-file - hvigorfile, resolve finished D:\HUAWEI\lab4\AirShare\hvigorfile.ts
[2026-06-02T01:17:24.228] [DEBUG] debug-file - hvigorfile, resolving D:\HUAWEI\lab4\AirShare\entry\hvigorfile.ts
[2026-06-02T01:17:24.231] [DEBUG] debug-file - hvigorfile, require result:  { default: { plugins: [] } }
[2026-06-02T01:17:24.231] [DEBUG] debug-file - hvigorfile, binding system plugins null
[2026-06-02T01:17:24.232] [DEBUG] debug-file - Starting plugin build process
[2026-06-02T01:17:24.232] [DEBUG] debug-file - Hap plugin creating...
[2026-06-02T01:17:24.232] [DEBUG] debug-file - failed to load cangjie to dynamically generate schemas: Error: Cannot find module '@ohos/cangjie-build-support/index'
Require stack:
- D:\HUAWEI\DevEco\DevEco Studio\tools\hvigor\hvigor-ohos-plugin\src\plugin\hooks\cangjie-register.js
- D:\HUAWEI\DevEco\DevEco Studio\tools\hvigor\hvigor-ohos-plugin\src\plugin\strategy\stage-init-strategy.js
- D:\HUAWEI\DevEco\DevEco Studio\tools\hvigor\hvigor-ohos-plugin\src\plugin\builder\abstract-plugin-builder.js
- D:\HUAWEI\DevEco\DevEco Studio\tools\hvigor\hvigor-ohos-plugin\src\plugin\builder\app-plugin-builder.js
- D:\HUAWEI\DevEco\DevEco Studio\tools\hvigor\hvigor-ohos-plugin\src\plugin\factory\plugin-factory.js
- D:\HUAWEI\DevEco\DevEco Studio\tools\hvigor\hvigor-ohos-plugin\index.js
- D:\HUAWEI\lab4\AirShare\hvigorfile.ts
- D:\HUAWEI\DevEco\DevEco Studio\tools\hvigor\hvigor\src\base\internal\lifecycle\configuration.js
- D:\HUAWEI\DevEco\DevEco Studio\tools\hvigor\hvigor\src\base\boot\index.js
- D:\HUAWEI\DevEco\DevEco Studio\tools\hvigor\hvigor\src\base\daemon\cluster\worker-process-lifecycle.js
- D:\HUAWEI\DevEco\DevEco Studio\tools\hvigor\hvigor\src\base\daemon\process\daemon-process-boot-script.js
[2026-06-02T01:17:24.238] [DEBUG] debug-file - Start initialize module-target build option map, moduleName=entry, buildMode=debug
[2026-06-02T01:17:24.238] [DEBUG] debug-file - Target 'default' config initialized
[2026-06-02T01:17:24.238] [DEBUG] debug-file - Module 'entry' target 'default' build option initialized
[2026-06-02T01:17:24.238] [DEBUG] debug-file - End initialize module-target build option map, moduleName=entry
[2026-06-02T01:17:24.238] [DEBUG] debug-file - Start initialize module-target build option map, moduleName=entry, buildMode=release
[2026-06-02T01:17:24.238] [DEBUG] debug-file - Target 'default' config initialized
[2026-06-02T01:17:24.239] [DEBUG] debug-file - Module 'entry' target 'default' build option initialized
[2026-06-02T01:17:24.239] [DEBUG] debug-file - End initialize module-target build option map, moduleName=entry
[2026-06-02T01:17:24.239] [DEBUG] debug-file - Start initialize module-target build option map, moduleName=entry, buildMode=debug
[2026-06-02T01:17:24.239] [DEBUG] debug-file - Target 'default' config initialized
[2026-06-02T01:17:24.239] [DEBUG] debug-file - Module 'entry' target 'default' build option initialized
[2026-06-02T01:17:24.239] [DEBUG] debug-file - End initialize module-target build option map, moduleName=entry
[2026-06-02T01:17:24.239] [DEBUG] debug-file - Obtain build option for module 'entry' target 'default'in this build.
[2026-06-02T01:17:24.240] [DEBUG] debug-file - Module entry task initialization takes 1 ms 
[2026-06-02T01:17:24.240] [DEBUG] debug-file - Hap plugin register hook start...
[2026-06-02T01:17:24.240] [DEBUG] debug-file - Hap plugin register hook end...
[2026-06-02T01:17:24.241] [DEBUG] debug-file - Plugin build process completed
[2026-06-02T01:17:24.241] [DEBUG] debug-file - hvigorfile, binding custom plugins []
[2026-06-02T01:17:24.241] [DEBUG] debug-file - hvigorfile, no custom plugins were found in D:\HUAWEI\lab4\AirShare\entry\hvigorfile.ts
[2026-06-02T01:17:24.241] [DEBUG] debug-file - hvigorfile, resolve finished D:\HUAWEI\lab4\AirShare\entry\hvigorfile.ts
[2026-06-02T01:17:24.258] [DEBUG] debug-file - hvigorfile, resolve hvigorfile dependencies in 17 ms 
[2026-06-02T01:17:24.258] [DEBUG] debug-file - project has submodules:entry
[2026-06-02T01:17:24.258] [DEBUG] debug-file - start to load updatedOhPackageInfo to the disk
[2026-06-02T01:17:24.262] [DEBUG] debug-file - load to the disk finished
[2026-06-02T01:17:24.263] [DEBUG] debug-file - Start to initialize dependency information.
[2026-06-02T01:17:24.263] [DEBUG] debug-file - Module AirShare Collected Dependency: 
[2026-06-02T01:17:24.263] [DEBUG] debug-file - Module AirShare's total dependency: 0
[2026-06-02T01:17:24.264] [DEBUG] debug-file - Start to initialize dependency information.
[2026-06-02T01:17:24.264] [DEBUG] debug-file - Module entry Collected Dependency: 
[2026-06-02T01:17:24.264] [DEBUG] debug-file - Module entry's total dependency: 0
[2026-06-02T01:17:24.265] [DEBUG] debug-file - Configuration phase cost:191 ms 
[2026-06-02T01:17:24.266] [DEBUG] debug-file - Configuration task cost before running: 195 ms 
[2026-06-02T01:17:24.266] [DEBUG] debug-file - Executing task :entry:init
[2026-06-02T01:17:24.266] [DEBUG] debug-file - entry : init cost memory 0.01401519775390625
[2026-06-02T01:17:24.266] [DEBUG] debug-file - runTaskFromQueue task cost before running: 195 ms 
[2026-06-02T01:17:24.266] [INFO] debug-file - Finished :entry:init... after 1 ms 
[2026-06-02T01:17:24.266] [DEBUG] debug-file - Executing task ::init
[2026-06-02T01:17:24.266] [DEBUG] debug-file - AirShare : init cost memory 0.012847900390625
[2026-06-02T01:17:24.266] [DEBUG] debug-file - runTaskFromQueue task cost before running: 195 ms 
[2026-06-02T01:17:24.266] [INFO] debug-file - Finished ::init... after 1 ms 
[2026-06-02T01:17:24.281] [DEBUG] debug-file - Obtain build option for module 'entry' target 'default'in this build.
[2026-06-02T01:17:24.282] [DEBUG] debug-file - hvigor build process will be closed.
[2026-06-02T01:17:24.287] [DEBUG] debug-file - session manager: send message to worker process.
[2026-06-02T01:17:24.288] [DEBUG] debug-file - session manager: send message to worker process.
[2026-06-02T01:17:24.288] [DEBUG] debug-file - watch worker: worker id should be larger than 0. Nothing will be sent to any worker thread.
[2026-06-02T01:17:24.289] [DEBUG] debug-file - watch worker: worker id should be larger than 0. Nothing will be sent to any worker thread.
[2026-06-02T01:17:27.848] [DEBUG] debug-file - session manager: set active socket. socketId=v-QYJGnooKIDoCNpAAAb
[2026-06-02T01:17:27.855] [DEBUG] debug-file - watch worker: worker id should be larger than 0. Nothing will be sent to any worker thread.
[2026-06-02T01:17:27.857] [DEBUG] debug-file - Workers' log level updated to INFO
[2026-06-02T01:17:27.859] [DEBUG] debug-file - Hvigor init with startParameters:{
  hvigorfileTypeCheck: false,
  parallelExecution: true,
  incrementalExecution: true,
  printStackTrace: false,
  daemon: true,
  analyze: 0,
  logLevel: Level { level: 20000, levelStr: 'INFO', colour: 'green' },
  optimizationStrategy: 'memory',
  hotCompile: undefined,
  hotReloadBuild: undefined,
  customizedParam: undefined
}
[2026-06-02T01:17:27.861] [DEBUG] debug-file - Cache service initialization finished in 2 ms 
[2026-06-02T01:17:27.861] [DEBUG] debug-file - hvigorfile, resolving D:\HUAWEI\lab4\AirShare\hvigorfile.ts
[2026-06-02T01:17:27.864] [DEBUG] debug-file - hvigorfile, require result:  { default: { plugins: [] } }
[2026-06-02T01:17:27.864] [DEBUG] debug-file - hvigorfile, binding system plugins null
[2026-06-02T01:17:27.864] [DEBUG] debug-file - Starting plugin build process
[2026-06-02T01:17:27.864] [DEBUG] debug-file - App plugin prepare start...
[2026-06-02T01:17:27.864] [DEBUG] debug-file - App plugin prepare end...
[2026-06-02T01:17:27.864] [DEBUG] debug-file - App plugin creating...
[2026-06-02T01:17:27.867] [DEBUG] debug-file - App plugin register hook start...
[2026-06-02T01:17:27.867] [DEBUG] debug-file - App plugin register hook end...
[2026-06-02T01:17:27.867] [DEBUG] debug-file - Plugin build process completed
[2026-06-02T01:17:27.867] [DEBUG] debug-file - Start initialize project's product build option map with build mode debug.
[2026-06-02T01:17:27.867] [DEBUG] debug-file - Picking option from product 'default' with build mode 'debug'.
[2026-06-02T01:17:27.867] [DEBUG] debug-file - Product 'default' build option initialized
[2026-06-02T01:17:27.867] [DEBUG] debug-file - End initialize project's product build option map with build mode 'debug'.
[2026-06-02T01:17:27.868] [DEBUG] debug-file - Obtain build option for product 'default'in this build.
[2026-06-02T01:17:27.868] [DEBUG] debug-file - No signingConfig found, initRemoteHspCache failed.
[2026-06-02T01:17:27.869] [DEBUG] debug-file - Start recording SDK configuration permission data.
[2026-06-02T01:17:27.888] [DEBUG] debug-file - Sdk init in 20 ms 
[2026-06-02T01:17:27.891] [DEBUG] debug-file - Project task initialization takes 3 ms 
[2026-06-02T01:17:27.891] [DEBUG] debug-file - hvigorfile, binding custom plugins []
[2026-06-02T01:17:27.891] [DEBUG] debug-file - hvigorfile, no custom plugins were found in D:\HUAWEI\lab4\AirShare\hvigorfile.ts
[2026-06-02T01:17:27.891] [DEBUG] debug-file - hvigorfile, resolve finished D:\HUAWEI\lab4\AirShare\hvigorfile.ts
[2026-06-02T01:17:27.892] [DEBUG] debug-file - hvigorfile, resolving D:\HUAWEI\lab4\AirShare\entry\hvigorfile.ts
[2026-06-02T01:17:27.894] [DEBUG] debug-file - hvigorfile, require result:  { default: { plugins: [] } }
[2026-06-02T01:17:27.894] [DEBUG] debug-file - hvigorfile, binding system plugins null
[2026-06-02T01:17:27.894] [DEBUG] debug-file - Starting plugin build process
[2026-06-02T01:17:27.894] [DEBUG] debug-file - Hap plugin creating...
[2026-06-02T01:17:27.895] [DEBUG] debug-file - failed to load cangjie to dynamically generate schemas: Error: Cannot find module '@ohos/cangjie-build-support/index'
Require stack:
- D:\HUAWEI\DevEco\DevEco Studio\tools\hvigor\hvigor-ohos-plugin\src\plugin\hooks\cangjie-register.js
- D:\HUAWEI\DevEco\DevEco Studio\tools\hvigor\hvigor-ohos-plugin\src\plugin\strategy\stage-init-strategy.js
- D:\HUAWEI\DevEco\DevEco Studio\tools\hvigor\hvigor-ohos-plugin\src\plugin\builder\abstract-plugin-builder.js
- D:\HUAWEI\DevEco\DevEco Studio\tools\hvigor\hvigor-ohos-plugin\src\plugin\builder\app-plugin-builder.js
- D:\HUAWEI\DevEco\DevEco Studio\tools\hvigor\hvigor-ohos-plugin\src\plugin\factory\plugin-factory.js
- D:\HUAWEI\DevEco\DevEco Studio\tools\hvigor\hvigor-ohos-plugin\index.js
- D:\HUAWEI\lab4\AirShare\hvigorfile.ts
- D:\HUAWEI\DevEco\DevEco Studio\tools\hvigor\hvigor\src\base\internal\lifecycle\configuration.js
- D:\HUAWEI\DevEco\DevEco Studio\tools\hvigor\hvigor\src\base\boot\index.js
- D:\HUAWEI\DevEco\DevEco Studio\tools\hvigor\hvigor\src\base\daemon\cluster\worker-process-lifecycle.js
- D:\HUAWEI\DevEco\DevEco Studio\tools\hvigor\hvigor\src\base\daemon\process\daemon-process-boot-script.js
[2026-06-02T01:17:27.896] [DEBUG] debug-file - Start initialize module-target build option map, moduleName=entry, buildMode=debug
[2026-06-02T01:17:27.896] [DEBUG] debug-file - Target 'default' config initialized
[2026-06-02T01:17:27.896] [DEBUG] debug-file - Module 'entry' target 'default' build option initialized
[2026-06-02T01:17:27.896] [DEBUG] debug-file - End initialize module-target build option map, moduleName=entry
[2026-06-02T01:17:27.896] [DEBUG] debug-file - Start initialize module-target build option map, moduleName=entry, buildMode=release
[2026-06-02T01:17:27.897] [DEBUG] debug-file - Target 'default' config initialized
[2026-06-02T01:17:27.897] [DEBUG] debug-file - Module 'entry' target 'default' build option initialized
[2026-06-02T01:17:27.897] [DEBUG] debug-file - End initialize module-target build option map, moduleName=entry
[2026-06-02T01:17:27.897] [DEBUG] debug-file - Start initialize module-target build option map, moduleName=entry, buildMode=debug
[2026-06-02T01:17:27.897] [DEBUG] debug-file - Target 'default' config initialized
[2026-06-02T01:17:27.897] [DEBUG] debug-file - Module 'entry' target 'default' build option initialized
[2026-06-02T01:17:27.897] [DEBUG] debug-file - End initialize module-target build option map, moduleName=entry
[2026-06-02T01:17:27.897] [DEBUG] debug-file - Obtain build option for module 'entry' target 'default'in this build.
[2026-06-02T01:17:27.898] [DEBUG] debug-file - Module entry task initialization takes 1 ms 
[2026-06-02T01:17:27.898] [DEBUG] debug-file - Hap plugin register hook start...
[2026-06-02T01:17:27.898] [DEBUG] debug-file - Hap plugin register hook end...
[2026-06-02T01:17:27.898] [DEBUG] debug-file - Plugin build process completed
[2026-06-02T01:17:27.898] [DEBUG] debug-file - hvigorfile, binding custom plugins []
[2026-06-02T01:17:27.898] [DEBUG] debug-file - hvigorfile, no custom plugins were found in D:\HUAWEI\lab4\AirShare\entry\hvigorfile.ts
[2026-06-02T01:17:27.898] [DEBUG] debug-file - hvigorfile, resolve finished D:\HUAWEI\lab4\AirShare\entry\hvigorfile.ts
[2026-06-02T01:17:27.912] [DEBUG] debug-file - hvigorfile, resolve hvigorfile dependencies in 14 ms 
[2026-06-02T01:17:27.912] [DEBUG] debug-file - project has submodules:entry
[2026-06-02T01:17:27.913] [DEBUG] debug-file - start to load updatedOhPackageInfo to the disk
[2026-06-02T01:17:27.918] [DEBUG] debug-file - load to the disk finished
[2026-06-02T01:17:27.919] [DEBUG] debug-file - Start to initialize dependency information.
[2026-06-02T01:17:27.919] [DEBUG] debug-file - Module AirShare Collected Dependency: 
[2026-06-02T01:17:27.919] [DEBUG] debug-file - Module AirShare's total dependency: 0
[2026-06-02T01:17:27.919] [DEBUG] debug-file - Start to initialize dependency information.
[2026-06-02T01:17:27.920] [DEBUG] debug-file - Module entry Collected Dependency: 
[2026-06-02T01:17:27.920] [DEBUG] debug-file - Module entry's total dependency: 0
[2026-06-02T01:17:27.922] [DEBUG] debug-file - Configuration phase cost:62 ms 
[2026-06-02T01:17:27.923] [DEBUG] debug-file - Configuration task cost before running: 67 ms 
[2026-06-02T01:17:27.927] [DEBUG] debug-file - Executing task :entry:default@PreBuild
[2026-06-02T01:17:27.928] [DEBUG] debug-file - Task 'entry:default@PreBuild' cost while wrapping incremental declarations: 1 ms 
[2026-06-02T01:17:27.931] [DEBUG] debug-file - entry:default@PreBuild is not up-to-date, since the task snapshots are different.
[2026-06-02T01:17:27.932] [DEBUG] debug-file - Incremental task entry:default@PreBuild pre-execution cost: 3 ms .
[2026-06-02T01:17:27.936] [DEBUG] debug-file - current product is not Atomic service.
[2026-06-02T01:17:27.936] [DEBUG] debug-file - Use tool [win32: JAVA_HOME, CLASSPATH]
 [
  { JAVA_HOME: 'D:\\HUAWEI\\DevEco\\DevEco Studio\\jbr' },
  { CLASSPATH: undefined }
]
[2026-06-02T01:17:27.937] [DEBUG] debug-file - Use tool [win32: NODE_HOME]
 [ { NODE_HOME: 'D:\\HUAWEI\\DevEco\\DevEco Studio\\tools\\node' } ]
[2026-06-02T01:17:27.937] [DEBUG] debug-file - entry : default@PreBuild cost memory 0.7029647827148438
[2026-06-02T01:17:27.937] [DEBUG] debug-file - runTaskFromQueue task cost before running: 80 ms 
[2026-06-02T01:17:27.938] [INFO] debug-file - Finished :entry:default@PreBuild... after 11 ms 
[2026-06-02T01:17:27.939] [DEBUG] debug-file - Executing task :entry:default@CreateModuleInfo
[2026-06-02T01:17:27.939] [DEBUG] debug-file - Task 'entry:default@CreateModuleInfo' cost while wrapping incremental declarations: 1 ms 
[2026-06-02T01:17:27.939] [DEBUG] debug-file - entry : default@CreateModuleInfo cost memory 0.04038238525390625
[2026-06-02T01:17:27.939] [DEBUG] debug-file - runTaskFromQueue task cost before running: 83 ms 
[2026-06-02T01:17:27.939] [INFO] debug-file - Finished :entry:default@CreateModuleInfo... after 1 ms 
[2026-06-02T01:17:27.940] [DEBUG] debug-file - Executing task :entry:default@GenerateMetadata
[2026-06-02T01:17:27.941] [DEBUG] debug-file - Task 'entry:default@GenerateMetadata' cost while wrapping incremental declarations: 1 ms 
[2026-06-02T01:17:27.941] [DEBUG] debug-file - Incremental task entry:default@GenerateMetadata pre-execution cost: 1 ms .
[2026-06-02T01:17:27.941] [DEBUG] debug-file - entry : default@GenerateMetadata cost memory 0.08016204833984375
[2026-06-02T01:17:27.941] [INFO] debug-file - UP-TO-DATE :entry:default@GenerateMetadata...  
[2026-06-02T01:17:27.942] [DEBUG] debug-file - Executing task :entry:default@ConfigureCmake
[2026-06-02T01:17:27.942] [DEBUG] debug-file - entry : default@ConfigureCmake cost memory 0.0140533447265625
[2026-06-02T01:17:27.942] [DEBUG] debug-file - runTaskFromQueue task cost before running: 85 ms 
[2026-06-02T01:17:27.942] [INFO] debug-file - Finished :entry:default@ConfigureCmake... after 1 ms 
[2026-06-02T01:17:27.943] [DEBUG] debug-file - Executing task :entry:default@MergeProfile
[2026-06-02T01:17:27.943] [DEBUG] debug-file - Task 'entry:default@MergeProfile' cost while wrapping incremental declarations: 1 ms 
[2026-06-02T01:17:27.944] [DEBUG] debug-file - Incremental task entry:default@MergeProfile pre-execution cost: 1 ms .
[2026-06-02T01:17:27.944] [DEBUG] debug-file - entry : default@MergeProfile cost memory 0.13111114501953125
[2026-06-02T01:17:27.944] [INFO] debug-file - UP-TO-DATE :entry:default@MergeProfile...  
[2026-06-02T01:17:27.945] [DEBUG] debug-file - Executing task :entry:default@CreateBuildProfile
[2026-06-02T01:17:27.945] [DEBUG] debug-file - Task 'entry:default@CreateBuildProfile' cost while wrapping incremental declarations: 1 ms 
[2026-06-02T01:17:27.946] [DEBUG] debug-file - Incremental task entry:default@CreateBuildProfile pre-execution cost: 1 ms .
[2026-06-02T01:17:27.946] [DEBUG] debug-file - entry : default@CreateBuildProfile cost memory 0.0892791748046875
[2026-06-02T01:17:27.946] [INFO] debug-file - UP-TO-DATE :entry:default@CreateBuildProfile...  
[2026-06-02T01:17:27.947] [DEBUG] debug-file - Executing task :entry:default@PreCheckSyscap
[2026-06-02T01:17:27.947] [DEBUG] debug-file - entry : default@PreCheckSyscap cost memory 0.01427459716796875
[2026-06-02T01:17:27.947] [DEBUG] debug-file - runTaskFromQueue task cost before running: 90 ms 
[2026-06-02T01:17:27.947] [INFO] debug-file - Finished :entry:default@PreCheckSyscap... after 1 ms 
[2026-06-02T01:17:27.948] [DEBUG] debug-file - Executing task :entry:default@GeneratePkgContextInfo
[2026-06-02T01:17:27.950] [DEBUG] debug-file - Task 'entry:default@GeneratePkgContextInfo' cost while wrapping incremental declarations: 1 ms 
[2026-06-02T01:17:27.951] [DEBUG] debug-file - Incremental task entry:default@GeneratePkgContextInfo pre-execution cost: 1 ms .
[2026-06-02T01:17:27.951] [DEBUG] debug-file - entry : default@GeneratePkgContextInfo cost memory 0.25641632080078125
[2026-06-02T01:17:27.951] [INFO] debug-file - UP-TO-DATE :entry:default@GeneratePkgContextInfo...  
[2026-06-02T01:17:27.953] [DEBUG] debug-file - Executing task :entry:default@ProcessIntegratedHsp
[2026-06-02T01:17:27.954] [DEBUG] debug-file - entry:default@ProcessIntegratedHsp is not up-to-date, since the output file 'D:\HUAWEI\lab4\AirShare\build\cache\default\integrated_hsp\integratedHspCache.json' does not exist.
[2026-06-02T01:17:27.954] [DEBUG] debug-file - Incremental task entry:default@ProcessIntegratedHsp pre-execution cost: 1 ms .
[2026-06-02T01:17:27.954] [DEBUG] debug-file - entry : default@ProcessIntegratedHsp cost memory 0.054595947265625
[2026-06-02T01:17:27.954] [DEBUG] debug-file - runTaskFromQueue task cost before running: 97 ms 
[2026-06-02T01:17:27.954] [INFO] debug-file - Finished :entry:default@ProcessIntegratedHsp... after 1 ms 
[2026-06-02T01:17:27.955] [DEBUG] debug-file - Executing task :entry:default@BuildNativeWithCmake
[2026-06-02T01:17:27.955] [DEBUG] debug-file - entry : default@BuildNativeWithCmake cost memory 0.01692962646484375
[2026-06-02T01:17:27.955] [DEBUG] debug-file - runTaskFromQueue task cost before running: 98 ms 
[2026-06-02T01:17:27.955] [INFO] debug-file - Finished :entry:default@BuildNativeWithCmake... after 1 ms 
[2026-06-02T01:17:27.956] [DEBUG] debug-file - Executing task :entry:default@MakePackInfo
[2026-06-02T01:17:27.957] [DEBUG] debug-file - Incremental task entry:default@MakePackInfo pre-execution cost: 1 ms .
[2026-06-02T01:17:27.957] [DEBUG] debug-file - entry : default@MakePackInfo cost memory 0.0991058349609375
[2026-06-02T01:17:27.957] [INFO] debug-file - UP-TO-DATE :entry:default@MakePackInfo...  
[2026-06-02T01:17:27.958] [DEBUG] debug-file - Executing task :entry:default@SyscapTransform
[2026-06-02T01:17:27.958] [DEBUG] debug-file - File: 'D:\HUAWEI\lab4\AirShare\entry\src\main\syscap.json' from 'sysCapJsonPath' is not exists, just ignore.
[2026-06-02T01:17:27.958] [DEBUG] debug-file - Task 'entry:default@SyscapTransform' cost while wrapping incremental declarations: 1 ms 
[2026-06-02T01:17:27.959] [DEBUG] debug-file - entry:default@SyscapTransform is not up-to-date, since the output file 'D:\HUAWEI\lab4\AirShare\entry\build\default\intermediates\syscap\default\rpcid.sc' does not exist.
[2026-06-02T01:17:27.959] [DEBUG] debug-file - Incremental task entry:default@SyscapTransform pre-execution cost: 1 ms .
[2026-06-02T01:17:27.959] [DEBUG] debug-file - entry : default@SyscapTransform cost memory 0.139312744140625
[2026-06-02T01:17:27.959] [DEBUG] debug-file - runTaskFromQueue task cost before running: 103 ms 
[2026-06-02T01:17:27.960] [INFO] debug-file - Finished :entry:default@SyscapTransform... after 2 ms 
[2026-06-02T01:17:27.960] [DEBUG] debug-file - Executing task :entry:default@ProcessProfile
[2026-06-02T01:17:27.961] [DEBUG] debug-file - Task 'entry:default@ProcessProfile' cost while wrapping incremental declarations: 1 ms 
[2026-06-02T01:17:27.962] [DEBUG] debug-file - Incremental task entry:default@ProcessProfile pre-execution cost: 1 ms .
[2026-06-02T01:17:27.962] [DEBUG] debug-file - entry : default@ProcessProfile cost memory 0.150665283203125
[2026-06-02T01:17:27.962] [INFO] debug-file - UP-TO-DATE :entry:default@ProcessProfile...  
[2026-06-02T01:17:27.963] [DEBUG] debug-file - Executing task :entry:default@ProcessRouterMap
[2026-06-02T01:17:27.964] [DEBUG] debug-file - Incremental task entry:default@ProcessRouterMap pre-execution cost: 2 ms .
[2026-06-02T01:17:27.964] [DEBUG] debug-file - entry : default@ProcessRouterMap cost memory 0.15195465087890625
[2026-06-02T01:17:27.964] [INFO] debug-file - UP-TO-DATE :entry:default@ProcessRouterMap...  
[2026-06-02T01:17:27.965] [DEBUG] debug-file - Executing task :entry:default@ProcessShareConfig
[2026-06-02T01:17:27.967] [DEBUG] debug-file - Incremental task entry:default@ProcessShareConfig pre-execution cost: 1 ms .
[2026-06-02T01:17:27.967] [DEBUG] debug-file - entry : default@ProcessShareConfig cost memory 0.1291656494140625
[2026-06-02T01:17:27.967] [INFO] debug-file - UP-TO-DATE :entry:default@ProcessShareConfig...  
[2026-06-02T01:17:27.968] [DEBUG] debug-file - Executing task :entry:default@ProcessStartupConfig
[2026-06-02T01:17:27.968] [DEBUG] debug-file - Task 'entry:default@ProcessStartupConfig' cost while wrapping incremental declarations: 1 ms 
[2026-06-02T01:17:27.969] [DEBUG] debug-file - entry:default@ProcessStartupConfig is not up-to-date, since the output file 'D:\HUAWEI\lab4\AirShare\entry\build\default\intermediates\startup\default\startup_config.json' does not exist.
[2026-06-02T01:17:27.969] [DEBUG] debug-file - Incremental task entry:default@ProcessStartupConfig pre-execution cost: 1 ms .
[2026-06-02T01:17:27.969] [DEBUG] debug-file - entry : default@ProcessStartupConfig cost memory 0.1226959228515625
[2026-06-02T01:17:27.969] [DEBUG] debug-file - runTaskFromQueue task cost before running: 112 ms 
[2026-06-02T01:17:27.969] [INFO] debug-file - Finished :entry:default@ProcessStartupConfig... after 2 ms 
[2026-06-02T01:17:27.970] [DEBUG] debug-file - Executing task :entry:default@BuildNativeWithNinja
[2026-06-02T01:17:27.971] [DEBUG] debug-file - entry : default@BuildNativeWithNinja cost memory 0.02014923095703125
[2026-06-02T01:17:27.971] [DEBUG] debug-file - runTaskFromQueue task cost before running: 114 ms 
[2026-06-02T01:17:27.971] [INFO] debug-file - Finished :entry:default@BuildNativeWithNinja... after 1 ms 
[2026-06-02T01:17:27.972] [DEBUG] debug-file - restool module names: entry; moduleName=entry, taskName=default@ProcessResource
[2026-06-02T01:17:27.973] [DEBUG] debug-file - Executing task :entry:default@ProcessResource
[2026-06-02T01:17:27.973] [DEBUG] debug-file - Task 'entry:default@ProcessResource' cost while wrapping incremental declarations: 1 ms 
[2026-06-02T01:17:27.973] [DEBUG] debug-file - Incremental task entry:default@ProcessResource pre-execution cost: 1 ms .
[2026-06-02T01:17:27.974] [DEBUG] debug-file - entry : default@ProcessResource cost memory 0.1248016357421875
[2026-06-02T01:17:27.974] [INFO] debug-file - UP-TO-DATE :entry:default@ProcessResource...  
[2026-06-02T01:17:27.976] [DEBUG] debug-file - Executing task :entry:default@GenerateLoaderJson
[2026-06-02T01:17:27.976] [DEBUG] debug-file - Task 'entry:default@GenerateLoaderJson' cost while wrapping incremental declarations: 1 ms 
[2026-06-02T01:17:27.981] [DEBUG] debug-file - entry:default@GenerateLoaderJson is not up-to-date, since the task snapshots are different.
[2026-06-02T01:17:27.981] [DEBUG] debug-file - Incremental task entry:default@GenerateLoaderJson pre-execution cost: 3 ms .
[2026-06-02T01:17:27.983] [DEBUG] debug-file - entry : default@GenerateLoaderJson cost memory 0.5738449096679688
[2026-06-02T01:17:27.983] [DEBUG] debug-file - runTaskFromQueue task cost before running: 126 ms 
[2026-06-02T01:17:27.985] [INFO] debug-file - Finished :entry:default@GenerateLoaderJson... after 8 ms 
[2026-06-02T01:17:27.986] [DEBUG] debug-file - Executing task :entry:default@ProcessLibs
[2026-06-02T01:17:27.987] [DEBUG] debug-file - Incremental task entry:default@ProcessLibs pre-execution cost: 1 ms .
[2026-06-02T01:17:27.987] [DEBUG] debug-file - entry : default@ProcessLibs cost memory 0.10106658935546875
[2026-06-02T01:17:27.988] [INFO] debug-file - UP-TO-DATE :entry:default@ProcessLibs...  
[2026-06-02T01:17:27.989] [DEBUG] debug-file - restool module names: entry; moduleName=entry, taskName=default@CompileResource
[2026-06-02T01:17:27.989] [DEBUG] debug-file - Executing task :entry:default@CompileResource
[2026-06-02T01:17:27.994] [DEBUG] debug-file - Incremental task entry:default@CompileResource pre-execution cost: 5 ms .
[2026-06-02T01:17:27.995] [DEBUG] debug-file - entry : default@CompileResource cost memory 0.5426483154296875
[2026-06-02T01:17:27.995] [INFO] debug-file - UP-TO-DATE :entry:default@CompileResource...  
[2026-06-02T01:17:27.998] [DEBUG] debug-file - Executing task :entry:default@DoNativeStrip
[2026-06-02T01:17:27.998] [DEBUG] debug-file - Task 'entry:default@DoNativeStrip' cost while wrapping incremental declarations: 1 ms 
[2026-06-02T01:17:27.999] [DEBUG] debug-file - Incremental task entry:default@DoNativeStrip pre-execution cost: 1 ms .
[2026-06-02T01:17:27.999] [DEBUG] debug-file - entry : default@DoNativeStrip cost memory 0.07305908203125
[2026-06-02T01:17:27.999] [INFO] debug-file - UP-TO-DATE :entry:default@DoNativeStrip...  
[2026-06-02T01:17:28.000] [DEBUG] debug-file - Executing task :entry:default@CompileArkTS
[2026-06-02T01:17:28.000] [DEBUG] debug-file - obfuscationOptions: undefined
[2026-06-02T01:17:28.001] [DEBUG] debug-file - Task 'entry:default@CompileArkTS' cost while wrapping incremental declarations: 1 ms 
[2026-06-02T01:17:28.004] [DEBUG] debug-file - entry:default@CompileArkTS is not up-to-date, since the input file 'D:\HUAWEI\lab4\AirShare\entry\build\default\intermediates\loader\default' has been changed.
[2026-06-02T01:17:28.004] [DEBUG] debug-file - Incremental task entry:default@CompileArkTS pre-execution cost: 2 ms .
[2026-06-02T01:17:28.009] [DEBUG] debug-file - build config:
[2026-06-02T01:17:28.010] [DEBUG] debug-file - {
  moduleType: 'entry',
  perf: 0,
  targetName: '.default',
  packageManagerType: 'ohpm',
  localPropertiesPath: 'D:\\HUAWEI\\lab4\\AirShare\\local.properties',
  isPreview: false,
  isOhosTest: false,
  isLocalTest: false,
  buildMode: 'Debug',
  hotReloadBuild: undefined,
  watchMode: 'false',
  aceProfilePath: 'D:\\HUAWEI\\lab4\\AirShare\\entry\\build\\default\\intermediates\\res\\default\\resources\\base\\profile',
  etsLoaderPath: 'D:\\HUAWEI\\DevEco\\DevEco Studio\\sdk\\default\\openharmony\\ets\\build-tools\\ets-loader',
  modulePath: 'D:\\HUAWEI\\lab4\\AirShare\\entry',
  testFrameworkPar: {
    testMode: undefined,
    coveragePathFilter: undefined,
    coverageMode: undefined
  },
  needCoverageInsert: false,
  debugLine: false,
  projectTopDir: 'D:\\HUAWEI\\lab4\\AirShare',
  compileSdkVersion: 22,
  compatibleSdkVersion: 12,
  originCompatibleSdkVersion: '5.0.0(12)',
  compatibleSdkVersionStage: 'beta1',
  bundleName: 'c***p',
  etsLoaderVersion: '6.0.2.130',
  etsLoaderReleaseType: 'Release',
  aotCompileMode: 'type',
  apPath: 'D:\\HUAWEI\\lab4\\AirShare\\entry\\modules.ap',
  entryModuleName: 'entry',
  entryModuleVersion: '1.0.0',
  entryPackageName: 'entry',
  allModuleNameHash: '57f7d6d59fcbe9af73cc212fa1d411f82d9ab1db01b0f9a8f027e374097c4c31',
  externalApiPaths: [ 'D:\\HUAWEI\\DevEco\\DevEco Studio\\sdk\\default\\hms\\ets' ],
  compilerTypes: [],
  isCrossplatform: false,
  hvigorPluginFile: undefined,
  compilePluginPath: undefined,
  buildGeneratedProfilePath: 'D:\\HUAWEI\\lab4\\AirShare\\entry\\build\\default\\generated\\profile\\default',
  bundleType: 'app',
  arkTSVersion: undefined,
  apiVersion: 22,
  needCompleteSourcesMap: false,
  isFaMode: false,
  buildDir: 'D:\\HUAWEI\\lab4\\AirShare\\entry\\build',
  deviceTypes: [ 'phone', 'tablet', '2in1' ],
  pkgContextInfo: {
    entry: {
      packageName: 'entry',
      bundleName: '*****',
      moduleName: '',
      version: '',
      entryPath: 'src/main/',
      isSO: false,
      dependencyAlias: ''
    }
  },
  ohPackagePathMap: {},
  dependencyAliasMap: {},
  permission: {
    requestPermissions: [ [Object], [Object], [Object], [Object] ],
    definePermissions: undefined
  },
  useGetCurrentBundleName: false,
  projectArkOption: undefined,
  sourceMapDir: undefined,
  branchElimination: false,
  transformLib: undefined,
  tsImportSendable: false,
  resolveConflictMode: true,
  depName2RootPath: {},
  depName2DepInfo: {},
  rootPathSet: [ 'D:\\HUAWEI\\lab4\\AirShare' ],
  useNativeResolver: true,
  shouldEmitJs: true,
  useTscResolve: false,
  singleFileEmit: false,
  userProjectConfig: {
    autoLazyImport: false,
    allowEmptyBundleName: false,
    reExportCheckMode: 'noCheck',
    executionMode: 'memory',
    usePathPlaceholder: false,
    writeRollupCache: true,
    isExpandImportEnabled: false,
    expandImportExclude: '',
    lazyImportExclude: '',
    lazyImportInclude: '',
    ignoreCrossplatformCheck: false,
    isHarDeduplicateEnabled: false,
    skipOhModulesLint: false,
    enableStrictCheckOHModule: false,
    disableSendableCheckRules: [],
    useDeclarationFileSignature: false,
    customizedOptions: undefined,
    integratedHsp: false,
    isPreloadSoEnabled: false
  },
  executionMode: 'memory',
  arkCompileCachePath: 'D:\\HUAWEI\\lab4\\AirShare\\entry\\build\\default\\cache\\default\\default@CompileArkTS\\esmodule',
  autoLazyFilter: undefined,
  isHarDeduplicateEnabled: false,
  intermediateHarDuplicateDirPath: 'D:\\HUAWEI\\lab4\\AirShare\\entry\\build\\default\\intermediates\\har_duplicate\\default',
  autoLazyImport: false,
  allowEmptyBundleName: false,
  reExportCheckMode: 'noCheck',
  usePathPlaceholder: false,
  writeRollupCache: true,
  isExpandImportEnabled: false,
  expandImportExclude: '',
  lazyImportExclude: '',
  lazyImportInclude: '',
  ignoreCrossplatformCheck: false,
  skipOhModulesLint: false,
  enableStrictCheckOHModule: false,
  disableSendableCheckRules: [],
  useDeclarationFileSignature: false,
  customizedOptions: undefined,
  integratedHsp: false,
  isPreloadSoEnabled: false,
  strictMode: { useNormalizedOHMUrl: true, noExternalImportByPath: true },
  useNormalizedOHMUrl: true,
  caseSensitiveCheck: false,
  aceModuleJsonPath: 'D:\\HUAWEI\\lab4\\AirShare\\entry\\build\\default\\intermediates\\res\\default\\ark_module.json',
  appResource: 'D:\\HUAWEI\\lab4\\AirShare\\entry\\build\\default\\intermediates\\res\\default\\ResourceTable.txt',
  rawFileResource: 'D:\\HUAWEI\\lab4\\AirShare\\entry\\build\\default\\intermediates\\res\\default\\resources\\rawfile',
  resourceTableHash: 'cc27da0a2c4f7970ecf8c577f6f16b68d7b0a8c328e56c6ff0242c9adf2bd6c0',
  runtimeOS: 'HarmonyOS',
  sdkInfo: 'false:22:6.0.2.130:Release',
  aceModuleRoot: 'D:\\HUAWEI\\lab4\\AirShare\\entry\\src\\main\\ets',
  compileMode: 'esmodule',
  aceSuperVisualPath: 'D:\\HUAWEI\\lab4\\AirShare\\entry\\src\\main\\supervisual',
  aceBuildJson: 'D:\\HUAWEI\\lab4\\AirShare\\entry\\build\\default\\intermediates\\loader\\default\\loader.json',
  cachePath: 'D:\\HUAWEI\\lab4\\AirShare\\entry\\build\\default\\cache\\default\\default@CompileArkTS\\esmodule\\debug',
  aceModuleBuild: 'D:\\HUAWEI\\lab4\\AirShare\\entry\\build\\default\\intermediates\\loader_out\\default\\ets',
  supportChunks: true,
  declaredFilesPath: undefined,
  shouldCollectDirectImportees: false,
  isByteCodeHarOptimize: false,
  expandImportPath: undefined,
  pkgNameToPkgBriefInfo: {
    entry: {
      pkgRoot: 'D:\\HUAWEI\\lab4\\AirShare\\entry',
      originalSourceRoots: undefined,
      sourceRoots: [Array],
      pkgName: 'entry'
    }
  },
  projectModel: {
    'D:\\HUAWEI\\lab4\\AirShare\\entry\\src\\main': {
      moduleName: 'entry',
      modulePkgPath: 'D:\\HUAWEI\\lab4\\AirShare\\entry',
      belongProjectPath: 'D:\\HUAWEI\\lab4\\AirShare'
    },
    'D:\\HUAWEI\\lab4\\AirShare\\entry': {
      moduleName: 'entry',
      modulePkgPath: 'D:\\HUAWEI\\lab4\\AirShare\\entry',
      belongProjectPath: 'D:\\HUAWEI\\lab4\\AirShare'
    },
    'D:\\HUAWEI\\lab4\\AirShare': {
      moduleName: 'AirShare',
      modulePkgPath: 'D:\\HUAWEI\\lab4\\AirShare',
      belongProjectPath: 'D:\\HUAWEI\\lab4\\AirShare'
    }
  },
  pkgJsonFileHash: '001aef831413c115bbc674b1659d70caa0e432fb8e5f79e454ca852c17775c16',
  allModulePaths: [ 'D:\\HUAWEI\\lab4\\AirShare\\entry' ],
  routerMap: {},
  obfuscationOptions: undefined,
  byteCodeHarToDependencyKeys: undefined,
  compileBlockPkg: [],
  mockParams: {
    decorator: '@MockSetup',
    packageName: '@ohos/hamock',
    etsSourceRootPath: 'src/main/ets',
    mockConfigPath: undefined,
    mockConfigKey2ModuleInfo: {},
    source2ModuleIdMap: {}
  },
  copyCodeResourceEnable: true,
  copyCodeResourceExcludes: [],
  copyCodeResourceIncludes: undefined,
  uiTransformOptimization: false,
  sdkPath: 'D:/HUAWEI/DevEco/DevEco Studio/sdk',
  needPreloadSoFileSet: {},
  preloadSoFilePath: 'D:\\HUAWEI\\lab4\\AirShare\\entry\\build\\default\\intermediates\\preload\\default\\preload.json',
  useSourceHash: false,
  localModuleParamMap: {},
  otherPaths: {
    'entry/*': [
      '..\\*',
      '..\\..\\..\\build\\default\\generated\\profile\\default\\*'
    ]
  },
  collectImportersConfig: undefined
}
[2026-06-02T01:17:28.010] [DEBUG] debug-file - Compile arkts with external api path: D:\HUAWEI\DevEco\DevEco Studio\sdk\default\hms\ets
[2026-06-02T01:17:28.011] [DEBUG] debug-file - default@CompileArkTS work[8] is submitted.
[2026-06-02T01:17:28.011] [DEBUG] debug-file - default@CompileArkTS work[8] is pushed to ready queue.
[2026-06-02T01:17:28.011] [DEBUG] debug-file - A work dispatched to worker[19] failed because unable to get work from ready queue.
[2026-06-02T01:17:28.011] [DEBUG] debug-file - A work dispatched to worker[18] failed because unable to get work from ready queue.
[2026-06-02T01:17:28.011] [DEBUG] debug-file - A work dispatched to worker[17] failed because unable to get work from ready queue.
[2026-06-02T01:17:28.011] [DEBUG] debug-file - A work dispatched to worker[16] failed because unable to get work from ready queue.
[2026-06-02T01:17:28.011] [DEBUG] debug-file - A work dispatched to worker[15] failed because unable to get work from ready queue.
[2026-06-02T01:17:28.011] [DEBUG] debug-file - A work dispatched to worker[14] failed because unable to get work from ready queue.
[2026-06-02T01:17:28.011] [DEBUG] debug-file - A work dispatched to worker[13] failed because unable to get work from ready queue.
[2026-06-02T01:17:28.011] [DEBUG] debug-file - A work dispatched to worker[12] failed because unable to get work from ready queue.
[2026-06-02T01:17:28.011] [DEBUG] debug-file - A work dispatched to worker[11] failed because unable to get work from ready queue.
[2026-06-02T01:17:28.011] [DEBUG] debug-file - A work dispatched to worker[10] failed because unable to get work from ready queue.
[2026-06-02T01:17:28.011] [DEBUG] debug-file - A work dispatched to worker[9] failed because unable to get work from ready queue.
[2026-06-02T01:17:28.011] [DEBUG] debug-file - A work dispatched to worker[8] failed because unable to get work from ready queue.
[2026-06-02T01:17:28.011] [DEBUG] debug-file - A work dispatched to worker[7] failed because unable to get work from ready queue.
[2026-06-02T01:17:28.011] [DEBUG] debug-file - A work dispatched to worker[6] failed because unable to get work from ready queue.
[2026-06-02T01:17:28.011] [DEBUG] debug-file - A work dispatched to worker[5] failed because unable to get work from ready queue.
[2026-06-02T01:17:28.012] [DEBUG] debug-file - default@CompileArkTS work[8] has been dispatched to worker[4].
[2026-06-02T01:17:28.012] [DEBUG] debug-file - default@CompileArkTS work[8] is dispatched.
[2026-06-02T01:17:28.012] [DEBUG] debug-file - CopyResources startTime: 1629973977651200
[2026-06-02T01:17:28.012] [DEBUG] debug-file - default@CompileArkTS work[9] is submitted.
[2026-06-02T01:17:28.012] [DEBUG] debug-file - default@CompileArkTS work[9] is pushed to ready queue.
[2026-06-02T01:17:28.012] [DEBUG] debug-file - A work dispatched to worker[19] failed because unable to get work from ready queue.
[2026-06-02T01:17:28.012] [DEBUG] debug-file - Create  resident worker with id: 18.
[2026-06-02T01:17:28.013] [DEBUG] debug-file - default@CompileArkTS work[9] has been dispatched to worker[18].
[2026-06-02T01:17:28.013] [DEBUG] debug-file - default@CompileArkTS work[9] is dispatched.
[2026-06-02T01:17:28.013] [DEBUG] debug-file - entry : default@CompileArkTS cost memory 1.5182037353515625
[2026-06-02T01:17:28.014] [DEBUG] debug-file - Executing task :entry:default@BuildJS
[2026-06-02T01:17:28.014] [DEBUG] debug-file - Task 'entry:default@BuildJS' cost while wrapping incremental declarations: 1 ms 
[2026-06-02T01:17:28.016] [DEBUG] debug-file - entry : default@BuildJS cost memory 0.1514739990234375
[2026-06-02T01:17:28.016] [DEBUG] debug-file - runTaskFromQueue task cost before running: 159 ms 
[2026-06-02T01:17:28.016] [INFO] debug-file - Finished :entry:default@BuildJS... after 3 ms 
[2026-06-02T01:17:28.017] [DEBUG] debug-file - Executing task :entry:default@CacheNativeLibs
[2026-06-02T01:17:28.017] [DEBUG] debug-file - Task 'entry:default@CacheNativeLibs' cost while wrapping incremental declarations: 1 ms 
[2026-06-02T01:17:28.018] [DEBUG] debug-file - Incremental task entry:default@CacheNativeLibs pre-execution cost: 1 ms .
[2026-06-02T01:17:28.018] [DEBUG] debug-file - entry : default@CacheNativeLibs cost memory 0.0879058837890625
[2026-06-02T01:17:28.018] [INFO] debug-file - UP-TO-DATE :entry:default@CacheNativeLibs...  
[2026-06-02T01:17:28.480] [WARN] debug-file - [33mWARN: [33m[33mArkTS:WARN File: D:/HUAWEI/lab4/AirShare/entry/src/main/ets/pages/Index.ets:16:20
 'getContext' has been deprecated.
[39m[39m
[33mWARN: [33m[33mArkTS:WARN File: D:/HUAWEI/lab4/AirShare/entry/src/main/ets/pages/Index.ets:36:12
 'pushUrl' has been deprecated.
[39m[39m
[33mWARN: [33m[33mArkTS:WARN File: D:/HUAWEI/lab4/AirShare/entry/src/main/ets/pages/TransferPage.ets:19:25
 'getParams' has been deprecated.
[39m[39m
[33mWARN: [33m[33mArkTS:WARN File: D:/HUAWEI/lab4/AirShare/entry/src/main/ets/pages/TransferPage.ets:34:5
 Function may throw exceptions. Special handling is required.
[39m[39m
[33mWARN: [33m[33mArkTS:WARN File: D:/HUAWEI/lab4/AirShare/entry/src/main/ets/pages/TransferPage.ets:77:37
 'back' has been deprecated.
[39m[39m

[2026-06-02T01:17:28.480] [DEBUG] debug-file - Ark compile task finished.finished time is 1629974446443100
[2026-06-02T01:17:28.481] [DEBUG] debug-file - worker[4] has one work done.
[2026-06-02T01:17:28.483] [DEBUG] debug-file - default@CompileArkTS work[8] done.
[2026-06-02T01:17:28.483] [DEBUG] debug-file - A work dispatched to worker[4] failed because unable to get work from ready queue.
[2026-06-02T01:17:28.957] [DEBUG] debug-file - worker[18] has one work done.
[2026-06-02T01:17:28.957] [DEBUG] debug-file - CopyResources is end, endTime: 1629974923348900
[2026-06-02T01:17:28.957] [DEBUG] debug-file - default@CompileArkTS work[9] done.
[2026-06-02T01:17:28.958] [DEBUG] debug-file - A work dispatched to worker[18] failed because unable to get work from ready queue.
[2026-06-02T01:17:28.960] [INFO] debug-file - Finished :entry:default@CompileArkTS... after 491 ms 
[2026-06-02T01:17:28.961] [DEBUG] debug-file - Executing task :entry:default@GeneratePkgModuleJson
[2026-06-02T01:17:28.961] [DEBUG] debug-file - File: 'D:\HUAWEI\lab4\AirShare\entry\build\default\intermediates\preload\default\preload.json' from 'preloadSoJsonPath' is not exists, just ignore.
[2026-06-02T01:17:28.961] [DEBUG] debug-file - Error occurs while handling @Input 'shouldDeduplicateHar': The "data" argument must be of type string or an instance of Buffer, TypedArray, or DataView. Received undefined
[2026-06-02T01:17:28.962] [DEBUG] debug-file - Task 'entry:default@GeneratePkgModuleJson' cost while wrapping incremental declarations: 1 ms 
[2026-06-02T01:17:28.962] [DEBUG] debug-file - Incremental task entry:default@GeneratePkgModuleJson pre-execution cost: 1 ms .
[2026-06-02T01:17:28.962] [DEBUG] debug-file - entry : default@GeneratePkgModuleJson cost memory 0.10272216796875
[2026-06-02T01:17:28.962] [INFO] debug-file - UP-TO-DATE :entry:default@GeneratePkgModuleJson...  
[2026-06-02T01:17:28.963] [DEBUG] debug-file - Executing task :entry:default@ProcessCompiledResources
[2026-06-02T01:17:28.963] [DEBUG] debug-file - File: 'D:\HUAWEI\lab4\AirShare\entry\build\default\intermediates\preload\default\preload.json' from 'preloadSoJsonPath' is not exists, just ignore.
[2026-06-02T01:17:28.963] [DEBUG] debug-file - Task 'entry:default@ProcessCompiledResources' cost while wrapping incremental declarations: 1 ms 
[2026-06-02T01:17:28.963] [DEBUG] debug-file - entry : default@ProcessCompiledResources cost memory 0.05692291259765625
[2026-06-02T01:17:28.963] [DEBUG] debug-file - runTaskFromQueue task cost before running: 1 s 107 ms 
[2026-06-02T01:17:28.963] [INFO] debug-file - Finished :entry:default@ProcessCompiledResources... after 1 ms 
[2026-06-02T01:17:28.965] [DEBUG] debug-file - Executing task :entry:default@PackageHap
[2026-06-02T01:17:28.968] [DEBUG] debug-file - entry:default@PackageHap is not up-to-date, since the input file 'D:\HUAWEI\lab4\AirShare\entry\build\default\intermediates\loader_out\default\ets' has been changed.
[2026-06-02T01:17:28.968] [DEBUG] debug-file - Incremental task entry:default@PackageHap pre-execution cost: 3 ms .
[2026-06-02T01:17:28.969] [DEBUG] debug-file - Use tool [D:\HUAWEI\DevEco\DevEco Studio\sdk\default\openharmony\toolchains\lib\app_packing_tool.jar]
 [
  'java',
  '-Dfile.encoding=GBK',
  '-jar',
  'D:\\HUAWEI\\DevEco\\DevEco Studio\\sdk\\default\\openharmony\\toolchains\\lib\\app_packing_tool.jar',
  '--mode',
  'hap',
  '--force',
  'true',
  '--lib-path',
  'D:\\HUAWEI\\lab4\\AirShare\\entry\\build\\default\\intermediates\\stripped_native_libs\\default',
  '--json-path',
  'D:\\HUAWEI\\lab4\\AirShare\\entry\\build\\default\\intermediates\\package\\default\\module.json',
  '--resources-path',
  'D:\\HUAWEI\\lab4\\AirShare\\entry\\build\\default\\intermediates\\res\\default\\resources',
  '--index-path',
  'D:\\HUAWEI\\lab4\\AirShare\\entry\\build\\default\\intermediates\\res\\default\\resources.index',
  '--pack-info-path',
  'D:\\HUAWEI\\lab4\\AirShare\\entry\\build\\default\\outputs\\default\\pack.info',
  '--out-path',
  'D:\\HUAWEI\\lab4\\AirShare\\entry\\build\\default\\outputs\\default\\entry-default-unsigned.hap',
  '--ets-path',
  'D:\\HUAWEI\\lab4\\AirShare\\entry\\build\\default\\intermediates\\loader_out\\default\\ets',
  '--pkg-context-path',
  'D:\\HUAWEI\\lab4\\AirShare\\entry\\build\\default\\intermediates\\loader\\default\\pkgContextInfo.json'
]
[2026-06-02T01:17:28.994] [DEBUG] debug-file - java daemon socket received message:{"code":0,"message":"pack success"}
[2026-06-02T01:17:28.997] [DEBUG] debug-file - entry : default@PackageHap cost memory 0.6056747436523438
[2026-06-02T01:17:28.997] [DEBUG] debug-file - runTaskFromQueue task cost before running: 1 s 140 ms 
[2026-06-02T01:17:28.998] [INFO] debug-file - Finished :entry:default@PackageHap... after 33 ms 
[2026-06-02T01:17:28.999] [DEBUG] debug-file - Executing task :entry:default@PackingCheck
[2026-06-02T01:17:29.002] [DEBUG] debug-file - entry : default@PackingCheck cost memory 0.44933319091796875
[2026-06-02T01:17:29.002] [DEBUG] debug-file - runTaskFromQueue task cost before running: 1 s 145 ms 
[2026-06-02T01:17:29.002] [INFO] debug-file - Finished :entry:default@PackingCheck... after 4 ms 
[2026-06-02T01:17:29.004] [DEBUG] debug-file - Executing task :entry:default@SignHap
[2026-06-02T01:17:29.004] [WARN] debug-file - Will skip sign 'hos_hap'. No signingConfigs profile is configured in current project.
             If needed, configure the signingConfigs in D:\HUAWEI\lab4\AirShare\build-profile.json5.
[2026-06-02T01:17:29.004] [DEBUG] debug-file - entry:default@SignHap is not up-to-date, since the input file 'D:\HUAWEI\lab4\AirShare\entry\build\default\outputs\default\entry-default-unsigned.hap' has been changed.
[2026-06-02T01:17:29.005] [DEBUG] debug-file - Incremental task entry:default@SignHap pre-execution cost: 1 ms .
[2026-06-02T01:17:29.005] [DEBUG] debug-file - entry : default@SignHap cost memory 0.08642578125
[2026-06-02T01:17:29.005] [DEBUG] debug-file - runTaskFromQueue task cost before running: 1 s 148 ms 
[2026-06-02T01:17:29.005] [INFO] debug-file - Finished :entry:default@SignHap... after 2 ms 
[2026-06-02T01:17:29.006] [DEBUG] debug-file - Executing task :entry:default@CollectDebugSymbol
[2026-06-02T01:17:29.007] [DEBUG] debug-file - entry : default@CollectDebugSymbol cost memory 0.08650970458984375
[2026-06-02T01:17:29.007] [DEBUG] debug-file - runTaskFromQueue task cost before running: 1 s 150 ms 
[2026-06-02T01:17:29.007] [INFO] debug-file - Finished :entry:default@CollectDebugSymbol... after 1 ms 
[2026-06-02T01:17:29.007] [DEBUG] debug-file - Executing task :entry:assembleHap
[2026-06-02T01:17:29.007] [DEBUG] debug-file - entry : assembleHap cost memory 0.0122528076171875
[2026-06-02T01:17:29.007] [DEBUG] debug-file - runTaskFromQueue task cost before running: 1 s 151 ms 
[2026-06-02T01:17:29.007] [INFO] debug-file - Finished :entry:assembleHap... after 1 ms 
[2026-06-02T01:17:29.024] [INFO] debug-file - BUILD SUCCESSFUL in 1 s 167 ms 
[2026-06-02T01:17:29.024] [DEBUG] debug-file - Update task entry:default@PreBuild input file:D:\HUAWEI\lab4\AirShare\AppScope\app.json5 cache by regenerate.
[2026-06-02T01:17:29.025] [DEBUG] debug-file - Update task entry:default@PreBuild input file:D:\HUAWEI\lab4\AirShare\entry\src\main\module.json5 cache by regenerate.
[2026-06-02T01:17:29.025] [DEBUG] debug-file - Update task entry:default@PreBuild input file:D:\HUAWEI\lab4\AirShare\build-profile.json5 cache by regenerate.
[2026-06-02T01:17:29.025] [DEBUG] debug-file - Update task entry:default@PreBuild input file:D:\HUAWEI\lab4\AirShare\entry\build-profile.json5 cache by regenerate.
[2026-06-02T01:17:29.025] [DEBUG] debug-file - Update task entry:default@PreBuild input file:D:\HUAWEI\lab4\AirShare\entry\src\main\resources\base\profile\main_pages.json cache by regenerate.
[2026-06-02T01:17:29.025] [DEBUG] debug-file - Update task entry:default@PreBuild input file:D:\HUAWEI\lab4\AirShare\hvigor\hvigor-config.json5 cache by regenerate.
[2026-06-02T01:17:29.025] [DEBUG] debug-file - Update task entry:default@PreBuild input file:D:\HUAWEI\lab4\AirShare\entry\oh-package.json5 cache by regenerate.
[2026-06-02T01:17:29.025] [DEBUG] debug-file - Update task entry:default@PreBuild input file:D:\HUAWEI\lab4\AirShare\oh-package.json5 cache by regenerate.
[2026-06-02T01:17:29.025] [DEBUG] debug-file - Incremental task entry:default@PreBuild post-execution cost:2 ms .
[2026-06-02T01:17:29.025] [DEBUG] debug-file - Update task entry:default@CreateModuleInfo output file:D:\HUAWEI\lab4\AirShare\entry\build\default\generated\profile\default\ModuleInfo.ts cache.
[2026-06-02T01:17:29.026] [DEBUG] debug-file - Incremental task entry:default@CreateModuleInfo post-execution cost:1 ms .
[2026-06-02T01:17:29.026] [DEBUG] debug-file - There is no need to refresh cache, since the incremental task entry:default@GenerateMetadata is up-to-date.
[2026-06-02T01:17:29.026] [DEBUG] debug-file - There is no need to refresh cache, since the incremental task entry:default@MergeProfile is up-to-date.
[2026-06-02T01:17:29.026] [DEBUG] debug-file - There is no need to refresh cache, since the incremental task entry:default@CreateBuildProfile is up-to-date.
[2026-06-02T01:17:29.026] [DEBUG] debug-file - There is no need to refresh cache, since the incremental task entry:default@GeneratePkgContextInfo is up-to-date.
[2026-06-02T01:17:29.026] [DEBUG] debug-file - Update task entry:default@ProcessIntegratedHsp output file:D:\HUAWEI\lab4\AirShare\build\cache\default\integrated_hsp\integratedHspCache.json cache.
[2026-06-02T01:17:29.026] [DEBUG] debug-file - Incremental task entry:default@ProcessIntegratedHsp post-execution cost:1 ms .
[2026-06-02T01:17:29.026] [DEBUG] debug-file - There is no need to refresh cache, since the incremental task entry:default@MakePackInfo is up-to-date.
[2026-06-02T01:17:29.026] [DEBUG] debug-file - Update task entry:default@SyscapTransform input file:D:\HUAWEI\DevEco\DevEco Studio\sdk\default\openharmony\toolchains\syscap_tool.exe cache by regenerate.
[2026-06-02T01:17:29.026] [DEBUG] debug-file - Update task entry:default@SyscapTransform input file:D:\HUAWEI\DevEco\DevEco Studio\sdk\default\openharmony\ets\api\device-define cache by regenerate.
[2026-06-02T01:17:29.027] [DEBUG] debug-file - Update task entry:default@SyscapTransform output file:D:\HUAWEI\lab4\AirShare\entry\build\default\intermediates\syscap\default\rpcid.sc cache.
[2026-06-02T01:17:29.027] [DEBUG] debug-file - Incremental task entry:default@SyscapTransform post-execution cost:1 ms .
[2026-06-02T01:17:29.027] [DEBUG] debug-file - There is no need to refresh cache, since the incremental task entry:default@ProcessProfile is up-to-date.
[2026-06-02T01:17:29.027] [DEBUG] debug-file - There is no need to refresh cache, since the incremental task entry:default@ProcessRouterMap is up-to-date.
[2026-06-02T01:17:29.027] [DEBUG] debug-file - There is no need to refresh cache, since the incremental task entry:default@ProcessShareConfig is up-to-date.
[2026-06-02T01:17:29.027] [DEBUG] debug-file - Update task entry:default@ProcessStartupConfig input file:D:\HUAWEI\lab4\AirShare\entry\build\default\intermediates\loader\default\pkgContextInfo.json cache by regenerate.
[2026-06-02T01:17:29.027] [DEBUG] debug-file - Update task entry:default@ProcessStartupConfig output file:D:\HUAWEI\lab4\AirShare\entry\build\default\intermediates\startup\default\startup_config.json cache.
[2026-06-02T01:17:29.027] [DEBUG] debug-file - Incremental task entry:default@ProcessStartupConfig post-execution cost:1 ms .
[2026-06-02T01:17:29.028] [DEBUG] debug-file - There is no need to refresh cache, since the incremental task entry:default@ProcessResource is up-to-date.
[2026-06-02T01:17:29.028] [DEBUG] debug-file - Update task entry:default@GenerateLoaderJson input file:D:\HUAWEI\lab4\AirShare\entry\build\default\intermediates\loader\default\pkgContextInfo.json cache by regenerate.
[2026-06-02T01:17:29.028] [DEBUG] debug-file - Update task entry:default@GenerateLoaderJson input file:D:\HUAWEI\lab4\AirShare\entry\build\default\intermediates\router_map\default\temp-router-map.json cache by regenerate.
[2026-06-02T01:17:29.028] [DEBUG] debug-file - Update task entry:default@GenerateLoaderJson output file:D:\HUAWEI\lab4\AirShare\entry\build\default\intermediates\loader\default\loader.json cache.
[2026-06-02T01:17:29.028] [DEBUG] debug-file - Incremental task entry:default@GenerateLoaderJson post-execution cost:1 ms .
[2026-06-02T01:17:29.028] [DEBUG] debug-file - There is no need to refresh cache, since the incremental task entry:default@ProcessLibs is up-to-date.
[2026-06-02T01:17:29.029] [DEBUG] debug-file - There is no need to refresh cache, since the incremental task entry:default@CompileResource is up-to-date.
[2026-06-02T01:17:29.029] [DEBUG] debug-file - There is no need to refresh cache, since the incremental task entry:default@DoNativeStrip is up-to-date.
[2026-06-02T01:17:29.029] [DEBUG] debug-file - Update task entry:default@CompileArkTS input file:D:\HUAWEI\lab4\AirShare\entry\build\default\intermediates\loader\default cache from map.
[2026-06-02T01:17:29.029] [DEBUG] debug-file - Update task entry:default@CompileArkTS input file:D:\HUAWEI\lab4\AirShare\entry\build\default\intermediates\res\default\resources\rawfile cache by regenerate.
[2026-06-02T01:17:29.030] [DEBUG] debug-file - Update task entry:default@CompileArkTS input file:D:\HUAWEI\lab4\AirShare\entry\build\default\intermediates\res\default\ResourceTable.txt cache by regenerate.
[2026-06-02T01:17:29.030] [DEBUG] debug-file - Update task entry:default@CompileArkTS input file:D:\HUAWEI\lab4\AirShare\entry\build\default\intermediates\res\default\ark_module.json cache by regenerate.
[2026-06-02T01:17:29.030] [DEBUG] debug-file - Update task entry:default@CompileArkTS input file:D:\HUAWEI\lab4\AirShare\entry\build\default\intermediates\res\default\resources\base\profile cache by regenerate.
[2026-06-02T01:17:29.031] [DEBUG] debug-file - Update task entry:default@CompileArkTS input file:D:\HUAWEI\lab4\AirShare\entry\src\main\ets cache by regenerate.
[2026-06-02T01:17:29.031] [DEBUG] debug-file - Update task entry:default@CompileArkTS input file:D:\HUAWEI\lab4\AirShare\entry\build\default\intermediates\loader\default\pkgContextInfo.json cache by regenerate.
[2026-06-02T01:17:29.031] [DEBUG] debug-file - Update task entry:default@CompileArkTS input file:D:\HUAWEI\lab4\AirShare\entry\build\default\generated\profile\default\BuildProfile.ets cache by regenerate.
[2026-06-02T01:17:29.032] [DEBUG] debug-file - Update task entry:default@CompileArkTS output file:D:\HUAWEI\lab4\AirShare\entry\build\default\intermediates\loader_out\default\ets cache.
[2026-06-02T01:17:29.032] [DEBUG] debug-file - Incremental task entry:default@CompileArkTS post-execution cost:4 ms .
[2026-06-02T01:17:29.033] [DEBUG] debug-file - Update task entry:default@BuildJS input file:D:\HUAWEI\lab4\AirShare\entry\build\default\intermediates\loader\default cache by regenerate.
[2026-06-02T01:17:29.033] [DEBUG] debug-file - Update task entry:default@BuildJS input file:D:\HUAWEI\lab4\AirShare\entry\build\default\intermediates\res\default\resources\rawfile cache by regenerate.
[2026-06-02T01:17:29.033] [DEBUG] debug-file - Update task entry:default@BuildJS input file:D:\HUAWEI\lab4\AirShare\entry\build\default\intermediates\res\default\ResourceTable.txt cache by regenerate.
[2026-06-02T01:17:29.034] [DEBUG] debug-file - Update task entry:default@BuildJS input file:D:\HUAWEI\lab4\AirShare\entry\build\default\intermediates\res\default\ark_module.json cache by regenerate.
[2026-06-02T01:17:29.034] [DEBUG] debug-file - Update task entry:default@BuildJS input file:D:\HUAWEI\lab4\AirShare\entry\build\default\intermediates\res\default\resources\base\profile cache by regenerate.
[2026-06-02T01:17:29.034] [DEBUG] debug-file - Update task entry:default@BuildJS input file:D:\HUAWEI\lab4\AirShare\entry\build\default\intermediates\loader\default\pkgContextInfo.json cache by regenerate.
[2026-06-02T01:17:29.034] [DEBUG] debug-file - Update task entry:default@BuildJS output file:D:\HUAWEI\lab4\AirShare\entry\build\default\intermediates\loader_out\default\js cache.
[2026-06-02T01:17:29.035] [DEBUG] debug-file - Incremental task entry:default@BuildJS post-execution cost:3 ms .
[2026-06-02T01:17:29.035] [DEBUG] debug-file - There is no need to refresh cache, since the incremental task entry:default@CacheNativeLibs is up-to-date.
[2026-06-02T01:17:29.035] [DEBUG] debug-file - There is no need to refresh cache, since the incremental task entry:default@GeneratePkgModuleJson is up-to-date.
[2026-06-02T01:17:29.035] [DEBUG] debug-file - Incremental task entry:default@ProcessCompiledResources post-execution cost:1 ms .
[2026-06-02T01:17:29.035] [DEBUG] debug-file - Update task entry:default@PackageHap input file:D:\HUAWEI\lab4\AirShare\entry\build\default\intermediates\stripped_native_libs\default cache by regenerate.
[2026-06-02T01:17:29.035] [DEBUG] debug-file - Update task entry:default@PackageHap input file:D:\HUAWEI\lab4\AirShare\entry\build\default\intermediates\res\default\module.json cache by regenerate.
[2026-06-02T01:17:29.035] [DEBUG] debug-file - Update task entry:default@PackageHap input file:D:\HUAWEI\lab4\AirShare\entry\build\default\intermediates\res\default\resources cache by regenerate.
[2026-06-02T01:17:29.037] [DEBUG] debug-file - Update task entry:default@PackageHap input file:D:\HUAWEI\lab4\AirShare\entry\build\default\intermediates\res\default\resources.index cache by regenerate.
[2026-06-02T01:17:29.037] [DEBUG] debug-file - Update task entry:default@PackageHap input file:D:\HUAWEI\lab4\AirShare\entry\build\default\outputs\default\pack.info cache by regenerate.
[2026-06-02T01:17:29.037] [DEBUG] debug-file - Update task entry:default@PackageHap input file:D:\HUAWEI\lab4\AirShare\entry\build\default\intermediates\loader_out\default\ets cache from map.
[2026-06-02T01:17:29.037] [DEBUG] debug-file - Update task entry:default@PackageHap input file:D:\HUAWEI\lab4\AirShare\entry\build\default\intermediates\loader\default\pkgContextInfo.json cache by regenerate.
[2026-06-02T01:17:29.037] [DEBUG] debug-file - Update task entry:default@PackageHap input file:D:\HUAWEI\lab4\AirShare\entry\build\default\intermediates\loader_out\default\ets\sourceMaps.map cache by regenerate.
[2026-06-02T01:17:29.037] [DEBUG] debug-file - Update task entry:default@PackageHap input file:D:\HUAWEI\lab4\AirShare\entry\build\default\generated\profile\default\BuildProfile.ets cache by regenerate.
[2026-06-02T01:17:29.037] [DEBUG] debug-file - Update task entry:default@PackageHap output file:D:\HUAWEI\lab4\AirShare\entry\build\default\outputs\default\entry-default-unsigned.hap cache.
[2026-06-02T01:17:29.037] [DEBUG] debug-file - Update task entry:default@PackageHap output file:D:\HUAWEI\lab4\AirShare\entry\build\default\intermediates\source_map\default\sourceMaps.map cache.
[2026-06-02T01:17:29.037] [DEBUG] debug-file - Update task entry:default@PackageHap output file:D:\HUAWEI\lab4\AirShare\entry\build\default\outputs\default\mapping\sourceMaps.map cache.
[2026-06-02T01:17:29.038] [DEBUG] debug-file - Incremental task entry:default@PackageHap post-execution cost:3 ms .
[2026-06-02T01:17:29.038] [DEBUG] debug-file - Update task entry:default@SignHap input file:D:\HUAWEI\lab4\AirShare\entry\build\default\outputs\default\entry-default-unsigned.hap cache from map.
[2026-06-02T01:17:29.038] [DEBUG] debug-file - Update task entry:default@SignHap output file:D:\HUAWEI\lab4\AirShare\entry\build\default\outputs\default\entry-default-signed.hap cache.
[2026-06-02T01:17:29.038] [DEBUG] debug-file - Incremental task entry:default@SignHap post-execution cost:1 ms .
[2026-06-02T01:17:29.038] [DEBUG] debug-file - Update task entry:default@CollectDebugSymbol input file:D:\HUAWEI\lab4\AirShare\entry\build\default\intermediates\loader_out\default\ets\sourceMaps.map cache by regenerate.
[2026-06-02T01:17:29.038] [DEBUG] debug-file - Update task entry:default@CollectDebugSymbol input file:D:\HUAWEI\lab4\AirShare\entry\build\default\intermediates\libs\default cache by regenerate.
[2026-06-02T01:17:29.038] [DEBUG] debug-file - Update task entry:default@CollectDebugSymbol output file:D:\HUAWEI\lab4\AirShare\entry\build\default\outputs\default\symbol cache.
[2026-06-02T01:17:29.039] [DEBUG] debug-file - Incremental task entry:default@CollectDebugSymbol post-execution cost:1 ms .
[2026-06-02T01:17:29.062] [DEBUG] debug-file - Cleanup worker 18.
[2026-06-02T01:17:29.062] [DEBUG] debug-file - Worker 18 has been cleaned up.
[2026-06-02T01:17:29.062] [DEBUG] debug-file - Current idle worker size: 1.
[2026-06-02T01:17:29.062] [DEBUG] debug-file - Current resident worker size: 2.
[2026-06-02T01:17:29.063] [DEBUG] debug-file - hvigor build process will be closed.
[2026-06-02T01:17:29.063] [DEBUG] debug-file - java daemon socket close code:1000 reason:close by user
[2026-06-02T01:17:29.070] [DEBUG] debug-file - session manager: send message to worker process.
[2026-06-02T01:17:29.070] [DEBUG] debug-file - session manager: send message to worker process.
[2026-06-02T01:17:29.069] [DEBUG] debug-file - worker[18] exits with exit code 1.
[2026-06-02T01:17:29.070] [DEBUG] debug-file - watch worker: worker id should be larger than 0. Nothing will be sent to any worker thread.
[2026-06-02T01:17:29.071] [DEBUG] debug-file - watch worker: worker id should be larger than 0. Nothing will be sent to any worker thread.
[2026-06-02T01:18:52.878] [DEBUG] debug-file - session manager: set active socket. socketId=TsVj-hvPp0APs8WnAAAd
[2026-06-02T01:18:52.886] [DEBUG] debug-file - watch worker: worker id should be larger than 0. Nothing will be sent to any worker thread.
[2026-06-02T01:18:52.888] [DEBUG] debug-file - Workers' log level updated to INFO
[2026-06-02T01:18:52.890] [DEBUG] debug-file - Hvigor init with startParameters:{
  hvigorfileTypeCheck: false,
  parallelExecution: true,
  incrementalExecution: true,
  printStackTrace: false,
  daemon: true,
  analyze: 0,
  logLevel: Level { level: 20000, levelStr: 'INFO', colour: 'green' },
  optimizationStrategy: 'memory',
  hotCompile: undefined,
  hotReloadBuild: undefined,
  customizedParam: undefined
}
[2026-06-02T01:18:52.892] [DEBUG] debug-file - Cache service initialization finished in 3 ms 
[2026-06-02T01:18:52.893] [DEBUG] debug-file - hvigorfile, resolving D:\HUAWEI\lab4\AirShare\hvigorfile.ts
[2026-06-02T01:18:52.898] [DEBUG] debug-file - hvigorfile, require result:  { default: { plugins: [] } }
[2026-06-02T01:18:52.898] [DEBUG] debug-file - hvigorfile, binding system plugins null
[2026-06-02T01:18:52.898] [DEBUG] debug-file - Starting plugin build process
[2026-06-02T01:18:52.898] [DEBUG] debug-file - App plugin prepare start...
[2026-06-02T01:18:52.898] [DEBUG] debug-file - App plugin prepare end...
[2026-06-02T01:18:52.898] [DEBUG] debug-file - App plugin creating...
[2026-06-02T01:18:52.903] [DEBUG] debug-file - App plugin register hook start...
[2026-06-02T01:18:52.903] [DEBUG] debug-file - App plugin register hook end...
[2026-06-02T01:18:52.903] [DEBUG] debug-file - Plugin build process completed
[2026-06-02T01:18:52.903] [DEBUG] debug-file - Start initialize project's product build option map with build mode debug.
[2026-06-02T01:18:52.903] [DEBUG] debug-file - Picking option from product 'default' with build mode 'debug'.
[2026-06-02T01:18:52.903] [DEBUG] debug-file - Product 'default' build option initialized
[2026-06-02T01:18:52.903] [DEBUG] debug-file - End initialize project's product build option map with build mode 'debug'.
[2026-06-02T01:18:52.904] [DEBUG] debug-file - Obtain build option for product 'default'in this build.
[2026-06-02T01:18:52.905] [DEBUG] debug-file - No signingConfig found, initRemoteHspCache failed.
[2026-06-02T01:18:52.908] [DEBUG] debug-file - Start recording SDK configuration permission data.
[2026-06-02T01:18:52.933] [DEBUG] debug-file - Sdk init in 28 ms 
[2026-06-02T01:18:52.936] [DEBUG] debug-file - Project task initialization takes 3 ms 
[2026-06-02T01:18:52.936] [DEBUG] debug-file - hvigorfile, binding custom plugins []
[2026-06-02T01:18:52.936] [DEBUG] debug-file - hvigorfile, no custom plugins were found in D:\HUAWEI\lab4\AirShare\hvigorfile.ts
[2026-06-02T01:18:52.936] [DEBUG] debug-file - hvigorfile, resolve finished D:\HUAWEI\lab4\AirShare\hvigorfile.ts
[2026-06-02T01:18:52.937] [DEBUG] debug-file - hvigorfile, resolving D:\HUAWEI\lab4\AirShare\entry\hvigorfile.ts
[2026-06-02T01:18:52.940] [DEBUG] debug-file - hvigorfile, require result:  { default: { plugins: [] } }
[2026-06-02T01:18:52.940] [DEBUG] debug-file - hvigorfile, binding system plugins null
[2026-06-02T01:18:52.940] [DEBUG] debug-file - Starting plugin build process
[2026-06-02T01:18:52.940] [DEBUG] debug-file - Hap plugin creating...
[2026-06-02T01:18:52.941] [DEBUG] debug-file - failed to load cangjie to dynamically generate schemas: Error: Cannot find module '@ohos/cangjie-build-support/index'
Require stack:
- D:\HUAWEI\DevEco\DevEco Studio\tools\hvigor\hvigor-ohos-plugin\src\plugin\hooks\cangjie-register.js
- D:\HUAWEI\DevEco\DevEco Studio\tools\hvigor\hvigor-ohos-plugin\src\plugin\strategy\stage-init-strategy.js
- D:\HUAWEI\DevEco\DevEco Studio\tools\hvigor\hvigor-ohos-plugin\src\plugin\builder\abstract-plugin-builder.js
- D:\HUAWEI\DevEco\DevEco Studio\tools\hvigor\hvigor-ohos-plugin\src\plugin\builder\app-plugin-builder.js
- D:\HUAWEI\DevEco\DevEco Studio\tools\hvigor\hvigor-ohos-plugin\src\plugin\factory\plugin-factory.js
- D:\HUAWEI\DevEco\DevEco Studio\tools\hvigor\hvigor-ohos-plugin\index.js
- D:\HUAWEI\lab4\AirShare\hvigorfile.ts
- D:\HUAWEI\DevEco\DevEco Studio\tools\hvigor\hvigor\src\base\internal\lifecycle\configuration.js
- D:\HUAWEI\DevEco\DevEco Studio\tools\hvigor\hvigor\src\base\boot\index.js
- D:\HUAWEI\DevEco\DevEco Studio\tools\hvigor\hvigor\src\base\daemon\cluster\worker-process-lifecycle.js
- D:\HUAWEI\DevEco\DevEco Studio\tools\hvigor\hvigor\src\base\daemon\process\daemon-process-boot-script.js
[2026-06-02T01:18:52.943] [DEBUG] debug-file - Start initialize module-target build option map, moduleName=entry, buildMode=debug
[2026-06-02T01:18:52.943] [DEBUG] debug-file - Target 'default' config initialized
[2026-06-02T01:18:52.943] [DEBUG] debug-file - Module 'entry' target 'default' build option initialized
[2026-06-02T01:18:52.943] [DEBUG] debug-file - End initialize module-target build option map, moduleName=entry
[2026-06-02T01:18:52.943] [DEBUG] debug-file - Start initialize module-target build option map, moduleName=entry, buildMode=release
[2026-06-02T01:18:52.943] [DEBUG] debug-file - Target 'default' config initialized
[2026-06-02T01:18:52.944] [DEBUG] debug-file - Module 'entry' target 'default' build option initialized
[2026-06-02T01:18:52.944] [DEBUG] debug-file - End initialize module-target build option map, moduleName=entry
[2026-06-02T01:18:52.944] [DEBUG] debug-file - Start initialize module-target build option map, moduleName=entry, buildMode=debug
[2026-06-02T01:18:52.944] [DEBUG] debug-file - Target 'default' config initialized
[2026-06-02T01:18:52.944] [DEBUG] debug-file - Module 'entry' target 'default' build option initialized
[2026-06-02T01:18:52.944] [DEBUG] debug-file - End initialize module-target build option map, moduleName=entry
[2026-06-02T01:18:52.944] [DEBUG] debug-file - Obtain build option for module 'entry' target 'default'in this build.
[2026-06-02T01:18:52.945] [DEBUG] debug-file - Module entry task initialization takes 1 ms 
[2026-06-02T01:18:52.945] [DEBUG] debug-file - Hap plugin register hook start...
[2026-06-02T01:18:52.945] [DEBUG] debug-file - Hap plugin register hook end...
[2026-06-02T01:18:52.945] [DEBUG] debug-file - Plugin build process completed
[2026-06-02T01:18:52.945] [DEBUG] debug-file - hvigorfile, binding custom plugins []
[2026-06-02T01:18:52.945] [DEBUG] debug-file - hvigorfile, no custom plugins were found in D:\HUAWEI\lab4\AirShare\entry\hvigorfile.ts
[2026-06-02T01:18:52.945] [DEBUG] debug-file - hvigorfile, resolve finished D:\HUAWEI\lab4\AirShare\entry\hvigorfile.ts
[2026-06-02T01:18:52.960] [DEBUG] debug-file - hvigorfile, resolve hvigorfile dependencies in 15 ms 
[2026-06-02T01:18:52.960] [DEBUG] debug-file - project has submodules:entry
[2026-06-02T01:18:52.961] [DEBUG] debug-file - start to load updatedOhPackageInfo to the disk
[2026-06-02T01:18:52.966] [DEBUG] debug-file - load to the disk finished
[2026-06-02T01:18:52.967] [DEBUG] debug-file - Start to initialize dependency information.
[2026-06-02T01:18:52.968] [DEBUG] debug-file - Module AirShare Collected Dependency: 
[2026-06-02T01:18:52.968] [DEBUG] debug-file - Module AirShare's total dependency: 0
[2026-06-02T01:18:52.968] [DEBUG] debug-file - Start to initialize dependency information.
[2026-06-02T01:18:52.969] [DEBUG] debug-file - Module entry Collected Dependency: 
[2026-06-02T01:18:52.969] [DEBUG] debug-file - Module entry's total dependency: 0
[2026-06-02T01:18:52.971] [DEBUG] debug-file - Configuration phase cost:79 ms 
[2026-06-02T01:18:52.972] [DEBUG] debug-file - Configuration task cost before running: 84 ms 
[2026-06-02T01:18:52.975] [DEBUG] debug-file - Executing task :entry:default@PreBuild
[2026-06-02T01:18:52.976] [DEBUG] debug-file - Task 'entry:default@PreBuild' cost while wrapping incremental declarations: 1 ms 
[2026-06-02T01:18:52.982] [DEBUG] debug-file - entry:default@PreBuild is not up-to-date, since the task snapshots are different.
[2026-06-02T01:18:52.982] [DEBUG] debug-file - Incremental task entry:default@PreBuild pre-execution cost: 4 ms .
[2026-06-02T01:18:52.987] [DEBUG] debug-file - current product is not Atomic service.
[2026-06-02T01:18:52.987] [DEBUG] debug-file - Use tool [win32: JAVA_HOME, CLASSPATH]
 [
  { JAVA_HOME: 'D:\\HUAWEI\\DevEco\\DevEco Studio\\jbr' },
  { CLASSPATH: undefined }
]
[2026-06-02T01:18:52.987] [DEBUG] debug-file - Use tool [win32: NODE_HOME]
 [ { NODE_HOME: 'D:\\HUAWEI\\DevEco\\DevEco Studio\\tools\\node' } ]
[2026-06-02T01:18:52.987] [DEBUG] debug-file - entry : default@PreBuild cost memory -1.0207061767578125
[2026-06-02T01:18:52.987] [DEBUG] debug-file - runTaskFromQueue task cost before running: 100 ms 
[2026-06-02T01:18:52.989] [INFO] debug-file - Finished :entry:default@PreBuild... after 13 ms 
[2026-06-02T01:18:52.989] [DEBUG] debug-file - Executing task :entry:default@CreateModuleInfo
[2026-06-02T01:18:52.990] [DEBUG] debug-file - Task 'entry:default@CreateModuleInfo' cost while wrapping incremental declarations: 1 ms 
[2026-06-02T01:18:52.990] [DEBUG] debug-file - entry : default@CreateModuleInfo cost memory 0.0396728515625
[2026-06-02T01:18:52.990] [DEBUG] debug-file - runTaskFromQueue task cost before running: 103 ms 
[2026-06-02T01:18:52.990] [INFO] debug-file - Finished :entry:default@CreateModuleInfo... after 1 ms 
[2026-06-02T01:18:52.991] [DEBUG] debug-file - Executing task :entry:default@GenerateMetadata
[2026-06-02T01:18:52.991] [DEBUG] debug-file - Task 'entry:default@GenerateMetadata' cost while wrapping incremental declarations: 1 ms 
[2026-06-02T01:18:52.992] [DEBUG] debug-file - Incremental task entry:default@GenerateMetadata pre-execution cost: 1 ms .
[2026-06-02T01:18:52.992] [DEBUG] debug-file - entry : default@GenerateMetadata cost memory 0.07989501953125
[2026-06-02T01:18:52.992] [INFO] debug-file - UP-TO-DATE :entry:default@GenerateMetadata...  
[2026-06-02T01:18:52.993] [DEBUG] debug-file - Executing task :entry:default@ConfigureCmake
[2026-06-02T01:18:52.993] [DEBUG] debug-file - entry : default@ConfigureCmake cost memory 0.014007568359375
[2026-06-02T01:18:52.993] [DEBUG] debug-file - runTaskFromQueue task cost before running: 106 ms 
[2026-06-02T01:18:52.993] [INFO] debug-file - Finished :entry:default@ConfigureCmake... after 1 ms 
[2026-06-02T01:18:52.994] [DEBUG] debug-file - Executing task :entry:default@MergeProfile
[2026-06-02T01:18:52.994] [DEBUG] debug-file - Task 'entry:default@MergeProfile' cost while wrapping incremental declarations: 1 ms 
[2026-06-02T01:18:52.995] [DEBUG] debug-file - Incremental task entry:default@MergeProfile pre-execution cost: 1 ms .
[2026-06-02T01:18:52.995] [DEBUG] debug-file - entry : default@MergeProfile cost memory 0.12322998046875
[2026-06-02T01:18:52.996] [INFO] debug-file - UP-TO-DATE :entry:default@MergeProfile...  
[2026-06-02T01:18:52.996] [DEBUG] debug-file - Executing task :entry:default@CreateBuildProfile
[2026-06-02T01:18:52.997] [DEBUG] debug-file - Task 'entry:default@CreateBuildProfile' cost while wrapping incremental declarations: 1 ms 
[2026-06-02T01:18:52.998] [DEBUG] debug-file - Incremental task entry:default@CreateBuildProfile pre-execution cost: 1 ms .
[2026-06-02T01:18:52.998] [DEBUG] debug-file - entry : default@CreateBuildProfile cost memory 0.08550262451171875
[2026-06-02T01:18:52.998] [INFO] debug-file - UP-TO-DATE :entry:default@CreateBuildProfile...  
[2026-06-02T01:18:52.999] [DEBUG] debug-file - Executing task :entry:default@PreCheckSyscap
[2026-06-02T01:18:52.999] [DEBUG] debug-file - entry : default@PreCheckSyscap cost memory 0.01422882080078125
[2026-06-02T01:18:52.999] [DEBUG] debug-file - runTaskFromQueue task cost before running: 112 ms 
[2026-06-02T01:18:52.999] [INFO] debug-file - Finished :entry:default@PreCheckSyscap... after 1 ms 
[2026-06-02T01:18:53.000] [DEBUG] debug-file - Executing task :entry:default@GeneratePkgContextInfo
[2026-06-02T01:18:53.003] [DEBUG] debug-file - Task 'entry:default@GeneratePkgContextInfo' cost while wrapping incremental declarations: 1 ms 
[2026-06-02T01:18:53.003] [DEBUG] debug-file - Incremental task entry:default@GeneratePkgContextInfo pre-execution cost: 1 ms .
[2026-06-02T01:18:53.003] [DEBUG] debug-file - entry : default@GeneratePkgContextInfo cost memory 0.24457550048828125
[2026-06-02T01:18:53.003] [INFO] debug-file - UP-TO-DATE :entry:default@GeneratePkgContextInfo...  
[2026-06-02T01:18:53.006] [DEBUG] debug-file - Executing task :entry:default@ProcessIntegratedHsp
[2026-06-02T01:18:53.007] [DEBUG] debug-file - entry:default@ProcessIntegratedHsp is not up-to-date, since the output file 'D:\HUAWEI\lab4\AirShare\build\cache\default\integrated_hsp\integratedHspCache.json' does not exist.
[2026-06-02T01:18:53.007] [DEBUG] debug-file - Incremental task entry:default@ProcessIntegratedHsp pre-execution cost: 1 ms .
[2026-06-02T01:18:53.007] [DEBUG] debug-file - entry : default@ProcessIntegratedHsp cost memory 0.05419921875
[2026-06-02T01:18:53.007] [DEBUG] debug-file - runTaskFromQueue task cost before running: 120 ms 
[2026-06-02T01:18:53.007] [INFO] debug-file - Finished :entry:default@ProcessIntegratedHsp... after 1 ms 
[2026-06-02T01:18:53.008] [DEBUG] debug-file - Executing task :entry:default@BuildNativeWithCmake
[2026-06-02T01:18:53.008] [DEBUG] debug-file - entry : default@BuildNativeWithCmake cost memory 0.014007568359375
[2026-06-02T01:18:53.008] [DEBUG] debug-file - runTaskFromQueue task cost before running: 121 ms 
[2026-06-02T01:18:53.008] [INFO] debug-file - Finished :entry:default@BuildNativeWithCmake... after 1 ms 
[2026-06-02T01:18:53.009] [DEBUG] debug-file - Executing task :entry:default@MakePackInfo
[2026-06-02T01:18:53.010] [DEBUG] debug-file - Incremental task entry:default@MakePackInfo pre-execution cost: 1 ms .
[2026-06-02T01:18:53.010] [DEBUG] debug-file - entry : default@MakePackInfo cost memory 0.0989227294921875
[2026-06-02T01:18:53.011] [INFO] debug-file - UP-TO-DATE :entry:default@MakePackInfo...  
[2026-06-02T01:18:53.011] [DEBUG] debug-file - Executing task :entry:default@SyscapTransform
[2026-06-02T01:18:53.012] [DEBUG] debug-file - File: 'D:\HUAWEI\lab4\AirShare\entry\src\main\syscap.json' from 'sysCapJsonPath' is not exists, just ignore.
[2026-06-02T01:18:53.012] [DEBUG] debug-file - Task 'entry:default@SyscapTransform' cost while wrapping incremental declarations: 1 ms 
[2026-06-02T01:18:53.013] [DEBUG] debug-file - entry:default@SyscapTransform is not up-to-date, since the output file 'D:\HUAWEI\lab4\AirShare\entry\build\default\intermediates\syscap\default\rpcid.sc' does not exist.
[2026-06-02T01:18:53.013] [DEBUG] debug-file - Incremental task entry:default@SyscapTransform pre-execution cost: 1 ms .
[2026-06-02T01:18:53.013] [DEBUG] debug-file - entry : default@SyscapTransform cost memory 0.13333892822265625
[2026-06-02T01:18:53.013] [DEBUG] debug-file - runTaskFromQueue task cost before running: 126 ms 
[2026-06-02T01:18:53.013] [INFO] debug-file - Finished :entry:default@SyscapTransform... after 2 ms 
[2026-06-02T01:18:53.015] [DEBUG] debug-file - Executing task :entry:default@ProcessProfile
[2026-06-02T01:18:53.015] [DEBUG] debug-file - Task 'entry:default@ProcessProfile' cost while wrapping incremental declarations: 1 ms 
[2026-06-02T01:18:53.016] [DEBUG] debug-file - Incremental task entry:default@ProcessProfile pre-execution cost: 1 ms .
[2026-06-02T01:18:53.016] [DEBUG] debug-file - entry : default@ProcessProfile cost memory 0.14015960693359375
[2026-06-02T01:18:53.016] [INFO] debug-file - UP-TO-DATE :entry:default@ProcessProfile...  
[2026-06-02T01:18:53.017] [DEBUG] debug-file - Executing task :entry:default@ProcessRouterMap
[2026-06-02T01:18:53.019] [DEBUG] debug-file - Incremental task entry:default@ProcessRouterMap pre-execution cost: 2 ms .
[2026-06-02T01:18:53.019] [DEBUG] debug-file - entry : default@ProcessRouterMap cost memory 0.1518707275390625
[2026-06-02T01:18:53.020] [INFO] debug-file - UP-TO-DATE :entry:default@ProcessRouterMap...  
[2026-06-02T01:18:53.021] [DEBUG] debug-file - Executing task :entry:default@ProcessShareConfig
[2026-06-02T01:18:53.023] [DEBUG] debug-file - Incremental task entry:default@ProcessShareConfig pre-execution cost: 1 ms .
[2026-06-02T01:18:53.023] [DEBUG] debug-file - entry : default@ProcessShareConfig cost memory 0.126312255859375
[2026-06-02T01:18:53.024] [INFO] debug-file - UP-TO-DATE :entry:default@ProcessShareConfig...  
[2026-06-02T01:18:53.025] [DEBUG] debug-file - Executing task :entry:default@ProcessStartupConfig
[2026-06-02T01:18:53.025] [DEBUG] debug-file - Task 'entry:default@ProcessStartupConfig' cost while wrapping incremental declarations: 1 ms 
[2026-06-02T01:18:53.026] [DEBUG] debug-file - entry:default@ProcessStartupConfig is not up-to-date, since the output file 'D:\HUAWEI\lab4\AirShare\entry\build\default\intermediates\startup\default\startup_config.json' does not exist.
[2026-06-02T01:18:53.026] [DEBUG] debug-file - Incremental task entry:default@ProcessStartupConfig pre-execution cost: 1 ms .
[2026-06-02T01:18:53.026] [DEBUG] debug-file - entry : default@ProcessStartupConfig cost memory 0.122772216796875
[2026-06-02T01:18:53.026] [DEBUG] debug-file - runTaskFromQueue task cost before running: 139 ms 
[2026-06-02T01:18:53.027] [INFO] debug-file - Finished :entry:default@ProcessStartupConfig... after 2 ms 
[2026-06-02T01:18:53.028] [DEBUG] debug-file - Executing task :entry:default@BuildNativeWithNinja
[2026-06-02T01:18:53.028] [DEBUG] debug-file - entry : default@BuildNativeWithNinja cost memory 0.02010345458984375
[2026-06-02T01:18:53.029] [DEBUG] debug-file - runTaskFromQueue task cost before running: 141 ms 
[2026-06-02T01:18:53.029] [INFO] debug-file - Finished :entry:default@BuildNativeWithNinja... after 1 ms 
[2026-06-02T01:18:53.030] [DEBUG] debug-file - restool module names: entry; moduleName=entry, taskName=default@ProcessResource
[2026-06-02T01:18:53.031] [DEBUG] debug-file - Executing task :entry:default@ProcessResource
[2026-06-02T01:18:53.031] [DEBUG] debug-file - Task 'entry:default@ProcessResource' cost while wrapping incremental declarations: 1 ms 
[2026-06-02T01:18:53.031] [DEBUG] debug-file - Incremental task entry:default@ProcessResource pre-execution cost: 1 ms .
[2026-06-02T01:18:53.031] [DEBUG] debug-file - entry : default@ProcessResource cost memory 0.12271881103515625
[2026-06-02T01:18:53.032] [INFO] debug-file - UP-TO-DATE :entry:default@ProcessResource...  
[2026-06-02T01:18:53.033] [DEBUG] debug-file - Executing task :entry:default@GenerateLoaderJson
[2026-06-02T01:18:53.034] [DEBUG] debug-file - Task 'entry:default@GenerateLoaderJson' cost while wrapping incremental declarations: 1 ms 
[2026-06-02T01:18:53.039] [DEBUG] debug-file - Incremental task entry:default@GenerateLoaderJson pre-execution cost: 3 ms .
[2026-06-02T01:18:53.039] [DEBUG] debug-file - entry : default@GenerateLoaderJson cost memory 0.46184539794921875
[2026-06-02T01:18:53.041] [INFO] debug-file - UP-TO-DATE :entry:default@GenerateLoaderJson...  
[2026-06-02T01:18:53.041] [DEBUG] debug-file - Executing task :entry:default@ProcessLibs
[2026-06-02T01:18:53.043] [DEBUG] debug-file - Incremental task entry:default@ProcessLibs pre-execution cost: 1 ms .
[2026-06-02T01:18:53.043] [DEBUG] debug-file - entry : default@ProcessLibs cost memory 0.09580230712890625
[2026-06-02T01:18:53.043] [INFO] debug-file - UP-TO-DATE :entry:default@ProcessLibs...  
[2026-06-02T01:18:53.044] [DEBUG] debug-file - restool module names: entry; moduleName=entry, taskName=default@CompileResource
[2026-06-02T01:18:53.044] [DEBUG] debug-file - Executing task :entry:default@CompileResource
[2026-06-02T01:18:53.051] [DEBUG] debug-file - Incremental task entry:default@CompileResource pre-execution cost: 6 ms .
[2026-06-02T01:18:53.051] [DEBUG] debug-file - entry : default@CompileResource cost memory -1.1262588500976562
[2026-06-02T01:18:53.052] [INFO] debug-file - UP-TO-DATE :entry:default@CompileResource...  
[2026-06-02T01:18:53.053] [DEBUG] debug-file - Executing task :entry:default@DoNativeStrip
[2026-06-02T01:18:53.053] [DEBUG] debug-file - Task 'entry:default@DoNativeStrip' cost while wrapping incremental declarations: 1 ms 
[2026-06-02T01:18:53.054] [DEBUG] debug-file - Incremental task entry:default@DoNativeStrip pre-execution cost: 1 ms .
[2026-06-02T01:18:53.054] [DEBUG] debug-file - entry : default@DoNativeStrip cost memory 0.0729217529296875
[2026-06-02T01:18:53.054] [INFO] debug-file - UP-TO-DATE :entry:default@DoNativeStrip...  
[2026-06-02T01:18:53.055] [DEBUG] debug-file - Executing task :entry:default@CompileArkTS
[2026-06-02T01:18:53.056] [DEBUG] debug-file - obfuscationOptions: undefined
[2026-06-02T01:18:53.056] [DEBUG] debug-file - Task 'entry:default@CompileArkTS' cost while wrapping incremental declarations: 1 ms 
[2026-06-02T01:18:53.062] [DEBUG] debug-file - Incremental task entry:default@CompileArkTS pre-execution cost: 5 ms .
[2026-06-02T01:18:53.062] [DEBUG] debug-file - entry : default@CompileArkTS cost memory 0.5316162109375
[2026-06-02T01:18:53.063] [INFO] debug-file - UP-TO-DATE :entry:default@CompileArkTS...  
[2026-06-02T01:18:53.064] [DEBUG] debug-file - Executing task :entry:default@BuildJS
[2026-06-02T01:18:53.064] [DEBUG] debug-file - Task 'entry:default@BuildJS' cost while wrapping incremental declarations: 1 ms 
[2026-06-02T01:18:53.066] [DEBUG] debug-file - entry : default@BuildJS cost memory 0.1485595703125
[2026-06-02T01:18:53.066] [DEBUG] debug-file - runTaskFromQueue task cost before running: 179 ms 
[2026-06-02T01:18:53.066] [INFO] debug-file - Finished :entry:default@BuildJS... after 2 ms 
[2026-06-02T01:18:53.067] [DEBUG] debug-file - Executing task :entry:default@CacheNativeLibs
[2026-06-02T01:18:53.067] [DEBUG] debug-file - Task 'entry:default@CacheNativeLibs' cost while wrapping incremental declarations: 1 ms 
[2026-06-02T01:18:53.068] [DEBUG] debug-file - Incremental task entry:default@CacheNativeLibs pre-execution cost: 1 ms .
[2026-06-02T01:18:53.068] [DEBUG] debug-file - entry : default@CacheNativeLibs cost memory 0.0857391357421875
[2026-06-02T01:18:53.068] [INFO] debug-file - UP-TO-DATE :entry:default@CacheNativeLibs...  
[2026-06-02T01:18:53.069] [DEBUG] debug-file - Executing task :entry:default@GeneratePkgModuleJson
[2026-06-02T01:18:53.069] [DEBUG] debug-file - File: 'D:\HUAWEI\lab4\AirShare\entry\build\default\intermediates\preload\default\preload.json' from 'preloadSoJsonPath' is not exists, just ignore.
[2026-06-02T01:18:53.070] [DEBUG] debug-file - Error occurs while handling @Input 'shouldDeduplicateHar': The "data" argument must be of type string or an instance of Buffer, TypedArray, or DataView. Received undefined
[2026-06-02T01:18:53.070] [DEBUG] debug-file - Task 'entry:default@GeneratePkgModuleJson' cost while wrapping incremental declarations: 1 ms 
[2026-06-02T01:18:53.070] [DEBUG] debug-file - Incremental task entry:default@GeneratePkgModuleJson pre-execution cost: 1 ms .
[2026-06-02T01:18:53.070] [DEBUG] debug-file - entry : default@GeneratePkgModuleJson cost memory 0.1038818359375
[2026-06-02T01:18:53.070] [INFO] debug-file - UP-TO-DATE :entry:default@GeneratePkgModuleJson...  
[2026-06-02T01:18:53.071] [DEBUG] debug-file - Executing task :entry:default@ProcessCompiledResources
[2026-06-02T01:18:53.071] [DEBUG] debug-file - File: 'D:\HUAWEI\lab4\AirShare\entry\build\default\intermediates\preload\default\preload.json' from 'preloadSoJsonPath' is not exists, just ignore.
[2026-06-02T01:18:53.071] [DEBUG] debug-file - Task 'entry:default@ProcessCompiledResources' cost while wrapping incremental declarations: 1 ms 
[2026-06-02T01:18:53.072] [DEBUG] debug-file - entry : default@ProcessCompiledResources cost memory 0.0561981201171875
[2026-06-02T01:18:53.072] [DEBUG] debug-file - runTaskFromQueue task cost before running: 184 ms 
[2026-06-02T01:18:53.072] [INFO] debug-file - Finished :entry:default@ProcessCompiledResources... after 1 ms 
[2026-06-02T01:18:53.073] [DEBUG] debug-file - Executing task :entry:default@PackageHap
[2026-06-02T01:18:53.077] [DEBUG] debug-file - Incremental task entry:default@PackageHap pre-execution cost: 4 ms .
[2026-06-02T01:18:53.077] [DEBUG] debug-file - entry : default@PackageHap cost memory 0.41159820556640625
[2026-06-02T01:18:53.078] [INFO] debug-file - UP-TO-DATE :entry:default@PackageHap...  
[2026-06-02T01:18:53.079] [DEBUG] debug-file - Executing task :entry:default@PackingCheck
[2026-06-02T01:18:53.082] [DEBUG] debug-file - entry : default@PackingCheck cost memory 0.442718505859375
[2026-06-02T01:18:53.082] [DEBUG] debug-file - runTaskFromQueue task cost before running: 194 ms 
[2026-06-02T01:18:53.082] [INFO] debug-file - Finished :entry:default@PackingCheck... after 4 ms 
[2026-06-02T01:18:53.083] [DEBUG] debug-file - Executing task :entry:default@SignHap
[2026-06-02T01:18:53.083] [WARN] debug-file - Will skip sign 'hos_hap'. No signingConfigs profile is configured in current project.
             If needed, configure the signingConfigs in D:\HUAWEI\lab4\AirShare\build-profile.json5.
[2026-06-02T01:18:53.083] [DEBUG] debug-file - entry:default@SignHap is not up-to-date, since the output file 'D:\HUAWEI\lab4\AirShare\entry\build\default\outputs\default\entry-default-signed.hap' does not exist.
[2026-06-02T01:18:53.084] [DEBUG] debug-file - Incremental task entry:default@SignHap pre-execution cost: 1 ms .
[2026-06-02T01:18:53.084] [DEBUG] debug-file - entry : default@SignHap cost memory 0.08643341064453125
[2026-06-02T01:18:53.084] [DEBUG] debug-file - runTaskFromQueue task cost before running: 196 ms 
[2026-06-02T01:18:53.084] [INFO] debug-file - Finished :entry:default@SignHap... after 2 ms 
[2026-06-02T01:18:53.085] [DEBUG] debug-file - Executing task :entry:default@CollectDebugSymbol
[2026-06-02T01:18:53.086] [DEBUG] debug-file - entry : default@CollectDebugSymbol cost memory -1.4899520874023438
[2026-06-02T01:18:53.087] [DEBUG] debug-file - runTaskFromQueue task cost before running: 199 ms 
[2026-06-02T01:18:53.087] [INFO] debug-file - Finished :entry:default@CollectDebugSymbol... after 2 ms 
[2026-06-02T01:18:53.087] [DEBUG] debug-file - Executing task :entry:assembleHap
[2026-06-02T01:18:53.087] [DEBUG] debug-file - entry : assembleHap cost memory 0.01220703125
[2026-06-02T01:18:53.087] [DEBUG] debug-file - runTaskFromQueue task cost before running: 200 ms 
[2026-06-02T01:18:53.087] [INFO] debug-file - Finished :entry:assembleHap... after 1 ms 
[2026-06-02T01:18:53.105] [INFO] debug-file - BUILD SUCCESSFUL in 217 ms 
[2026-06-02T01:18:53.106] [DEBUG] debug-file - Update task entry:default@PreBuild input file:D:\HUAWEI\lab4\AirShare\AppScope\app.json5 cache by regenerate.
[2026-06-02T01:18:53.107] [DEBUG] debug-file - Update task entry:default@PreBuild input file:D:\HUAWEI\lab4\AirShare\entry\src\main\module.json5 cache by regenerate.
[2026-06-02T01:18:53.107] [DEBUG] debug-file - Update task entry:default@PreBuild input file:D:\HUAWEI\lab4\AirShare\build-profile.json5 cache by regenerate.
[2026-06-02T01:18:53.107] [DEBUG] debug-file - Update task entry:default@PreBuild input file:D:\HUAWEI\lab4\AirShare\entry\build-profile.json5 cache by regenerate.
[2026-06-02T01:18:53.108] [DEBUG] debug-file - Update task entry:default@PreBuild input file:D:\HUAWEI\lab4\AirShare\entry\src\main\resources\base\profile\main_pages.json cache by regenerate.
[2026-06-02T01:18:53.108] [DEBUG] debug-file - Update task entry:default@PreBuild input file:D:\HUAWEI\lab4\AirShare\hvigor\hvigor-config.json5 cache by regenerate.
[2026-06-02T01:18:53.108] [DEBUG] debug-file - Update task entry:default@PreBuild input file:D:\HUAWEI\lab4\AirShare\entry\oh-package.json5 cache by regenerate.
[2026-06-02T01:18:53.108] [DEBUG] debug-file - Update task entry:default@PreBuild input file:D:\HUAWEI\lab4\AirShare\oh-package.json5 cache by regenerate.
[2026-06-02T01:18:53.109] [DEBUG] debug-file - Incremental task entry:default@PreBuild post-execution cost:4 ms .
[2026-06-02T01:18:53.109] [DEBUG] debug-file - Update task entry:default@CreateModuleInfo output file:D:\HUAWEI\lab4\AirShare\entry\build\default\generated\profile\default\ModuleInfo.ts cache.
[2026-06-02T01:18:53.109] [DEBUG] debug-file - Incremental task entry:default@CreateModuleInfo post-execution cost:1 ms .
[2026-06-02T01:18:53.109] [DEBUG] debug-file - There is no need to refresh cache, since the incremental task entry:default@GenerateMetadata is up-to-date.
[2026-06-02T01:18:53.109] [DEBUG] debug-file - There is no need to refresh cache, since the incremental task entry:default@MergeProfile is up-to-date.
[2026-06-02T01:18:53.109] [DEBUG] debug-file - There is no need to refresh cache, since the incremental task entry:default@CreateBuildProfile is up-to-date.
[2026-06-02T01:18:53.110] [DEBUG] debug-file - There is no need to refresh cache, since the incremental task entry:default@GeneratePkgContextInfo is up-to-date.
[2026-06-02T01:18:53.110] [DEBUG] debug-file - Update task entry:default@ProcessIntegratedHsp output file:D:\HUAWEI\lab4\AirShare\build\cache\default\integrated_hsp\integratedHspCache.json cache.
[2026-06-02T01:18:53.110] [DEBUG] debug-file - Incremental task entry:default@ProcessIntegratedHsp post-execution cost:1 ms .
[2026-06-02T01:18:53.110] [DEBUG] debug-file - There is no need to refresh cache, since the incremental task entry:default@MakePackInfo is up-to-date.
[2026-06-02T01:18:53.110] [DEBUG] debug-file - Update task entry:default@SyscapTransform input file:D:\HUAWEI\DevEco\DevEco Studio\sdk\default\openharmony\toolchains\syscap_tool.exe cache by regenerate.
[2026-06-02T01:18:53.110] [DEBUG] debug-file - Update task entry:default@SyscapTransform input file:D:\HUAWEI\DevEco\DevEco Studio\sdk\default\openharmony\ets\api\device-define cache by regenerate.
[2026-06-02T01:18:53.111] [DEBUG] debug-file - Update task entry:default@SyscapTransform output file:D:\HUAWEI\lab4\AirShare\entry\build\default\intermediates\syscap\default\rpcid.sc cache.
[2026-06-02T01:18:53.111] [DEBUG] debug-file - Incremental task entry:default@SyscapTransform post-execution cost:2 ms .
[2026-06-02T01:18:53.111] [DEBUG] debug-file - There is no need to refresh cache, since the incremental task entry:default@ProcessProfile is up-to-date.
[2026-06-02T01:18:53.111] [DEBUG] debug-file - There is no need to refresh cache, since the incremental task entry:default@ProcessRouterMap is up-to-date.
[2026-06-02T01:18:53.111] [DEBUG] debug-file - There is no need to refresh cache, since the incremental task entry:default@ProcessShareConfig is up-to-date.
[2026-06-02T01:18:53.111] [DEBUG] debug-file - Update task entry:default@ProcessStartupConfig input file:D:\HUAWEI\lab4\AirShare\entry\build\default\intermediates\loader\default\pkgContextInfo.json cache by regenerate.
[2026-06-02T01:18:53.112] [DEBUG] debug-file - Update task entry:default@ProcessStartupConfig output file:D:\HUAWEI\lab4\AirShare\entry\build\default\intermediates\startup\default\startup_config.json cache.
[2026-06-02T01:18:53.112] [DEBUG] debug-file - Incremental task entry:default@ProcessStartupConfig post-execution cost:1 ms .
[2026-06-02T01:18:53.112] [DEBUG] debug-file - There is no need to refresh cache, since the incremental task entry:default@ProcessResource is up-to-date.
[2026-06-02T01:18:53.112] [DEBUG] debug-file - There is no need to refresh cache, since the incremental task entry:default@GenerateLoaderJson is up-to-date.
[2026-06-02T01:18:53.112] [DEBUG] debug-file - There is no need to refresh cache, since the incremental task entry:default@ProcessLibs is up-to-date.
[2026-06-02T01:18:53.112] [DEBUG] debug-file - There is no need to refresh cache, since the incremental task entry:default@CompileResource is up-to-date.
[2026-06-02T01:18:53.112] [DEBUG] debug-file - There is no need to refresh cache, since the incremental task entry:default@DoNativeStrip is up-to-date.
[2026-06-02T01:18:53.112] [DEBUG] debug-file - There is no need to refresh cache, since the incremental task entry:default@CompileArkTS is up-to-date.
[2026-06-02T01:18:53.114] [DEBUG] debug-file - Update task entry:default@BuildJS input file:D:\HUAWEI\lab4\AirShare\entry\build\default\intermediates\loader\default cache by regenerate.
[2026-06-02T01:18:53.115] [DEBUG] debug-file - Update task entry:default@BuildJS input file:D:\HUAWEI\lab4\AirShare\entry\build\default\intermediates\res\default\resources\rawfile cache by regenerate.
[2026-06-02T01:18:53.117] [DEBUG] debug-file - Update task entry:default@BuildJS input file:D:\HUAWEI\lab4\AirShare\entry\build\default\intermediates\res\default\ResourceTable.txt cache by regenerate.
[2026-06-02T01:18:53.117] [DEBUG] debug-file - Update task entry:default@BuildJS input file:D:\HUAWEI\lab4\AirShare\entry\build\default\intermediates\res\default\ark_module.json cache by regenerate.
[2026-06-02T01:18:53.117] [DEBUG] debug-file - Update task entry:default@BuildJS input file:D:\HUAWEI\lab4\AirShare\entry\build\default\intermediates\res\default\resources\base\profile cache by regenerate.
[2026-06-02T01:18:53.118] [DEBUG] debug-file - Update task entry:default@BuildJS input file:D:\HUAWEI\lab4\AirShare\entry\build\default\intermediates\loader\default\pkgContextInfo.json cache by regenerate.
[2026-06-02T01:18:53.118] [DEBUG] debug-file - Update task entry:default@BuildJS output file:D:\HUAWEI\lab4\AirShare\entry\build\default\intermediates\loader_out\default\js cache.
[2026-06-02T01:18:53.118] [DEBUG] debug-file - Incremental task entry:default@BuildJS post-execution cost:6 ms .
[2026-06-02T01:18:53.118] [DEBUG] debug-file - There is no need to refresh cache, since the incremental task entry:default@CacheNativeLibs is up-to-date.
[2026-06-02T01:18:53.118] [DEBUG] debug-file - There is no need to refresh cache, since the incremental task entry:default@GeneratePkgModuleJson is up-to-date.
[2026-06-02T01:18:53.119] [DEBUG] debug-file - Incremental task entry:default@ProcessCompiledResources post-execution cost:1 ms .
[2026-06-02T01:18:53.119] [DEBUG] debug-file - There is no need to refresh cache, since the incremental task entry:default@PackageHap is up-to-date.
[2026-06-02T01:18:53.119] [DEBUG] debug-file - Update task entry:default@SignHap input file:D:\HUAWEI\lab4\AirShare\entry\build\default\outputs\default\entry-default-unsigned.hap cache by regenerate.
[2026-06-02T01:18:53.119] [DEBUG] debug-file - Update task entry:default@SignHap output file:D:\HUAWEI\lab4\AirShare\entry\build\default\outputs\default\entry-default-signed.hap cache.
[2026-06-02T01:18:53.120] [DEBUG] debug-file - Incremental task entry:default@SignHap post-execution cost:1 ms .
[2026-06-02T01:18:53.120] [DEBUG] debug-file - Update task entry:default@CollectDebugSymbol input file:D:\HUAWEI\lab4\AirShare\entry\build\default\intermediates\loader_out\default\ets\sourceMaps.map cache by regenerate.
[2026-06-02T01:18:53.120] [DEBUG] debug-file - Update task entry:default@CollectDebugSymbol input file:D:\HUAWEI\lab4\AirShare\entry\build\default\intermediates\libs\default cache by regenerate.
[2026-06-02T01:18:53.120] [DEBUG] debug-file - Update task entry:default@CollectDebugSymbol output file:D:\HUAWEI\lab4\AirShare\entry\build\default\outputs\default\symbol cache.
[2026-06-02T01:18:53.120] [DEBUG] debug-file - Incremental task entry:default@CollectDebugSymbol post-execution cost:1 ms .
[2026-06-02T01:18:53.150] [DEBUG] debug-file - hvigor build process will be closed.
[2026-06-02T01:18:53.162] [DEBUG] debug-file - session manager: send message to worker process.
[2026-06-02T01:18:53.163] [DEBUG] debug-file - session manager: send message to worker process.
[2026-06-02T01:18:53.163] [DEBUG] debug-file - watch worker: worker id should be larger than 0. Nothing will be sent to any worker thread.
[2026-06-02T01:18:53.164] [DEBUG] debug-file - watch worker: worker id should be larger than 0. Nothing will be sent to any worker thread.
[2026-06-02T01:43:47.210] [DEBUG] debug-file - session manager: set active socket. socketId=LrL7OfsgWNMpyLNIAAAf
[2026-06-02T01:43:47.216] [DEBUG] debug-file - watch worker: worker id should be larger than 0. Nothing will be sent to any worker thread.
[2026-06-02T01:43:47.217] [DEBUG] debug-file - Workers' log level updated to INFO
[2026-06-02T01:43:47.219] [DEBUG] debug-file - Hvigor init with startParameters:{
  hvigorfileTypeCheck: false,
  parallelExecution: true,
  incrementalExecution: true,
  printStackTrace: false,
  daemon: true,
  analyze: 0,
  logLevel: Level { level: 20000, levelStr: 'INFO', colour: 'green' },
  optimizationStrategy: 'memory',
  hotCompile: undefined,
  hotReloadBuild: undefined,
  customizedParam: undefined
}
[2026-06-02T01:43:47.221] [DEBUG] debug-file - Cache service initialization finished in 2 ms 
[2026-06-02T01:43:47.221] [DEBUG] debug-file - hvigorfile, resolving D:\HUAWEI\lab4\AirShare\hvigorfile.ts
[2026-06-02T01:43:47.224] [DEBUG] debug-file - hvigorfile, require result:  { default: { plugins: [] } }
[2026-06-02T01:43:47.224] [DEBUG] debug-file - hvigorfile, binding system plugins null
[2026-06-02T01:43:47.224] [DEBUG] debug-file - Starting plugin build process
[2026-06-02T01:43:47.224] [DEBUG] debug-file - App plugin prepare start...
[2026-06-02T01:43:47.224] [DEBUG] debug-file - App plugin prepare end...
[2026-06-02T01:43:47.224] [DEBUG] debug-file - App plugin creating...
[2026-06-02T01:43:47.227] [DEBUG] debug-file - App plugin register hook start...
[2026-06-02T01:43:47.227] [DEBUG] debug-file - App plugin register hook end...
[2026-06-02T01:43:47.227] [DEBUG] debug-file - Plugin build process completed
[2026-06-02T01:43:47.227] [DEBUG] debug-file - Start initialize project's product build option map with build mode debug.
[2026-06-02T01:43:47.227] [DEBUG] debug-file - Picking option from product 'default' with build mode 'debug'.
[2026-06-02T01:43:47.227] [DEBUG] debug-file - Product 'default' build option initialized
[2026-06-02T01:43:47.227] [DEBUG] debug-file - End initialize project's product build option map with build mode 'debug'.
[2026-06-02T01:43:47.228] [DEBUG] debug-file - Obtain build option for product 'default'in this build.
[2026-06-02T01:43:47.228] [DEBUG] debug-file - No signingConfig found, initRemoteHspCache failed.
[2026-06-02T01:43:47.229] [DEBUG] debug-file - Start recording SDK configuration permission data.
[2026-06-02T01:43:47.249] [DEBUG] debug-file - Sdk init in 21 ms 
[2026-06-02T01:43:47.251] [DEBUG] debug-file - Project task initialization takes 2 ms 
[2026-06-02T01:43:47.251] [DEBUG] debug-file - hvigorfile, binding custom plugins []
[2026-06-02T01:43:47.251] [DEBUG] debug-file - hvigorfile, no custom plugins were found in D:\HUAWEI\lab4\AirShare\hvigorfile.ts
[2026-06-02T01:43:47.251] [DEBUG] debug-file - hvigorfile, resolve finished D:\HUAWEI\lab4\AirShare\hvigorfile.ts
[2026-06-02T01:43:47.251] [DEBUG] debug-file - hvigorfile, resolving D:\HUAWEI\lab4\AirShare\entry\hvigorfile.ts
[2026-06-02T01:43:47.254] [DEBUG] debug-file - hvigorfile, require result:  { default: { plugins: [] } }
[2026-06-02T01:43:47.254] [DEBUG] debug-file - hvigorfile, binding system plugins null
[2026-06-02T01:43:47.254] [DEBUG] debug-file - Starting plugin build process
[2026-06-02T01:43:47.254] [DEBUG] debug-file - Hap plugin creating...
[2026-06-02T01:43:47.255] [DEBUG] debug-file - failed to load cangjie to dynamically generate schemas: Error: Cannot find module '@ohos/cangjie-build-support/index'
Require stack:
- D:\HUAWEI\DevEco\DevEco Studio\tools\hvigor\hvigor-ohos-plugin\src\plugin\hooks\cangjie-register.js
- D:\HUAWEI\DevEco\DevEco Studio\tools\hvigor\hvigor-ohos-plugin\src\plugin\strategy\stage-init-strategy.js
- D:\HUAWEI\DevEco\DevEco Studio\tools\hvigor\hvigor-ohos-plugin\src\plugin\builder\abstract-plugin-builder.js
- D:\HUAWEI\DevEco\DevEco Studio\tools\hvigor\hvigor-ohos-plugin\src\plugin\builder\app-plugin-builder.js
- D:\HUAWEI\DevEco\DevEco Studio\tools\hvigor\hvigor-ohos-plugin\src\plugin\factory\plugin-factory.js
- D:\HUAWEI\DevEco\DevEco Studio\tools\hvigor\hvigor-ohos-plugin\index.js
- D:\HUAWEI\lab4\AirShare\hvigorfile.ts
- D:\HUAWEI\DevEco\DevEco Studio\tools\hvigor\hvigor\src\base\internal\lifecycle\configuration.js
- D:\HUAWEI\DevEco\DevEco Studio\tools\hvigor\hvigor\src\base\boot\index.js
- D:\HUAWEI\DevEco\DevEco Studio\tools\hvigor\hvigor\src\base\daemon\cluster\worker-process-lifecycle.js
- D:\HUAWEI\DevEco\DevEco Studio\tools\hvigor\hvigor\src\base\daemon\process\daemon-process-boot-script.js
[2026-06-02T01:43:47.257] [DEBUG] debug-file - Start initialize module-target build option map, moduleName=entry, buildMode=debug
[2026-06-02T01:43:47.257] [DEBUG] debug-file - Target 'default' config initialized
[2026-06-02T01:43:47.257] [DEBUG] debug-file - Module 'entry' target 'default' build option initialized
[2026-06-02T01:43:47.257] [DEBUG] debug-file - End initialize module-target build option map, moduleName=entry
[2026-06-02T01:43:47.257] [DEBUG] debug-file - Start initialize module-target build option map, moduleName=entry, buildMode=release
[2026-06-02T01:43:47.257] [DEBUG] debug-file - Target 'default' config initialized
[2026-06-02T01:43:47.258] [DEBUG] debug-file - Module 'entry' target 'default' build option initialized
[2026-06-02T01:43:47.258] [DEBUG] debug-file - End initialize module-target build option map, moduleName=entry
[2026-06-02T01:43:47.258] [DEBUG] debug-file - Start initialize module-target build option map, moduleName=entry, buildMode=debug
[2026-06-02T01:43:47.258] [DEBUG] debug-file - Target 'default' config initialized
[2026-06-02T01:43:47.258] [DEBUG] debug-file - Module 'entry' target 'default' build option initialized
[2026-06-02T01:43:47.258] [DEBUG] debug-file - End initialize module-target build option map, moduleName=entry
[2026-06-02T01:43:47.258] [DEBUG] debug-file - Obtain build option for module 'entry' target 'default'in this build.
[2026-06-02T01:43:47.259] [DEBUG] debug-file - Module entry task initialization takes 1 ms 
[2026-06-02T01:43:47.259] [DEBUG] debug-file - Hap plugin register hook start...
[2026-06-02T01:43:47.259] [DEBUG] debug-file - Hap plugin register hook end...
[2026-06-02T01:43:47.259] [DEBUG] debug-file - Plugin build process completed
[2026-06-02T01:43:47.259] [DEBUG] debug-file - hvigorfile, binding custom plugins []
[2026-06-02T01:43:47.259] [DEBUG] debug-file - hvigorfile, no custom plugins were found in D:\HUAWEI\lab4\AirShare\entry\hvigorfile.ts
[2026-06-02T01:43:47.259] [DEBUG] debug-file - hvigorfile, resolve finished D:\HUAWEI\lab4\AirShare\entry\hvigorfile.ts
[2026-06-02T01:43:47.272] [DEBUG] debug-file - hvigorfile, resolve hvigorfile dependencies in 13 ms 
[2026-06-02T01:43:47.272] [DEBUG] debug-file - project has submodules:entry
[2026-06-02T01:43:47.273] [DEBUG] debug-file - start to load updatedOhPackageInfo to the disk
[2026-06-02T01:43:47.278] [DEBUG] debug-file - load to the disk finished
[2026-06-02T01:43:47.279] [DEBUG] debug-file - Start to initialize dependency information.
[2026-06-02T01:43:47.279] [DEBUG] debug-file - Module AirShare Collected Dependency: 
[2026-06-02T01:43:47.279] [DEBUG] debug-file - Module AirShare's total dependency: 0
[2026-06-02T01:43:47.279] [DEBUG] debug-file - Start to initialize dependency information.
[2026-06-02T01:43:47.280] [DEBUG] debug-file - Module entry Collected Dependency: 
[2026-06-02T01:43:47.280] [DEBUG] debug-file - Module entry's total dependency: 0
[2026-06-02T01:43:47.281] [DEBUG] debug-file - Configuration phase cost:61 ms 
[2026-06-02T01:43:47.282] [DEBUG] debug-file - Configuration task cost before running: 65 ms 
[2026-06-02T01:43:47.284] [DEBUG] debug-file - Executing task :entry:default@PreBuild
[2026-06-02T01:43:47.285] [DEBUG] debug-file - Task 'entry:default@PreBuild' cost while wrapping incremental declarations: 1 ms 
[2026-06-02T01:43:47.288] [DEBUG] debug-file - entry:default@PreBuild is not up-to-date, since the task snapshots are different.
[2026-06-02T01:43:47.288] [DEBUG] debug-file - Incremental task entry:default@PreBuild pre-execution cost: 3 ms .
[2026-06-02T01:43:47.291] [DEBUG] debug-file - current product is not Atomic service.
[2026-06-02T01:43:47.291] [DEBUG] debug-file - Use tool [win32: JAVA_HOME, CLASSPATH]
 [
  { JAVA_HOME: 'D:\\HUAWEI\\DevEco\\DevEco Studio\\jbr' },
  { CLASSPATH: undefined }
]
[2026-06-02T01:43:47.291] [DEBUG] debug-file - Use tool [win32: NODE_HOME]
 [ { NODE_HOME: 'D:\\HUAWEI\\DevEco\\DevEco Studio\\tools\\node' } ]
[2026-06-02T01:43:47.292] [DEBUG] debug-file - entry : default@PreBuild cost memory 0.6666030883789062
[2026-06-02T01:43:47.292] [DEBUG] debug-file - runTaskFromQueue task cost before running: 75 ms 
[2026-06-02T01:43:47.293] [INFO] debug-file - Finished :entry:default@PreBuild... after 8 ms 
[2026-06-02T01:43:47.293] [DEBUG] debug-file - Executing task :entry:default@CreateModuleInfo
[2026-06-02T01:43:47.294] [DEBUG] debug-file - Task 'entry:default@CreateModuleInfo' cost while wrapping incremental declarations: 1 ms 
[2026-06-02T01:43:47.294] [DEBUG] debug-file - entry : default@CreateModuleInfo cost memory 0.03977203369140625
[2026-06-02T01:43:47.294] [DEBUG] debug-file - runTaskFromQueue task cost before running: 77 ms 
[2026-06-02T01:43:47.294] [INFO] debug-file - Finished :entry:default@CreateModuleInfo... after 1 ms 
[2026-06-02T01:43:47.295] [DEBUG] debug-file - Executing task :entry:default@GenerateMetadata
[2026-06-02T01:43:47.295] [DEBUG] debug-file - Task 'entry:default@GenerateMetadata' cost while wrapping incremental declarations: 1 ms 
[2026-06-02T01:43:47.296] [DEBUG] debug-file - Incremental task entry:default@GenerateMetadata pre-execution cost: 1 ms .
[2026-06-02T01:43:47.296] [DEBUG] debug-file - entry : default@GenerateMetadata cost memory 0.0799407958984375
[2026-06-02T01:43:47.296] [INFO] debug-file - UP-TO-DATE :entry:default@GenerateMetadata...  
[2026-06-02T01:43:47.296] [DEBUG] debug-file - Executing task :entry:default@ConfigureCmake
[2026-06-02T01:43:47.296] [DEBUG] debug-file - entry : default@ConfigureCmake cost memory 0.014007568359375
[2026-06-02T01:43:47.296] [DEBUG] debug-file - runTaskFromQueue task cost before running: 80 ms 
[2026-06-02T01:43:47.297] [INFO] debug-file - Finished :entry:default@ConfigureCmake... after 1 ms 
[2026-06-02T01:43:47.297] [DEBUG] debug-file - Executing task :entry:default@MergeProfile
[2026-06-02T01:43:47.297] [DEBUG] debug-file - Task 'entry:default@MergeProfile' cost while wrapping incremental declarations: 1 ms 
[2026-06-02T01:43:47.298] [DEBUG] debug-file - Incremental task entry:default@MergeProfile pre-execution cost: 1 ms .
[2026-06-02T01:43:47.298] [DEBUG] debug-file - entry : default@MergeProfile cost memory 0.12297821044921875
[2026-06-02T01:43:47.299] [INFO] debug-file - UP-TO-DATE :entry:default@MergeProfile...  
[2026-06-02T01:43:47.299] [DEBUG] debug-file - Executing task :entry:default@CreateBuildProfile
[2026-06-02T01:43:47.300] [DEBUG] debug-file - Task 'entry:default@CreateBuildProfile' cost while wrapping incremental declarations: 1 ms 
[2026-06-02T01:43:47.300] [DEBUG] debug-file - Incremental task entry:default@CreateBuildProfile pre-execution cost: 1 ms .
[2026-06-02T01:43:47.300] [DEBUG] debug-file - entry : default@CreateBuildProfile cost memory 0.085418701171875
[2026-06-02T01:43:47.300] [INFO] debug-file - UP-TO-DATE :entry:default@CreateBuildProfile...  
[2026-06-02T01:43:47.301] [DEBUG] debug-file - Executing task :entry:default@PreCheckSyscap
[2026-06-02T01:43:47.302] [DEBUG] debug-file - entry : default@PreCheckSyscap cost memory 0.01422882080078125
[2026-06-02T01:43:47.302] [DEBUG] debug-file - runTaskFromQueue task cost before running: 85 ms 
[2026-06-02T01:43:47.302] [INFO] debug-file - Finished :entry:default@PreCheckSyscap... after 1 ms 
[2026-06-02T01:43:47.302] [DEBUG] debug-file - Executing task :entry:default@GeneratePkgContextInfo
[2026-06-02T01:43:47.304] [DEBUG] debug-file - Task 'entry:default@GeneratePkgContextInfo' cost while wrapping incremental declarations: 1 ms 
[2026-06-02T01:43:47.304] [DEBUG] debug-file - Incremental task entry:default@GeneratePkgContextInfo pre-execution cost: 1 ms .
[2026-06-02T01:43:47.304] [DEBUG] debug-file - entry : default@GeneratePkgContextInfo cost memory 0.1844024658203125
[2026-06-02T01:43:47.304] [INFO] debug-file - UP-TO-DATE :entry:default@GeneratePkgContextInfo...  
[2026-06-02T01:43:47.306] [DEBUG] debug-file - Executing task :entry:default@ProcessIntegratedHsp
[2026-06-02T01:43:47.306] [DEBUG] debug-file - entry:default@ProcessIntegratedHsp is not up-to-date, since the output file 'D:\HUAWEI\lab4\AirShare\build\cache\default\integrated_hsp\integratedHspCache.json' does not exist.
[2026-06-02T01:43:47.306] [DEBUG] debug-file - Incremental task entry:default@ProcessIntegratedHsp pre-execution cost: 1 ms .
[2026-06-02T01:43:47.306] [DEBUG] debug-file - entry : default@ProcessIntegratedHsp cost memory 0.0548095703125
[2026-06-02T01:43:47.306] [DEBUG] debug-file - runTaskFromQueue task cost before running: 89 ms 
[2026-06-02T01:43:47.306] [INFO] debug-file - Finished :entry:default@ProcessIntegratedHsp... after 1 ms 
[2026-06-02T01:43:47.307] [DEBUG] debug-file - Executing task :entry:default@BuildNativeWithCmake
[2026-06-02T01:43:47.307] [DEBUG] debug-file - entry : default@BuildNativeWithCmake cost memory 0.014007568359375
[2026-06-02T01:43:47.307] [DEBUG] debug-file - runTaskFromQueue task cost before running: 90 ms 
[2026-06-02T01:43:47.307] [INFO] debug-file - Finished :entry:default@BuildNativeWithCmake... after 1 ms 
[2026-06-02T01:43:47.308] [DEBUG] debug-file - Executing task :entry:default@MakePackInfo
[2026-06-02T01:43:47.308] [DEBUG] debug-file - Incremental task entry:default@MakePackInfo pre-execution cost: 1 ms .
[2026-06-02T01:43:47.309] [DEBUG] debug-file - entry : default@MakePackInfo cost memory 0.09871673583984375
[2026-06-02T01:43:47.309] [INFO] debug-file - UP-TO-DATE :entry:default@MakePackInfo...  
[2026-06-02T01:43:47.309] [DEBUG] debug-file - Executing task :entry:default@SyscapTransform
[2026-06-02T01:43:47.310] [DEBUG] debug-file - File: 'D:\HUAWEI\lab4\AirShare\entry\src\main\syscap.json' from 'sysCapJsonPath' is not exists, just ignore.
[2026-06-02T01:43:47.310] [DEBUG] debug-file - Task 'entry:default@SyscapTransform' cost while wrapping incremental declarations: 1 ms 
[2026-06-02T01:43:47.311] [DEBUG] debug-file - entry:default@SyscapTransform is not up-to-date, since the output file 'D:\HUAWEI\lab4\AirShare\entry\build\default\intermediates\syscap\default\rpcid.sc' does not exist.
[2026-06-02T01:43:47.311] [DEBUG] debug-file - Incremental task entry:default@SyscapTransform pre-execution cost: 1 ms .
[2026-06-02T01:43:47.311] [DEBUG] debug-file - entry : default@SyscapTransform cost memory 0.13269805908203125
[2026-06-02T01:43:47.311] [DEBUG] debug-file - runTaskFromQueue task cost before running: 94 ms 
[2026-06-02T01:43:47.311] [INFO] debug-file - Finished :entry:default@SyscapTransform... after 2 ms 
[2026-06-02T01:43:47.312] [DEBUG] debug-file - Executing task :entry:default@ProcessProfile
[2026-06-02T01:43:47.312] [DEBUG] debug-file - Task 'entry:default@ProcessProfile' cost while wrapping incremental declarations: 1 ms 
[2026-06-02T01:43:47.313] [DEBUG] debug-file - Incremental task entry:default@ProcessProfile pre-execution cost: 1 ms .
[2026-06-02T01:43:47.313] [DEBUG] debug-file - entry : default@ProcessProfile cost memory 0.13410186767578125
[2026-06-02T01:43:47.313] [INFO] debug-file - UP-TO-DATE :entry:default@ProcessProfile...  
[2026-06-02T01:43:47.313] [DEBUG] debug-file - Executing task :entry:default@ProcessRouterMap
[2026-06-02T01:43:47.316] [DEBUG] debug-file - Incremental task entry:default@ProcessRouterMap pre-execution cost: 2 ms .
[2026-06-02T01:43:47.316] [DEBUG] debug-file - entry : default@ProcessRouterMap cost memory 0.15154266357421875
[2026-06-02T01:43:47.316] [INFO] debug-file - UP-TO-DATE :entry:default@ProcessRouterMap...  
[2026-06-02T01:43:47.318] [DEBUG] debug-file - Executing task :entry:default@ProcessShareConfig
[2026-06-02T01:43:47.319] [DEBUG] debug-file - Incremental task entry:default@ProcessShareConfig pre-execution cost: 1 ms .
[2026-06-02T01:43:47.319] [DEBUG] debug-file - entry : default@ProcessShareConfig cost memory 0.12595367431640625
[2026-06-02T01:43:47.319] [INFO] debug-file - UP-TO-DATE :entry:default@ProcessShareConfig...  
[2026-06-02T01:43:47.320] [DEBUG] debug-file - Executing task :entry:default@ProcessStartupConfig
[2026-06-02T01:43:47.320] [DEBUG] debug-file - Task 'entry:default@ProcessStartupConfig' cost while wrapping incremental declarations: 1 ms 
[2026-06-02T01:43:47.321] [DEBUG] debug-file - entry:default@ProcessStartupConfig is not up-to-date, since the output file 'D:\HUAWEI\lab4\AirShare\entry\build\default\intermediates\startup\default\startup_config.json' does not exist.
[2026-06-02T01:43:47.321] [DEBUG] debug-file - Incremental task entry:default@ProcessStartupConfig pre-execution cost: 1 ms .
[2026-06-02T01:43:47.321] [DEBUG] debug-file - entry : default@ProcessStartupConfig cost memory 0.12239837646484375
[2026-06-02T01:43:47.321] [DEBUG] debug-file - runTaskFromQueue task cost before running: 105 ms 
[2026-06-02T01:43:47.322] [INFO] debug-file - Finished :entry:default@ProcessStartupConfig... after 2 ms 
[2026-06-02T01:43:47.322] [DEBUG] debug-file - Executing task :entry:default@BuildNativeWithNinja
[2026-06-02T01:43:47.322] [DEBUG] debug-file - entry : default@BuildNativeWithNinja cost memory 0.02004241943359375
[2026-06-02T01:43:47.323] [DEBUG] debug-file - runTaskFromQueue task cost before running: 106 ms 
[2026-06-02T01:43:47.323] [INFO] debug-file - Finished :entry:default@BuildNativeWithNinja... after 1 ms 
[2026-06-02T01:43:47.323] [DEBUG] debug-file - restool module names: entry; moduleName=entry, taskName=default@ProcessResource
[2026-06-02T01:43:47.324] [DEBUG] debug-file - Executing task :entry:default@ProcessResource
[2026-06-02T01:43:47.324] [DEBUG] debug-file - Task 'entry:default@ProcessResource' cost while wrapping incremental declarations: 1 ms 
[2026-06-02T01:43:47.325] [DEBUG] debug-file - Incremental task entry:default@ProcessResource pre-execution cost: 1 ms .
[2026-06-02T01:43:47.325] [DEBUG] debug-file - entry : default@ProcessResource cost memory 0.12223052978515625
[2026-06-02T01:43:47.325] [INFO] debug-file - UP-TO-DATE :entry:default@ProcessResource...  
[2026-06-02T01:43:47.326] [DEBUG] debug-file - Executing task :entry:default@GenerateLoaderJson
[2026-06-02T01:43:47.327] [DEBUG] debug-file - Task 'entry:default@GenerateLoaderJson' cost while wrapping incremental declarations: 1 ms 
[2026-06-02T01:43:47.331] [DEBUG] debug-file - Incremental task entry:default@GenerateLoaderJson pre-execution cost: 3 ms .
[2026-06-02T01:43:47.331] [DEBUG] debug-file - entry : default@GenerateLoaderJson cost memory 0.45748138427734375
[2026-06-02T01:43:47.332] [INFO] debug-file - UP-TO-DATE :entry:default@GenerateLoaderJson...  
[2026-06-02T01:43:47.333] [DEBUG] debug-file - Executing task :entry:default@ProcessLibs
[2026-06-02T01:43:47.335] [DEBUG] debug-file - Incremental task entry:default@ProcessLibs pre-execution cost: 2 ms .
[2026-06-02T01:43:47.335] [DEBUG] debug-file - entry : default@ProcessLibs cost memory -1.563079833984375
[2026-06-02T01:43:47.335] [INFO] debug-file - UP-TO-DATE :entry:default@ProcessLibs...  
[2026-06-02T01:43:47.336] [DEBUG] debug-file - restool module names: entry; moduleName=entry, taskName=default@CompileResource
[2026-06-02T01:43:47.336] [DEBUG] debug-file - Executing task :entry:default@CompileResource
[2026-06-02T01:43:47.340] [DEBUG] debug-file - Incremental task entry:default@CompileResource pre-execution cost: 4 ms .
[2026-06-02T01:43:47.341] [DEBUG] debug-file - entry : default@CompileResource cost memory 0.5393600463867188
[2026-06-02T01:43:47.341] [INFO] debug-file - UP-TO-DATE :entry:default@CompileResource...  
[2026-06-02T01:43:47.342] [DEBUG] debug-file - Executing task :entry:default@DoNativeStrip
[2026-06-02T01:43:47.342] [DEBUG] debug-file - Task 'entry:default@DoNativeStrip' cost while wrapping incremental declarations: 1 ms 
[2026-06-02T01:43:47.342] [DEBUG] debug-file - Incremental task entry:default@DoNativeStrip pre-execution cost: 1 ms .
[2026-06-02T01:43:47.343] [DEBUG] debug-file - entry : default@DoNativeStrip cost memory 0.0729217529296875
[2026-06-02T01:43:47.343] [INFO] debug-file - UP-TO-DATE :entry:default@DoNativeStrip...  
[2026-06-02T01:43:47.343] [DEBUG] debug-file - Executing task :entry:default@CompileArkTS
[2026-06-02T01:43:47.344] [DEBUG] debug-file - obfuscationOptions: undefined
[2026-06-02T01:43:47.344] [DEBUG] debug-file - Task 'entry:default@CompileArkTS' cost while wrapping incremental declarations: 1 ms 
[2026-06-02T01:43:47.348] [DEBUG] debug-file - Incremental task entry:default@CompileArkTS pre-execution cost: 4 ms .
[2026-06-02T01:43:47.348] [DEBUG] debug-file - entry : default@CompileArkTS cost memory 0.5315933227539062
[2026-06-02T01:43:47.349] [INFO] debug-file - UP-TO-DATE :entry:default@CompileArkTS...  
[2026-06-02T01:43:47.350] [DEBUG] debug-file - Executing task :entry:default@BuildJS
[2026-06-02T01:43:47.350] [DEBUG] debug-file - Task 'entry:default@BuildJS' cost while wrapping incremental declarations: 1 ms 
[2026-06-02T01:43:47.352] [DEBUG] debug-file - entry : default@BuildJS cost memory -1.59051513671875
[2026-06-02T01:43:47.352] [DEBUG] debug-file - runTaskFromQueue task cost before running: 135 ms 
[2026-06-02T01:43:47.352] [INFO] debug-file - Finished :entry:default@BuildJS... after 3 ms 
[2026-06-02T01:43:47.353] [DEBUG] debug-file - Executing task :entry:default@CacheNativeLibs
[2026-06-02T01:43:47.353] [DEBUG] debug-file - Task 'entry:default@CacheNativeLibs' cost while wrapping incremental declarations: 1 ms 
[2026-06-02T01:43:47.354] [DEBUG] debug-file - Incremental task entry:default@CacheNativeLibs pre-execution cost: 1 ms .
[2026-06-02T01:43:47.354] [DEBUG] debug-file - entry : default@CacheNativeLibs cost memory 0.0857391357421875
[2026-06-02T01:43:47.354] [INFO] debug-file - UP-TO-DATE :entry:default@CacheNativeLibs...  
[2026-06-02T01:43:47.354] [DEBUG] debug-file - Executing task :entry:default@GeneratePkgModuleJson
[2026-06-02T01:43:47.354] [DEBUG] debug-file - File: 'D:\HUAWEI\lab4\AirShare\entry\build\default\intermediates\preload\default\preload.json' from 'preloadSoJsonPath' is not exists, just ignore.
[2026-06-02T01:43:47.354] [DEBUG] debug-file - Error occurs while handling @Input 'shouldDeduplicateHar': The "data" argument must be of type string or an instance of Buffer, TypedArray, or DataView. Received undefined
[2026-06-02T01:43:47.355] [DEBUG] debug-file - Task 'entry:default@GeneratePkgModuleJson' cost while wrapping incremental declarations: 1 ms 
[2026-06-02T01:43:47.355] [DEBUG] debug-file - Incremental task entry:default@GeneratePkgModuleJson pre-execution cost: 1 ms .
[2026-06-02T01:43:47.355] [DEBUG] debug-file - entry : default@GeneratePkgModuleJson cost memory 0.099151611328125
[2026-06-02T01:43:47.355] [INFO] debug-file - UP-TO-DATE :entry:default@GeneratePkgModuleJson...  
[2026-06-02T01:43:47.356] [DEBUG] debug-file - Executing task :entry:default@ProcessCompiledResources
[2026-06-02T01:43:47.356] [DEBUG] debug-file - File: 'D:\HUAWEI\lab4\AirShare\entry\build\default\intermediates\preload\default\preload.json' from 'preloadSoJsonPath' is not exists, just ignore.
[2026-06-02T01:43:47.356] [DEBUG] debug-file - Task 'entry:default@ProcessCompiledResources' cost while wrapping incremental declarations: 1 ms 
[2026-06-02T01:43:47.356] [DEBUG] debug-file - entry : default@ProcessCompiledResources cost memory 0.05617523193359375
[2026-06-02T01:43:47.356] [DEBUG] debug-file - runTaskFromQueue task cost before running: 139 ms 
[2026-06-02T01:43:47.356] [INFO] debug-file - Finished :entry:default@ProcessCompiledResources... after 1 ms 
[2026-06-02T01:43:47.357] [DEBUG] debug-file - Executing task :entry:default@PackageHap
[2026-06-02T01:43:47.361] [DEBUG] debug-file - Incremental task entry:default@PackageHap pre-execution cost: 3 ms .
[2026-06-02T01:43:47.361] [DEBUG] debug-file - entry : default@PackageHap cost memory 0.41147613525390625
[2026-06-02T01:43:47.361] [INFO] debug-file - UP-TO-DATE :entry:default@PackageHap...  
[2026-06-02T01:43:47.362] [DEBUG] debug-file - Executing task :entry:default@PackingCheck
[2026-06-02T01:43:47.365] [DEBUG] debug-file - entry : default@PackingCheck cost memory 0.43669891357421875
[2026-06-02T01:43:47.365] [DEBUG] debug-file - runTaskFromQueue task cost before running: 148 ms 
[2026-06-02T01:43:47.366] [INFO] debug-file - Finished :entry:default@PackingCheck... after 3 ms 
[2026-06-02T01:43:47.366] [DEBUG] debug-file - Executing task :entry:default@SignHap
[2026-06-02T01:43:47.366] [WARN] debug-file - Will skip sign 'hos_hap'. No signingConfigs profile is configured in current project.
             If needed, configure the signingConfigs in D:\HUAWEI\lab4\AirShare\build-profile.json5.
[2026-06-02T01:43:47.367] [DEBUG] debug-file - entry:default@SignHap is not up-to-date, since the output file 'D:\HUAWEI\lab4\AirShare\entry\build\default\outputs\default\entry-default-signed.hap' does not exist.
[2026-06-02T01:43:47.367] [DEBUG] debug-file - Incremental task entry:default@SignHap pre-execution cost: 1 ms .
[2026-06-02T01:43:47.367] [DEBUG] debug-file - entry : default@SignHap cost memory 0.08632659912109375
[2026-06-02T01:43:47.367] [DEBUG] debug-file - runTaskFromQueue task cost before running: 151 ms 
[2026-06-02T01:43:47.368] [INFO] debug-file - Finished :entry:default@SignHap... after 2 ms 
[2026-06-02T01:43:47.368] [DEBUG] debug-file - Executing task :entry:default@CollectDebugSymbol
[2026-06-02T01:43:47.369] [DEBUG] debug-file - entry : default@CollectDebugSymbol cost memory 0.08591461181640625
[2026-06-02T01:43:47.369] [DEBUG] debug-file - runTaskFromQueue task cost before running: 152 ms 
[2026-06-02T01:43:47.369] [INFO] debug-file - Finished :entry:default@CollectDebugSymbol... after 1 ms 
[2026-06-02T01:43:47.369] [DEBUG] debug-file - Executing task :entry:assembleHap
[2026-06-02T01:43:47.369] [DEBUG] debug-file - entry : assembleHap cost memory 0.01221466064453125
[2026-06-02T01:43:47.369] [DEBUG] debug-file - runTaskFromQueue task cost before running: 152 ms 
[2026-06-02T01:43:47.369] [INFO] debug-file - Finished :entry:assembleHap... after 1 ms 
[2026-06-02T01:43:47.384] [INFO] debug-file - BUILD SUCCESSFUL in 168 ms 
[2026-06-02T01:43:47.385] [DEBUG] debug-file - Update task entry:default@PreBuild input file:D:\HUAWEI\lab4\AirShare\AppScope\app.json5 cache by regenerate.
[2026-06-02T01:43:47.385] [DEBUG] debug-file - Update task entry:default@PreBuild input file:D:\HUAWEI\lab4\AirShare\entry\src\main\module.json5 cache by regenerate.
[2026-06-02T01:43:47.385] [DEBUG] debug-file - Update task entry:default@PreBuild input file:D:\HUAWEI\lab4\AirShare\build-profile.json5 cache by regenerate.
[2026-06-02T01:43:47.385] [DEBUG] debug-file - Update task entry:default@PreBuild input file:D:\HUAWEI\lab4\AirShare\entry\build-profile.json5 cache by regenerate.
[2026-06-02T01:43:47.386] [DEBUG] debug-file - Update task entry:default@PreBuild input file:D:\HUAWEI\lab4\AirShare\entry\src\main\resources\base\profile\main_pages.json cache by regenerate.
[2026-06-02T01:43:47.386] [DEBUG] debug-file - Update task entry:default@PreBuild input file:D:\HUAWEI\lab4\AirShare\hvigor\hvigor-config.json5 cache by regenerate.
[2026-06-02T01:43:47.386] [DEBUG] debug-file - Update task entry:default@PreBuild input file:D:\HUAWEI\lab4\AirShare\entry\oh-package.json5 cache by regenerate.
[2026-06-02T01:43:47.386] [DEBUG] debug-file - Update task entry:default@PreBuild input file:D:\HUAWEI\lab4\AirShare\oh-package.json5 cache by regenerate.
[2026-06-02T01:43:47.386] [DEBUG] debug-file - Incremental task entry:default@PreBuild post-execution cost:2 ms .
[2026-06-02T01:43:47.386] [DEBUG] debug-file - Update task entry:default@CreateModuleInfo output file:D:\HUAWEI\lab4\AirShare\entry\build\default\generated\profile\default\ModuleInfo.ts cache.
[2026-06-02T01:43:47.386] [DEBUG] debug-file - Incremental task entry:default@CreateModuleInfo post-execution cost:1 ms .
[2026-06-02T01:43:47.386] [DEBUG] debug-file - There is no need to refresh cache, since the incremental task entry:default@GenerateMetadata is up-to-date.
[2026-06-02T01:43:47.386] [DEBUG] debug-file - There is no need to refresh cache, since the incremental task entry:default@MergeProfile is up-to-date.
[2026-06-02T01:43:47.386] [DEBUG] debug-file - There is no need to refresh cache, since the incremental task entry:default@CreateBuildProfile is up-to-date.
[2026-06-02T01:43:47.386] [DEBUG] debug-file - There is no need to refresh cache, since the incremental task entry:default@GeneratePkgContextInfo is up-to-date.
[2026-06-02T01:43:47.386] [DEBUG] debug-file - Update task entry:default@ProcessIntegratedHsp output file:D:\HUAWEI\lab4\AirShare\build\cache\default\integrated_hsp\integratedHspCache.json cache.
[2026-06-02T01:43:47.386] [DEBUG] debug-file - Incremental task entry:default@ProcessIntegratedHsp post-execution cost:1 ms .
[2026-06-02T01:43:47.386] [DEBUG] debug-file - There is no need to refresh cache, since the incremental task entry:default@MakePackInfo is up-to-date.
[2026-06-02T01:43:47.386] [DEBUG] debug-file - Update task entry:default@SyscapTransform input file:D:\HUAWEI\DevEco\DevEco Studio\sdk\default\openharmony\toolchains\syscap_tool.exe cache by regenerate.
[2026-06-02T01:43:47.387] [DEBUG] debug-file - Update task entry:default@SyscapTransform input file:D:\HUAWEI\DevEco\DevEco Studio\sdk\default\openharmony\ets\api\device-define cache by regenerate.
[2026-06-02T01:43:47.387] [DEBUG] debug-file - Update task entry:default@SyscapTransform output file:D:\HUAWEI\lab4\AirShare\entry\build\default\intermediates\syscap\default\rpcid.sc cache.
[2026-06-02T01:43:47.387] [DEBUG] debug-file - Incremental task entry:default@SyscapTransform post-execution cost:1 ms .
[2026-06-02T01:43:47.387] [DEBUG] debug-file - There is no need to refresh cache, since the incremental task entry:default@ProcessProfile is up-to-date.
[2026-06-02T01:43:47.387] [DEBUG] debug-file - There is no need to refresh cache, since the incremental task entry:default@ProcessRouterMap is up-to-date.
[2026-06-02T01:43:47.387] [DEBUG] debug-file - There is no need to refresh cache, since the incremental task entry:default@ProcessShareConfig is up-to-date.
[2026-06-02T01:43:47.387] [DEBUG] debug-file - Update task entry:default@ProcessStartupConfig input file:D:\HUAWEI\lab4\AirShare\entry\build\default\intermediates\loader\default\pkgContextInfo.json cache by regenerate.
[2026-06-02T01:43:47.388] [DEBUG] debug-file - Update task entry:default@ProcessStartupConfig output file:D:\HUAWEI\lab4\AirShare\entry\build\default\intermediates\startup\default\startup_config.json cache.
[2026-06-02T01:43:47.388] [DEBUG] debug-file - Incremental task entry:default@ProcessStartupConfig post-execution cost:1 ms .
[2026-06-02T01:43:47.388] [DEBUG] debug-file - There is no need to refresh cache, since the incremental task entry:default@ProcessResource is up-to-date.
[2026-06-02T01:43:47.388] [DEBUG] debug-file - There is no need to refresh cache, since the incremental task entry:default@GenerateLoaderJson is up-to-date.
[2026-06-02T01:43:47.388] [DEBUG] debug-file - There is no need to refresh cache, since the incremental task entry:default@ProcessLibs is up-to-date.
[2026-06-02T01:43:47.388] [DEBUG] debug-file - There is no need to refresh cache, since the incremental task entry:default@CompileResource is up-to-date.
[2026-06-02T01:43:47.388] [DEBUG] debug-file - There is no need to refresh cache, since the incremental task entry:default@DoNativeStrip is up-to-date.
[2026-06-02T01:43:47.388] [DEBUG] debug-file - There is no need to refresh cache, since the incremental task entry:default@CompileArkTS is up-to-date.
[2026-06-02T01:43:47.388] [DEBUG] debug-file - Update task entry:default@BuildJS input file:D:\HUAWEI\lab4\AirShare\entry\build\default\intermediates\loader\default cache by regenerate.
[2026-06-02T01:43:47.389] [DEBUG] debug-file - Update task entry:default@BuildJS input file:D:\HUAWEI\lab4\AirShare\entry\build\default\intermediates\res\default\resources\rawfile cache by regenerate.
[2026-06-02T01:43:47.389] [DEBUG] debug-file - Update task entry:default@BuildJS input file:D:\HUAWEI\lab4\AirShare\entry\build\default\intermediates\res\default\ResourceTable.txt cache by regenerate.
[2026-06-02T01:43:47.389] [DEBUG] debug-file - Update task entry:default@BuildJS input file:D:\HUAWEI\lab4\AirShare\entry\build\default\intermediates\res\default\ark_module.json cache by regenerate.
[2026-06-02T01:43:47.389] [DEBUG] debug-file - Update task entry:default@BuildJS input file:D:\HUAWEI\lab4\AirShare\entry\build\default\intermediates\res\default\resources\base\profile cache by regenerate.
[2026-06-02T01:43:47.390] [DEBUG] debug-file - Update task entry:default@BuildJS input file:D:\HUAWEI\lab4\AirShare\entry\build\default\intermediates\loader\default\pkgContextInfo.json cache by regenerate.
[2026-06-02T01:43:47.390] [DEBUG] debug-file - Update task entry:default@BuildJS output file:D:\HUAWEI\lab4\AirShare\entry\build\default\intermediates\loader_out\default\js cache.
[2026-06-02T01:43:47.390] [DEBUG] debug-file - Incremental task entry:default@BuildJS post-execution cost:2 ms .
[2026-06-02T01:43:47.390] [DEBUG] debug-file - There is no need to refresh cache, since the incremental task entry:default@CacheNativeLibs is up-to-date.
[2026-06-02T01:43:47.390] [DEBUG] debug-file - There is no need to refresh cache, since the incremental task entry:default@GeneratePkgModuleJson is up-to-date.
[2026-06-02T01:43:47.390] [DEBUG] debug-file - Incremental task entry:default@ProcessCompiledResources post-execution cost:1 ms .
[2026-06-02T01:43:47.390] [DEBUG] debug-file - There is no need to refresh cache, since the incremental task entry:default@PackageHap is up-to-date.
[2026-06-02T01:43:47.390] [DEBUG] debug-file - Update task entry:default@SignHap input file:D:\HUAWEI\lab4\AirShare\entry\build\default\outputs\default\entry-default-unsigned.hap cache by regenerate.
[2026-06-02T01:43:47.390] [DEBUG] debug-file - Update task entry:default@SignHap output file:D:\HUAWEI\lab4\AirShare\entry\build\default\outputs\default\entry-default-signed.hap cache.
[2026-06-02T01:43:47.390] [DEBUG] debug-file - Incremental task entry:default@SignHap post-execution cost:1 ms .
[2026-06-02T01:43:47.390] [DEBUG] debug-file - Update task entry:default@CollectDebugSymbol input file:D:\HUAWEI\lab4\AirShare\entry\build\default\intermediates\loader_out\default\ets\sourceMaps.map cache by regenerate.
[2026-06-02T01:43:47.391] [DEBUG] debug-file - Update task entry:default@CollectDebugSymbol input file:D:\HUAWEI\lab4\AirShare\entry\build\default\intermediates\libs\default cache by regenerate.
[2026-06-02T01:43:47.391] [DEBUG] debug-file - Update task entry:default@CollectDebugSymbol output file:D:\HUAWEI\lab4\AirShare\entry\build\default\outputs\default\symbol cache.
[2026-06-02T01:43:47.391] [DEBUG] debug-file - Incremental task entry:default@CollectDebugSymbol post-execution cost:1 ms .
[2026-06-02T01:43:47.413] [DEBUG] debug-file - hvigor build process will be closed.
[2026-06-02T01:43:47.419] [DEBUG] debug-file - session manager: send message to worker process.
[2026-06-02T01:43:47.420] [DEBUG] debug-file - session manager: send message to worker process.
[2026-06-02T01:43:47.419] [DEBUG] debug-file - watch worker: worker id should be larger than 0. Nothing will be sent to any worker thread.
[2026-06-02T01:43:47.420] [DEBUG] debug-file - watch worker: worker id should be larger than 0. Nothing will be sent to any worker thread.
[2026-06-02T02:03:12.898] [DEBUG] debug-file - env: nodejsVersion=v18.20.1
[2026-06-02T02:03:13.000] [DEBUG] debug-file - env: daemon=true
[2026-06-02T02:03:12.899] [DEBUG] debug-file - env: hvigor-config.json5 content = { modelVersion: '5.0.0', dependencies: {} }
[2026-06-02T02:03:13.898] [DEBUG] debug-file - java daemon tryConnect failed Error: connect ECONNREFUSED 127.0.0.1:45050
[2026-06-02T02:03:13.908] [DEBUG] debug-file - java daemon started at port 45050 pid 55240
[2026-06-02T02:03:13.932] [DEBUG] debug-file - session manager: set active socket. socketId=VkGt5kbXgaEMA0KGAAAB
[2026-06-02T02:03:14.743] [DEBUG] debug-file - watch worker: worker id should be larger than 0. Nothing will be sent to any worker thread.
[2026-06-02T02:03:14.746] [DEBUG] debug-file - Since there is no instance or instance is terminated, create a new worker pool.
[2026-06-02T02:03:14.747] [DEBUG] debug-file - Worker pool is initialized with config:  {
  minPoolNum: 2,
  maxPoolNum: undefined,
  maxCoreSize: undefined,
  cacheCapacity: undefined,
  cacheTtl: undefined
}
[2026-06-02T02:03:14.748] [DEBUG] debug-file - Create  resident worker with id: 0.
[2026-06-02T02:03:14.751] [DEBUG] debug-file - Create  resident worker with id: 1.
[2026-06-02T02:03:14.753] [DEBUG] debug-file - Workers' log level updated to INFO
[2026-06-02T02:03:14.761] [DEBUG] debug-file - Hvigor init with startParameters:{
  hvigorfileTypeCheck: false,
  parallelExecution: true,
  incrementalExecution: true,
  printStackTrace: false,
  daemon: true,
  analyze: 0,
  logLevel: Level { level: 20000, levelStr: 'INFO', colour: 'green' },
  optimizationStrategy: 'memory',
  hotCompile: undefined,
  hotReloadBuild: undefined,
  customizedParam: undefined
}
[2026-06-02T02:03:14.765] [DEBUG] debug-file - Cache service initialization finished in 4 ms 
[2026-06-02T02:03:14.768] [DEBUG] debug-file - hvigorfile, resolving D:\HUAWEI\lab4\AirShare\hvigorfile.ts
[2026-06-02T02:03:16.651] [DEBUG] debug-file - hvigorfile, require result:  { default: { plugins: [] } }
[2026-06-02T02:03:16.652] [DEBUG] debug-file - hvigorfile, binding system plugins null
[2026-06-02T02:03:16.652] [DEBUG] debug-file - Starting plugin build process
[2026-06-02T02:03:16.652] [DEBUG] debug-file - App plugin prepare start...
[2026-06-02T02:03:16.652] [DEBUG] debug-file - App plugin prepare end...
[2026-06-02T02:03:16.652] [DEBUG] debug-file - App plugin creating...
[2026-06-02T02:03:16.819] [DEBUG] debug-file - App plugin register hook start...
[2026-06-02T02:03:16.819] [DEBUG] debug-file - App plugin register hook end...
[2026-06-02T02:03:16.820] [DEBUG] debug-file - Plugin build process completed
[2026-06-02T02:03:16.821] [DEBUG] debug-file - Start initialize project's product build option map with build mode debug.
[2026-06-02T02:03:16.821] [DEBUG] debug-file - Picking option from product 'default' with build mode 'debug'.
[2026-06-02T02:03:16.821] [DEBUG] debug-file - Product 'default' build option initialized
[2026-06-02T02:03:16.821] [DEBUG] debug-file - End initialize project's product build option map with build mode 'debug'.
[2026-06-02T02:03:16.823] [DEBUG] debug-file - Obtain build option for product 'default'in this build.
[2026-06-02T02:03:16.825] [DEBUG] debug-file - No signingConfig found, initRemoteHspCache failed.
[2026-06-02T02:03:16.827] [DEBUG] debug-file - Local scan or download HarmonyOS sdk components toolchains,ets,js,native,previewer
[2026-06-02T02:03:16.829] [DEBUG] debug-file - Local scan or download hmscore sdk components toolchains,ets,native
[2026-06-02T02:03:16.831] [DEBUG] debug-file - Start recording SDK configuration permission data.
[2026-06-02T02:03:16.862] [DEBUG] debug-file - Sdk init in 37 ms 
[2026-06-02T02:03:16.867] [DEBUG] debug-file - Project task initialization takes 4 ms 
[2026-06-02T02:03:16.868] [DEBUG] debug-file - hvigorfile, binding custom plugins []
[2026-06-02T02:03:16.868] [DEBUG] debug-file - hvigorfile, no custom plugins were found in D:\HUAWEI\lab4\AirShare\hvigorfile.ts
[2026-06-02T02:03:16.868] [DEBUG] debug-file - hvigorfile, resolve finished D:\HUAWEI\lab4\AirShare\hvigorfile.ts
[2026-06-02T02:03:16.868] [DEBUG] debug-file - hvigorfile, resolving D:\HUAWEI\lab4\AirShare\entry\hvigorfile.ts
[2026-06-02T02:03:16.873] [DEBUG] debug-file - hvigorfile, require result:  { default: { plugins: [] } }
[2026-06-02T02:03:16.873] [DEBUG] debug-file - hvigorfile, binding system plugins null
[2026-06-02T02:03:16.874] [DEBUG] debug-file - Starting plugin build process
[2026-06-02T02:03:16.874] [DEBUG] debug-file - Hap plugin creating...
[2026-06-02T02:03:16.875] [DEBUG] debug-file - failed to load cangjie to dynamically generate schemas: Error: Cannot find module '@ohos/cangjie-build-support/index'
Require stack:
- D:\HUAWEI\DevEco\DevEco Studio\tools\hvigor\hvigor-ohos-plugin\src\plugin\hooks\cangjie-register.js
- D:\HUAWEI\DevEco\DevEco Studio\tools\hvigor\hvigor-ohos-plugin\src\plugin\strategy\stage-init-strategy.js
- D:\HUAWEI\DevEco\DevEco Studio\tools\hvigor\hvigor-ohos-plugin\src\plugin\builder\abstract-plugin-builder.js
- D:\HUAWEI\DevEco\DevEco Studio\tools\hvigor\hvigor-ohos-plugin\src\plugin\builder\app-plugin-builder.js
- D:\HUAWEI\DevEco\DevEco Studio\tools\hvigor\hvigor-ohos-plugin\src\plugin\factory\plugin-factory.js
- D:\HUAWEI\DevEco\DevEco Studio\tools\hvigor\hvigor-ohos-plugin\index.js
- D:\HUAWEI\lab4\AirShare\hvigorfile.ts
- D:\HUAWEI\DevEco\DevEco Studio\tools\hvigor\hvigor\src\base\internal\lifecycle\configuration.js
- D:\HUAWEI\DevEco\DevEco Studio\tools\hvigor\hvigor\src\base\boot\index.js
- D:\HUAWEI\DevEco\DevEco Studio\tools\hvigor\hvigor\src\base\daemon\cluster\worker-process-lifecycle.js
- D:\HUAWEI\DevEco\DevEco Studio\tools\hvigor\hvigor\src\base\daemon\process\daemon-process-boot-script.js
[2026-06-02T02:03:16.887] [DEBUG] debug-file - Start initialize module-target build option map, moduleName=entry, buildMode=debug
[2026-06-02T02:03:16.887] [DEBUG] debug-file - Target 'default' config initialized
[2026-06-02T02:03:16.888] [DEBUG] debug-file - Module 'entry' target 'default' build option initialized
[2026-06-02T02:03:16.888] [DEBUG] debug-file - End initialize module-target build option map, moduleName=entry
[2026-06-02T02:03:16.888] [DEBUG] debug-file - Start initialize module-target build option map, moduleName=entry, buildMode=release
[2026-06-02T02:03:16.888] [DEBUG] debug-file - Target 'default' config initialized
[2026-06-02T02:03:16.889] [DEBUG] debug-file - Module 'entry' target 'default' build option initialized
[2026-06-02T02:03:16.889] [DEBUG] debug-file - End initialize module-target build option map, moduleName=entry
[2026-06-02T02:03:16.889] [DEBUG] debug-file - Start initialize module-target build option map, moduleName=entry, buildMode=debug
[2026-06-02T02:03:16.889] [DEBUG] debug-file - Target 'default' config initialized
[2026-06-02T02:03:16.889] [DEBUG] debug-file - Module 'entry' target 'default' build option initialized
[2026-06-02T02:03:16.889] [DEBUG] debug-file - End initialize module-target build option map, moduleName=entry
[2026-06-02T02:03:16.889] [DEBUG] debug-file - Obtain build option for module 'entry' target 'default'in this build.
[2026-06-02T02:03:16.894] [DEBUG] debug-file - Module entry task initialization takes 4 ms 
[2026-06-02T02:03:16.894] [DEBUG] debug-file - Hap plugin register hook start...
[2026-06-02T02:03:16.894] [DEBUG] debug-file - Hap plugin register hook end...
[2026-06-02T02:03:16.894] [DEBUG] debug-file - Plugin build process completed
[2026-06-02T02:03:16.894] [DEBUG] debug-file - hvigorfile, binding custom plugins []
[2026-06-02T02:03:16.894] [DEBUG] debug-file - hvigorfile, no custom plugins were found in D:\HUAWEI\lab4\AirShare\entry\hvigorfile.ts
[2026-06-02T02:03:16.894] [DEBUG] debug-file - hvigorfile, resolve finished D:\HUAWEI\lab4\AirShare\entry\hvigorfile.ts
[2026-06-02T02:03:16.912] [DEBUG] debug-file - hvigorfile, resolve hvigorfile dependencies in 18 ms 
[2026-06-02T02:03:16.912] [DEBUG] debug-file - project has submodules:entry
[2026-06-02T02:03:16.914] [DEBUG] debug-file - start to load updatedOhPackageInfo to the disk
[2026-06-02T02:03:16.921] [DEBUG] debug-file - load to the disk finished
[2026-06-02T02:03:16.921] [DEBUG] debug-file - Start to initialize dependency information.
[2026-06-02T02:03:16.923] [DEBUG] debug-file - Module AirShare Collected Dependency: 
[2026-06-02T02:03:16.923] [DEBUG] debug-file - Module AirShare's total dependency: 0
[2026-06-02T02:03:16.924] [DEBUG] debug-file - Start to initialize dependency information.
[2026-06-02T02:03:16.927] [DEBUG] debug-file - Module entry Collected Dependency: 
[2026-06-02T02:03:16.927] [DEBUG] debug-file - Module entry's total dependency: 0
[2026-06-02T02:03:16.930] [DEBUG] debug-file - Configuration phase cost:2 s 165 ms 
[2026-06-02T02:03:16.932] [DEBUG] debug-file - Configuration task cost before running: 2 s 180 ms 
[2026-06-02T02:03:16.938] [DEBUG] debug-file - Executing task :entry:default@PreBuild
[2026-06-02T02:03:16.940] [DEBUG] debug-file - Task 'entry:default@PreBuild' cost while wrapping incremental declarations: 1 ms 
[2026-06-02T02:03:16.946] [DEBUG] debug-file - entry:default@PreBuild is not up-to-date, since the task snapshots are different.
[2026-06-02T02:03:16.946] [DEBUG] debug-file - Incremental task entry:default@PreBuild pre-execution cost: 5 ms .
[2026-06-02T02:03:17.051] [DEBUG] debug-file - current product is not Atomic service.
[2026-06-02T02:03:17.051] [DEBUG] debug-file - Use tool [win32: JAVA_HOME, CLASSPATH]
 [
  { JAVA_HOME: 'D:\\HUAWEI\\DevEco\\DevEco Studio\\jbr' },
  { CLASSPATH: undefined }
]
[2026-06-02T02:03:17.052] [DEBUG] debug-file - Use tool [win32: NODE_HOME]
 [ { NODE_HOME: 'D:/HUAWEI/DevEco/DevEco Studio/tools/node' } ]
[2026-06-02T02:03:17.053] [DEBUG] debug-file - entry : default@PreBuild cost memory 6.560516357421875
[2026-06-02T02:03:17.053] [DEBUG] debug-file - runTaskFromQueue task cost before running: 2 s 300 ms 
[2026-06-02T02:03:17.055] [INFO] debug-file - Finished :entry:default@PreBuild... after 115 ms 
[2026-06-02T02:03:17.056] [DEBUG] debug-file - Executing task :entry:default@CreateModuleInfo
[2026-06-02T02:03:17.056] [DEBUG] debug-file - Task 'entry:default@CreateModuleInfo' cost while wrapping incremental declarations: 1 ms 
[2026-06-02T02:03:17.056] [DEBUG] debug-file - entry : default@CreateModuleInfo cost memory 0.0426025390625
[2026-06-02T02:03:17.057] [DEBUG] debug-file - runTaskFromQueue task cost before running: 2 s 304 ms 
[2026-06-02T02:03:17.057] [INFO] debug-file - Finished :entry:default@CreateModuleInfo... after 1 ms 
[2026-06-02T02:03:17.058] [DEBUG] debug-file - Executing task :entry:default@GenerateMetadata
[2026-06-02T02:03:17.059] [DEBUG] debug-file - Task 'entry:default@GenerateMetadata' cost while wrapping incremental declarations: 1 ms 
[2026-06-02T02:03:17.061] [DEBUG] debug-file - Incremental task entry:default@GenerateMetadata pre-execution cost: 2 ms .
[2026-06-02T02:03:17.061] [DEBUG] debug-file - entry : default@GenerateMetadata cost memory 0.08971405029296875
[2026-06-02T02:03:17.061] [INFO] debug-file - UP-TO-DATE :entry:default@GenerateMetadata...  
[2026-06-02T02:03:17.062] [DEBUG] debug-file - Executing task :entry:default@ConfigureCmake
[2026-06-02T02:03:17.062] [DEBUG] debug-file - entry : default@ConfigureCmake cost memory 0.0144805908203125
[2026-06-02T02:03:17.062] [DEBUG] debug-file - runTaskFromQueue task cost before running: 2 s 309 ms 
[2026-06-02T02:03:17.062] [INFO] debug-file - Finished :entry:default@ConfigureCmake... after 1 ms 
[2026-06-02T02:03:17.063] [DEBUG] debug-file - Executing task :entry:default@MergeProfile
[2026-06-02T02:03:17.064] [DEBUG] debug-file - Task 'entry:default@MergeProfile' cost while wrapping incremental declarations: 1 ms 
[2026-06-02T02:03:17.065] [DEBUG] debug-file - Incremental task entry:default@MergeProfile pre-execution cost: 2 ms .
[2026-06-02T02:03:17.065] [DEBUG] debug-file - entry : default@MergeProfile cost memory 0.139190673828125
[2026-06-02T02:03:17.065] [INFO] debug-file - UP-TO-DATE :entry:default@MergeProfile...  
[2026-06-02T02:03:17.067] [DEBUG] debug-file - Executing task :entry:default@CreateBuildProfile
[2026-06-02T02:03:17.067] [DEBUG] debug-file - Task 'entry:default@CreateBuildProfile' cost while wrapping incremental declarations: 1 ms 
[2026-06-02T02:03:17.068] [DEBUG] debug-file - Incremental task entry:default@CreateBuildProfile pre-execution cost: 1 ms .
[2026-06-02T02:03:17.068] [DEBUG] debug-file - entry : default@CreateBuildProfile cost memory 0.09555816650390625
[2026-06-02T02:03:17.068] [INFO] debug-file - UP-TO-DATE :entry:default@CreateBuildProfile...  
[2026-06-02T02:03:17.069] [DEBUG] debug-file - Executing task :entry:default@PreCheckSyscap
[2026-06-02T02:03:17.070] [DEBUG] debug-file - entry : default@PreCheckSyscap cost memory 0.01471710205078125
[2026-06-02T02:03:17.070] [DEBUG] debug-file - runTaskFromQueue task cost before running: 2 s 317 ms 
[2026-06-02T02:03:17.070] [INFO] debug-file - Finished :entry:default@PreCheckSyscap... after 1 ms 
[2026-06-02T02:03:17.072] [DEBUG] debug-file - Executing task :entry:default@GeneratePkgContextInfo
[2026-06-02T02:03:17.078] [DEBUG] debug-file - Task 'entry:default@GeneratePkgContextInfo' cost while wrapping incremental declarations: 1 ms 
[2026-06-02T02:03:17.079] [DEBUG] debug-file - Incremental task entry:default@GeneratePkgContextInfo pre-execution cost: 1 ms .
[2026-06-02T02:03:17.079] [DEBUG] debug-file - entry : default@GeneratePkgContextInfo cost memory 0.4822540283203125
[2026-06-02T02:03:17.079] [INFO] debug-file - UP-TO-DATE :entry:default@GeneratePkgContextInfo...  
[2026-06-02T02:03:17.082] [DEBUG] debug-file - Executing task :entry:default@ProcessIntegratedHsp
[2026-06-02T02:03:17.083] [DEBUG] debug-file - entry:default@ProcessIntegratedHsp is not up-to-date, since the output file 'D:\HUAWEI\lab4\AirShare\build\cache\default\integrated_hsp\integratedHspCache.json' does not exist.
[2026-06-02T02:03:17.083] [DEBUG] debug-file - Incremental task entry:default@ProcessIntegratedHsp pre-execution cost: 1 ms .
[2026-06-02T02:03:17.083] [DEBUG] debug-file - entry : default@ProcessIntegratedHsp cost memory 0.05764007568359375
[2026-06-02T02:03:17.083] [DEBUG] debug-file - runTaskFromQueue task cost before running: 2 s 330 ms 
[2026-06-02T02:03:17.083] [INFO] debug-file - Finished :entry:default@ProcessIntegratedHsp... after 1 ms 
[2026-06-02T02:03:17.084] [DEBUG] debug-file - Executing task :entry:default@BuildNativeWithCmake
[2026-06-02T02:03:17.084] [DEBUG] debug-file - entry : default@BuildNativeWithCmake cost memory 0.014862060546875
[2026-06-02T02:03:17.084] [DEBUG] debug-file - runTaskFromQueue task cost before running: 2 s 332 ms 
[2026-06-02T02:03:17.085] [INFO] debug-file - Finished :entry:default@BuildNativeWithCmake... after 1 ms 
[2026-06-02T02:03:17.086] [DEBUG] debug-file - Executing task :entry:default@MakePackInfo
[2026-06-02T02:03:17.087] [DEBUG] debug-file - Incremental task entry:default@MakePackInfo pre-execution cost: 2 ms .
[2026-06-02T02:03:17.087] [DEBUG] debug-file - entry : default@MakePackInfo cost memory 0.1157379150390625
[2026-06-02T02:03:17.089] [INFO] debug-file - UP-TO-DATE :entry:default@MakePackInfo...  
[2026-06-02T02:03:17.090] [DEBUG] debug-file - Executing task :entry:default@SyscapTransform
[2026-06-02T02:03:17.090] [DEBUG] debug-file - File: 'D:\HUAWEI\lab4\AirShare\entry\src\main\syscap.json' from 'sysCapJsonPath' is not exists, just ignore.
[2026-06-02T02:03:17.091] [DEBUG] debug-file - Task 'entry:default@SyscapTransform' cost while wrapping incremental declarations: 1 ms 
[2026-06-02T02:03:17.104] [DEBUG] debug-file - entry:default@SyscapTransform is not up-to-date, since the output file 'D:\HUAWEI\lab4\AirShare\entry\build\default\intermediates\syscap\default\rpcid.sc' does not exist.
[2026-06-02T02:03:17.104] [DEBUG] debug-file - Incremental task entry:default@SyscapTransform pre-execution cost: 14 ms .
[2026-06-02T02:03:17.105] [DEBUG] debug-file - entry : default@SyscapTransform cost memory 0.15764617919921875
[2026-06-02T02:03:17.105] [DEBUG] debug-file - runTaskFromQueue task cost before running: 2 s 352 ms 
[2026-06-02T02:03:17.105] [INFO] debug-file - Finished :entry:default@SyscapTransform... after 15 ms 
[2026-06-02T02:03:17.107] [DEBUG] debug-file - Executing task :entry:default@ProcessProfile
[2026-06-02T02:03:17.108] [DEBUG] debug-file - Task 'entry:default@ProcessProfile' cost while wrapping incremental declarations: 1 ms 
[2026-06-02T02:03:17.109] [DEBUG] debug-file - Incremental task entry:default@ProcessProfile pre-execution cost: 1 ms .
[2026-06-02T02:03:17.109] [DEBUG] debug-file - entry : default@ProcessProfile cost memory 0.3833770751953125
[2026-06-02T02:03:17.109] [INFO] debug-file - UP-TO-DATE :entry:default@ProcessProfile...  
[2026-06-02T02:03:17.110] [DEBUG] debug-file - Executing task :entry:default@ProcessRouterMap
[2026-06-02T02:03:17.112] [DEBUG] debug-file - Incremental task entry:default@ProcessRouterMap pre-execution cost: 2 ms .
[2026-06-02T02:03:17.112] [DEBUG] debug-file - entry : default@ProcessRouterMap cost memory 0.16031646728515625
[2026-06-02T02:03:17.113] [INFO] debug-file - UP-TO-DATE :entry:default@ProcessRouterMap...  
[2026-06-02T02:03:17.114] [DEBUG] debug-file - Executing task :entry:default@ProcessShareConfig
[2026-06-02T02:03:17.115] [DEBUG] debug-file - Incremental task entry:default@ProcessShareConfig pre-execution cost: 1 ms .
[2026-06-02T02:03:17.115] [DEBUG] debug-file - entry : default@ProcessShareConfig cost memory 0.13399505615234375
[2026-06-02T02:03:17.115] [INFO] debug-file - UP-TO-DATE :entry:default@ProcessShareConfig...  
[2026-06-02T02:03:17.116] [DEBUG] debug-file - Executing task :entry:default@ProcessStartupConfig
[2026-06-02T02:03:17.116] [DEBUG] debug-file - Task 'entry:default@ProcessStartupConfig' cost while wrapping incremental declarations: 1 ms 
[2026-06-02T02:03:17.117] [DEBUG] debug-file - entry:default@ProcessStartupConfig is not up-to-date, since the output file 'D:\HUAWEI\lab4\AirShare\entry\build\default\intermediates\startup\default\startup_config.json' does not exist.
[2026-06-02T02:03:17.117] [DEBUG] debug-file - Incremental task entry:default@ProcessStartupConfig pre-execution cost: 1 ms .
[2026-06-02T02:03:17.118] [DEBUG] debug-file - entry : default@ProcessStartupConfig cost memory 0.12859344482421875
[2026-06-02T02:03:17.118] [DEBUG] debug-file - runTaskFromQueue task cost before running: 2 s 366 ms 
[2026-06-02T02:03:17.119] [INFO] debug-file - Finished :entry:default@ProcessStartupConfig... after 3 ms 
[2026-06-02T02:03:17.120] [DEBUG] debug-file - Executing task :entry:default@BuildNativeWithNinja
[2026-06-02T02:03:17.121] [DEBUG] debug-file - entry : default@BuildNativeWithNinja cost memory 0.02089691162109375
[2026-06-02T02:03:17.121] [DEBUG] debug-file - runTaskFromQueue task cost before running: 2 s 368 ms 
[2026-06-02T02:03:17.121] [INFO] debug-file - Finished :entry:default@BuildNativeWithNinja... after 1 ms 
[2026-06-02T02:03:17.122] [DEBUG] debug-file - restool module names: entry; moduleName=entry, taskName=default@ProcessResource
[2026-06-02T02:03:17.124] [DEBUG] debug-file - Executing task :entry:default@ProcessResource
[2026-06-02T02:03:17.124] [DEBUG] debug-file - Task 'entry:default@ProcessResource' cost while wrapping incremental declarations: 1 ms 
[2026-06-02T02:03:17.125] [DEBUG] debug-file - Incremental task entry:default@ProcessResource pre-execution cost: 1 ms .
[2026-06-02T02:03:17.125] [DEBUG] debug-file - entry : default@ProcessResource cost memory 0.12799835205078125
[2026-06-02T02:03:17.126] [INFO] debug-file - UP-TO-DATE :entry:default@ProcessResource...  
[2026-06-02T02:03:17.128] [DEBUG] debug-file - Executing task :entry:default@GenerateLoaderJson
[2026-06-02T02:03:17.129] [DEBUG] debug-file - Task 'entry:default@GenerateLoaderJson' cost while wrapping incremental declarations: 1 ms 
[2026-06-02T02:03:17.134] [DEBUG] debug-file - Incremental task entry:default@GenerateLoaderJson pre-execution cost: 3 ms .
[2026-06-02T02:03:17.134] [DEBUG] debug-file - entry : default@GenerateLoaderJson cost memory 0.4906158447265625
[2026-06-02T02:03:17.137] [INFO] debug-file - UP-TO-DATE :entry:default@GenerateLoaderJson...  
[2026-06-02T02:03:17.138] [DEBUG] debug-file - Executing task :entry:default@ProcessLibs
[2026-06-02T02:03:17.140] [DEBUG] debug-file - Incremental task entry:default@ProcessLibs pre-execution cost: 1 ms .
[2026-06-02T02:03:17.140] [DEBUG] debug-file - entry : default@ProcessLibs cost memory 0.10028076171875
[2026-06-02T02:03:17.140] [INFO] debug-file - UP-TO-DATE :entry:default@ProcessLibs...  
[2026-06-02T02:03:17.141] [DEBUG] debug-file - restool module names: entry; moduleName=entry, taskName=default@CompileResource
[2026-06-02T02:03:17.142] [DEBUG] debug-file - Executing task :entry:default@CompileResource
[2026-06-02T02:03:17.145] [DEBUG] debug-file - entry:default@CompileResource is not up-to-date, since the input file 'D:\HUAWEI\lab4\AirShare\entry\src\main\resources' has been changed.
[2026-06-02T02:03:17.145] [DEBUG] debug-file - Incremental task entry:default@CompileResource pre-execution cost: 3 ms .
[2026-06-02T02:03:17.149] [DEBUG] debug-file - Use tool [D:\HUAWEI\DevEco\DevEco Studio\sdk\default\openharmony\toolchains\restool.exe]
 [
  'D:\\HUAWEI\\DevEco\\DevEco Studio\\sdk\\default\\openharmony\\toolchains\\restool.exe',
  '-l',
  'D:\\HUAWEI\\lab4\\AirShare\\entry\\build\\default\\intermediates\\res\\default\\resConfig.json'
]
[2026-06-02T02:03:17.150] [DEBUG] debug-file - current process  memoryUsage: {
  rss: 270397440,
  heapTotal: 165703680,
  heapUsed: 142665288,
  external: 2999869,
  arrayBuffers: 98632
} os memoryUsage :21.74285125732422
[2026-06-02T02:03:17.212] [DEBUG] debug-file - Info: Pack: normal pack mode

[2026-06-02T02:03:17.255] [DEBUG] debug-file - Info: hardware concurrency count is : 20
Info: thread count is : 20

[2026-06-02T02:03:17.256] [DEBUG] debug-file - Info: thread pool is started
Info: GenericCompiler::CompileFiles

[2026-06-02T02:03:17.259] [DEBUG] debug-file - Info: GenericCompiler::CompileFiles

[2026-06-02T02:03:17.260] [DEBUG] debug-file - Info: GenericCompiler::CompileFiles

[2026-06-02T02:03:17.265] [DEBUG] debug-file - 06-02 02:03:17.265 35736 88112 E C01400/ImageTranscoderUtils: DecodeToRGBA IN
06-02 02:03:17.265 35736 88112 E C01400/ImageTranscoderUtils: ImageFilter IN D:\HUAWEI\lab4\AirShare\AppScope\resources\base\media\app_icon.png

[2026-06-02T02:03:17.266] [DEBUG] debug-file - 06-02 02:03:17.266 35736 88112 E C01400/ImageTranscoder: TranscodeSLR Only zoom-out is supported.

[2026-06-02T02:03:17.266] [DEBUG] debug-file - Warning: ScaleImage failed, error message: INVALID_PARAMETERS, file path = D:\HUAWEI\lab4\AirShare\AppScope\resources\base\media\app_icon.png

[2026-06-02T02:03:17.267] [DEBUG] debug-file - 06-02 02:03:17.267 35736 88112 E C01400/ImageTranscoderUtils: DecodeToRGBA IN
06-02 02:03:17.267 35736 88112 E C01400/ImageTranscoderUtils: ImageFilter IN D:\HUAWEI\lab4\AirShare\entry\src\main\resources\base\media\icon.png

[2026-06-02T02:03:17.268] [DEBUG] debug-file - 06-02 02:03:17.268 35736 88112 E C01400/ImageTranscoder: TranscodeSLR Only zoom-out is supported.

[2026-06-02T02:03:17.268] [DEBUG] debug-file - Warning: ScaleImage failed, error message: INVALID_PARAMETERS, file path = D:\HUAWEI\lab4\AirShare\entry\src\main\resources\base\media\icon.png

[2026-06-02T02:03:17.269] [DEBUG] debug-file - Warning: The width or height of the png file referenced by the icon exceeds the limit (41 pixels)
at D:\HUAWEI\lab4\AirShare\AppScope\resources\base\media\app_icon.png

[2026-06-02T02:03:17.269] [DEBUG] debug-file - Warning: The width or height of the png file referenced by the icon exceeds the limit (41 pixels)
at D:\HUAWEI\lab4\AirShare\entry\src\main\resources\base\media\icon.png
Warning: The width or height of the png file referenced by the startWindowIcon exceeds the limit (144 pixels)
at D:\HUAWEI\lab4\AirShare\entry\src\main\resources\base\media\icon.png

[2026-06-02T02:03:17.271] [DEBUG] debug-file - Info: restool resources compile success.

[2026-06-02T02:03:17.272] [DEBUG] debug-file - Info: thread pool is stopped

[2026-06-02T02:03:17.331] [DEBUG] debug-file - entry : default@CompileResource cost memory -6.441001892089844
[2026-06-02T02:03:17.331] [DEBUG] debug-file - runTaskFromQueue task cost before running: 2 s 579 ms 
[2026-06-02T02:03:17.332] [INFO] debug-file - Finished :entry:default@CompileResource... after 190 ms 
[2026-06-02T02:03:17.333] [DEBUG] debug-file - Executing task :entry:default@DoNativeStrip
[2026-06-02T02:03:17.333] [DEBUG] debug-file - Task 'entry:default@DoNativeStrip' cost while wrapping incremental declarations: 1 ms 
[2026-06-02T02:03:17.334] [DEBUG] debug-file - Incremental task entry:default@DoNativeStrip pre-execution cost: 1 ms .
[2026-06-02T02:03:17.334] [DEBUG] debug-file - entry : default@DoNativeStrip cost memory 0.07765960693359375
[2026-06-02T02:03:17.334] [INFO] debug-file - UP-TO-DATE :entry:default@DoNativeStrip...  
[2026-06-02T02:03:17.336] [DEBUG] debug-file - Executing task :entry:default@CompileArkTS
[2026-06-02T02:03:17.336] [DEBUG] debug-file - obfuscationOptions: undefined
[2026-06-02T02:03:17.338] [DEBUG] debug-file - Task 'entry:default@CompileArkTS' cost while wrapping incremental declarations: 1 ms 
[2026-06-02T02:03:17.342] [DEBUG] debug-file - entry:default@CompileArkTS is not up-to-date, since the input file 'D:\HUAWEI\lab4\AirShare\entry\build\default\intermediates\res\default\resources\rawfile' has been changed.
[2026-06-02T02:03:17.342] [DEBUG] debug-file - Incremental task entry:default@CompileArkTS pre-execution cost: 3 ms .
[2026-06-02T02:03:17.353] [DEBUG] debug-file - build config:
[2026-06-02T02:03:17.354] [DEBUG] debug-file - {
  moduleType: 'entry',
  perf: 0,
  targetName: '.default',
  packageManagerType: 'ohpm',
  localPropertiesPath: 'D:\\HUAWEI\\lab4\\AirShare\\local.properties',
  isPreview: false,
  isOhosTest: false,
  isLocalTest: false,
  buildMode: 'Debug',
  hotReloadBuild: undefined,
  watchMode: 'false',
  aceProfilePath: 'D:\\HUAWEI\\lab4\\AirShare\\entry\\build\\default\\intermediates\\res\\default\\resources\\base\\profile',
  etsLoaderPath: 'D:\\HUAWEI\\DevEco\\DevEco Studio\\sdk\\default\\openharmony\\ets\\build-tools\\ets-loader',
  modulePath: 'D:\\HUAWEI\\lab4\\AirShare\\entry',
  testFrameworkPar: {
    testMode: undefined,
    coveragePathFilter: undefined,
    coverageMode: undefined
  },
  needCoverageInsert: false,
  debugLine: false,
  projectTopDir: 'D:\\HUAWEI\\lab4\\AirShare',
  compileSdkVersion: 22,
  compatibleSdkVersion: 12,
  originCompatibleSdkVersion: '5.0.0(12)',
  compatibleSdkVersionStage: 'beta1',
  bundleName: 'c***p',
  etsLoaderVersion: '6.0.2.130',
  etsLoaderReleaseType: 'Release',
  aotCompileMode: 'type',
  apPath: 'D:\\HUAWEI\\lab4\\AirShare\\entry\\modules.ap',
  entryModuleName: 'entry',
  entryModuleVersion: '1.0.0',
  entryPackageName: 'entry',
  allModuleNameHash: '57f7d6d59fcbe9af73cc212fa1d411f82d9ab1db01b0f9a8f027e374097c4c31',
  externalApiPaths: [ 'D:\\HUAWEI\\DevEco\\DevEco Studio\\sdk\\default\\hms\\ets' ],
  compilerTypes: [],
  isCrossplatform: false,
  hvigorPluginFile: undefined,
  compilePluginPath: undefined,
  buildGeneratedProfilePath: 'D:\\HUAWEI\\lab4\\AirShare\\entry\\build\\default\\generated\\profile\\default',
  bundleType: 'app',
  arkTSVersion: undefined,
  apiVersion: 22,
  needCompleteSourcesMap: false,
  isFaMode: false,
  buildDir: 'D:\\HUAWEI\\lab4\\AirShare\\entry\\build',
  deviceTypes: [ 'phone', 'tablet', '2in1' ],
  pkgContextInfo: {
    entry: {
      packageName: 'entry',
      bundleName: '*****',
      moduleName: '',
      version: '',
      entryPath: 'src/main/',
      isSO: false,
      dependencyAlias: ''
    }
  },
  ohPackagePathMap: {},
  dependencyAliasMap: {},
  permission: {
    requestPermissions: [ [Object], [Object], [Object], [Object] ],
    definePermissions: undefined
  },
  useGetCurrentBundleName: false,
  projectArkOption: undefined,
  sourceMapDir: undefined,
  branchElimination: false,
  transformLib: undefined,
  tsImportSendable: false,
  resolveConflictMode: true,
  depName2RootPath: {},
  depName2DepInfo: {},
  rootPathSet: [ 'D:\\HUAWEI\\lab4\\AirShare' ],
  useNativeResolver: true,
  shouldEmitJs: true,
  useTscResolve: false,
  singleFileEmit: false,
  userProjectConfig: {
    autoLazyImport: false,
    allowEmptyBundleName: false,
    reExportCheckMode: 'noCheck',
    executionMode: 'memory',
    usePathPlaceholder: false,
    writeRollupCache: true,
    isExpandImportEnabled: false,
    expandImportExclude: '',
    lazyImportExclude: '',
    lazyImportInclude: '',
    ignoreCrossplatformCheck: false,
    isHarDeduplicateEnabled: false,
    skipOhModulesLint: false,
    enableStrictCheckOHModule: false,
    disableSendableCheckRules: [],
    useDeclarationFileSignature: false,
    customizedOptions: undefined,
    integratedHsp: false,
    isPreloadSoEnabled: false
  },
  executionMode: 'memory',
  arkCompileCachePath: 'D:\\HUAWEI\\lab4\\AirShare\\entry\\build\\default\\cache\\default\\default@CompileArkTS\\esmodule',
  autoLazyFilter: undefined,
  isHarDeduplicateEnabled: false,
  intermediateHarDuplicateDirPath: 'D:\\HUAWEI\\lab4\\AirShare\\entry\\build\\default\\intermediates\\har_duplicate\\default',
  autoLazyImport: false,
  allowEmptyBundleName: false,
  reExportCheckMode: 'noCheck',
  usePathPlaceholder: false,
  writeRollupCache: true,
  isExpandImportEnabled: false,
  expandImportExclude: '',
  lazyImportExclude: '',
  lazyImportInclude: '',
  ignoreCrossplatformCheck: false,
  skipOhModulesLint: false,
  enableStrictCheckOHModule: false,
  disableSendableCheckRules: [],
  useDeclarationFileSignature: false,
  customizedOptions: undefined,
  integratedHsp: false,
  isPreloadSoEnabled: false,
  strictMode: { useNormalizedOHMUrl: true, noExternalImportByPath: true },
  useNormalizedOHMUrl: true,
  caseSensitiveCheck: false,
  aceModuleJsonPath: 'D:\\HUAWEI\\lab4\\AirShare\\entry\\build\\default\\intermediates\\res\\default\\ark_module.json',
  appResource: 'D:\\HUAWEI\\lab4\\AirShare\\entry\\build\\default\\intermediates\\res\\default\\ResourceTable.txt',
  rawFileResource: 'D:\\HUAWEI\\lab4\\AirShare\\entry\\build\\default\\intermediates\\res\\default\\resources\\rawfile',
  resourceTableHash: 'cc27da0a2c4f7970ecf8c577f6f16b68d7b0a8c328e56c6ff0242c9adf2bd6c0',
  runtimeOS: 'HarmonyOS',
  sdkInfo: 'false:22:6.0.2.130:Release',
  aceModuleRoot: 'D:\\HUAWEI\\lab4\\AirShare\\entry\\src\\main\\ets',
  compileMode: 'esmodule',
  aceSuperVisualPath: 'D:\\HUAWEI\\lab4\\AirShare\\entry\\src\\main\\supervisual',
  aceBuildJson: 'D:\\HUAWEI\\lab4\\AirShare\\entry\\build\\default\\intermediates\\loader\\default\\loader.json',
  cachePath: 'D:\\HUAWEI\\lab4\\AirShare\\entry\\build\\default\\cache\\default\\default@CompileArkTS\\esmodule\\debug',
  aceModuleBuild: 'D:\\HUAWEI\\lab4\\AirShare\\entry\\build\\default\\intermediates\\loader_out\\default\\ets',
  supportChunks: true,
  declaredFilesPath: undefined,
  shouldCollectDirectImportees: false,
  isByteCodeHarOptimize: false,
  expandImportPath: undefined,
  pkgNameToPkgBriefInfo: {
    entry: {
      pkgRoot: 'D:\\HUAWEI\\lab4\\AirShare\\entry',
      originalSourceRoots: undefined,
      sourceRoots: [Array],
      pkgName: 'entry'
    }
  },
  projectModel: {
    'D:\\HUAWEI\\lab4\\AirShare\\entry\\src\\main': {
      moduleName: 'entry',
      modulePkgPath: 'D:\\HUAWEI\\lab4\\AirShare\\entry',
      belongProjectPath: 'D:\\HUAWEI\\lab4\\AirShare'
    },
    'D:\\HUAWEI\\lab4\\AirShare\\entry': {
      moduleName: 'entry',
      modulePkgPath: 'D:\\HUAWEI\\lab4\\AirShare\\entry',
      belongProjectPath: 'D:\\HUAWEI\\lab4\\AirShare'
    },
    'D:\\HUAWEI\\lab4\\AirShare': {
      moduleName: 'AirShare',
      modulePkgPath: 'D:\\HUAWEI\\lab4\\AirShare',
      belongProjectPath: 'D:\\HUAWEI\\lab4\\AirShare'
    }
  },
  pkgJsonFileHash: '001aef831413c115bbc674b1659d70caa0e432fb8e5f79e454ca852c17775c16',
  allModulePaths: [ 'D:\\HUAWEI\\lab4\\AirShare\\entry' ],
  routerMap: {},
  obfuscationOptions: undefined,
  byteCodeHarToDependencyKeys: undefined,
  compileBlockPkg: [],
  mockParams: {
    decorator: '@MockSetup',
    packageName: '@ohos/hamock',
    etsSourceRootPath: 'src/main/ets',
    mockConfigPath: undefined,
    mockConfigKey2ModuleInfo: {},
    source2ModuleIdMap: {}
  },
  copyCodeResourceEnable: true,
  copyCodeResourceExcludes: [],
  copyCodeResourceIncludes: undefined,
  uiTransformOptimization: false,
  sdkPath: 'D:/HUAWEI/DevEco/DevEco Studio/sdk',
  needPreloadSoFileSet: {},
  preloadSoFilePath: 'D:\\HUAWEI\\lab4\\AirShare\\entry\\build\\default\\intermediates\\preload\\default\\preload.json',
  useSourceHash: false,
  localModuleParamMap: {},
  otherPaths: {
    'entry/*': [
      '..\\*',
      '..\\..\\..\\build\\default\\generated\\profile\\default\\*'
    ]
  },
  collectImportersConfig: undefined
}
[2026-06-02T02:03:17.355] [DEBUG] debug-file - Compile arkts with external api path: D:\HUAWEI\DevEco\DevEco Studio\sdk\default\hms\ets
[2026-06-02T02:03:17.357] [DEBUG] debug-file - default@CompileArkTS work[0] is submitted.
[2026-06-02T02:03:17.358] [DEBUG] debug-file - default@CompileArkTS work[0] is pushed to ready queue.
[2026-06-02T02:03:17.358] [DEBUG] debug-file - A work dispatched to worker[19] failed because unable to get work from ready queue.
[2026-06-02T02:03:17.358] [DEBUG] debug-file - A work dispatched to worker[18] failed because unable to get work from ready queue.
[2026-06-02T02:03:17.358] [DEBUG] debug-file - A work dispatched to worker[17] failed because unable to get work from ready queue.
[2026-06-02T02:03:17.358] [DEBUG] debug-file - A work dispatched to worker[16] failed because unable to get work from ready queue.
[2026-06-02T02:03:17.358] [DEBUG] debug-file - A work dispatched to worker[15] failed because unable to get work from ready queue.
[2026-06-02T02:03:17.358] [DEBUG] debug-file - A work dispatched to worker[14] failed because unable to get work from ready queue.
[2026-06-02T02:03:17.358] [DEBUG] debug-file - A work dispatched to worker[13] failed because unable to get work from ready queue.
[2026-06-02T02:03:17.358] [DEBUG] debug-file - A work dispatched to worker[12] failed because unable to get work from ready queue.
[2026-06-02T02:03:17.358] [DEBUG] debug-file - A work dispatched to worker[11] failed because unable to get work from ready queue.
[2026-06-02T02:03:17.358] [DEBUG] debug-file - A work dispatched to worker[10] failed because unable to get work from ready queue.
[2026-06-02T02:03:17.358] [DEBUG] debug-file - A work dispatched to worker[9] failed because unable to get work from ready queue.
[2026-06-02T02:03:17.358] [DEBUG] debug-file - A work dispatched to worker[8] failed because unable to get work from ready queue.
[2026-06-02T02:03:17.358] [DEBUG] debug-file - A work dispatched to worker[7] failed because unable to get work from ready queue.
[2026-06-02T02:03:17.358] [DEBUG] debug-file - A work dispatched to worker[6] failed because unable to get work from ready queue.
[2026-06-02T02:03:17.358] [DEBUG] debug-file - A work dispatched to worker[5] failed because unable to get work from ready queue.
[2026-06-02T02:03:17.358] [DEBUG] debug-file - Create  resident worker with id: 4.
[2026-06-02T02:03:17.359] [DEBUG] debug-file - default@CompileArkTS work[0] has been dispatched to worker[4].
[2026-06-02T02:03:17.359] [DEBUG] debug-file - default@CompileArkTS work[0] is dispatched.
[2026-06-02T02:03:17.359] [DEBUG] debug-file - CopyResources startTime: 1632723325257900
[2026-06-02T02:03:17.360] [DEBUG] debug-file - default@CompileArkTS work[1] is submitted.
[2026-06-02T02:03:17.360] [DEBUG] debug-file - default@CompileArkTS work[1] is pushed to ready queue.
[2026-06-02T02:03:17.360] [DEBUG] debug-file - A work dispatched to worker[19] failed because unable to get work from ready queue.
[2026-06-02T02:03:17.360] [DEBUG] debug-file - Create  resident worker with id: 18.
[2026-06-02T02:03:17.361] [DEBUG] debug-file - default@CompileArkTS work[1] has been dispatched to worker[18].
[2026-06-02T02:03:17.361] [DEBUG] debug-file - default@CompileArkTS work[1] is dispatched.
[2026-06-02T02:03:17.362] [DEBUG] debug-file - entry : default@CompileArkTS cost memory 1.80731201171875
[2026-06-02T02:03:17.364] [DEBUG] debug-file - Executing task :entry:default@BuildJS
[2026-06-02T02:03:17.364] [DEBUG] debug-file - Task 'entry:default@BuildJS' cost while wrapping incremental declarations: 1 ms 
[2026-06-02T02:03:17.366] [DEBUG] debug-file - entry : default@BuildJS cost memory 0.156341552734375
[2026-06-02T02:03:17.367] [DEBUG] debug-file - runTaskFromQueue task cost before running: 2 s 614 ms 
[2026-06-02T02:03:17.367] [INFO] debug-file - Finished :entry:default@BuildJS... after 3 ms 
[2026-06-02T02:03:17.368] [DEBUG] debug-file - Executing task :entry:default@CacheNativeLibs
[2026-06-02T02:03:17.368] [DEBUG] debug-file - Task 'entry:default@CacheNativeLibs' cost while wrapping incremental declarations: 1 ms 
[2026-06-02T02:03:17.369] [DEBUG] debug-file - Incremental task entry:default@CacheNativeLibs pre-execution cost: 1 ms .
[2026-06-02T02:03:17.369] [DEBUG] debug-file - entry : default@CacheNativeLibs cost memory 0.09218597412109375
[2026-06-02T02:03:17.369] [INFO] debug-file - UP-TO-DATE :entry:default@CacheNativeLibs...  
[2026-06-02T02:03:18.180] [DEBUG] debug-file - worker[18] has one work done.
[2026-06-02T02:03:18.181] [DEBUG] debug-file - CopyResources is end, endTime: 1632724146562000
[2026-06-02T02:03:18.181] [DEBUG] debug-file - default@CompileArkTS work[1] done.
[2026-06-02T02:03:18.181] [DEBUG] debug-file - A work dispatched to worker[18] failed because unable to get work from ready queue.
[2026-06-02T02:03:22.859] [WARN] debug-file - [33mWARN: [33m[33mArkTS:WARN File: D:/HUAWEI/lab4/AirShare/entry/src/main/ets/pages/Index.ets:16:20
 'getContext' has been deprecated.
[39m[39m
[33mWARN: [33m[33mArkTS:WARN File: D:/HUAWEI/lab4/AirShare/entry/src/main/ets/pages/Index.ets:36:12
 'pushUrl' has been deprecated.
[39m[39m
[33mWARN: [33m[33mArkTS:WARN File: D:/HUAWEI/lab4/AirShare/entry/src/main/ets/pages/TransferPage.ets:19:25
 'getParams' has been deprecated.
[39m[39m
[33mWARN: [33m[33mArkTS:WARN File: D:/HUAWEI/lab4/AirShare/entry/src/main/ets/pages/TransferPage.ets:34:5
 Function may throw exceptions. Special handling is required.
[39m[39m
[33mWARN: [33m[33mArkTS:WARN File: D:/HUAWEI/lab4/AirShare/entry/src/main/ets/pages/TransferPage.ets:77:37
 'back' has been deprecated.
[39m[39m

[2026-06-02T02:03:22.860] [DEBUG] debug-file - Ark compile task finished.finished time is 1632728825645300
[2026-06-02T02:03:22.860] [DEBUG] debug-file - worker[4] has one work done.
[2026-06-02T02:03:22.862] [DEBUG] debug-file - default@CompileArkTS work[0] done.
[2026-06-02T02:03:22.862] [DEBUG] debug-file - A work dispatched to worker[4] failed because unable to get work from ready queue.
[2026-06-02T02:03:22.863] [INFO] debug-file - Finished :entry:default@CompileArkTS... after 3 s 672 ms 
[2026-06-02T02:03:22.864] [DEBUG] debug-file - Executing task :entry:default@GeneratePkgModuleJson
[2026-06-02T02:03:22.864] [DEBUG] debug-file - File: 'D:\HUAWEI\lab4\AirShare\entry\build\default\intermediates\preload\default\preload.json' from 'preloadSoJsonPath' is not exists, just ignore.
[2026-06-02T02:03:22.865] [DEBUG] debug-file - Error occurs while handling @Input 'shouldDeduplicateHar': The "data" argument must be of type string or an instance of Buffer, TypedArray, or DataView. Received undefined
[2026-06-02T02:03:22.865] [DEBUG] debug-file - Task 'entry:default@GeneratePkgModuleJson' cost while wrapping incremental declarations: 1 ms 
[2026-06-02T02:03:22.865] [DEBUG] debug-file - entry:default@GeneratePkgModuleJson is not up-to-date, since the input file 'D:\HUAWEI\lab4\AirShare\entry\build\default\intermediates\res\default\module.json' has been changed.
[2026-06-02T02:03:22.865] [DEBUG] debug-file - Incremental task entry:default@GeneratePkgModuleJson pre-execution cost: 1 ms .
[2026-06-02T02:03:22.867] [DEBUG] debug-file - entry : default@GeneratePkgModuleJson cost memory 0.20771026611328125
[2026-06-02T02:03:22.867] [DEBUG] debug-file - runTaskFromQueue task cost before running: 8 s 114 ms 
[2026-06-02T02:03:22.867] [INFO] debug-file - Finished :entry:default@GeneratePkgModuleJson... after 3 ms 
[2026-06-02T02:03:22.867] [DEBUG] debug-file - Executing task :entry:default@ProcessCompiledResources
[2026-06-02T02:03:22.868] [DEBUG] debug-file - File: 'D:\HUAWEI\lab4\AirShare\entry\build\default\intermediates\preload\default\preload.json' from 'preloadSoJsonPath' is not exists, just ignore.
[2026-06-02T02:03:22.868] [DEBUG] debug-file - Task 'entry:default@ProcessCompiledResources' cost while wrapping incremental declarations: 1 ms 
[2026-06-02T02:03:22.868] [DEBUG] debug-file - entry : default@ProcessCompiledResources cost memory 0.05796051025390625
[2026-06-02T02:03:22.868] [DEBUG] debug-file - runTaskFromQueue task cost before running: 8 s 115 ms 
[2026-06-02T02:03:22.868] [INFO] debug-file - Finished :entry:default@ProcessCompiledResources... after 1 ms 
[2026-06-02T02:03:22.870] [DEBUG] debug-file - Executing task :entry:default@PackageHap
[2026-06-02T02:03:22.873] [DEBUG] debug-file - entry:default@PackageHap is not up-to-date, since the input file 'D:\HUAWEI\lab4\AirShare\entry\build\default\intermediates\res\default\module.json' has been changed.
[2026-06-02T02:03:22.873] [DEBUG] debug-file - Incremental task entry:default@PackageHap pre-execution cost: 2 ms .
[2026-06-02T02:03:22.874] [DEBUG] debug-file - Use tool [D:\HUAWEI\DevEco\DevEco Studio\sdk\default\openharmony\toolchains\lib\app_packing_tool.jar]
 [
  'java',
  '-Dfile.encoding=GBK',
  '-jar',
  'D:\\HUAWEI\\DevEco\\DevEco Studio\\sdk\\default\\openharmony\\toolchains\\lib\\app_packing_tool.jar',
  '--mode',
  'hap',
  '--force',
  'true',
  '--lib-path',
  'D:\\HUAWEI\\lab4\\AirShare\\entry\\build\\default\\intermediates\\stripped_native_libs\\default',
  '--json-path',
  'D:\\HUAWEI\\lab4\\AirShare\\entry\\build\\default\\intermediates\\package\\default\\module.json',
  '--resources-path',
  'D:\\HUAWEI\\lab4\\AirShare\\entry\\build\\default\\intermediates\\res\\default\\resources',
  '--index-path',
  'D:\\HUAWEI\\lab4\\AirShare\\entry\\build\\default\\intermediates\\res\\default\\resources.index',
  '--pack-info-path',
  'D:\\HUAWEI\\lab4\\AirShare\\entry\\build\\default\\outputs\\default\\pack.info',
  '--out-path',
  'D:\\HUAWEI\\lab4\\AirShare\\entry\\build\\default\\outputs\\default\\entry-default-unsigned.hap',
  '--ets-path',
  'D:\\HUAWEI\\lab4\\AirShare\\entry\\build\\default\\intermediates\\loader_out\\default\\ets',
  '--pkg-context-path',
  'D:\\HUAWEI\\lab4\\AirShare\\entry\\build\\default\\intermediates\\loader\\default\\pkgContextInfo.json'
]
[2026-06-02T02:03:23.267] [DEBUG] debug-file - java daemon socket received message:{"code":0,"message":"pack success"}
[2026-06-02T02:03:23.272] [DEBUG] debug-file - entry : default@PackageHap cost memory 0.6112899780273438
[2026-06-02T02:03:23.272] [DEBUG] debug-file - runTaskFromQueue task cost before running: 8 s 519 ms 
[2026-06-02T02:03:23.272] [INFO] debug-file - Finished :entry:default@PackageHap... after 402 ms 
[2026-06-02T02:03:23.274] [DEBUG] debug-file - Executing task :entry:default@PackingCheck
[2026-06-02T02:03:23.279] [DEBUG] debug-file - entry : default@PackingCheck cost memory 0.8085708618164062
[2026-06-02T02:03:23.280] [DEBUG] debug-file - runTaskFromQueue task cost before running: 8 s 527 ms 
[2026-06-02T02:03:23.280] [INFO] debug-file - Finished :entry:default@PackingCheck... after 7 ms 
[2026-06-02T02:03:23.281] [DEBUG] debug-file - Executing task :entry:default@SignHap
[2026-06-02T02:03:23.282] [WARN] debug-file - Will skip sign 'hos_hap'. No signingConfigs profile is configured in current project.
             If needed, configure the signingConfigs in D:\HUAWEI\lab4\AirShare\build-profile.json5.
[2026-06-02T02:03:23.282] [DEBUG] debug-file - entry:default@SignHap is not up-to-date, since the input file 'D:\HUAWEI\lab4\AirShare\entry\build\default\outputs\default\entry-default-unsigned.hap' has been changed.
[2026-06-02T02:03:23.283] [DEBUG] debug-file - Incremental task entry:default@SignHap pre-execution cost: 1 ms .
[2026-06-02T02:03:23.283] [DEBUG] debug-file - entry : default@SignHap cost memory 0.088409423828125
[2026-06-02T02:03:23.283] [DEBUG] debug-file - runTaskFromQueue task cost before running: 8 s 531 ms 
[2026-06-02T02:03:23.283] [INFO] debug-file - Finished :entry:default@SignHap... after 2 ms 
[2026-06-02T02:03:23.284] [DEBUG] debug-file - Executing task :entry:default@CollectDebugSymbol
[2026-06-02T02:03:23.285] [DEBUG] debug-file - entry : default@CollectDebugSymbol cost memory 0.08789825439453125
[2026-06-02T02:03:23.285] [DEBUG] debug-file - runTaskFromQueue task cost before running: 8 s 533 ms 
[2026-06-02T02:03:23.286] [INFO] debug-file - Finished :entry:default@CollectDebugSymbol... after 1 ms 
[2026-06-02T02:03:23.286] [DEBUG] debug-file - Executing task :entry:assembleHap
[2026-06-02T02:03:23.286] [DEBUG] debug-file - entry : assembleHap cost memory 0.0128326416015625
[2026-06-02T02:03:23.286] [DEBUG] debug-file - runTaskFromQueue task cost before running: 8 s 533 ms 
[2026-06-02T02:03:23.286] [INFO] debug-file - Finished :entry:assembleHap... after 1 ms 
[2026-06-02T02:03:23.305] [INFO] debug-file - BUILD SUCCESSFUL in 8 s 552 ms 
[2026-06-02T02:03:23.306] [DEBUG] debug-file - Update task entry:default@PreBuild input file:D:\HUAWEI\lab4\AirShare\AppScope\app.json5 cache by regenerate.
[2026-06-02T02:03:23.306] [DEBUG] debug-file - Update task entry:default@PreBuild input file:D:\HUAWEI\lab4\AirShare\entry\src\main\module.json5 cache by regenerate.
[2026-06-02T02:03:23.306] [DEBUG] debug-file - Update task entry:default@PreBuild input file:D:\HUAWEI\lab4\AirShare\build-profile.json5 cache by regenerate.
[2026-06-02T02:03:23.307] [DEBUG] debug-file - Update task entry:default@PreBuild input file:D:\HUAWEI\lab4\AirShare\entry\build-profile.json5 cache by regenerate.
[2026-06-02T02:03:23.307] [DEBUG] debug-file - Update task entry:default@PreBuild input file:D:\HUAWEI\lab4\AirShare\entry\src\main\resources\base\profile\main_pages.json cache by regenerate.
[2026-06-02T02:03:23.307] [DEBUG] debug-file - Update task entry:default@PreBuild input file:D:\HUAWEI\lab4\AirShare\hvigor\hvigor-config.json5 cache by regenerate.
[2026-06-02T02:03:23.307] [DEBUG] debug-file - Update task entry:default@PreBuild input file:D:\HUAWEI\lab4\AirShare\entry\oh-package.json5 cache by regenerate.
[2026-06-02T02:03:23.307] [DEBUG] debug-file - Update task entry:default@PreBuild input file:D:\HUAWEI\lab4\AirShare\oh-package.json5 cache by regenerate.
[2026-06-02T02:03:23.307] [DEBUG] debug-file - Incremental task entry:default@PreBuild post-execution cost:2 ms .
[2026-06-02T02:03:23.307] [DEBUG] debug-file - Update task entry:default@CreateModuleInfo output file:D:\HUAWEI\lab4\AirShare\entry\build\default\generated\profile\default\ModuleInfo.ts cache.
[2026-06-02T02:03:23.308] [DEBUG] debug-file - Incremental task entry:default@CreateModuleInfo post-execution cost:1 ms .
[2026-06-02T02:03:23.308] [DEBUG] debug-file - There is no need to refresh cache, since the incremental task entry:default@GenerateMetadata is up-to-date.
[2026-06-02T02:03:23.308] [DEBUG] debug-file - There is no need to refresh cache, since the incremental task entry:default@MergeProfile is up-to-date.
[2026-06-02T02:03:23.308] [DEBUG] debug-file - There is no need to refresh cache, since the incremental task entry:default@CreateBuildProfile is up-to-date.
[2026-06-02T02:03:23.308] [DEBUG] debug-file - There is no need to refresh cache, since the incremental task entry:default@GeneratePkgContextInfo is up-to-date.
[2026-06-02T02:03:23.308] [DEBUG] debug-file - Update task entry:default@ProcessIntegratedHsp output file:D:\HUAWEI\lab4\AirShare\build\cache\default\integrated_hsp\integratedHspCache.json cache.
[2026-06-02T02:03:23.308] [DEBUG] debug-file - Incremental task entry:default@ProcessIntegratedHsp post-execution cost:1 ms .
[2026-06-02T02:03:23.308] [DEBUG] debug-file - There is no need to refresh cache, since the incremental task entry:default@MakePackInfo is up-to-date.
[2026-06-02T02:03:23.308] [DEBUG] debug-file - Update task entry:default@SyscapTransform input file:D:\HUAWEI\DevEco\DevEco Studio\sdk\default\openharmony\toolchains\syscap_tool.exe cache by regenerate.
[2026-06-02T02:03:23.308] [DEBUG] debug-file - Update task entry:default@SyscapTransform input file:D:\HUAWEI\DevEco\DevEco Studio\sdk\default\openharmony\ets\api\device-define cache by regenerate.
[2026-06-02T02:03:23.309] [DEBUG] debug-file - Update task entry:default@SyscapTransform output file:D:\HUAWEI\lab4\AirShare\entry\build\default\intermediates\syscap\default\rpcid.sc cache.
[2026-06-02T02:03:23.309] [DEBUG] debug-file - Incremental task entry:default@SyscapTransform post-execution cost:1 ms .
[2026-06-02T02:03:23.309] [DEBUG] debug-file - There is no need to refresh cache, since the incremental task entry:default@ProcessProfile is up-to-date.
[2026-06-02T02:03:23.309] [DEBUG] debug-file - There is no need to refresh cache, since the incremental task entry:default@ProcessRouterMap is up-to-date.
[2026-06-02T02:03:23.309] [DEBUG] debug-file - There is no need to refresh cache, since the incremental task entry:default@ProcessShareConfig is up-to-date.
[2026-06-02T02:03:23.309] [DEBUG] debug-file - Update task entry:default@ProcessStartupConfig input file:D:\HUAWEI\lab4\AirShare\entry\build\default\intermediates\loader\default\pkgContextInfo.json cache by regenerate.
[2026-06-02T02:03:23.309] [DEBUG] debug-file - Update task entry:default@ProcessStartupConfig output file:D:\HUAWEI\lab4\AirShare\entry\build\default\intermediates\startup\default\startup_config.json cache.
[2026-06-02T02:03:23.310] [DEBUG] debug-file - Incremental task entry:default@ProcessStartupConfig post-execution cost:1 ms .
[2026-06-02T02:03:23.310] [DEBUG] debug-file - There is no need to refresh cache, since the incremental task entry:default@ProcessResource is up-to-date.
[2026-06-02T02:03:23.310] [DEBUG] debug-file - There is no need to refresh cache, since the incremental task entry:default@GenerateLoaderJson is up-to-date.
[2026-06-02T02:03:23.310] [DEBUG] debug-file - There is no need to refresh cache, since the incremental task entry:default@ProcessLibs is up-to-date.
[2026-06-02T02:03:23.310] [DEBUG] debug-file - Update task entry:default@CompileResource input file:D:\HUAWEI\lab4\AirShare\entry\src\main\resources cache from map.
[2026-06-02T02:03:23.310] [DEBUG] debug-file - Update task entry:default@CompileResource input file:D:\HUAWEI\lab4\AirShare\AppScope\resources cache by regenerate.
[2026-06-02T02:03:23.311] [DEBUG] debug-file - Update task entry:default@CompileResource input file:D:\HUAWEI\lab4\AirShare\entry\build\default\intermediates\process_profile\default\module.json cache by regenerate.
[2026-06-02T02:03:23.311] [DEBUG] debug-file - Update task entry:default@CompileResource input file:D:\HUAWEI\lab4\AirShare\entry\build\default\intermediates\res\default\resConfig.json cache by regenerate.
[2026-06-02T02:03:23.311] [DEBUG] debug-file - Update task entry:default@CompileResource output file:D:\HUAWEI\lab4\AirShare\entry\build\default\intermediates\res\default cache.
[2026-06-02T02:03:23.314] [DEBUG] debug-file - Update task entry:default@CompileResource output file:D:\HUAWEI\lab4\AirShare\entry\build\default\generated\r\default\ResourceTable.h cache.
[2026-06-02T02:03:23.314] [DEBUG] debug-file - Update task entry:default@CompileResource output file:D:\HUAWEI\lab4\AirShare\entry\build\default\generated\r\default cache.
[2026-06-02T02:03:23.315] [DEBUG] debug-file - Incremental task entry:default@CompileResource post-execution cost:6 ms .
[2026-06-02T02:03:23.316] [DEBUG] debug-file - There is no need to refresh cache, since the incremental task entry:default@DoNativeStrip is up-to-date.
[2026-06-02T02:03:23.318] [DEBUG] debug-file - Update task entry:default@CompileArkTS input file:D:\HUAWEI\lab4\AirShare\entry\build\default\intermediates\loader\default cache by regenerate.
[2026-06-02T02:03:23.318] [DEBUG] debug-file - Update task entry:default@CompileArkTS input file:D:\HUAWEI\lab4\AirShare\entry\build\default\intermediates\res\default\resources\rawfile cache from map.
[2026-06-02T02:03:23.318] [DEBUG] debug-file - Update task entry:default@CompileArkTS input file:D:\HUAWEI\lab4\AirShare\entry\build\default\intermediates\res\default\ResourceTable.txt cache by regenerate.
[2026-06-02T02:03:23.318] [DEBUG] debug-file - Update task entry:default@CompileArkTS input file:D:\HUAWEI\lab4\AirShare\entry\build\default\intermediates\res\default\ark_module.json cache by regenerate.
[2026-06-02T02:03:23.319] [DEBUG] debug-file - Update task entry:default@CompileArkTS input file:D:\HUAWEI\lab4\AirShare\entry\build\default\intermediates\res\default\resources\base\profile cache by regenerate.
[2026-06-02T02:03:23.319] [DEBUG] debug-file - Update task entry:default@CompileArkTS input file:D:\HUAWEI\lab4\AirShare\entry\src\main\ets cache by regenerate.
[2026-06-02T02:03:23.320] [DEBUG] debug-file - Update task entry:default@CompileArkTS input file:D:\HUAWEI\lab4\AirShare\entry\build\default\intermediates\loader\default\pkgContextInfo.json cache by regenerate.
[2026-06-02T02:03:23.320] [DEBUG] debug-file - Update task entry:default@CompileArkTS input file:D:\HUAWEI\lab4\AirShare\entry\build\default\generated\profile\default\BuildProfile.ets cache by regenerate.
[2026-06-02T02:03:23.320] [DEBUG] debug-file - Update task entry:default@CompileArkTS output file:D:\HUAWEI\lab4\AirShare\entry\build\default\intermediates\loader_out\default\ets cache.
[2026-06-02T02:03:23.321] [DEBUG] debug-file - Incremental task entry:default@CompileArkTS post-execution cost:6 ms .
[2026-06-02T02:03:23.322] [DEBUG] debug-file - Update task entry:default@BuildJS input file:D:\HUAWEI\lab4\AirShare\entry\build\default\intermediates\loader\default cache by regenerate.
[2026-06-02T02:03:23.322] [DEBUG] debug-file - Update task entry:default@BuildJS input file:D:\HUAWEI\lab4\AirShare\entry\build\default\intermediates\res\default\resources\rawfile cache by regenerate.
[2026-06-02T02:03:23.327] [DEBUG] debug-file - Update task entry:default@BuildJS input file:D:\HUAWEI\lab4\AirShare\entry\build\default\intermediates\res\default\ResourceTable.txt cache by regenerate.
[2026-06-02T02:03:23.328] [DEBUG] debug-file - Update task entry:default@BuildJS input file:D:\HUAWEI\lab4\AirShare\entry\build\default\intermediates\res\default\ark_module.json cache by regenerate.
[2026-06-02T02:03:23.328] [DEBUG] debug-file - Update task entry:default@BuildJS input file:D:\HUAWEI\lab4\AirShare\entry\build\default\intermediates\res\default\resources\base\profile cache by regenerate.
[2026-06-02T02:03:23.329] [DEBUG] debug-file - Update task entry:default@BuildJS input file:D:\HUAWEI\lab4\AirShare\entry\build\default\intermediates\loader\default\pkgContextInfo.json cache by regenerate.
[2026-06-02T02:03:23.329] [DEBUG] debug-file - Update task entry:default@BuildJS output file:D:\HUAWEI\lab4\AirShare\entry\build\default\intermediates\loader_out\default\js cache.
[2026-06-02T02:03:23.330] [DEBUG] debug-file - Incremental task entry:default@BuildJS post-execution cost:9 ms .
[2026-06-02T02:03:23.330] [DEBUG] debug-file - There is no need to refresh cache, since the incremental task entry:default@CacheNativeLibs is up-to-date.
[2026-06-02T02:03:23.330] [DEBUG] debug-file - Update task entry:default@GeneratePkgModuleJson input file:D:\HUAWEI\lab4\AirShare\entry\build\default\intermediates\res\default\module.json cache from map.
[2026-06-02T02:03:23.330] [DEBUG] debug-file - Update task entry:default@GeneratePkgModuleJson output file:D:\HUAWEI\lab4\AirShare\entry\build\default\intermediates\package\default\module.json cache.
[2026-06-02T02:03:23.331] [DEBUG] debug-file - Incremental task entry:default@GeneratePkgModuleJson post-execution cost:1 ms .
[2026-06-02T02:03:23.331] [DEBUG] debug-file - Incremental task entry:default@ProcessCompiledResources post-execution cost:1 ms .
[2026-06-02T02:03:23.332] [DEBUG] debug-file - Update task entry:default@PackageHap input file:D:\HUAWEI\lab4\AirShare\entry\build\default\intermediates\stripped_native_libs\default cache by regenerate.
[2026-06-02T02:03:23.332] [DEBUG] debug-file - Update task entry:default@PackageHap input file:D:\HUAWEI\lab4\AirShare\entry\build\default\intermediates\res\default\module.json cache from map.
[2026-06-02T02:03:23.332] [DEBUG] debug-file - Update task entry:default@PackageHap input file:D:\HUAWEI\lab4\AirShare\entry\build\default\intermediates\res\default\resources cache by regenerate.
[2026-06-02T02:03:23.333] [DEBUG] debug-file - Update task entry:default@PackageHap input file:D:\HUAWEI\lab4\AirShare\entry\build\default\intermediates\res\default\resources.index cache by regenerate.
[2026-06-02T02:03:23.333] [DEBUG] debug-file - Update task entry:default@PackageHap input file:D:\HUAWEI\lab4\AirShare\entry\build\default\outputs\default\pack.info cache by regenerate.
[2026-06-02T02:03:23.333] [DEBUG] debug-file - Update task entry:default@PackageHap input file:D:\HUAWEI\lab4\AirShare\entry\build\default\intermediates\loader_out\default\ets cache by regenerate.
[2026-06-02T02:03:23.334] [DEBUG] debug-file - Update task entry:default@PackageHap input file:D:\HUAWEI\lab4\AirShare\entry\build\default\intermediates\loader\default\pkgContextInfo.json cache by regenerate.
[2026-06-02T02:03:23.334] [DEBUG] debug-file - Update task entry:default@PackageHap input file:D:\HUAWEI\lab4\AirShare\entry\build\default\intermediates\loader_out\default\ets\sourceMaps.map cache by regenerate.
[2026-06-02T02:03:23.334] [DEBUG] debug-file - Update task entry:default@PackageHap input file:D:\HUAWEI\lab4\AirShare\entry\build\default\generated\profile\default\BuildProfile.ets cache by regenerate.
[2026-06-02T02:03:23.334] [DEBUG] debug-file - Update task entry:default@PackageHap output file:D:\HUAWEI\lab4\AirShare\entry\build\default\outputs\default\entry-default-unsigned.hap cache.
[2026-06-02T02:03:23.334] [DEBUG] debug-file - Update task entry:default@PackageHap output file:D:\HUAWEI\lab4\AirShare\entry\build\default\intermediates\source_map\default\sourceMaps.map cache.
[2026-06-02T02:03:23.334] [DEBUG] debug-file - Update task entry:default@PackageHap output file:D:\HUAWEI\lab4\AirShare\entry\build\default\outputs\default\mapping\sourceMaps.map cache.
[2026-06-02T02:03:23.334] [DEBUG] debug-file - Incremental task entry:default@PackageHap post-execution cost:4 ms .
[2026-06-02T02:03:23.335] [DEBUG] debug-file - Update task entry:default@SignHap input file:D:\HUAWEI\lab4\AirShare\entry\build\default\outputs\default\entry-default-unsigned.hap cache from map.
[2026-06-02T02:03:23.335] [DEBUG] debug-file - Update task entry:default@SignHap output file:D:\HUAWEI\lab4\AirShare\entry\build\default\outputs\default\entry-default-signed.hap cache.
[2026-06-02T02:03:23.335] [DEBUG] debug-file - Incremental task entry:default@SignHap post-execution cost:1 ms .
[2026-06-02T02:03:23.335] [DEBUG] debug-file - Update task entry:default@CollectDebugSymbol input file:D:\HUAWEI\lab4\AirShare\entry\build\default\intermediates\loader_out\default\ets\sourceMaps.map cache by regenerate.
[2026-06-02T02:03:23.335] [DEBUG] debug-file - Update task entry:default@CollectDebugSymbol input file:D:\HUAWEI\lab4\AirShare\entry\build\default\intermediates\libs\default cache by regenerate.
[2026-06-02T02:03:23.335] [DEBUG] debug-file - Update task entry:default@CollectDebugSymbol output file:D:\HUAWEI\lab4\AirShare\entry\build\default\outputs\default\symbol cache.
[2026-06-02T02:03:23.336] [DEBUG] debug-file - Incremental task entry:default@CollectDebugSymbol post-execution cost:1 ms .
[2026-06-02T02:03:23.365] [DEBUG] debug-file - Cleanup worker 0.
[2026-06-02T02:03:23.365] [DEBUG] debug-file - Worker 0 has been cleaned up.
[2026-06-02T02:03:23.366] [DEBUG] debug-file - Current idle worker size: 3.
[2026-06-02T02:03:23.366] [DEBUG] debug-file - Current resident worker size: 4.
[2026-06-02T02:03:23.366] [DEBUG] debug-file - Cleanup worker 1.
[2026-06-02T02:03:23.366] [DEBUG] debug-file - Worker 1 has been cleaned up.
[2026-06-02T02:03:23.366] [DEBUG] debug-file - Current idle worker size: 2.
[2026-06-02T02:03:23.366] [DEBUG] debug-file - Current resident worker size: 4.
[2026-06-02T02:03:23.366] [DEBUG] debug-file - Cleanup worker 18.
[2026-06-02T02:03:23.366] [DEBUG] debug-file - Worker 18 has been cleaned up.
[2026-06-02T02:03:23.366] [DEBUG] debug-file - Current idle worker size: 1.
[2026-06-02T02:03:23.366] [DEBUG] debug-file - Current resident worker size: 4.
[2026-06-02T02:03:23.367] [DEBUG] debug-file - hvigor build process will be closed.
[2026-06-02T02:03:23.367] [DEBUG] debug-file - java daemon socket close code:1000 reason:close by user
[2026-06-02T02:03:23.369] [DEBUG] debug-file - session manager: send message to worker process.
[2026-06-02T02:03:23.370] [DEBUG] debug-file - session manager: send message to worker process.
[2026-06-02T02:03:23.369] [DEBUG] debug-file - worker[0] exits with exit code 1.
[2026-06-02T02:03:23.370] [DEBUG] debug-file - worker[1] exits with exit code 1.
[2026-06-02T02:03:23.371] [DEBUG] debug-file - watch worker: worker id should be larger than 0. Nothing will be sent to any worker thread.
[2026-06-02T02:03:23.371] [DEBUG] debug-file - watch worker: worker id should be larger than 0. Nothing will be sent to any worker thread.
[2026-06-02T02:03:23.376] [DEBUG] debug-file - worker[18] exits with exit code 1.
[2026-06-02T02:06:22.335] [DEBUG] debug-file - session manager: set active socket. socketId=V_zbGWoua8j5dwuhAAAD
[2026-06-02T02:06:22.342] [DEBUG] debug-file - watch worker: worker id should be larger than 0. Nothing will be sent to any worker thread.
[2026-06-02T02:06:22.344] [DEBUG] debug-file - Workers' log level updated to INFO
[2026-06-02T02:06:22.346] [DEBUG] debug-file - Hvigor init with startParameters:{
  hvigorfileTypeCheck: false,
  parallelExecution: true,
  incrementalExecution: true,
  printStackTrace: false,
  daemon: true,
  analyze: 0,
  logLevel: Level { level: 20000, levelStr: 'INFO', colour: 'green' },
  optimizationStrategy: 'memory',
  hotCompile: undefined,
  hotReloadBuild: undefined,
  customizedParam: undefined
}
[2026-06-02T02:06:22.348] [DEBUG] debug-file - Cache service initialization finished in 3 ms 
[2026-06-02T02:06:22.349] [DEBUG] debug-file - hvigorfile, resolving D:\HUAWEI\lab4\AirShare\hvigorfile.ts
[2026-06-02T02:06:22.355] [DEBUG] debug-file - hvigorfile, require result:  { default: { plugins: [] } }
[2026-06-02T02:06:22.355] [DEBUG] debug-file - hvigorfile, binding system plugins null
[2026-06-02T02:06:22.356] [DEBUG] debug-file - Starting plugin build process
[2026-06-02T02:06:22.356] [DEBUG] debug-file - App plugin prepare start...
[2026-06-02T02:06:22.356] [DEBUG] debug-file - App plugin prepare end...
[2026-06-02T02:06:22.356] [DEBUG] debug-file - App plugin creating...
[2026-06-02T02:06:22.360] [DEBUG] debug-file - App plugin register hook start...
[2026-06-02T02:06:22.360] [DEBUG] debug-file - App plugin register hook end...
[2026-06-02T02:06:22.360] [DEBUG] debug-file - Plugin build process completed
[2026-06-02T02:06:22.361] [DEBUG] debug-file - Start initialize project's product build option map with build mode debug.
[2026-06-02T02:06:22.361] [DEBUG] debug-file - Picking option from product 'default' with build mode 'debug'.
[2026-06-02T02:06:22.361] [DEBUG] debug-file - Product 'default' build option initialized
[2026-06-02T02:06:22.361] [DEBUG] debug-file - End initialize project's product build option map with build mode 'debug'.
[2026-06-02T02:06:22.361] [DEBUG] debug-file - Obtain build option for product 'default'in this build.
[2026-06-02T02:06:22.362] [DEBUG] debug-file - No signingConfig found, initRemoteHspCache failed.
[2026-06-02T02:06:22.364] [DEBUG] debug-file - Start recording SDK configuration permission data.
[2026-06-02T02:06:22.390] [DEBUG] debug-file - Sdk init in 28 ms 
[2026-06-02T02:06:22.393] [DEBUG] debug-file - Project task initialization takes 3 ms 
[2026-06-02T02:06:22.393] [DEBUG] debug-file - hvigorfile, binding custom plugins []
[2026-06-02T02:06:22.393] [DEBUG] debug-file - hvigorfile, no custom plugins were found in D:\HUAWEI\lab4\AirShare\hvigorfile.ts
[2026-06-02T02:06:22.393] [DEBUG] debug-file - hvigorfile, resolve finished D:\HUAWEI\lab4\AirShare\hvigorfile.ts
[2026-06-02T02:06:22.393] [DEBUG] debug-file - hvigorfile, resolving D:\HUAWEI\lab4\AirShare\entry\hvigorfile.ts
[2026-06-02T02:06:22.397] [DEBUG] debug-file - hvigorfile, require result:  { default: { plugins: [] } }
[2026-06-02T02:06:22.398] [DEBUG] debug-file - hvigorfile, binding system plugins null
[2026-06-02T02:06:22.398] [DEBUG] debug-file - Starting plugin build process
[2026-06-02T02:06:22.398] [DEBUG] debug-file - Hap plugin creating...
[2026-06-02T02:06:22.399] [DEBUG] debug-file - failed to load cangjie to dynamically generate schemas: Error: Cannot find module '@ohos/cangjie-build-support/index'
Require stack:
- D:\HUAWEI\DevEco\DevEco Studio\tools\hvigor\hvigor-ohos-plugin\src\plugin\hooks\cangjie-register.js
- D:\HUAWEI\DevEco\DevEco Studio\tools\hvigor\hvigor-ohos-plugin\src\plugin\strategy\stage-init-strategy.js
- D:\HUAWEI\DevEco\DevEco Studio\tools\hvigor\hvigor-ohos-plugin\src\plugin\builder\abstract-plugin-builder.js
- D:\HUAWEI\DevEco\DevEco Studio\tools\hvigor\hvigor-ohos-plugin\src\plugin\builder\app-plugin-builder.js
- D:\HUAWEI\DevEco\DevEco Studio\tools\hvigor\hvigor-ohos-plugin\src\plugin\factory\plugin-factory.js
- D:\HUAWEI\DevEco\DevEco Studio\tools\hvigor\hvigor-ohos-plugin\index.js
- D:\HUAWEI\lab4\AirShare\hvigorfile.ts
- D:\HUAWEI\DevEco\DevEco Studio\tools\hvigor\hvigor\src\base\internal\lifecycle\configuration.js
- D:\HUAWEI\DevEco\DevEco Studio\tools\hvigor\hvigor\src\base\boot\index.js
- D:\HUAWEI\DevEco\DevEco Studio\tools\hvigor\hvigor\src\base\daemon\cluster\worker-process-lifecycle.js
- D:\HUAWEI\DevEco\DevEco Studio\tools\hvigor\hvigor\src\base\daemon\process\daemon-process-boot-script.js
[2026-06-02T02:06:22.404] [DEBUG] debug-file - Start initialize module-target build option map, moduleName=entry, buildMode=debug
[2026-06-02T02:06:22.405] [DEBUG] debug-file - Target 'default' config initialized
[2026-06-02T02:06:22.406] [DEBUG] debug-file - Module 'entry' target 'default' build option initialized
[2026-06-02T02:06:22.406] [DEBUG] debug-file - End initialize module-target build option map, moduleName=entry
[2026-06-02T02:06:22.406] [DEBUG] debug-file - Start initialize module-target build option map, moduleName=entry, buildMode=release
[2026-06-02T02:06:22.406] [DEBUG] debug-file - Target 'default' config initialized
[2026-06-02T02:06:22.407] [DEBUG] debug-file - Module 'entry' target 'default' build option initialized
[2026-06-02T02:06:22.407] [DEBUG] debug-file - End initialize module-target build option map, moduleName=entry
[2026-06-02T02:06:22.407] [DEBUG] debug-file - Start initialize module-target build option map, moduleName=entry, buildMode=debug
[2026-06-02T02:06:22.407] [DEBUG] debug-file - Target 'default' config initialized
[2026-06-02T02:06:22.407] [DEBUG] debug-file - Module 'entry' target 'default' build option initialized
[2026-06-02T02:06:22.407] [DEBUG] debug-file - End initialize module-target build option map, moduleName=entry
[2026-06-02T02:06:22.407] [DEBUG] debug-file - Obtain build option for module 'entry' target 'default'in this build.
[2026-06-02T02:06:22.409] [DEBUG] debug-file - Module entry task initialization takes 1 ms 
[2026-06-02T02:06:22.409] [DEBUG] debug-file - Hap plugin register hook start...
[2026-06-02T02:06:22.409] [DEBUG] debug-file - Hap plugin register hook end...
[2026-06-02T02:06:22.409] [DEBUG] debug-file - Plugin build process completed
[2026-06-02T02:06:22.409] [DEBUG] debug-file - hvigorfile, binding custom plugins []
[2026-06-02T02:06:22.409] [DEBUG] debug-file - hvigorfile, no custom plugins were found in D:\HUAWEI\lab4\AirShare\entry\hvigorfile.ts
[2026-06-02T02:06:22.409] [DEBUG] debug-file - hvigorfile, resolve finished D:\HUAWEI\lab4\AirShare\entry\hvigorfile.ts
[2026-06-02T02:06:22.423] [DEBUG] debug-file - hvigorfile, resolve hvigorfile dependencies in 14 ms 
[2026-06-02T02:06:22.423] [DEBUG] debug-file - project has submodules:entry
[2026-06-02T02:06:22.424] [DEBUG] debug-file - start to load updatedOhPackageInfo to the disk
[2026-06-02T02:06:22.430] [DEBUG] debug-file - load to the disk finished
[2026-06-02T02:06:22.430] [DEBUG] debug-file - Start to initialize dependency information.
[2026-06-02T02:06:22.431] [DEBUG] debug-file - Module AirShare Collected Dependency: 
[2026-06-02T02:06:22.431] [DEBUG] debug-file - Module AirShare's total dependency: 0
[2026-06-02T02:06:22.431] [DEBUG] debug-file - Start to initialize dependency information.
[2026-06-02T02:06:22.432] [DEBUG] debug-file - Module entry Collected Dependency: 
[2026-06-02T02:06:22.432] [DEBUG] debug-file - Module entry's total dependency: 0
[2026-06-02T02:06:22.433] [DEBUG] debug-file - Configuration phase cost:85 ms 
[2026-06-02T02:06:22.434] [DEBUG] debug-file - Configuration task cost before running: 90 ms 
[2026-06-02T02:06:22.437] [DEBUG] debug-file - Executing task :entry:default@PreBuild
[2026-06-02T02:06:22.437] [DEBUG] debug-file - Task 'entry:default@PreBuild' cost while wrapping incremental declarations: 1 ms 
[2026-06-02T02:06:22.441] [DEBUG] debug-file - entry:default@PreBuild is not up-to-date, since the task snapshots are different.
[2026-06-02T02:06:22.441] [DEBUG] debug-file - Incremental task entry:default@PreBuild pre-execution cost: 3 ms .
[2026-06-02T02:06:22.445] [DEBUG] debug-file - current product is not Atomic service.
[2026-06-02T02:06:22.445] [DEBUG] debug-file - Use tool [win32: JAVA_HOME, CLASSPATH]
 [
  { JAVA_HOME: 'D:\\HUAWEI\\DevEco\\DevEco Studio\\jbr' },
  { CLASSPATH: undefined }
]
[2026-06-02T02:06:22.445] [DEBUG] debug-file - Use tool [win32: NODE_HOME]
 [ { NODE_HOME: 'D:/HUAWEI/DevEco/DevEco Studio/tools/node' } ]
[2026-06-02T02:06:22.445] [DEBUG] debug-file - entry : default@PreBuild cost memory -0.8937835693359375
[2026-06-02T02:06:22.445] [DEBUG] debug-file - runTaskFromQueue task cost before running: 102 ms 
[2026-06-02T02:06:22.446] [INFO] debug-file - Finished :entry:default@PreBuild... after 9 ms 
[2026-06-02T02:06:22.447] [DEBUG] debug-file - Executing task :entry:default@CreateModuleInfo
[2026-06-02T02:06:22.447] [DEBUG] debug-file - Task 'entry:default@CreateModuleInfo' cost while wrapping incremental declarations: 1 ms 
[2026-06-02T02:06:22.448] [DEBUG] debug-file - entry : default@CreateModuleInfo cost memory 0.04184722900390625
[2026-06-02T02:06:22.448] [DEBUG] debug-file - runTaskFromQueue task cost before running: 104 ms 
[2026-06-02T02:06:22.448] [INFO] debug-file - Finished :entry:default@CreateModuleInfo... after 1 ms 
[2026-06-02T02:06:22.448] [DEBUG] debug-file - Executing task :entry:default@GenerateMetadata
[2026-06-02T02:06:22.449] [DEBUG] debug-file - Task 'entry:default@GenerateMetadata' cost while wrapping incremental declarations: 1 ms 
[2026-06-02T02:06:22.449] [DEBUG] debug-file - Incremental task entry:default@GenerateMetadata pre-execution cost: 1 ms .
[2026-06-02T02:06:22.449] [DEBUG] debug-file - entry : default@GenerateMetadata cost memory 0.0836181640625
[2026-06-02T02:06:22.449] [INFO] debug-file - UP-TO-DATE :entry:default@GenerateMetadata...  
[2026-06-02T02:06:22.450] [DEBUG] debug-file - Executing task :entry:default@ConfigureCmake
[2026-06-02T02:06:22.450] [DEBUG] debug-file - entry : default@ConfigureCmake cost memory 0.0145416259765625
[2026-06-02T02:06:22.450] [DEBUG] debug-file - runTaskFromQueue task cost before running: 106 ms 
[2026-06-02T02:06:22.450] [INFO] debug-file - Finished :entry:default@ConfigureCmake... after 1 ms 
[2026-06-02T02:06:22.451] [DEBUG] debug-file - Executing task :entry:default@MergeProfile
[2026-06-02T02:06:22.451] [DEBUG] debug-file - Task 'entry:default@MergeProfile' cost while wrapping incremental declarations: 1 ms 
[2026-06-02T02:06:22.452] [DEBUG] debug-file - Incremental task entry:default@MergeProfile pre-execution cost: 2 ms .
[2026-06-02T02:06:22.452] [DEBUG] debug-file - entry : default@MergeProfile cost memory 0.132568359375
[2026-06-02T02:06:22.453] [INFO] debug-file - UP-TO-DATE :entry:default@MergeProfile...  
[2026-06-02T02:06:22.454] [DEBUG] debug-file - Executing task :entry:default@CreateBuildProfile
[2026-06-02T02:06:22.454] [DEBUG] debug-file - Task 'entry:default@CreateBuildProfile' cost while wrapping incremental declarations: 1 ms 
[2026-06-02T02:06:22.455] [DEBUG] debug-file - Incremental task entry:default@CreateBuildProfile pre-execution cost: 1 ms .
[2026-06-02T02:06:22.455] [DEBUG] debug-file - entry : default@CreateBuildProfile cost memory 0.0906524658203125
[2026-06-02T02:06:22.455] [INFO] debug-file - UP-TO-DATE :entry:default@CreateBuildProfile...  
[2026-06-02T02:06:22.456] [DEBUG] debug-file - Executing task :entry:default@PreCheckSyscap
[2026-06-02T02:06:22.456] [DEBUG] debug-file - entry : default@PreCheckSyscap cost memory 0.01477813720703125
[2026-06-02T02:06:22.456] [DEBUG] debug-file - runTaskFromQueue task cost before running: 112 ms 
[2026-06-02T02:06:22.456] [INFO] debug-file - Finished :entry:default@PreCheckSyscap... after 1 ms 
[2026-06-02T02:06:22.457] [DEBUG] debug-file - Executing task :entry:default@GeneratePkgContextInfo
[2026-06-02T02:06:22.459] [DEBUG] debug-file - Task 'entry:default@GeneratePkgContextInfo' cost while wrapping incremental declarations: 1 ms 
[2026-06-02T02:06:22.459] [DEBUG] debug-file - Incremental task entry:default@GeneratePkgContextInfo pre-execution cost: 1 ms .
[2026-06-02T02:06:22.459] [DEBUG] debug-file - entry : default@GeneratePkgContextInfo cost memory 0.2439117431640625
[2026-06-02T02:06:22.460] [INFO] debug-file - UP-TO-DATE :entry:default@GeneratePkgContextInfo...  
[2026-06-02T02:06:22.461] [DEBUG] debug-file - Executing task :entry:default@ProcessIntegratedHsp
[2026-06-02T02:06:22.462] [DEBUG] debug-file - entry:default@ProcessIntegratedHsp is not up-to-date, since the output file 'D:\HUAWEI\lab4\AirShare\build\cache\default\integrated_hsp\integratedHspCache.json' does not exist.
[2026-06-02T02:06:22.462] [DEBUG] debug-file - Incremental task entry:default@ProcessIntegratedHsp pre-execution cost: 1 ms .
[2026-06-02T02:06:22.462] [DEBUG] debug-file - entry : default@ProcessIntegratedHsp cost memory -1.5683364868164062
[2026-06-02T02:06:22.462] [DEBUG] debug-file - runTaskFromQueue task cost before running: 119 ms 
[2026-06-02T02:06:22.462] [INFO] debug-file - Finished :entry:default@ProcessIntegratedHsp... after 2 ms 
[2026-06-02T02:06:22.463] [DEBUG] debug-file - Executing task :entry:default@BuildNativeWithCmake
[2026-06-02T02:06:22.463] [DEBUG] debug-file - entry : default@BuildNativeWithCmake cost memory 0.0144805908203125
[2026-06-02T02:06:22.463] [DEBUG] debug-file - runTaskFromQueue task cost before running: 120 ms 
[2026-06-02T02:06:22.463] [INFO] debug-file - Finished :entry:default@BuildNativeWithCmake... after 1 ms 
[2026-06-02T02:06:22.464] [DEBUG] debug-file - Executing task :entry:default@MakePackInfo
[2026-06-02T02:06:22.465] [DEBUG] debug-file - Incremental task entry:default@MakePackInfo pre-execution cost: 1 ms .
[2026-06-02T02:06:22.465] [DEBUG] debug-file - entry : default@MakePackInfo cost memory 0.10552978515625
[2026-06-02T02:06:22.465] [INFO] debug-file - UP-TO-DATE :entry:default@MakePackInfo...  
[2026-06-02T02:06:22.466] [DEBUG] debug-file - Executing task :entry:default@SyscapTransform
[2026-06-02T02:06:22.466] [DEBUG] debug-file - File: 'D:\HUAWEI\lab4\AirShare\entry\src\main\syscap.json' from 'sysCapJsonPath' is not exists, just ignore.
[2026-06-02T02:06:22.466] [DEBUG] debug-file - Task 'entry:default@SyscapTransform' cost while wrapping incremental declarations: 1 ms 
[2026-06-02T02:06:22.467] [DEBUG] debug-file - entry:default@SyscapTransform is not up-to-date, since the output file 'D:\HUAWEI\lab4\AirShare\entry\build\default\intermediates\syscap\default\rpcid.sc' does not exist.
[2026-06-02T02:06:22.467] [DEBUG] debug-file - Incremental task entry:default@SyscapTransform pre-execution cost: 1 ms .
[2026-06-02T02:06:22.467] [DEBUG] debug-file - entry : default@SyscapTransform cost memory 0.1500244140625
[2026-06-02T02:06:22.468] [DEBUG] debug-file - runTaskFromQueue task cost before running: 124 ms 
[2026-06-02T02:06:22.468] [INFO] debug-file - Finished :entry:default@SyscapTransform... after 2 ms 
[2026-06-02T02:06:22.468] [DEBUG] debug-file - Executing task :entry:default@ProcessProfile
[2026-06-02T02:06:22.469] [DEBUG] debug-file - Task 'entry:default@ProcessProfile' cost while wrapping incremental declarations: 1 ms 
[2026-06-02T02:06:22.470] [DEBUG] debug-file - Incremental task entry:default@ProcessProfile pre-execution cost: 1 ms .
[2026-06-02T02:06:22.470] [DEBUG] debug-file - entry : default@ProcessProfile cost memory 0.14284515380859375
[2026-06-02T02:06:22.470] [INFO] debug-file - UP-TO-DATE :entry:default@ProcessProfile...  
[2026-06-02T02:06:22.471] [DEBUG] debug-file - Executing task :entry:default@ProcessRouterMap
[2026-06-02T02:06:22.472] [DEBUG] debug-file - Incremental task entry:default@ProcessRouterMap pre-execution cost: 1 ms .
[2026-06-02T02:06:22.472] [DEBUG] debug-file - entry : default@ProcessRouterMap cost memory 0.15596771240234375
[2026-06-02T02:06:22.472] [INFO] debug-file - UP-TO-DATE :entry:default@ProcessRouterMap...  
[2026-06-02T02:06:22.473] [DEBUG] debug-file - Executing task :entry:default@ProcessShareConfig
[2026-06-02T02:06:22.474] [DEBUG] debug-file - Incremental task entry:default@ProcessShareConfig pre-execution cost: 1 ms .
[2026-06-02T02:06:22.474] [DEBUG] debug-file - entry : default@ProcessShareConfig cost memory 0.1324310302734375
[2026-06-02T02:06:22.474] [INFO] debug-file - UP-TO-DATE :entry:default@ProcessShareConfig...  
[2026-06-02T02:06:22.475] [DEBUG] debug-file - Executing task :entry:default@ProcessStartupConfig
[2026-06-02T02:06:22.475] [DEBUG] debug-file - Task 'entry:default@ProcessStartupConfig' cost while wrapping incremental declarations: 1 ms 
[2026-06-02T02:06:22.476] [DEBUG] debug-file - entry:default@ProcessStartupConfig is not up-to-date, since the output file 'D:\HUAWEI\lab4\AirShare\entry\build\default\intermediates\startup\default\startup_config.json' does not exist.
[2026-06-02T02:06:22.476] [DEBUG] debug-file - Incremental task entry:default@ProcessStartupConfig pre-execution cost: 1 ms .
[2026-06-02T02:06:22.476] [DEBUG] debug-file - entry : default@ProcessStartupConfig cost memory 0.1265869140625
[2026-06-02T02:06:22.476] [DEBUG] debug-file - runTaskFromQueue task cost before running: 133 ms 
[2026-06-02T02:06:22.476] [INFO] debug-file - Finished :entry:default@ProcessStartupConfig... after 2 ms 
[2026-06-02T02:06:22.478] [DEBUG] debug-file - Executing task :entry:default@BuildNativeWithNinja
[2026-06-02T02:06:22.478] [DEBUG] debug-file - entry : default@BuildNativeWithNinja cost memory 0.02063751220703125
[2026-06-02T02:06:22.478] [DEBUG] debug-file - runTaskFromQueue task cost before running: 135 ms 
[2026-06-02T02:06:22.479] [INFO] debug-file - Finished :entry:default@BuildNativeWithNinja... after 1 ms 
[2026-06-02T02:06:22.479] [DEBUG] debug-file - restool module names: entry; moduleName=entry, taskName=default@ProcessResource
[2026-06-02T02:06:22.480] [DEBUG] debug-file - Executing task :entry:default@ProcessResource
[2026-06-02T02:06:22.480] [DEBUG] debug-file - Task 'entry:default@ProcessResource' cost while wrapping incremental declarations: 1 ms 
[2026-06-02T02:06:22.481] [DEBUG] debug-file - Incremental task entry:default@ProcessResource pre-execution cost: 1 ms .
[2026-06-02T02:06:22.481] [DEBUG] debug-file - entry : default@ProcessResource cost memory 0.12561798095703125
[2026-06-02T02:06:22.482] [INFO] debug-file - UP-TO-DATE :entry:default@ProcessResource...  
[2026-06-02T02:06:22.483] [DEBUG] debug-file - Executing task :entry:default@GenerateLoaderJson
[2026-06-02T02:06:22.484] [DEBUG] debug-file - Task 'entry:default@GenerateLoaderJson' cost while wrapping incremental declarations: 1 ms 
[2026-06-02T02:06:22.488] [DEBUG] debug-file - Incremental task entry:default@GenerateLoaderJson pre-execution cost: 3 ms .
[2026-06-02T02:06:22.488] [DEBUG] debug-file - entry : default@GenerateLoaderJson cost memory 0.47281646728515625
[2026-06-02T02:06:22.489] [INFO] debug-file - UP-TO-DATE :entry:default@GenerateLoaderJson...  
[2026-06-02T02:06:22.490] [DEBUG] debug-file - Executing task :entry:default@ProcessLibs
[2026-06-02T02:06:22.491] [DEBUG] debug-file - Incremental task entry:default@ProcessLibs pre-execution cost: 2 ms .
[2026-06-02T02:06:22.492] [DEBUG] debug-file - entry : default@ProcessLibs cost memory 0.101348876953125
[2026-06-02T02:06:22.492] [INFO] debug-file - UP-TO-DATE :entry:default@ProcessLibs...  
[2026-06-02T02:06:22.493] [DEBUG] debug-file - restool module names: entry; moduleName=entry, taskName=default@CompileResource
[2026-06-02T02:06:22.493] [DEBUG] debug-file - Executing task :entry:default@CompileResource
[2026-06-02T02:06:22.499] [DEBUG] debug-file - Incremental task entry:default@CompileResource pre-execution cost: 5 ms .
[2026-06-02T02:06:22.499] [DEBUG] debug-file - entry : default@CompileResource cost memory -1.0888137817382812
[2026-06-02T02:06:22.499] [INFO] debug-file - UP-TO-DATE :entry:default@CompileResource...  
[2026-06-02T02:06:22.500] [DEBUG] debug-file - Executing task :entry:default@DoNativeStrip
[2026-06-02T02:06:22.500] [DEBUG] debug-file - Task 'entry:default@DoNativeStrip' cost while wrapping incremental declarations: 1 ms 
[2026-06-02T02:06:22.501] [DEBUG] debug-file - Incremental task entry:default@DoNativeStrip pre-execution cost: 1 ms .
[2026-06-02T02:06:22.501] [DEBUG] debug-file - entry : default@DoNativeStrip cost memory 0.07656097412109375
[2026-06-02T02:06:22.501] [INFO] debug-file - UP-TO-DATE :entry:default@DoNativeStrip...  
[2026-06-02T02:06:22.502] [DEBUG] debug-file - Executing task :entry:default@CompileArkTS
[2026-06-02T02:06:22.502] [DEBUG] debug-file - obfuscationOptions: undefined
[2026-06-02T02:06:22.503] [DEBUG] debug-file - Task 'entry:default@CompileArkTS' cost while wrapping incremental declarations: 1 ms 
[2026-06-02T02:06:22.507] [DEBUG] debug-file - Incremental task entry:default@CompileArkTS pre-execution cost: 4 ms .
[2026-06-02T02:06:22.508] [DEBUG] debug-file - entry : default@CompileArkTS cost memory 0.5739898681640625
[2026-06-02T02:06:22.508] [INFO] debug-file - UP-TO-DATE :entry:default@CompileArkTS...  
[2026-06-02T02:06:22.509] [DEBUG] debug-file - Executing task :entry:default@BuildJS
[2026-06-02T02:06:22.509] [DEBUG] debug-file - Task 'entry:default@BuildJS' cost while wrapping incremental declarations: 1 ms 
[2026-06-02T02:06:22.511] [DEBUG] debug-file - entry : default@BuildJS cost memory 0.280059814453125
[2026-06-02T02:06:22.511] [DEBUG] debug-file - runTaskFromQueue task cost before running: 167 ms 
[2026-06-02T02:06:22.511] [INFO] debug-file - Finished :entry:default@BuildJS... after 2 ms 
[2026-06-02T02:06:22.511] [DEBUG] debug-file - Executing task :entry:default@CacheNativeLibs
[2026-06-02T02:06:22.512] [DEBUG] debug-file - Task 'entry:default@CacheNativeLibs' cost while wrapping incremental declarations: 1 ms 
[2026-06-02T02:06:22.512] [DEBUG] debug-file - Incremental task entry:default@CacheNativeLibs pre-execution cost: 1 ms .
[2026-06-02T02:06:22.512] [DEBUG] debug-file - entry : default@CacheNativeLibs cost memory 0.08997344970703125
[2026-06-02T02:06:22.512] [INFO] debug-file - UP-TO-DATE :entry:default@CacheNativeLibs...  
[2026-06-02T02:06:22.513] [DEBUG] debug-file - Executing task :entry:default@GeneratePkgModuleJson
[2026-06-02T02:06:22.513] [DEBUG] debug-file - File: 'D:\HUAWEI\lab4\AirShare\entry\build\default\intermediates\preload\default\preload.json' from 'preloadSoJsonPath' is not exists, just ignore.
[2026-06-02T02:06:22.514] [DEBUG] debug-file - Error occurs while handling @Input 'shouldDeduplicateHar': The "data" argument must be of type string or an instance of Buffer, TypedArray, or DataView. Received undefined
[2026-06-02T02:06:22.514] [DEBUG] debug-file - Task 'entry:default@GeneratePkgModuleJson' cost while wrapping incremental declarations: 1 ms 
[2026-06-02T02:06:22.514] [DEBUG] debug-file - Incremental task entry:default@GeneratePkgModuleJson pre-execution cost: 1 ms .
[2026-06-02T02:06:22.514] [DEBUG] debug-file - entry : default@GeneratePkgModuleJson cost memory 0.106658935546875
[2026-06-02T02:06:22.514] [INFO] debug-file - UP-TO-DATE :entry:default@GeneratePkgModuleJson...  
[2026-06-02T02:06:22.515] [DEBUG] debug-file - Executing task :entry:default@ProcessCompiledResources
[2026-06-02T02:06:22.515] [DEBUG] debug-file - File: 'D:\HUAWEI\lab4\AirShare\entry\build\default\intermediates\preload\default\preload.json' from 'preloadSoJsonPath' is not exists, just ignore.
[2026-06-02T02:06:22.515] [DEBUG] debug-file - Task 'entry:default@ProcessCompiledResources' cost while wrapping incremental declarations: 1 ms 
[2026-06-02T02:06:22.515] [DEBUG] debug-file - entry : default@ProcessCompiledResources cost memory 0.05783843994140625
[2026-06-02T02:06:22.515] [DEBUG] debug-file - runTaskFromQueue task cost before running: 172 ms 
[2026-06-02T02:06:22.515] [INFO] debug-file - Finished :entry:default@ProcessCompiledResources... after 1 ms 
[2026-06-02T02:06:22.516] [DEBUG] debug-file - Executing task :entry:default@PackageHap
[2026-06-02T02:06:22.519] [DEBUG] debug-file - Incremental task entry:default@PackageHap pre-execution cost: 3 ms .
[2026-06-02T02:06:22.519] [DEBUG] debug-file - entry : default@PackageHap cost memory 0.43878936767578125
[2026-06-02T02:06:22.520] [INFO] debug-file - UP-TO-DATE :entry:default@PackageHap...  
[2026-06-02T02:06:22.520] [DEBUG] debug-file - Executing task :entry:default@PackingCheck
[2026-06-02T02:06:22.523] [DEBUG] debug-file - entry : default@PackingCheck cost memory 0.29973602294921875
[2026-06-02T02:06:22.523] [DEBUG] debug-file - runTaskFromQueue task cost before running: 179 ms 
[2026-06-02T02:06:22.523] [INFO] debug-file - Finished :entry:default@PackingCheck... after 3 ms 
[2026-06-02T02:06:22.524] [DEBUG] debug-file - Executing task :entry:default@SignHap
[2026-06-02T02:06:22.524] [WARN] debug-file - Will skip sign 'hos_hap'. No signingConfigs profile is configured in current project.
             If needed, configure the signingConfigs in D:\HUAWEI\lab4\AirShare\build-profile.json5.
[2026-06-02T02:06:22.524] [DEBUG] debug-file - entry:default@SignHap is not up-to-date, since the output file 'D:\HUAWEI\lab4\AirShare\entry\build\default\outputs\default\entry-default-signed.hap' does not exist.
[2026-06-02T02:06:22.524] [DEBUG] debug-file - Incremental task entry:default@SignHap pre-execution cost: 1 ms .
[2026-06-02T02:06:22.525] [DEBUG] debug-file - entry : default@SignHap cost memory 0.09011077880859375
[2026-06-02T02:06:22.525] [DEBUG] debug-file - runTaskFromQueue task cost before running: 181 ms 
[2026-06-02T02:06:22.525] [INFO] debug-file - Finished :entry:default@SignHap... after 1 ms 
[2026-06-02T02:06:22.525] [DEBUG] debug-file - Executing task :entry:default@CollectDebugSymbol
[2026-06-02T02:06:22.526] [DEBUG] debug-file - entry : default@CollectDebugSymbol cost memory 0.08780670166015625
[2026-06-02T02:06:22.526] [DEBUG] debug-file - runTaskFromQueue task cost before running: 182 ms 
[2026-06-02T02:06:22.527] [INFO] debug-file - Finished :entry:default@CollectDebugSymbol... after 1 ms 
[2026-06-02T02:06:22.527] [DEBUG] debug-file - Executing task :entry:assembleHap
[2026-06-02T02:06:22.527] [DEBUG] debug-file - entry : assembleHap cost memory 0.0126800537109375
[2026-06-02T02:06:22.527] [DEBUG] debug-file - runTaskFromQueue task cost before running: 183 ms 
[2026-06-02T02:06:22.527] [INFO] debug-file - Finished :entry:assembleHap... after 1 ms 
[2026-06-02T02:06:22.540] [INFO] debug-file - BUILD SUCCESSFUL in 197 ms 
[2026-06-02T02:06:22.541] [DEBUG] debug-file - Update task entry:default@PreBuild input file:D:\HUAWEI\lab4\AirShare\AppScope\app.json5 cache by regenerate.
[2026-06-02T02:06:22.541] [DEBUG] debug-file - Update task entry:default@PreBuild input file:D:\HUAWEI\lab4\AirShare\entry\src\main\module.json5 cache by regenerate.
[2026-06-02T02:06:22.541] [DEBUG] debug-file - Update task entry:default@PreBuild input file:D:\HUAWEI\lab4\AirShare\build-profile.json5 cache by regenerate.
[2026-06-02T02:06:22.541] [DEBUG] debug-file - Update task entry:default@PreBuild input file:D:\HUAWEI\lab4\AirShare\entry\build-profile.json5 cache by regenerate.
[2026-06-02T02:06:22.542] [DEBUG] debug-file - Update task entry:default@PreBuild input file:D:\HUAWEI\lab4\AirShare\entry\src\main\resources\base\profile\main_pages.json cache by regenerate.
[2026-06-02T02:06:22.542] [DEBUG] debug-file - Update task entry:default@PreBuild input file:D:\HUAWEI\lab4\AirShare\hvigor\hvigor-config.json5 cache by regenerate.
[2026-06-02T02:06:22.542] [DEBUG] debug-file - Update task entry:default@PreBuild input file:D:\HUAWEI\lab4\AirShare\entry\oh-package.json5 cache by regenerate.
[2026-06-02T02:06:22.542] [DEBUG] debug-file - Update task entry:default@PreBuild input file:D:\HUAWEI\lab4\AirShare\oh-package.json5 cache by regenerate.
[2026-06-02T02:06:22.542] [DEBUG] debug-file - Incremental task entry:default@PreBuild post-execution cost:2 ms .
[2026-06-02T02:06:22.542] [DEBUG] debug-file - Update task entry:default@CreateModuleInfo output file:D:\HUAWEI\lab4\AirShare\entry\build\default\generated\profile\default\ModuleInfo.ts cache.
[2026-06-02T02:06:22.542] [DEBUG] debug-file - Incremental task entry:default@CreateModuleInfo post-execution cost:1 ms .
[2026-06-02T02:06:22.542] [DEBUG] debug-file - There is no need to refresh cache, since the incremental task entry:default@GenerateMetadata is up-to-date.
[2026-06-02T02:06:22.542] [DEBUG] debug-file - There is no need to refresh cache, since the incremental task entry:default@MergeProfile is up-to-date.
[2026-06-02T02:06:22.542] [DEBUG] debug-file - There is no need to refresh cache, since the incremental task entry:default@CreateBuildProfile is up-to-date.
[2026-06-02T02:06:22.542] [DEBUG] debug-file - There is no need to refresh cache, since the incremental task entry:default@GeneratePkgContextInfo is up-to-date.
[2026-06-02T02:06:22.542] [DEBUG] debug-file - Update task entry:default@ProcessIntegratedHsp output file:D:\HUAWEI\lab4\AirShare\build\cache\default\integrated_hsp\integratedHspCache.json cache.
[2026-06-02T02:06:22.542] [DEBUG] debug-file - Incremental task entry:default@ProcessIntegratedHsp post-execution cost:1 ms .
[2026-06-02T02:06:22.542] [DEBUG] debug-file - There is no need to refresh cache, since the incremental task entry:default@MakePackInfo is up-to-date.
[2026-06-02T02:06:22.542] [DEBUG] debug-file - Update task entry:default@SyscapTransform input file:D:\HUAWEI\DevEco\DevEco Studio\sdk\default\openharmony\toolchains\syscap_tool.exe cache by regenerate.
[2026-06-02T02:06:22.543] [DEBUG] debug-file - Update task entry:default@SyscapTransform input file:D:\HUAWEI\DevEco\DevEco Studio\sdk\default\openharmony\ets\api\device-define cache by regenerate.
[2026-06-02T02:06:22.543] [DEBUG] debug-file - Update task entry:default@SyscapTransform output file:D:\HUAWEI\lab4\AirShare\entry\build\default\intermediates\syscap\default\rpcid.sc cache.
[2026-06-02T02:06:22.543] [DEBUG] debug-file - Incremental task entry:default@SyscapTransform post-execution cost:1 ms .
[2026-06-02T02:06:22.543] [DEBUG] debug-file - There is no need to refresh cache, since the incremental task entry:default@ProcessProfile is up-to-date.
[2026-06-02T02:06:22.543] [DEBUG] debug-file - There is no need to refresh cache, since the incremental task entry:default@ProcessRouterMap is up-to-date.
[2026-06-02T02:06:22.543] [DEBUG] debug-file - There is no need to refresh cache, since the incremental task entry:default@ProcessShareConfig is up-to-date.
[2026-06-02T02:06:22.543] [DEBUG] debug-file - Update task entry:default@ProcessStartupConfig input file:D:\HUAWEI\lab4\AirShare\entry\build\default\intermediates\loader\default\pkgContextInfo.json cache by regenerate.
[2026-06-02T02:06:22.544] [DEBUG] debug-file - Update task entry:default@ProcessStartupConfig output file:D:\HUAWEI\lab4\AirShare\entry\build\default\intermediates\startup\default\startup_config.json cache.
[2026-06-02T02:06:22.544] [DEBUG] debug-file - Incremental task entry:default@ProcessStartupConfig post-execution cost:1 ms .
[2026-06-02T02:06:22.544] [DEBUG] debug-file - There is no need to refresh cache, since the incremental task entry:default@ProcessResource is up-to-date.
[2026-06-02T02:06:22.544] [DEBUG] debug-file - There is no need to refresh cache, since the incremental task entry:default@GenerateLoaderJson is up-to-date.
[2026-06-02T02:06:22.544] [DEBUG] debug-file - There is no need to refresh cache, since the incremental task entry:default@ProcessLibs is up-to-date.
[2026-06-02T02:06:22.544] [DEBUG] debug-file - There is no need to refresh cache, since the incremental task entry:default@CompileResource is up-to-date.
[2026-06-02T02:06:22.544] [DEBUG] debug-file - There is no need to refresh cache, since the incremental task entry:default@DoNativeStrip is up-to-date.
[2026-06-02T02:06:22.544] [DEBUG] debug-file - There is no need to refresh cache, since the incremental task entry:default@CompileArkTS is up-to-date.
[2026-06-02T02:06:22.545] [DEBUG] debug-file - Update task entry:default@BuildJS input file:D:\HUAWEI\lab4\AirShare\entry\build\default\intermediates\loader\default cache by regenerate.
[2026-06-02T02:06:22.546] [DEBUG] debug-file - Update task entry:default@BuildJS input file:D:\HUAWEI\lab4\AirShare\entry\build\default\intermediates\res\default\resources\rawfile cache by regenerate.
[2026-06-02T02:06:22.546] [DEBUG] debug-file - Update task entry:default@BuildJS input file:D:\HUAWEI\lab4\AirShare\entry\build\default\intermediates\res\default\ResourceTable.txt cache by regenerate.
[2026-06-02T02:06:22.546] [DEBUG] debug-file - Update task entry:default@BuildJS input file:D:\HUAWEI\lab4\AirShare\entry\build\default\intermediates\res\default\ark_module.json cache by regenerate.
[2026-06-02T02:06:22.546] [DEBUG] debug-file - Update task entry:default@BuildJS input file:D:\HUAWEI\lab4\AirShare\entry\build\default\intermediates\res\default\resources\base\profile cache by regenerate.
[2026-06-02T02:06:22.547] [DEBUG] debug-file - Update task entry:default@BuildJS input file:D:\HUAWEI\lab4\AirShare\entry\build\default\intermediates\loader\default\pkgContextInfo.json cache by regenerate.
[2026-06-02T02:06:22.547] [DEBUG] debug-file - Update task entry:default@BuildJS output file:D:\HUAWEI\lab4\AirShare\entry\build\default\intermediates\loader_out\default\js cache.
[2026-06-02T02:06:22.547] [DEBUG] debug-file - Incremental task entry:default@BuildJS post-execution cost:3 ms .
[2026-06-02T02:06:22.547] [DEBUG] debug-file - There is no need to refresh cache, since the incremental task entry:default@CacheNativeLibs is up-to-date.
[2026-06-02T02:06:22.547] [DEBUG] debug-file - There is no need to refresh cache, since the incremental task entry:default@GeneratePkgModuleJson is up-to-date.
[2026-06-02T02:06:22.547] [DEBUG] debug-file - Incremental task entry:default@ProcessCompiledResources post-execution cost:1 ms .
[2026-06-02T02:06:22.547] [DEBUG] debug-file - There is no need to refresh cache, since the incremental task entry:default@PackageHap is up-to-date.
[2026-06-02T02:06:22.547] [DEBUG] debug-file - Update task entry:default@SignHap input file:D:\HUAWEI\lab4\AirShare\entry\build\default\outputs\default\entry-default-unsigned.hap cache by regenerate.
[2026-06-02T02:06:22.547] [DEBUG] debug-file - Update task entry:default@SignHap output file:D:\HUAWEI\lab4\AirShare\entry\build\default\outputs\default\entry-default-signed.hap cache.
[2026-06-02T02:06:22.547] [DEBUG] debug-file - Incremental task entry:default@SignHap post-execution cost:1 ms .
[2026-06-02T02:06:22.548] [DEBUG] debug-file - Update task entry:default@CollectDebugSymbol input file:D:\HUAWEI\lab4\AirShare\entry\build\default\intermediates\loader_out\default\ets\sourceMaps.map cache by regenerate.
[2026-06-02T02:06:22.548] [DEBUG] debug-file - Update task entry:default@CollectDebugSymbol input file:D:\HUAWEI\lab4\AirShare\entry\build\default\intermediates\libs\default cache by regenerate.
[2026-06-02T02:06:22.548] [DEBUG] debug-file - Update task entry:default@CollectDebugSymbol output file:D:\HUAWEI\lab4\AirShare\entry\build\default\outputs\default\symbol cache.
[2026-06-02T02:06:22.548] [DEBUG] debug-file - Incremental task entry:default@CollectDebugSymbol post-execution cost:1 ms .
[2026-06-02T02:06:22.570] [DEBUG] debug-file - hvigor build process will be closed.
[2026-06-02T02:06:22.580] [DEBUG] debug-file - session manager: send message to worker process.
[2026-06-02T02:06:22.581] [DEBUG] debug-file - session manager: send message to worker process.
[2026-06-02T02:06:22.580] [DEBUG] debug-file - watch worker: worker id should be larger than 0. Nothing will be sent to any worker thread.
[2026-06-02T02:06:22.581] [DEBUG] debug-file - watch worker: worker id should be larger than 0. Nothing will be sent to any worker thread.
[2026-06-02T02:13:38.967] [DEBUG] debug-file - session manager: set active socket. socketId=PyQzMiHzwZ0M5ehuAAAF
[2026-06-02T02:13:38.973] [DEBUG] debug-file - watch worker: worker id should be larger than 0. Nothing will be sent to any worker thread.
[2026-06-02T02:13:38.974] [DEBUG] debug-file - Workers' log level updated to INFO
[2026-06-02T02:13:38.976] [DEBUG] debug-file - Hvigor init with startParameters:{
  hvigorfileTypeCheck: false,
  parallelExecution: true,
  incrementalExecution: true,
  printStackTrace: false,
  daemon: true,
  analyze: 0,
  logLevel: Level { level: 20000, levelStr: 'INFO', colour: 'green' },
  optimizationStrategy: 'memory',
  hotCompile: undefined,
  hotReloadBuild: undefined,
  customizedParam: undefined
}
[2026-06-02T02:13:38.978] [DEBUG] debug-file - Cache service initialization finished in 2 ms 
[2026-06-02T02:13:38.979] [DEBUG] debug-file - hvigorfile, resolving D:\HUAWEI\lab4\AirShare\hvigorfile.ts
[2026-06-02T02:13:38.985] [DEBUG] debug-file - hvigorfile, require result:  { default: { plugins: [] } }
[2026-06-02T02:13:38.985] [DEBUG] debug-file - hvigorfile, binding system plugins null
[2026-06-02T02:13:38.985] [DEBUG] debug-file - Starting plugin build process
[2026-06-02T02:13:38.985] [DEBUG] debug-file - App plugin prepare start...
[2026-06-02T02:13:38.985] [DEBUG] debug-file - App plugin prepare end...
[2026-06-02T02:13:38.985] [DEBUG] debug-file - App plugin creating...
[2026-06-02T02:13:38.988] [DEBUG] debug-file - App plugin register hook start...
[2026-06-02T02:13:38.988] [DEBUG] debug-file - App plugin register hook end...
[2026-06-02T02:13:38.988] [DEBUG] debug-file - Plugin build process completed
[2026-06-02T02:13:38.989] [DEBUG] debug-file - Start initialize project's product build option map with build mode debug.
[2026-06-02T02:13:38.989] [DEBUG] debug-file - Picking option from product 'default' with build mode 'debug'.
[2026-06-02T02:13:38.989] [DEBUG] debug-file - Product 'default' build option initialized
[2026-06-02T02:13:38.989] [DEBUG] debug-file - End initialize project's product build option map with build mode 'debug'.
[2026-06-02T02:13:38.990] [DEBUG] debug-file - Obtain build option for product 'default'in this build.
[2026-06-02T02:13:38.991] [DEBUG] debug-file - No signingConfig found, initRemoteHspCache failed.
[2026-06-02T02:13:38.992] [DEBUG] debug-file - Start recording SDK configuration permission data.
[2026-06-02T02:13:39.015] [DEBUG] debug-file - Sdk init in 24 ms 
[2026-06-02T02:13:39.017] [DEBUG] debug-file - Project task initialization takes 2 ms 
[2026-06-02T02:13:39.017] [DEBUG] debug-file - hvigorfile, binding custom plugins []
[2026-06-02T02:13:39.017] [DEBUG] debug-file - hvigorfile, no custom plugins were found in D:\HUAWEI\lab4\AirShare\hvigorfile.ts
[2026-06-02T02:13:39.017] [DEBUG] debug-file - hvigorfile, resolve finished D:\HUAWEI\lab4\AirShare\hvigorfile.ts
[2026-06-02T02:13:39.017] [DEBUG] debug-file - hvigorfile, resolving D:\HUAWEI\lab4\AirShare\entry\hvigorfile.ts
[2026-06-02T02:13:39.021] [DEBUG] debug-file - hvigorfile, require result:  { default: { plugins: [] } }
[2026-06-02T02:13:39.021] [DEBUG] debug-file - hvigorfile, binding system plugins null
[2026-06-02T02:13:39.021] [DEBUG] debug-file - Starting plugin build process
[2026-06-02T02:13:39.021] [DEBUG] debug-file - Hap plugin creating...
[2026-06-02T02:13:39.022] [DEBUG] debug-file - failed to load cangjie to dynamically generate schemas: Error: Cannot find module '@ohos/cangjie-build-support/index'
Require stack:
- D:\HUAWEI\DevEco\DevEco Studio\tools\hvigor\hvigor-ohos-plugin\src\plugin\hooks\cangjie-register.js
- D:\HUAWEI\DevEco\DevEco Studio\tools\hvigor\hvigor-ohos-plugin\src\plugin\strategy\stage-init-strategy.js
- D:\HUAWEI\DevEco\DevEco Studio\tools\hvigor\hvigor-ohos-plugin\src\plugin\builder\abstract-plugin-builder.js
- D:\HUAWEI\DevEco\DevEco Studio\tools\hvigor\hvigor-ohos-plugin\src\plugin\builder\app-plugin-builder.js
- D:\HUAWEI\DevEco\DevEco Studio\tools\hvigor\hvigor-ohos-plugin\src\plugin\factory\plugin-factory.js
- D:\HUAWEI\DevEco\DevEco Studio\tools\hvigor\hvigor-ohos-plugin\index.js
- D:\HUAWEI\lab4\AirShare\hvigorfile.ts
- D:\HUAWEI\DevEco\DevEco Studio\tools\hvigor\hvigor\src\base\internal\lifecycle\configuration.js
- D:\HUAWEI\DevEco\DevEco Studio\tools\hvigor\hvigor\src\base\boot\index.js
- D:\HUAWEI\DevEco\DevEco Studio\tools\hvigor\hvigor\src\base\daemon\cluster\worker-process-lifecycle.js
- D:\HUAWEI\DevEco\DevEco Studio\tools\hvigor\hvigor\src\base\daemon\process\daemon-process-boot-script.js
[2026-06-02T02:13:39.023] [DEBUG] debug-file - Start initialize module-target build option map, moduleName=entry, buildMode=debug
[2026-06-02T02:13:39.023] [DEBUG] debug-file - Target 'default' config initialized
[2026-06-02T02:13:39.023] [DEBUG] debug-file - Module 'entry' target 'default' build option initialized
[2026-06-02T02:13:39.023] [DEBUG] debug-file - End initialize module-target build option map, moduleName=entry
[2026-06-02T02:13:39.023] [DEBUG] debug-file - Start initialize module-target build option map, moduleName=entry, buildMode=release
[2026-06-02T02:13:39.023] [DEBUG] debug-file - Target 'default' config initialized
[2026-06-02T02:13:39.024] [DEBUG] debug-file - Module 'entry' target 'default' build option initialized
[2026-06-02T02:13:39.024] [DEBUG] debug-file - End initialize module-target build option map, moduleName=entry
[2026-06-02T02:13:39.024] [DEBUG] debug-file - Start initialize module-target build option map, moduleName=entry, buildMode=debug
[2026-06-02T02:13:39.024] [DEBUG] debug-file - Target 'default' config initialized
[2026-06-02T02:13:39.025] [DEBUG] debug-file - Module 'entry' target 'default' build option initialized
[2026-06-02T02:13:39.025] [DEBUG] debug-file - End initialize module-target build option map, moduleName=entry
[2026-06-02T02:13:39.025] [DEBUG] debug-file - Obtain build option for module 'entry' target 'default'in this build.
[2026-06-02T02:13:39.026] [DEBUG] debug-file - Module entry task initialization takes 1 ms 
[2026-06-02T02:13:39.026] [DEBUG] debug-file - Hap plugin register hook start...
[2026-06-02T02:13:39.026] [DEBUG] debug-file - Hap plugin register hook end...
[2026-06-02T02:13:39.026] [DEBUG] debug-file - Plugin build process completed
[2026-06-02T02:13:39.026] [DEBUG] debug-file - hvigorfile, binding custom plugins []
[2026-06-02T02:13:39.026] [DEBUG] debug-file - hvigorfile, no custom plugins were found in D:\HUAWEI\lab4\AirShare\entry\hvigorfile.ts
[2026-06-02T02:13:39.026] [DEBUG] debug-file - hvigorfile, resolve finished D:\HUAWEI\lab4\AirShare\entry\hvigorfile.ts
[2026-06-02T02:13:39.038] [DEBUG] debug-file - hvigorfile, resolve hvigorfile dependencies in 12 ms 
[2026-06-02T02:13:39.038] [DEBUG] debug-file - project has submodules:entry
[2026-06-02T02:13:39.039] [DEBUG] debug-file - start to load updatedOhPackageInfo to the disk
[2026-06-02T02:13:39.044] [DEBUG] debug-file - load to the disk finished
[2026-06-02T02:13:39.045] [DEBUG] debug-file - Start to initialize dependency information.
[2026-06-02T02:13:39.046] [DEBUG] debug-file - Module AirShare Collected Dependency: 
[2026-06-02T02:13:39.046] [DEBUG] debug-file - Module AirShare's total dependency: 0
[2026-06-02T02:13:39.046] [DEBUG] debug-file - Start to initialize dependency information.
[2026-06-02T02:13:39.047] [DEBUG] debug-file - Module entry Collected Dependency: 
[2026-06-02T02:13:39.047] [DEBUG] debug-file - Module entry's total dependency: 0
[2026-06-02T02:13:39.049] [DEBUG] debug-file - Configuration phase cost:71 ms 
[2026-06-02T02:13:39.050] [DEBUG] debug-file - Configuration task cost before running: 76 ms 
[2026-06-02T02:13:39.052] [DEBUG] debug-file - Executing task :entry:default@PreBuild
[2026-06-02T02:13:39.053] [DEBUG] debug-file - Task 'entry:default@PreBuild' cost while wrapping incremental declarations: 1 ms 
[2026-06-02T02:13:39.056] [DEBUG] debug-file - Incremental task entry:default@PreBuild pre-execution cost: 3 ms .
[2026-06-02T02:13:39.057] [DEBUG] debug-file - entry : default@PreBuild cost memory 0.30489349365234375
[2026-06-02T02:13:39.058] [INFO] debug-file - UP-TO-DATE :entry:default@PreBuild...  
[2026-06-02T02:13:39.059] [DEBUG] debug-file - Executing task :entry:default@CreateModuleInfo
[2026-06-02T02:13:39.059] [DEBUG] debug-file - Task 'entry:default@CreateModuleInfo' cost while wrapping incremental declarations: 1 ms 
[2026-06-02T02:13:39.059] [DEBUG] debug-file - entry : default@CreateModuleInfo cost memory 0.04157257080078125
[2026-06-02T02:13:39.059] [DEBUG] debug-file - runTaskFromQueue task cost before running: 85 ms 
[2026-06-02T02:13:39.059] [INFO] debug-file - Finished :entry:default@CreateModuleInfo... after 1 ms 
[2026-06-02T02:13:39.060] [DEBUG] debug-file - Executing task :entry:default@GenerateMetadata
[2026-06-02T02:13:39.060] [DEBUG] debug-file - Task 'entry:default@GenerateMetadata' cost while wrapping incremental declarations: 1 ms 
[2026-06-02T02:13:39.061] [DEBUG] debug-file - Incremental task entry:default@GenerateMetadata pre-execution cost: 1 ms .
[2026-06-02T02:13:39.061] [DEBUG] debug-file - entry : default@GenerateMetadata cost memory 0.08251190185546875
[2026-06-02T02:13:39.061] [INFO] debug-file - UP-TO-DATE :entry:default@GenerateMetadata...  
[2026-06-02T02:13:39.062] [DEBUG] debug-file - Executing task :entry:default@ConfigureCmake
[2026-06-02T02:13:39.062] [DEBUG] debug-file - entry : default@ConfigureCmake cost memory 0.0144805908203125
[2026-06-02T02:13:39.062] [DEBUG] debug-file - runTaskFromQueue task cost before running: 88 ms 
[2026-06-02T02:13:39.062] [INFO] debug-file - Finished :entry:default@ConfigureCmake... after 1 ms 
[2026-06-02T02:13:39.063] [DEBUG] debug-file - Executing task :entry:default@MergeProfile
[2026-06-02T02:13:39.063] [DEBUG] debug-file - Task 'entry:default@MergeProfile' cost while wrapping incremental declarations: 1 ms 
[2026-06-02T02:13:39.064] [DEBUG] debug-file - Incremental task entry:default@MergeProfile pre-execution cost: 2 ms .
[2026-06-02T02:13:39.064] [DEBUG] debug-file - entry : default@MergeProfile cost memory 0.13250732421875
[2026-06-02T02:13:39.065] [INFO] debug-file - UP-TO-DATE :entry:default@MergeProfile...  
[2026-06-02T02:13:39.065] [DEBUG] debug-file - Executing task :entry:default@CreateBuildProfile
[2026-06-02T02:13:39.066] [DEBUG] debug-file - Task 'entry:default@CreateBuildProfile' cost while wrapping incremental declarations: 1 ms 
[2026-06-02T02:13:39.066] [DEBUG] debug-file - Incremental task entry:default@CreateBuildProfile pre-execution cost: 1 ms .
[2026-06-02T02:13:39.066] [DEBUG] debug-file - entry : default@CreateBuildProfile cost memory 0.09014129638671875
[2026-06-02T02:13:39.066] [INFO] debug-file - UP-TO-DATE :entry:default@CreateBuildProfile...  
[2026-06-02T02:13:39.067] [DEBUG] debug-file - Executing task :entry:default@PreCheckSyscap
[2026-06-02T02:13:39.067] [DEBUG] debug-file - entry : default@PreCheckSyscap cost memory 0.01471710205078125
[2026-06-02T02:13:39.067] [DEBUG] debug-file - runTaskFromQueue task cost before running: 93 ms 
[2026-06-02T02:13:39.067] [INFO] debug-file - Finished :entry:default@PreCheckSyscap... after 1 ms 
[2026-06-02T02:13:39.068] [DEBUG] debug-file - Executing task :entry:default@GeneratePkgContextInfo
[2026-06-02T02:13:39.070] [DEBUG] debug-file - Task 'entry:default@GeneratePkgContextInfo' cost while wrapping incremental declarations: 1 ms 
[2026-06-02T02:13:39.071] [DEBUG] debug-file - Incremental task entry:default@GeneratePkgContextInfo pre-execution cost: 1 ms .
[2026-06-02T02:13:39.071] [DEBUG] debug-file - entry : default@GeneratePkgContextInfo cost memory 0.1742095947265625
[2026-06-02T02:13:39.071] [INFO] debug-file - UP-TO-DATE :entry:default@GeneratePkgContextInfo...  
[2026-06-02T02:13:39.073] [DEBUG] debug-file - Executing task :entry:default@ProcessIntegratedHsp
[2026-06-02T02:13:39.074] [DEBUG] debug-file - entry:default@ProcessIntegratedHsp is not up-to-date, since the output file 'D:\HUAWEI\lab4\AirShare\build\cache\default\integrated_hsp\integratedHspCache.json' does not exist.
[2026-06-02T02:13:39.074] [DEBUG] debug-file - Incremental task entry:default@ProcessIntegratedHsp pre-execution cost: 1 ms .
[2026-06-02T02:13:39.074] [DEBUG] debug-file - entry : default@ProcessIntegratedHsp cost memory -1.6117401123046875
[2026-06-02T02:13:39.074] [DEBUG] debug-file - runTaskFromQueue task cost before running: 100 ms 
[2026-06-02T02:13:39.074] [INFO] debug-file - Finished :entry:default@ProcessIntegratedHsp... after 2 ms 
[2026-06-02T02:13:39.075] [DEBUG] debug-file - Executing task :entry:default@BuildNativeWithCmake
[2026-06-02T02:13:39.076] [DEBUG] debug-file - entry : default@BuildNativeWithCmake cost memory 0.0144805908203125
[2026-06-02T02:13:39.076] [DEBUG] debug-file - runTaskFromQueue task cost before running: 102 ms 
[2026-06-02T02:13:39.076] [INFO] debug-file - Finished :entry:default@BuildNativeWithCmake... after 1 ms 
[2026-06-02T02:13:39.077] [DEBUG] debug-file - Executing task :entry:default@MakePackInfo
[2026-06-02T02:13:39.078] [DEBUG] debug-file - Incremental task entry:default@MakePackInfo pre-execution cost: 1 ms .
[2026-06-02T02:13:39.078] [DEBUG] debug-file - entry : default@MakePackInfo cost memory 0.1052703857421875
[2026-06-02T02:13:39.079] [INFO] debug-file - UP-TO-DATE :entry:default@MakePackInfo...  
[2026-06-02T02:13:39.079] [DEBUG] debug-file - Executing task :entry:default@SyscapTransform
[2026-06-02T02:13:39.080] [DEBUG] debug-file - File: 'D:\HUAWEI\lab4\AirShare\entry\src\main\syscap.json' from 'sysCapJsonPath' is not exists, just ignore.
[2026-06-02T02:13:39.080] [DEBUG] debug-file - Task 'entry:default@SyscapTransform' cost while wrapping incremental declarations: 1 ms 
[2026-06-02T02:13:39.081] [DEBUG] debug-file - entry:default@SyscapTransform is not up-to-date, since the output file 'D:\HUAWEI\lab4\AirShare\entry\build\default\intermediates\syscap\default\rpcid.sc' does not exist.
[2026-06-02T02:13:39.081] [DEBUG] debug-file - Incremental task entry:default@SyscapTransform pre-execution cost: 1 ms .
[2026-06-02T02:13:39.081] [DEBUG] debug-file - entry : default@SyscapTransform cost memory 0.14940643310546875
[2026-06-02T02:13:39.081] [DEBUG] debug-file - runTaskFromQueue task cost before running: 107 ms 
[2026-06-02T02:13:39.081] [INFO] debug-file - Finished :entry:default@SyscapTransform... after 2 ms 
[2026-06-02T02:13:39.082] [DEBUG] debug-file - Executing task :entry:default@ProcessProfile
[2026-06-02T02:13:39.083] [DEBUG] debug-file - Task 'entry:default@ProcessProfile' cost while wrapping incremental declarations: 1 ms 
[2026-06-02T02:13:39.083] [DEBUG] debug-file - Incremental task entry:default@ProcessProfile pre-execution cost: 1 ms .
[2026-06-02T02:13:39.083] [DEBUG] debug-file - entry : default@ProcessProfile cost memory 0.13867950439453125
[2026-06-02T02:13:39.084] [INFO] debug-file - UP-TO-DATE :entry:default@ProcessProfile...  
[2026-06-02T02:13:39.084] [DEBUG] debug-file - Executing task :entry:default@ProcessRouterMap
[2026-06-02T02:13:39.086] [DEBUG] debug-file - Incremental task entry:default@ProcessRouterMap pre-execution cost: 1 ms .
[2026-06-02T02:13:39.086] [DEBUG] debug-file - entry : default@ProcessRouterMap cost memory 0.1556854248046875
[2026-06-02T02:13:39.086] [INFO] debug-file - UP-TO-DATE :entry:default@ProcessRouterMap...  
[2026-06-02T02:13:39.087] [DEBUG] debug-file - Executing task :entry:default@ProcessShareConfig
[2026-06-02T02:13:39.088] [DEBUG] debug-file - Incremental task entry:default@ProcessShareConfig pre-execution cost: 1 ms .
[2026-06-02T02:13:39.088] [DEBUG] debug-file - entry : default@ProcessShareConfig cost memory 0.13245391845703125
[2026-06-02T02:13:39.089] [INFO] debug-file - UP-TO-DATE :entry:default@ProcessShareConfig...  
[2026-06-02T02:13:39.090] [DEBUG] debug-file - Executing task :entry:default@ProcessStartupConfig
[2026-06-02T02:13:39.090] [DEBUG] debug-file - Task 'entry:default@ProcessStartupConfig' cost while wrapping incremental declarations: 1 ms 
[2026-06-02T02:13:39.090] [DEBUG] debug-file - entry:default@ProcessStartupConfig is not up-to-date, since the output file 'D:\HUAWEI\lab4\AirShare\entry\build\default\intermediates\startup\default\startup_config.json' does not exist.
[2026-06-02T02:13:39.090] [DEBUG] debug-file - Incremental task entry:default@ProcessStartupConfig pre-execution cost: 1 ms .
[2026-06-02T02:13:39.091] [DEBUG] debug-file - entry : default@ProcessStartupConfig cost memory 0.125579833984375
[2026-06-02T02:13:39.091] [DEBUG] debug-file - runTaskFromQueue task cost before running: 117 ms 
[2026-06-02T02:13:39.091] [INFO] debug-file - Finished :entry:default@ProcessStartupConfig... after 2 ms 
[2026-06-02T02:13:39.092] [DEBUG] debug-file - Executing task :entry:default@BuildNativeWithNinja
[2026-06-02T02:13:39.092] [DEBUG] debug-file - entry : default@BuildNativeWithNinja cost memory 0.02057647705078125
[2026-06-02T02:13:39.092] [DEBUG] debug-file - runTaskFromQueue task cost before running: 118 ms 
[2026-06-02T02:13:39.092] [INFO] debug-file - Finished :entry:default@BuildNativeWithNinja... after 1 ms 
[2026-06-02T02:13:39.093] [DEBUG] debug-file - restool module names: entry; moduleName=entry, taskName=default@ProcessResource
[2026-06-02T02:13:39.094] [DEBUG] debug-file - Executing task :entry:default@ProcessResource
[2026-06-02T02:13:39.094] [DEBUG] debug-file - Task 'entry:default@ProcessResource' cost while wrapping incremental declarations: 1 ms 
[2026-06-02T02:13:39.095] [DEBUG] debug-file - Incremental task entry:default@ProcessResource pre-execution cost: 1 ms .
[2026-06-02T02:13:39.095] [DEBUG] debug-file - entry : default@ProcessResource cost memory 0.12602996826171875
[2026-06-02T02:13:39.096] [INFO] debug-file - UP-TO-DATE :entry:default@ProcessResource...  
[2026-06-02T02:13:39.097] [DEBUG] debug-file - Executing task :entry:default@GenerateLoaderJson
[2026-06-02T02:13:39.097] [DEBUG] debug-file - Task 'entry:default@GenerateLoaderJson' cost while wrapping incremental declarations: 1 ms 
[2026-06-02T02:13:39.101] [DEBUG] debug-file - Incremental task entry:default@GenerateLoaderJson pre-execution cost: 3 ms .
[2026-06-02T02:13:39.101] [DEBUG] debug-file - entry : default@GenerateLoaderJson cost memory 0.467041015625
[2026-06-02T02:13:39.103] [INFO] debug-file - UP-TO-DATE :entry:default@GenerateLoaderJson...  
[2026-06-02T02:13:39.103] [DEBUG] debug-file - Executing task :entry:default@ProcessLibs
[2026-06-02T02:13:39.105] [DEBUG] debug-file - Incremental task entry:default@ProcessLibs pre-execution cost: 1 ms .
[2026-06-02T02:13:39.105] [DEBUG] debug-file - entry : default@ProcessLibs cost memory 0.09821319580078125
[2026-06-02T02:13:39.105] [INFO] debug-file - UP-TO-DATE :entry:default@ProcessLibs...  
[2026-06-02T02:13:39.106] [DEBUG] debug-file - restool module names: entry; moduleName=entry, taskName=default@CompileResource
[2026-06-02T02:13:39.106] [DEBUG] debug-file - Executing task :entry:default@CompileResource
[2026-06-02T02:13:39.111] [DEBUG] debug-file - Incremental task entry:default@CompileResource pre-execution cost: 5 ms .
[2026-06-02T02:13:39.111] [DEBUG] debug-file - entry : default@CompileResource cost memory -1.0833511352539062
[2026-06-02T02:13:39.112] [INFO] debug-file - UP-TO-DATE :entry:default@CompileResource...  
[2026-06-02T02:13:39.113] [DEBUG] debug-file - Executing task :entry:default@DoNativeStrip
[2026-06-02T02:13:39.113] [DEBUG] debug-file - Task 'entry:default@DoNativeStrip' cost while wrapping incremental declarations: 1 ms 
[2026-06-02T02:13:39.113] [DEBUG] debug-file - Incremental task entry:default@DoNativeStrip pre-execution cost: 1 ms .
[2026-06-02T02:13:39.113] [DEBUG] debug-file - entry : default@DoNativeStrip cost memory 0.07625579833984375
[2026-06-02T02:13:39.113] [INFO] debug-file - UP-TO-DATE :entry:default@DoNativeStrip...  
[2026-06-02T02:13:39.114] [DEBUG] debug-file - Executing task :entry:default@CompileArkTS
[2026-06-02T02:13:39.114] [DEBUG] debug-file - obfuscationOptions: undefined
[2026-06-02T02:13:39.115] [DEBUG] debug-file - Task 'entry:default@CompileArkTS' cost while wrapping incremental declarations: 1 ms 
[2026-06-02T02:13:39.119] [DEBUG] debug-file - Incremental task entry:default@CompileArkTS pre-execution cost: 4 ms .
[2026-06-02T02:13:39.119] [DEBUG] debug-file - entry : default@CompileArkTS cost memory 0.5737991333007812
[2026-06-02T02:13:39.120] [INFO] debug-file - UP-TO-DATE :entry:default@CompileArkTS...  
[2026-06-02T02:13:39.121] [DEBUG] debug-file - Executing task :entry:default@BuildJS
[2026-06-02T02:13:39.121] [DEBUG] debug-file - Task 'entry:default@BuildJS' cost while wrapping incremental declarations: 1 ms 
[2026-06-02T02:13:39.122] [DEBUG] debug-file - entry : default@BuildJS cost memory 0.1551971435546875
[2026-06-02T02:13:39.123] [DEBUG] debug-file - runTaskFromQueue task cost before running: 148 ms 
[2026-06-02T02:13:39.123] [INFO] debug-file - Finished :entry:default@BuildJS... after 2 ms 
[2026-06-02T02:13:39.123] [DEBUG] debug-file - Executing task :entry:default@CacheNativeLibs
[2026-06-02T02:13:39.123] [DEBUG] debug-file - Task 'entry:default@CacheNativeLibs' cost while wrapping incremental declarations: 1 ms 
[2026-06-02T02:13:39.124] [DEBUG] debug-file - Incremental task entry:default@CacheNativeLibs pre-execution cost: 1 ms .
[2026-06-02T02:13:39.124] [DEBUG] debug-file - entry : default@CacheNativeLibs cost memory 0.0912628173828125
[2026-06-02T02:13:39.124] [INFO] debug-file - UP-TO-DATE :entry:default@CacheNativeLibs...  
[2026-06-02T02:13:39.125] [DEBUG] debug-file - Executing task :entry:default@GeneratePkgModuleJson
[2026-06-02T02:13:39.125] [DEBUG] debug-file - File: 'D:\HUAWEI\lab4\AirShare\entry\build\default\intermediates\preload\default\preload.json' from 'preloadSoJsonPath' is not exists, just ignore.
[2026-06-02T02:13:39.126] [DEBUG] debug-file - Error occurs while handling @Input 'shouldDeduplicateHar': The "data" argument must be of type string or an instance of Buffer, TypedArray, or DataView. Received undefined
[2026-06-02T02:13:39.126] [DEBUG] debug-file - Task 'entry:default@GeneratePkgModuleJson' cost while wrapping incremental declarations: 1 ms 
[2026-06-02T02:13:39.126] [DEBUG] debug-file - Incremental task entry:default@GeneratePkgModuleJson pre-execution cost: 1 ms .
[2026-06-02T02:13:39.126] [DEBUG] debug-file - entry : default@GeneratePkgModuleJson cost memory 0.10271453857421875
[2026-06-02T02:13:39.126] [INFO] debug-file - UP-TO-DATE :entry:default@GeneratePkgModuleJson...  
[2026-06-02T02:13:39.127] [DEBUG] debug-file - Executing task :entry:default@ProcessCompiledResources
[2026-06-02T02:13:39.127] [DEBUG] debug-file - File: 'D:\HUAWEI\lab4\AirShare\entry\build\default\intermediates\preload\default\preload.json' from 'preloadSoJsonPath' is not exists, just ignore.
[2026-06-02T02:13:39.127] [DEBUG] debug-file - Task 'entry:default@ProcessCompiledResources' cost while wrapping incremental declarations: 1 ms 
[2026-06-02T02:13:39.127] [DEBUG] debug-file - entry : default@ProcessCompiledResources cost memory 0.05783843994140625
[2026-06-02T02:13:39.127] [DEBUG] debug-file - runTaskFromQueue task cost before running: 153 ms 
[2026-06-02T02:13:39.127] [INFO] debug-file - Finished :entry:default@ProcessCompiledResources... after 1 ms 
[2026-06-02T02:13:39.128] [DEBUG] debug-file - Executing task :entry:default@PackageHap
[2026-06-02T02:13:39.131] [DEBUG] debug-file - Incremental task entry:default@PackageHap pre-execution cost: 3 ms .
[2026-06-02T02:13:39.131] [DEBUG] debug-file - entry : default@PackageHap cost memory 0.44622802734375
[2026-06-02T02:13:39.132] [INFO] debug-file - UP-TO-DATE :entry:default@PackageHap...  
[2026-06-02T02:13:39.132] [DEBUG] debug-file - Executing task :entry:default@PackingCheck
[2026-06-02T02:13:39.135] [DEBUG] debug-file - entry : default@PackingCheck cost memory 0.6704635620117188
[2026-06-02T02:13:39.135] [DEBUG] debug-file - runTaskFromQueue task cost before running: 160 ms 
[2026-06-02T02:13:39.135] [INFO] debug-file - Finished :entry:default@PackingCheck... after 3 ms 
[2026-06-02T02:13:39.135] [DEBUG] debug-file - Executing task :entry:default@SignHap
[2026-06-02T02:13:39.136] [WARN] debug-file - Will skip sign 'hos_hap'. No signingConfigs profile is configured in current project.
             If needed, configure the signingConfigs in D:\HUAWEI\lab4\AirShare\build-profile.json5.
[2026-06-02T02:13:39.136] [DEBUG] debug-file - entry:default@SignHap is not up-to-date, since the output file 'D:\HUAWEI\lab4\AirShare\entry\build\default\outputs\default\entry-default-signed.hap' does not exist.
[2026-06-02T02:13:39.136] [DEBUG] debug-file - Incremental task entry:default@SignHap pre-execution cost: 1 ms .
[2026-06-02T02:13:39.136] [DEBUG] debug-file - entry : default@SignHap cost memory 0.0898895263671875
[2026-06-02T02:13:39.136] [DEBUG] debug-file - runTaskFromQueue task cost before running: 162 ms 
[2026-06-02T02:13:39.137] [INFO] debug-file - Finished :entry:default@SignHap... after 1 ms 
[2026-06-02T02:13:39.137] [DEBUG] debug-file - Executing task :entry:default@CollectDebugSymbol
[2026-06-02T02:13:39.138] [DEBUG] debug-file - entry : default@CollectDebugSymbol cost memory 0.08780670166015625
[2026-06-02T02:13:39.138] [DEBUG] debug-file - runTaskFromQueue task cost before running: 164 ms 
[2026-06-02T02:13:39.138] [INFO] debug-file - Finished :entry:default@CollectDebugSymbol... after 1 ms 
[2026-06-02T02:13:39.139] [DEBUG] debug-file - Executing task :entry:assembleHap
[2026-06-02T02:13:39.139] [DEBUG] debug-file - entry : assembleHap cost memory 0.012725830078125
[2026-06-02T02:13:39.139] [DEBUG] debug-file - runTaskFromQueue task cost before running: 165 ms 
[2026-06-02T02:13:39.139] [INFO] debug-file - Finished :entry:assembleHap... after 1 ms 
[2026-06-02T02:13:39.153] [INFO] debug-file - BUILD SUCCESSFUL in 179 ms 
[2026-06-02T02:13:39.153] [DEBUG] debug-file - There is no need to refresh cache, since the incremental task entry:default@PreBuild is up-to-date.
[2026-06-02T02:13:39.153] [DEBUG] debug-file - Update task entry:default@CreateModuleInfo output file:D:\HUAWEI\lab4\AirShare\entry\build\default\generated\profile\default\ModuleInfo.ts cache.
[2026-06-02T02:13:39.153] [DEBUG] debug-file - Incremental task entry:default@CreateModuleInfo post-execution cost:1 ms .
[2026-06-02T02:13:39.153] [DEBUG] debug-file - There is no need to refresh cache, since the incremental task entry:default@GenerateMetadata is up-to-date.
[2026-06-02T02:13:39.153] [DEBUG] debug-file - There is no need to refresh cache, since the incremental task entry:default@MergeProfile is up-to-date.
[2026-06-02T02:13:39.154] [DEBUG] debug-file - There is no need to refresh cache, since the incremental task entry:default@CreateBuildProfile is up-to-date.
[2026-06-02T02:13:39.154] [DEBUG] debug-file - There is no need to refresh cache, since the incremental task entry:default@GeneratePkgContextInfo is up-to-date.
[2026-06-02T02:13:39.154] [DEBUG] debug-file - Update task entry:default@ProcessIntegratedHsp output file:D:\HUAWEI\lab4\AirShare\build\cache\default\integrated_hsp\integratedHspCache.json cache.
[2026-06-02T02:13:39.155] [DEBUG] debug-file - Incremental task entry:default@ProcessIntegratedHsp post-execution cost:2 ms .
[2026-06-02T02:13:39.155] [DEBUG] debug-file - There is no need to refresh cache, since the incremental task entry:default@MakePackInfo is up-to-date.
[2026-06-02T02:13:39.155] [DEBUG] debug-file - Update task entry:default@SyscapTransform input file:D:\HUAWEI\DevEco\DevEco Studio\sdk\default\openharmony\toolchains\syscap_tool.exe cache by regenerate.
[2026-06-02T02:13:39.155] [DEBUG] debug-file - Update task entry:default@SyscapTransform input file:D:\HUAWEI\DevEco\DevEco Studio\sdk\default\openharmony\ets\api\device-define cache by regenerate.
[2026-06-02T02:13:39.156] [DEBUG] debug-file - Update task entry:default@SyscapTransform output file:D:\HUAWEI\lab4\AirShare\entry\build\default\intermediates\syscap\default\rpcid.sc cache.
[2026-06-02T02:13:39.156] [DEBUG] debug-file - Incremental task entry:default@SyscapTransform post-execution cost:1 ms .
[2026-06-02T02:13:39.156] [DEBUG] debug-file - There is no need to refresh cache, since the incremental task entry:default@ProcessProfile is up-to-date.
[2026-06-02T02:13:39.156] [DEBUG] debug-file - There is no need to refresh cache, since the incremental task entry:default@ProcessRouterMap is up-to-date.
[2026-06-02T02:13:39.156] [DEBUG] debug-file - There is no need to refresh cache, since the incremental task entry:default@ProcessShareConfig is up-to-date.
[2026-06-02T02:13:39.156] [DEBUG] debug-file - Update task entry:default@ProcessStartupConfig input file:D:\HUAWEI\lab4\AirShare\entry\build\default\intermediates\loader\default\pkgContextInfo.json cache by regenerate.
[2026-06-02T02:13:39.156] [DEBUG] debug-file - Update task entry:default@ProcessStartupConfig output file:D:\HUAWEI\lab4\AirShare\entry\build\default\intermediates\startup\default\startup_config.json cache.
[2026-06-02T02:13:39.156] [DEBUG] debug-file - Incremental task entry:default@ProcessStartupConfig post-execution cost:1 ms .
[2026-06-02T02:13:39.156] [DEBUG] debug-file - There is no need to refresh cache, since the incremental task entry:default@ProcessResource is up-to-date.
[2026-06-02T02:13:39.156] [DEBUG] debug-file - There is no need to refresh cache, since the incremental task entry:default@GenerateLoaderJson is up-to-date.
[2026-06-02T02:13:39.156] [DEBUG] debug-file - There is no need to refresh cache, since the incremental task entry:default@ProcessLibs is up-to-date.
[2026-06-02T02:13:39.156] [DEBUG] debug-file - There is no need to refresh cache, since the incremental task entry:default@CompileResource is up-to-date.
[2026-06-02T02:13:39.156] [DEBUG] debug-file - There is no need to refresh cache, since the incremental task entry:default@DoNativeStrip is up-to-date.
[2026-06-02T02:13:39.156] [DEBUG] debug-file - There is no need to refresh cache, since the incremental task entry:default@CompileArkTS is up-to-date.
[2026-06-02T02:13:39.157] [DEBUG] debug-file - Update task entry:default@BuildJS input file:D:\HUAWEI\lab4\AirShare\entry\build\default\intermediates\loader\default cache by regenerate.
[2026-06-02T02:13:39.157] [DEBUG] debug-file - Update task entry:default@BuildJS input file:D:\HUAWEI\lab4\AirShare\entry\build\default\intermediates\res\default\resources\rawfile cache by regenerate.
[2026-06-02T02:13:39.157] [DEBUG] debug-file - Update task entry:default@BuildJS input file:D:\HUAWEI\lab4\AirShare\entry\build\default\intermediates\res\default\ResourceTable.txt cache by regenerate.
[2026-06-02T02:13:39.158] [DEBUG] debug-file - Update task entry:default@BuildJS input file:D:\HUAWEI\lab4\AirShare\entry\build\default\intermediates\res\default\ark_module.json cache by regenerate.
[2026-06-02T02:13:39.158] [DEBUG] debug-file - Update task entry:default@BuildJS input file:D:\HUAWEI\lab4\AirShare\entry\build\default\intermediates\res\default\resources\base\profile cache by regenerate.
[2026-06-02T02:13:39.158] [DEBUG] debug-file - Update task entry:default@BuildJS input file:D:\HUAWEI\lab4\AirShare\entry\build\default\intermediates\loader\default\pkgContextInfo.json cache by regenerate.
[2026-06-02T02:13:39.158] [DEBUG] debug-file - Update task entry:default@BuildJS output file:D:\HUAWEI\lab4\AirShare\entry\build\default\intermediates\loader_out\default\js cache.
[2026-06-02T02:13:39.158] [DEBUG] debug-file - Incremental task entry:default@BuildJS post-execution cost:2 ms .
[2026-06-02T02:13:39.158] [DEBUG] debug-file - There is no need to refresh cache, since the incremental task entry:default@CacheNativeLibs is up-to-date.
[2026-06-02T02:13:39.158] [DEBUG] debug-file - There is no need to refresh cache, since the incremental task entry:default@GeneratePkgModuleJson is up-to-date.
[2026-06-02T02:13:39.158] [DEBUG] debug-file - Incremental task entry:default@ProcessCompiledResources post-execution cost:1 ms .
[2026-06-02T02:13:39.158] [DEBUG] debug-file - There is no need to refresh cache, since the incremental task entry:default@PackageHap is up-to-date.
[2026-06-02T02:13:39.158] [DEBUG] debug-file - Update task entry:default@SignHap input file:D:\HUAWEI\lab4\AirShare\entry\build\default\outputs\default\entry-default-unsigned.hap cache by regenerate.
[2026-06-02T02:13:39.158] [DEBUG] debug-file - Update task entry:default@SignHap output file:D:\HUAWEI\lab4\AirShare\entry\build\default\outputs\default\entry-default-signed.hap cache.
[2026-06-02T02:13:39.158] [DEBUG] debug-file - Incremental task entry:default@SignHap post-execution cost:1 ms .
[2026-06-02T02:13:39.159] [DEBUG] debug-file - Update task entry:default@CollectDebugSymbol input file:D:\HUAWEI\lab4\AirShare\entry\build\default\intermediates\loader_out\default\ets\sourceMaps.map cache by regenerate.
[2026-06-02T02:13:39.159] [DEBUG] debug-file - Update task entry:default@CollectDebugSymbol input file:D:\HUAWEI\lab4\AirShare\entry\build\default\intermediates\libs\default cache by regenerate.
[2026-06-02T02:13:39.159] [DEBUG] debug-file - Update task entry:default@CollectDebugSymbol output file:D:\HUAWEI\lab4\AirShare\entry\build\default\outputs\default\symbol cache.
[2026-06-02T02:13:39.159] [DEBUG] debug-file - Incremental task entry:default@CollectDebugSymbol post-execution cost:1 ms .
[2026-06-02T02:13:39.180] [DEBUG] debug-file - hvigor build process will be closed.
[2026-06-02T02:13:39.187] [DEBUG] debug-file - session manager: send message to worker process.
[2026-06-02T02:13:39.188] [DEBUG] debug-file - session manager: send message to worker process.
[2026-06-02T02:13:39.188] [DEBUG] debug-file - watch worker: worker id should be larger than 0. Nothing will be sent to any worker thread.
[2026-06-02T02:13:39.188] [DEBUG] debug-file - watch worker: worker id should be larger than 0. Nothing will be sent to any worker thread.
