[2026-05-13T00:05:18.371] [DEBUG] debug-file - Executing task :entry:default@PreBuild
[2026-05-13T00:05:18.371] [DEBUG] debug-file - Task 'entry:default@PreBuild' cost while wrapping incremental declarations: 1 ms 
[2026-05-13T00:05:18.374] [DEBUG] debug-file - entry:default@PreBuild is not up-to-date, since the task snapshots are different.
[2026-05-13T00:05:18.374] [DEBUG] debug-file - Incremental task entry:default@PreBuild pre-execution cost: 2 ms .
[2026-05-13T00:05:18.376] [DEBUG] debug-file - current product is not Atomic service.
[2026-05-13T00:05:18.377] [DEBUG] debug-file - Use tool [win32: JAVA_HOME, CLASSPATH]
 [
  { JAVA_HOME: 'D:\\HUAWEI\\DevEco\\DevEco Studio\\jbr' },
  { CLASSPATH: undefined }
]
[2026-05-13T00:05:18.377] [DEBUG] debug-file - Use tool [win32: NODE_HOME]
 [ { NODE_HOME: 'D:\\HUAWEI\\DevEco\\DevEco Studio\\tools\\node' } ]
[2026-05-13T00:05:18.377] [DEBUG] debug-file - entry : default@PreBuild cost memory 0.5140304565429688
[2026-05-13T00:05:18.377] [DEBUG] debug-file - runTaskFromQueue task cost before running: 75 ms 
[2026-05-13T00:05:18.378] [INFO] debug-file - Finished :entry:default@PreBuild... after 6 ms 
[2026-05-13T00:05:18.378] [DEBUG] debug-file - Executing task :entry:default@CreateModuleInfo
[2026-05-13T00:05:18.378] [DEBUG] debug-file - Task 'entry:default@CreateModuleInfo' cost while wrapping incremental declarations: 1 ms 
[2026-05-13T00:05:18.378] [DEBUG] debug-file - entry : default@CreateModuleInfo cost memory 0.03766632080078125
[2026-05-13T00:05:18.378] [DEBUG] debug-file - runTaskFromQueue task cost before running: 76 ms 
[2026-05-13T00:05:18.378] [INFO] debug-file - Finished :entry:default@CreateModuleInfo... after 1 ms 
[2026-05-13T00:05:18.379] [DEBUG] debug-file - Executing task :entry:default@GenerateMetadata
[2026-05-13T00:05:18.379] [DEBUG] debug-file - Task 'entry:default@GenerateMetadata' cost while wrapping incremental declarations: 1 ms 
[2026-05-13T00:05:18.379] [DEBUG] debug-file - Incremental task entry:default@GenerateMetadata pre-execution cost: 1 ms .
[2026-05-13T00:05:18.380] [DEBUG] debug-file - entry : default@GenerateMetadata cost memory 0.07695770263671875
[2026-05-13T00:05:18.380] [INFO] debug-file - UP-TO-DATE :entry:default@GenerateMetadata...  
[2026-05-13T00:05:18.380] [DEBUG] debug-file - Executing task :entry:default@ConfigureCmake
[2026-05-13T00:05:18.381] [DEBUG] debug-file - entry : default@ConfigureCmake cost memory 0.034881591796875
[2026-05-13T00:05:18.381] [DEBUG] debug-file - runTaskFromQueue task cost before running: 79 ms 
[2026-05-13T00:05:18.381] [INFO] debug-file - Finished :entry:default@ConfigureCmake... after 1 ms 
[2026-05-13T00:05:18.381] [DEBUG] debug-file - Executing task :entry:default@MergeProfile
[2026-05-13T00:05:18.381] [DEBUG] debug-file - Task 'entry:default@MergeProfile' cost while wrapping incremental declarations: 1 ms 
[2026-05-13T00:05:18.382] [DEBUG] debug-file - Incremental task entry:default@MergeProfile pre-execution cost: 1 ms .
[2026-05-13T00:05:18.382] [DEBUG] debug-file - entry : default@MergeProfile cost memory 0.11211395263671875
[2026-05-13T00:05:18.382] [INFO] debug-file - UP-TO-DATE :entry:default@MergeProfile...  
[2026-05-13T00:05:18.382] [DEBUG] debug-file - Executing task :entry:default@CreateBuildProfile
[2026-05-13T00:05:18.383] [DEBUG] debug-file - Task 'entry:default@CreateBuildProfile' cost while wrapping incremental declarations: 1 ms 
[2026-05-13T00:05:18.383] [DEBUG] debug-file - Incremental task entry:default@CreateBuildProfile pre-execution cost: 1 ms .
[2026-05-13T00:05:18.383] [DEBUG] debug-file - entry : default@CreateBuildProfile cost memory 0.0874176025390625
[2026-05-13T00:05:18.383] [INFO] debug-file - UP-TO-DATE :entry:default@CreateBuildProfile...  
[2026-05-13T00:05:18.384] [DEBUG] debug-file - Executing task :entry:default@PreCheckSyscap
[2026-05-13T00:05:18.384] [DEBUG] debug-file - entry : default@PreCheckSyscap cost memory 0.013763427734375
[2026-05-13T00:05:18.384] [DEBUG] debug-file - runTaskFromQueue task cost before running: 82 ms 
[2026-05-13T00:05:18.384] [INFO] debug-file - Finished :entry:default@PreCheckSyscap... after 1 ms 
[2026-05-13T00:05:18.385] [DEBUG] debug-file - Executing task :entry:default@GeneratePkgContextInfo
[2026-05-13T00:05:18.386] [DEBUG] debug-file - Task 'entry:default@GeneratePkgContextInfo' cost while wrapping incremental declarations: 1 ms 
[2026-05-13T00:05:18.386] [DEBUG] debug-file - entry : default@GeneratePkgContextInfo cost memory 0.19229888916015625
[2026-05-13T00:05:18.386] [DEBUG] debug-file - runTaskFromQueue task cost before running: 85 ms 
[2026-05-13T00:05:18.387] [INFO] debug-file - Finished :entry:default@GeneratePkgContextInfo... after 2 ms 
[2026-05-13T00:05:18.388] [DEBUG] debug-file - Executing task :entry:default@ProcessIntegratedHsp
[2026-05-13T00:05:18.388] [DEBUG] debug-file - entry:default@ProcessIntegratedHsp is not up-to-date, since the output file 'D:\HUAWEI\Lab2\ndk-opengl-master\build\cache\default\integrated_hsp\integratedHspCache.json' does not exist.
[2026-05-13T00:05:18.388] [DEBUG] debug-file - Incremental task entry:default@ProcessIntegratedHsp pre-execution cost: 1 ms .
[2026-05-13T00:05:18.388] [DEBUG] debug-file - entry : default@ProcessIntegratedHsp cost memory 0.05402374267578125
[2026-05-13T00:05:18.388] [DEBUG] debug-file - runTaskFromQueue task cost before running: 86 ms 
[2026-05-13T00:05:18.388] [INFO] debug-file - Finished :entry:default@ProcessIntegratedHsp... after 1 ms 
[2026-05-13T00:05:18.389] [DEBUG] debug-file - Executing task :entry:default@BuildNativeWithCmake
[2026-05-13T00:05:18.389] [DEBUG] debug-file - Use tool [Cmake]
 [
  'D:\\HUAWEI\\DevEco\\DevEco Studio\\sdk\\default\\openharmony\\native\\build-tools\\cmake\\bin\\cmake.exe',
  '-HD:\\HUAWEI\\Lab2\\ndk-opengl-master\\entry\\src\\main\\cpp',
  '-BD:\\HUAWEI\\Lab2\\ndk-opengl-master\\entry\\.cxx\\default\\default\\debug\\arm64-v8a',
  '-DOHOS_ARCH=arm64-v8a',
  '-DCMAKE_LIBRARY_OUTPUT_DIRECTORY=D:\\HUAWEI\\Lab2\\ndk-opengl-master\\entry\\build\\default\\intermediates\\cmake\\default\\obj\\arm64-v8a',
  '-DCMAKE_BUILD_TYPE=Debug',
  '-DOHOS_SDK_NATIVE=D:\\HUAWEI\\DevEco\\DevEco Studio\\sdk\\default\\openharmony\\native',
  '-DCMAKE_SYSTEM_NAME=OHOS',
  '-DCMAKE_OHOS_ARCH_ABI=arm64-v8a',
  '-DCMAKE_EXPORT_COMPILE_COMMANDS=ON',
  '-DCMAKE_TOOLCHAIN_FILE=D:\\HUAWEI\\DevEco\\DevEco Studio\\sdk\\default\\hms\\native\\build\\cmake\\hmos.toolchain.cmake',
  '-GNinja',
  '-DCMAKE_MAKE_PROGRAM=D:\\HUAWEI\\DevEco\\DevEco Studio\\sdk\\default\\openharmony\\native\\build-tools\\cmake\\bin\\ninja.exe',
  '-DCMAKE_FIND_ROOT_PATH=D:\\HUAWEI\\Lab2\\ndk-opengl-master\\entry\\.cxx\\default\\default\\debug\\hvigor\\arm64-v8a',
  '-DPACKAGE_FIND_FILE=D:\\HUAWEI\\Lab2\\ndk-opengl-master\\entry\\.cxx\\default\\default\\debug\\hvigor\\arm64-v8a\\summary.cmake',
  '--no-warn-unused-cli',
  '-DHMOS_SDK_NATIVE=D:\\HUAWEI\\DevEco\\DevEco Studio\\sdk\\default\\hms\\native'
]
[2026-05-13T00:05:18.393] [DEBUG] debug-file - CMake configuration was up-to-date
[2026-05-13T00:05:18.395] [DEBUG] debug-file - Use tool [Cmake]
 [
  'D:\\HUAWEI\\DevEco\\DevEco Studio\\sdk\\default\\openharmony\\native\\build-tools\\cmake\\bin\\cmake.exe',
  '-HD:\\HUAWEI\\Lab2\\ndk-opengl-master\\entry\\src\\main\\cpp',
  '-BD:\\HUAWEI\\Lab2\\ndk-opengl-master\\entry\\.cxx\\default\\default\\debug\\x86_64',
  '-DOHOS_ARCH=x86_64',
  '-DCMAKE_LIBRARY_OUTPUT_DIRECTORY=D:\\HUAWEI\\Lab2\\ndk-opengl-master\\entry\\build\\default\\intermediates\\cmake\\default\\obj\\x86_64',
  '-DCMAKE_BUILD_TYPE=Debug',
  '-DOHOS_SDK_NATIVE=D:\\HUAWEI\\DevEco\\DevEco Studio\\sdk\\default\\openharmony\\native',
  '-DCMAKE_SYSTEM_NAME=OHOS',
  '-DCMAKE_OHOS_ARCH_ABI=x86_64',
  '-DCMAKE_EXPORT_COMPILE_COMMANDS=ON',
  '-DCMAKE_TOOLCHAIN_FILE=D:\\HUAWEI\\DevEco\\DevEco Studio\\sdk\\default\\hms\\native\\build\\cmake\\hmos.toolchain.cmake',
  '-GNinja',
  '-DCMAKE_MAKE_PROGRAM=D:\\HUAWEI\\DevEco\\DevEco Studio\\sdk\\default\\openharmony\\native\\build-tools\\cmake\\bin\\ninja.exe',
  '-DCMAKE_FIND_ROOT_PATH=D:\\HUAWEI\\Lab2\\ndk-opengl-master\\entry\\.cxx\\default\\default\\debug\\hvigor\\x86_64',
  '-DPACKAGE_FIND_FILE=D:\\HUAWEI\\Lab2\\ndk-opengl-master\\entry\\.cxx\\default\\default\\debug\\hvigor\\x86_64\\summary.cmake',
  '--no-warn-unused-cli',
  '-DHMOS_SDK_NATIVE=D:\\HUAWEI\\DevEco\\DevEco Studio\\sdk\\default\\hms\\native'
]
[2026-05-13T00:05:18.399] [DEBUG] debug-file - CMake configuration was up-to-date
[2026-05-13T00:05:18.401] [DEBUG] debug-file - entry : default@BuildNativeWithCmake cost memory 0.8919677734375
[2026-05-13T00:05:18.401] [DEBUG] debug-file - runTaskFromQueue task cost before running: 99 ms 
[2026-05-13T00:05:18.401] [INFO] debug-file - Finished :entry:default@BuildNativeWithCmake... after 12 ms 
[2026-05-13T00:05:18.401] [DEBUG] debug-file - Executing task :entry:default@MakePackInfo
[2026-05-13T00:05:18.403] [DEBUG] debug-file - Incremental task entry:default@MakePackInfo pre-execution cost: 1 ms .
[2026-05-13T00:05:18.403] [DEBUG] debug-file - entry : default@MakePackInfo cost memory -1.5220184326171875
[2026-05-13T00:05:18.403] [INFO] debug-file - UP-TO-DATE :entry:default@MakePackInfo...  
[2026-05-13T00:05:18.403] [DEBUG] debug-file - Executing task :entry:default@SyscapTransform
[2026-05-13T00:05:18.403] [DEBUG] debug-file - File: 'D:\HUAWEI\Lab2\ndk-opengl-master\entry\src\main\syscap.json' from 'sysCapJsonPath' is not exists, just ignore.
[2026-05-13T00:05:18.404] [DEBUG] debug-file - Task 'entry:default@SyscapTransform' cost while wrapping incremental declarations: 1 ms 
[2026-05-13T00:05:18.404] [DEBUG] debug-file - entry:default@SyscapTransform is not up-to-date, since the output file 'D:\HUAWEI\Lab2\ndk-opengl-master\entry\build\default\intermediates\syscap\default\rpcid.sc' does not exist.
[2026-05-13T00:05:18.404] [DEBUG] debug-file - Incremental task entry:default@SyscapTransform pre-execution cost: 1 ms .
[2026-05-13T00:05:18.404] [DEBUG] debug-file - entry : default@SyscapTransform cost memory 0.17212677001953125
[2026-05-13T00:05:18.404] [DEBUG] debug-file - runTaskFromQueue task cost before running: 103 ms 
[2026-05-13T00:05:18.405] [INFO] debug-file - Finished :entry:default@SyscapTransform... after 2 ms 
[2026-05-13T00:05:18.405] [DEBUG] debug-file - Executing task :entry:default@ProcessProfile
[2026-05-13T00:05:18.405] [DEBUG] debug-file - Task 'entry:default@ProcessProfile' cost while wrapping incremental declarations: 1 ms 
[2026-05-13T00:05:18.406] [DEBUG] debug-file - Incremental task entry:default@ProcessProfile pre-execution cost: 1 ms .
[2026-05-13T00:05:18.406] [DEBUG] debug-file - entry : default@ProcessProfile cost memory 0.11676788330078125
[2026-05-13T00:05:18.406] [INFO] debug-file - UP-TO-DATE :entry:default@ProcessProfile...  
[2026-05-13T00:05:18.406] [DEBUG] debug-file - Executing task :entry:default@ProcessRouterMap
[2026-05-13T00:05:18.407] [DEBUG] debug-file - Incremental task entry:default@ProcessRouterMap pre-execution cost: 1 ms .
[2026-05-13T00:05:18.408] [DEBUG] debug-file - entry : default@ProcessRouterMap cost memory 0.123260498046875
[2026-05-13T00:05:18.408] [INFO] debug-file - UP-TO-DATE :entry:default@ProcessRouterMap...  
[2026-05-13T00:05:18.408] [DEBUG] debug-file - Executing task :entry:default@ProcessShareConfig
[2026-05-13T00:05:18.409] [DEBUG] debug-file - Incremental task entry:default@ProcessShareConfig pre-execution cost: 1 ms .
[2026-05-13T00:05:18.409] [DEBUG] debug-file - entry : default@ProcessShareConfig cost memory 0.101318359375
[2026-05-13T00:05:18.409] [INFO] debug-file - UP-TO-DATE :entry:default@ProcessShareConfig...  
[2026-05-13T00:05:18.410] [DEBUG] debug-file - Executing task :entry:default@ProcessStartupConfig
[2026-05-13T00:05:18.410] [DEBUG] debug-file - Task 'entry:default@ProcessStartupConfig' cost while wrapping incremental declarations: 1 ms 
[2026-05-13T00:05:18.410] [DEBUG] debug-file - entry:default@ProcessStartupConfig is not up-to-date, since the output file 'D:\HUAWEI\Lab2\ndk-opengl-master\entry\build\default\intermediates\startup\default\startup_config.json' does not exist.
[2026-05-13T00:05:18.410] [DEBUG] debug-file - Incremental task entry:default@ProcessStartupConfig pre-execution cost: 1 ms .
[2026-05-13T00:05:18.410] [DEBUG] debug-file - entry : default@ProcessStartupConfig cost memory 0.08858489990234375
[2026-05-13T00:05:18.410] [DEBUG] debug-file - runTaskFromQueue task cost before running: 109 ms 
[2026-05-13T00:05:18.411] [INFO] debug-file - Finished :entry:default@ProcessStartupConfig... after 1 ms 
[2026-05-13T00:05:18.411] [DEBUG] debug-file - Executing task :entry:default@BuildNativeWithNinja
[2026-05-13T00:05:18.412] [DEBUG] debug-file - Use tool [Ninja]
 [
  'D:\\HUAWEI\\DevEco\\DevEco Studio\\sdk\\default\\openharmony\\native\\build-tools\\cmake\\bin\\ninja.exe',
  '-C',
  'D:\\HUAWEI\\Lab2\\ndk-opengl-master\\entry\\.cxx\\default\\default\\debug\\arm64-v8a'
]
[2026-05-13T00:05:18.412] [DEBUG] debug-file - default@BuildNativeWithNinja work[107] is submitted.
[2026-05-13T00:05:18.412] [DEBUG] debug-file - default@BuildNativeWithNinja work[107] is pushed to ready queue.
[2026-05-13T00:05:18.412] [DEBUG] debug-file - A work dispatched to worker[19] failed because unable to get work from ready queue.
[2026-05-13T00:05:18.412] [DEBUG] debug-file - default@BuildNativeWithNinja work[107] has been dispatched to worker[18].
[2026-05-13T00:05:18.412] [DEBUG] debug-file - default@BuildNativeWithNinja work[107] is dispatched.
[2026-05-13T00:05:18.416] [DEBUG] debug-file - OHOS_STL is c++_shared
[2026-05-13T00:05:18.416] [DEBUG] debug-file - Copy STL libc++_shared.so to D:\HUAWEI\Lab2\ndk-opengl-master\entry\build\default\intermediates\cmake\default\obj\arm64-v8a due to OHOS_STL is 'c++_shared'
[2026-05-13T00:05:18.416] [DEBUG] debug-file - Use tool [Ninja]
 [
  'D:\\HUAWEI\\DevEco\\DevEco Studio\\sdk\\default\\openharmony\\native\\build-tools\\cmake\\bin\\ninja.exe',
  '-C',
  'D:\\HUAWEI\\Lab2\\ndk-opengl-master\\entry\\.cxx\\default\\default\\debug\\x86_64'
]
[2026-05-13T00:05:18.416] [DEBUG] debug-file - default@BuildNativeWithNinja work[108] is submitted.
[2026-05-13T00:05:18.417] [DEBUG] debug-file - default@BuildNativeWithNinja work[108] is pushed to ready queue.
[2026-05-13T00:05:18.417] [DEBUG] debug-file - A work dispatched to worker[19] failed because unable to get work from ready queue.
[2026-05-13T00:05:18.417] [DEBUG] debug-file - A work dispatched to worker[18] failed because of worker busy.
[2026-05-13T00:05:18.417] [DEBUG] debug-file - default@BuildNativeWithNinja work[108] has been dispatched to worker[17].
[2026-05-13T00:05:18.417] [DEBUG] debug-file - default@BuildNativeWithNinja work[108] is dispatched.
[2026-05-13T00:05:18.420] [DEBUG] debug-file - OHOS_STL is c++_shared
[2026-05-13T00:05:18.420] [DEBUG] debug-file - Copy STL libc++_shared.so to D:\HUAWEI\Lab2\ndk-opengl-master\entry\build\default\intermediates\cmake\default\obj\x86_64 due to OHOS_STL is 'c++_shared'
[2026-05-13T00:05:18.420] [DEBUG] debug-file - entry : default@BuildNativeWithNinja cost memory 0.48181915283203125
[2026-05-13T00:05:18.421] [DEBUG] debug-file - restool module names: entry; moduleName=entry, taskName=default@ProcessResource
[2026-05-13T00:05:18.422] [DEBUG] debug-file - Executing task :entry:default@ProcessResource
[2026-05-13T00:05:18.422] [DEBUG] debug-file - Task 'entry:default@ProcessResource' cost while wrapping incremental declarations: 1 ms 
[2026-05-13T00:05:18.423] [DEBUG] debug-file - Incremental task entry:default@ProcessResource pre-execution cost: 1 ms .
[2026-05-13T00:05:18.423] [DEBUG] debug-file - entry : default@ProcessResource cost memory -1.3696746826171875
[2026-05-13T00:05:18.424] [INFO] debug-file - UP-TO-DATE :entry:default@ProcessResource...  
[2026-05-13T00:05:18.424] [DEBUG] debug-file - Executing task :entry:default@GenerateLoaderJson
[2026-05-13T00:05:18.424] [DEBUG] debug-file - Task 'entry:default@GenerateLoaderJson' cost while wrapping incremental declarations: 1 ms 
[2026-05-13T00:05:18.428] [DEBUG] debug-file - Incremental task entry:default@GenerateLoaderJson pre-execution cost: 2 ms .
[2026-05-13T00:05:18.428] [DEBUG] debug-file - entry : default@GenerateLoaderJson cost memory 0.44321441650390625
[2026-05-13T00:05:18.429] [INFO] debug-file - UP-TO-DATE :entry:default@GenerateLoaderJson...  
[2026-05-13T00:05:18.430] [DEBUG] debug-file - restool module names: entry; moduleName=entry, taskName=default@CompileResource
[2026-05-13T00:05:18.430] [DEBUG] debug-file - Executing task :entry:default@CompileResource
[2026-05-13T00:05:18.434] [DEBUG] debug-file - Incremental task entry:default@CompileResource pre-execution cost: 4 ms .
[2026-05-13T00:05:18.434] [DEBUG] debug-file - entry : default@CompileResource cost memory 0.5593109130859375
[2026-05-13T00:05:18.435] [INFO] debug-file - UP-TO-DATE :entry:default@CompileResource...  
[2026-05-13T00:05:18.436] [DEBUG] debug-file - Executing task :entry:default@CompileArkTS
[2026-05-13T00:05:18.436] [DEBUG] debug-file - obfuscationOptions: undefined
[2026-05-13T00:05:18.437] [DEBUG] debug-file - Task 'entry:default@CompileArkTS' cost while wrapping incremental declarations: 1 ms 
[2026-05-13T00:05:18.440] [DEBUG] debug-file - Incremental task entry:default@CompileArkTS pre-execution cost: 4 ms .
[2026-05-13T00:05:18.441] [DEBUG] debug-file - entry : default@CompileArkTS cost memory 0.5114669799804688
[2026-05-13T00:05:18.441] [INFO] debug-file - UP-TO-DATE :entry:default@CompileArkTS...  
[2026-05-13T00:05:18.442] [DEBUG] debug-file - Executing task :entry:default@BuildJS
[2026-05-13T00:05:18.442] [DEBUG] debug-file - Task 'entry:default@BuildJS' cost while wrapping incremental declarations: 1 ms 
[2026-05-13T00:05:18.443] [DEBUG] debug-file - entry : default@BuildJS cost memory 0.1441497802734375
[2026-05-13T00:05:18.443] [DEBUG] debug-file - runTaskFromQueue task cost before running: 141 ms 
[2026-05-13T00:05:18.443] [INFO] debug-file - Finished :entry:default@BuildJS... after 2 ms 
[2026-05-13T00:05:18.444] [DEBUG] debug-file - worker[18] has one work done.
[2026-05-13T00:05:18.448] [DEBUG] debug-file - default@BuildNativeWithNinja work[107] done.
[2026-05-13T00:05:18.448] [DEBUG] debug-file - A work dispatched to worker[18] failed because unable to get work from ready queue.
[2026-05-13T00:05:18.448] [DEBUG] debug-file - worker[17] has one work done.
[2026-05-13T00:05:18.453] [DEBUG] debug-file - default@BuildNativeWithNinja work[108] done.
[2026-05-13T00:05:18.453] [DEBUG] debug-file - A work dispatched to worker[17] failed because unable to get work from ready queue.
[2026-05-13T00:05:18.453] [INFO] debug-file - Finished :entry:default@BuildNativeWithNinja... after 35 ms 
[2026-05-13T00:05:18.454] [DEBUG] debug-file - Executing task :entry:default@ProcessLibs
[2026-05-13T00:05:18.462] [DEBUG] debug-file - Check content hash for D:\HUAWEI\Lab2\ndk-opengl-master\entry\build\default\intermediates\cmake\default\obj\x86_64\libtetrahedron_napi.so
[2026-05-13T00:05:18.468] [DEBUG] debug-file - Check content hash for D:\HUAWEI\Lab2\ndk-opengl-master\entry\build\default\intermediates\cmake\default\obj\x86_64\libc++_shared.so
[2026-05-13T00:05:18.470] [DEBUG] debug-file - Check content hash for D:\HUAWEI\Lab2\ndk-opengl-master\entry\build\default\intermediates\cmake\default\obj\arm64-v8a\libtetrahedron_napi.so
[2026-05-13T00:05:18.474] [DEBUG] debug-file - Check content hash for D:\HUAWEI\Lab2\ndk-opengl-master\entry\build\default\intermediates\cmake\default\obj\arm64-v8a\libc++_shared.so
[2026-05-13T00:05:18.479] [DEBUG] debug-file - Incremental task entry:default@ProcessLibs pre-execution cost: 2 ms .
[2026-05-13T00:05:18.479] [DEBUG] debug-file - entry : default@ProcessLibs cost memory 0.41783905029296875
[2026-05-13T00:05:18.479] [INFO] debug-file - UP-TO-DATE :entry:default@ProcessLibs...  
[2026-05-13T00:05:18.480] [DEBUG] debug-file - Executing task :entry:default@DoNativeStrip
[2026-05-13T00:05:18.480] [DEBUG] debug-file - Task 'entry:default@DoNativeStrip' cost while wrapping incremental declarations: 1 ms 
[2026-05-13T00:05:18.481] [DEBUG] debug-file - Incremental task entry:default@DoNativeStrip pre-execution cost: 2 ms .
[2026-05-13T00:05:18.482] [DEBUG] debug-file - entry : default@DoNativeStrip cost memory 0.1973724365234375
[2026-05-13T00:05:18.482] [INFO] debug-file - UP-TO-DATE :entry:default@DoNativeStrip...  
[2026-05-13T00:05:18.482] [DEBUG] debug-file - Executing task :entry:default@CacheNativeLibs
[2026-05-13T00:05:18.483] [DEBUG] debug-file - Task 'entry:default@CacheNativeLibs' cost while wrapping incremental declarations: 1 ms 
[2026-05-13T00:05:18.484] [DEBUG] debug-file - Incremental task entry:default@CacheNativeLibs pre-execution cost: 2 ms .
[2026-05-13T00:05:18.484] [DEBUG] debug-file - entry : default@CacheNativeLibs cost memory 0.21057891845703125
[2026-05-13T00:05:18.484] [INFO] debug-file - UP-TO-DATE :entry:default@CacheNativeLibs...  
[2026-05-13T00:05:18.485] [DEBUG] debug-file - Executing task :entry:default@GeneratePkgModuleJson
[2026-05-13T00:05:18.485] [DEBUG] debug-file - File: 'D:\HUAWEI\Lab2\ndk-opengl-master\entry\build\default\intermediates\preload\default\preload.json' from 'preloadSoJsonPath' is not exists, just ignore.
[2026-05-13T00:05:18.485] [DEBUG] debug-file - Error occurs while handling @Input 'shouldDeduplicateHar': The "data" argument must be of type string or an instance of Buffer, TypedArray, or DataView. Received undefined
[2026-05-13T00:05:18.485] [DEBUG] debug-file - Task 'entry:default@GeneratePkgModuleJson' cost while wrapping incremental declarations: 1 ms 
[2026-05-13T00:05:18.486] [DEBUG] debug-file - Incremental task entry:default@GeneratePkgModuleJson pre-execution cost: 1 ms .
[2026-05-13T00:05:18.486] [DEBUG] debug-file - entry : default@GeneratePkgModuleJson cost memory 0.0955657958984375
[2026-05-13T00:05:18.486] [INFO] debug-file - UP-TO-DATE :entry:default@GeneratePkgModuleJson...  
[2026-05-13T00:05:18.486] [DEBUG] debug-file - Executing task :entry:default@ProcessCompiledResources
[2026-05-13T00:05:18.486] [DEBUG] debug-file - File: 'D:\HUAWEI\Lab2\ndk-opengl-master\entry\build\default\intermediates\preload\default\preload.json' from 'preloadSoJsonPath' is not exists, just ignore.
[2026-05-13T00:05:18.486] [DEBUG] debug-file - Task 'entry:default@ProcessCompiledResources' cost while wrapping incremental declarations: 1 ms 
[2026-05-13T00:05:18.487] [DEBUG] debug-file - entry : default@ProcessCompiledResources cost memory 0.0571136474609375
[2026-05-13T00:05:18.487] [DEBUG] debug-file - runTaskFromQueue task cost before running: 185 ms 
[2026-05-13T00:05:18.487] [INFO] debug-file - Finished :entry:default@ProcessCompiledResources... after 1 ms 
[2026-05-13T00:05:18.488] [DEBUG] debug-file - Executing task :entry:default@PackageHap
[2026-05-13T00:05:18.491] [DEBUG] debug-file - Incremental task entry:default@PackageHap pre-execution cost: 3 ms .
[2026-05-13T00:05:18.491] [DEBUG] debug-file - entry : default@PackageHap cost memory 0.428955078125
[2026-05-13T00:05:18.491] [INFO] debug-file - UP-TO-DATE :entry:default@PackageHap...  
[2026-05-13T00:05:18.492] [DEBUG] debug-file - Executing task :entry:default@PackingCheck
[2026-05-13T00:05:18.494] [DEBUG] debug-file - entry : default@PackingCheck cost memory 0.2996368408203125
[2026-05-13T00:05:18.494] [DEBUG] debug-file - runTaskFromQueue task cost before running: 192 ms 
[2026-05-13T00:05:18.494] [INFO] debug-file - Finished :entry:default@PackingCheck... after 2 ms 
[2026-05-13T00:05:18.495] [DEBUG] debug-file - Executing task :entry:default@SignHap
[2026-05-13T00:05:18.495] [WARN] debug-file - Will skip sign 'hos_hap'. No signingConfigs profile is configured in current project.
             If needed, configure the signingConfigs in D:\HUAWEI\Lab2\ndk-opengl-master\build-profile.json5.
[2026-05-13T00:05:18.495] [DEBUG] debug-file - entry:default@SignHap is not up-to-date, since the output file 'D:\HUAWEI\Lab2\ndk-opengl-master\entry\build\default\outputs\default\entry-default-signed.hap' does not exist.
[2026-05-13T00:05:18.495] [DEBUG] debug-file - Incremental task entry:default@SignHap pre-execution cost: 1 ms .
[2026-05-13T00:05:18.495] [DEBUG] debug-file - entry : default@SignHap cost memory 0.08634185791015625
[2026-05-13T00:05:18.495] [DEBUG] debug-file - runTaskFromQueue task cost before running: 194 ms 
[2026-05-13T00:05:18.496] [INFO] debug-file - Finished :entry:default@SignHap... after 1 ms 
[2026-05-13T00:05:18.496] [DEBUG] debug-file - Executing task :entry:default@CollectDebugSymbol
[2026-05-13T00:05:18.497] [DEBUG] debug-file - entry : default@CollectDebugSymbol cost memory 0.08663177490234375
[2026-05-13T00:05:18.497] [DEBUG] debug-file - runTaskFromQueue task cost before running: 195 ms 
[2026-05-13T00:05:18.497] [INFO] debug-file - Finished :entry:default@CollectDebugSymbol... after 1 ms 
[2026-05-13T00:05:18.497] [DEBUG] debug-file - Executing task :entry:assembleHap
[2026-05-13T00:05:18.497] [DEBUG] debug-file - entry : assembleHap cost memory 0.01177215576171875
[2026-05-13T00:05:18.497] [DEBUG] debug-file - runTaskFromQueue task cost before running: 195 ms 
[2026-05-13T00:05:18.497] [INFO] debug-file - Finished :entry:assembleHap... after 1 ms 
[2026-05-13T00:05:18.504] [INFO] debug-file - BUILD SUCCESSFUL in 202 ms 
[2026-05-13T00:05:18.504] [DEBUG] debug-file - Update task entry:default@PreBuild input file:D:\HUAWEI\Lab2\ndk-opengl-master\AppScope\app.json5 cache by regenerate.
[2026-05-13T00:05:18.504] [DEBUG] debug-file - Update task entry:default@PreBuild input file:D:\HUAWEI\Lab2\ndk-opengl-master\entry\src\main\module.json5 cache by regenerate.
[2026-05-13T00:05:18.505] [DEBUG] debug-file - Update task entry:default@PreBuild input file:D:\HUAWEI\Lab2\ndk-opengl-master\build-profile.json5 cache by regenerate.
[2026-05-13T00:05:18.505] [DEBUG] debug-file - Update task entry:default@PreBuild input file:D:\HUAWEI\Lab2\ndk-opengl-master\entry\build-profile.json5 cache by regenerate.
[2026-05-13T00:05:18.505] [DEBUG] debug-file - Update task entry:default@PreBuild input file:D:\HUAWEI\Lab2\ndk-opengl-master\entry\src\main\resources\base\profile\main_pages.json cache by regenerate.
[2026-05-13T00:05:18.505] [DEBUG] debug-file - Update task entry:default@PreBuild input file:D:\HUAWEI\Lab2\ndk-opengl-master\hvigor\hvigor-config.json5 cache by regenerate.
[2026-05-13T00:05:18.505] [DEBUG] debug-file - Update task entry:default@PreBuild input file:D:\HUAWEI\Lab2\ndk-opengl-master\entry\oh-package.json5 cache by regenerate.
[2026-05-13T00:05:18.505] [DEBUG] debug-file - Update task entry:default@PreBuild input file:D:\HUAWEI\Lab2\ndk-opengl-master\oh-package.json5 cache by regenerate.
[2026-05-13T00:05:18.505] [DEBUG] debug-file - Incremental task entry:default@PreBuild post-execution cost:2 ms .
[2026-05-13T00:05:18.505] [DEBUG] debug-file - Update task entry:default@CreateModuleInfo output file:D:\HUAWEI\Lab2\ndk-opengl-master\entry\build\default\generated\profile\default\ModuleInfo.ts cache.
[2026-05-13T00:05:18.505] [DEBUG] debug-file - Incremental task entry:default@CreateModuleInfo post-execution cost:1 ms .
[2026-05-13T00:05:18.505] [DEBUG] debug-file - There is no need to refresh cache, since the incremental task entry:default@GenerateMetadata is up-to-date.
[2026-05-13T00:05:18.505] [DEBUG] debug-file - There is no need to refresh cache, since the incremental task entry:default@MergeProfile is up-to-date.
[2026-05-13T00:05:18.505] [DEBUG] debug-file - There is no need to refresh cache, since the incremental task entry:default@CreateBuildProfile is up-to-date.
[2026-05-13T00:05:18.506] [DEBUG] debug-file - Update task entry:default@GeneratePkgContextInfo output file:D:\HUAWEI\Lab2\ndk-opengl-master\entry\build\default\intermediates\loader\default\pkgContextInfo.json cache.
[2026-05-13T00:05:18.506] [DEBUG] debug-file - Incremental task entry:default@GeneratePkgContextInfo post-execution cost:1 ms .
[2026-05-13T00:05:18.506] [DEBUG] debug-file - Update task entry:default@ProcessIntegratedHsp output file:D:\HUAWEI\Lab2\ndk-opengl-master\build\cache\default\integrated_hsp\integratedHspCache.json cache.
[2026-05-13T00:05:18.506] [DEBUG] debug-file - Incremental task entry:default@ProcessIntegratedHsp post-execution cost:1 ms .
[2026-05-13T00:05:18.506] [DEBUG] debug-file - There is no need to refresh cache, since the incremental task entry:default@MakePackInfo is up-to-date.
[2026-05-13T00:05:18.506] [DEBUG] debug-file - Update task entry:default@SyscapTransform input file:D:\HUAWEI\DevEco\DevEco Studio\sdk\default\openharmony\toolchains\syscap_tool.exe cache by regenerate.
[2026-05-13T00:05:18.506] [DEBUG] debug-file - Update task entry:default@SyscapTransform input file:D:\HUAWEI\DevEco\DevEco Studio\sdk\default\openharmony\ets\api\device-define cache by regenerate.
[2026-05-13T00:05:18.507] [DEBUG] debug-file - Update task entry:default@SyscapTransform output file:D:\HUAWEI\Lab2\ndk-opengl-master\entry\build\default\intermediates\syscap\default\rpcid.sc cache.
[2026-05-13T00:05:18.507] [DEBUG] debug-file - Incremental task entry:default@SyscapTransform post-execution cost:1 ms .
[2026-05-13T00:05:18.507] [DEBUG] debug-file - There is no need to refresh cache, since the incremental task entry:default@ProcessProfile is up-to-date.
[2026-05-13T00:05:18.507] [DEBUG] debug-file - There is no need to refresh cache, since the incremental task entry:default@ProcessRouterMap is up-to-date.
[2026-05-13T00:05:18.507] [DEBUG] debug-file - There is no need to refresh cache, since the incremental task entry:default@ProcessShareConfig is up-to-date.
[2026-05-13T00:05:18.507] [DEBUG] debug-file - Update task entry:default@ProcessStartupConfig output file:D:\HUAWEI\Lab2\ndk-opengl-master\entry\build\default\intermediates\startup\default\startup_config.json cache.
[2026-05-13T00:05:18.507] [DEBUG] debug-file - Incremental task entry:default@ProcessStartupConfig post-execution cost:1 ms .
[2026-05-13T00:05:18.507] [DEBUG] debug-file - There is no need to refresh cache, since the incremental task entry:default@ProcessResource is up-to-date.
[2026-05-13T00:05:18.507] [DEBUG] debug-file - There is no need to refresh cache, since the incremental task entry:default@GenerateLoaderJson is up-to-date.
[2026-05-13T00:05:18.507] [DEBUG] debug-file - There is no need to refresh cache, since the incremental task entry:default@CompileResource is up-to-date.
[2026-05-13T00:05:18.507] [DEBUG] debug-file - There is no need to refresh cache, since the incremental task entry:default@CompileArkTS is up-to-date.
[2026-05-13T00:05:18.508] [DEBUG] debug-file - Update task entry:default@BuildJS input file:D:\HUAWEI\Lab2\ndk-opengl-master\entry\build\default\intermediates\loader\default cache by regenerate.
[2026-05-13T00:05:18.508] [DEBUG] debug-file - Update task entry:default@BuildJS input file:D:\HUAWEI\Lab2\ndk-opengl-master\entry\build\default\intermediates\res\default\ResourceTable.txt cache by regenerate.
[2026-05-13T00:05:18.508] [DEBUG] debug-file - Update task entry:default@BuildJS input file:D:\HUAWEI\Lab2\ndk-opengl-master\entry\build\default\intermediates\res\default\ark_module.json cache by regenerate.
[2026-05-13T00:05:18.508] [DEBUG] debug-file - Update task entry:default@BuildJS input file:D:\HUAWEI\Lab2\ndk-opengl-master\entry\build\default\intermediates\res\default\resources\base\profile cache by regenerate.
[2026-05-13T00:05:18.508] [DEBUG] debug-file - Update task entry:default@BuildJS output file:D:\HUAWEI\Lab2\ndk-opengl-master\entry\build\default\intermediates\loader_out\default\js cache.
[2026-05-13T00:05:18.508] [DEBUG] debug-file - Incremental task entry:default@BuildJS post-execution cost:2 ms .
[2026-05-13T00:05:18.508] [DEBUG] debug-file - There is no need to refresh cache, since the incremental task entry:default@ProcessLibs is up-to-date.
[2026-05-13T00:05:18.508] [DEBUG] debug-file - There is no need to refresh cache, since the incremental task entry:default@DoNativeStrip is up-to-date.
[2026-05-13T00:05:18.508] [DEBUG] debug-file - There is no need to refresh cache, since the incremental task entry:default@CacheNativeLibs is up-to-date.
[2026-05-13T00:05:18.509] [DEBUG] debug-file - There is no need to refresh cache, since the incremental task entry:default@GeneratePkgModuleJson is up-to-date.
[2026-05-13T00:05:18.509] [DEBUG] debug-file - Incremental task entry:default@ProcessCompiledResources post-execution cost:1 ms .
[2026-05-13T00:05:18.509] [DEBUG] debug-file - There is no need to refresh cache, since the incremental task entry:default@PackageHap is up-to-date.
[2026-05-13T00:05:18.509] [DEBUG] debug-file - Update task entry:default@SignHap input file:D:\HUAWEI\Lab2\ndk-opengl-master\entry\build\default\outputs\default\entry-default-unsigned.hap cache by regenerate.
[2026-05-13T00:05:18.509] [DEBUG] debug-file - Update task entry:default@SignHap output file:D:\HUAWEI\Lab2\ndk-opengl-master\entry\build\default\outputs\default\entry-default-signed.hap cache.
[2026-05-13T00:05:18.509] [DEBUG] debug-file - Incremental task entry:default@SignHap post-execution cost:1 ms .
[2026-05-13T00:05:18.509] [DEBUG] debug-file - Update task entry:default@CollectDebugSymbol input file:D:\HUAWEI\Lab2\ndk-opengl-master\entry\build\default\intermediates\loader_out\default\ets\sourceMaps.map cache by regenerate.
[2026-05-13T00:05:18.509] [DEBUG] debug-file - Update task entry:default@CollectDebugSymbol input file:D:\HUAWEI\Lab2\ndk-opengl-master\entry\build\default\intermediates\libs\default cache by regenerate.
[2026-05-13T00:05:18.510] [DEBUG] debug-file - Update task entry:default@CollectDebugSymbol output file:D:\HUAWEI\Lab2\ndk-opengl-master\entry\build\default\outputs\default\symbol cache.
[2026-05-13T00:05:18.510] [DEBUG] debug-file - Incremental task entry:default@CollectDebugSymbol post-execution cost:1 ms .
[2026-05-13T00:05:18.524] [DEBUG] debug-file - hvigor build process will be closed.
[2026-05-13T00:05:18.529] [DEBUG] debug-file - session manager: send message to worker process.
[2026-05-13T00:05:18.529] [DEBUG] debug-file - session manager: send message to worker process.
[2026-05-13T00:05:18.529] [DEBUG] debug-file - watch worker: worker id should be larger than 0. Nothing will be sent to any worker thread.
[2026-05-13T00:05:18.530] [DEBUG] debug-file - watch worker: worker id should be larger than 0. Nothing will be sent to any worker thread.
[2026-06-23T17:24:32.326] [DEBUG] debug-file - env: nodejsVersion=v18.20.1
[2026-06-23T17:24:33.319] [DEBUG] debug-file - Hvigor init with startParameters:{
  hvigorfileTypeCheck: false,
  parallelExecution: true,
  incrementalExecution: true,
  printStackTrace: false,
  daemon: false,
  analyze: 0,
  logLevel: Level { level: 20000, levelStr: 'INFO', colour: 'green' },
  optimizationStrategy: 'memory',
  hotCompile: undefined,
  hotReloadBuild: undefined,
  customizedParam: undefined
}
[2026-06-23T17:24:38.570] [DEBUG] debug-file - Starting plugin build process
[2026-06-23T17:24:38.565] [DEBUG] debug-file - hvigorfile, require result:  { appTasks: [Getter] }
[2026-06-23T17:24:38.996] [DEBUG] debug-file - Start initialize project's product build option map with build mode debug.
[2026-06-23T17:24:38.990] [DEBUG] debug-file - App plugin register hook start...
[2026-06-23T17:24:39.006] [DEBUG] debug-file - Obtain build option for product 'default'in this build.
[2026-06-23T17:24:39.038] [DEBUG] debug-file - Start recording SDK configuration permission data.
[2026-06-23T17:24:39.168] [DEBUG] debug-file - failed to load cangjie to dynamically generate schemas: Error: Cannot find module '@ohos/cangjie-build-support/index'
Require stack:
- D:\HUAWEI\DevEco\DevEco Studio\tools\hvigor\hvigor-ohos-plugin\src\plugin\hooks\cangjie-register.js
- D:\HUAWEI\DevEco\DevEco Studio\tools\hvigor\hvigor-ohos-plugin\src\plugin\strategy\stage-init-strategy.js
- D:\HUAWEI\DevEco\DevEco Studio\tools\hvigor\hvigor-ohos-plugin\src\plugin\builder\abstract-plugin-builder.js
- D:\HUAWEI\DevEco\DevEco Studio\tools\hvigor\hvigor-ohos-plugin\src\plugin\builder\app-plugin-builder.js
- D:\HUAWEI\DevEco\DevEco Studio\tools\hvigor\hvigor-ohos-plugin\src\plugin\factory\plugin-factory.js
- D:\HUAWEI\DevEco\DevEco Studio\tools\hvigor\hvigor-ohos-plugin\index.js
- D:\HUAWEI\Lab2\ndk-opengl-master\hvigorfile.ts
- D:\HUAWEI\DevEco\DevEco Studio\tools\hvigor\hvigor\src\base\internal\lifecycle\configuration.js
- D:\HUAWEI\DevEco\DevEco Studio\tools\hvigor\hvigor\src\base\boot\index.js
- D:\HUAWEI\DevEco\DevEco Studio\tools\hvigor\hvigor\src\cli\main\cli.js
- D:\HUAWEI\DevEco\DevEco Studio\tools\hvigor\hvigor\bin\hvigor.js
[2026-06-23T17:24:39.148] [DEBUG] debug-file - Project task initialization takes 25 ms 
[2026-06-23T17:24:39.202] [DEBUG] debug-file - Start initialize module-target build option map, moduleName=entry, buildMode=debug
[2026-06-23T17:24:39.259] [DEBUG] debug-file - Start to initialize dependency information.
[2026-06-23T17:24:39.223] [DEBUG] debug-file - project has submodules:entry
[2026-06-23T17:24:39.230] [DEBUG] debug-file - start to load updatedOhPackageInfo to the disk
[2026-06-23T17:24:32.328] [DEBUG] debug-file - env: hvigor-config.json5 content = { modelVersion: '5.0.4', dependencies: {} }
[2026-06-23T17:24:39.637] [DEBUG] debug-file - Executing task :entry:default@GenerateMetadata
[2026-06-23T17:24:33.333] [DEBUG] debug-file - Cache service initialization finished in 14 ms 
[2026-06-23T17:24:39.306] [DEBUG] debug-file - Executing task :entry:default@PreBuild
[2026-06-23T17:24:38.570] [DEBUG] debug-file - App plugin prepare start...
[2026-06-23T17:24:38.566] [DEBUG] debug-file - hvigorfile, binding system plugins { appTasks: [Getter] }
[2026-06-23T17:24:38.996] [DEBUG] debug-file - Picking option from product 'default' with build mode 'debug'.
[2026-06-23T17:24:38.991] [DEBUG] debug-file - App plugin register hook end...
[2026-06-23T17:24:39.010] [DEBUG] debug-file - No signingConfig found, initRemoteHspCache failed.
[2026-06-23T17:24:39.119] [DEBUG] debug-file - Sdk init in 107 ms 
[2026-06-23T17:24:39.148] [DEBUG] debug-file - hvigorfile, resolve finished D:\HUAWEI\Lab2\ndk-opengl-master\hvigorfile.ts
[2026-06-23T17:24:39.202] [DEBUG] debug-file - Target 'default' config initialized
[2026-06-23T17:24:39.273] [DEBUG] debug-file - Module entry Collected Dependency: 
[2026-06-23T17:24:39.247] [DEBUG] debug-file - load to the disk finished
[2026-06-23T17:24:32.335] [DEBUG] debug-file - env: daemon=false
[2026-06-23T17:24:39.639] [DEBUG] debug-file - Task 'entry:default@GenerateMetadata' cost while wrapping incremental declarations: 2 ms 
[2026-06-23T17:24:33.336] [DEBUG] debug-file - hvigorfile, resolving D:\HUAWEI\Lab2\ndk-opengl-master\hvigorfile.ts
[2026-06-23T17:24:39.310] [DEBUG] debug-file - Task 'entry:default@PreBuild' cost while wrapping incremental declarations: 1 ms 
[2026-06-23T17:24:38.570] [DEBUG] debug-file - App plugin prepare end...
[2026-06-23T17:24:38.997] [DEBUG] debug-file - Product 'default' build option initialized
[2026-06-23T17:24:38.991] [DEBUG] debug-file - Plugin build process completed
[2026-06-23T17:24:39.016] [DEBUG] debug-file - Local scan or download HarmonyOS sdk components toolchains,ets,js,native,previewer
[2026-06-23T17:24:39.150] [DEBUG] debug-file - hvigorfile, resolving D:\HUAWEI\Lab2\ndk-opengl-master\entry\hvigorfile.ts
[2026-06-23T17:24:39.205] [DEBUG] debug-file - Module 'entry' target 'default' build option initialized
[2026-06-23T17:24:39.273] [DEBUG] debug-file - Module entry's total dependency: 0
[2026-06-23T17:24:39.249] [DEBUG] debug-file - Start to initialize dependency information.
[2026-06-23T17:24:32.335] [DEBUG] debug-file - no-daemon, use the parent process.execArgv --max-old-space-size=8192,--max-semi-space-size=16,--expose-gc
[2026-06-23T17:24:39.644] [DEBUG] debug-file - Incremental task entry:default@GenerateMetadata pre-execution cost: 4 ms .
[2026-06-23T17:24:39.325] [DEBUG] debug-file - entry:default@PreBuild is not up-to-date, since the input file 'D:\HUAWEI\Lab2\ndk-opengl-master\entry\src\main\resources\base\profile\main_pages.json' has been changed.
[2026-06-23T17:24:38.570] [DEBUG] debug-file - App plugin creating...
[2026-06-23T17:24:38.997] [DEBUG] debug-file - End initialize project's product build option map with build mode 'debug'.
[2026-06-23T17:24:39.028] [DEBUG] debug-file - Local scan or download hmscore sdk components toolchains,ets,native
[2026-06-23T17:24:39.164] [DEBUG] debug-file - hvigorfile, require result:  { hapTasks: [Getter] }
[2026-06-23T17:24:39.283] [DEBUG] debug-file - Configuration phase cost:5 s 949 ms 
[2026-06-23T17:24:39.205] [DEBUG] debug-file - End initialize module-target build option map, moduleName=entry
[2026-06-23T17:24:39.254] [DEBUG] debug-file - Module ndk-opengl-master Collected Dependency: 
[2026-06-23T17:24:39.747] [DEBUG] debug-file - Executing task :entry:default@CreateBuildProfile
[2026-06-23T17:24:39.800] [DEBUG] debug-file - Executing task :entry:default@ProcessIntegratedHsp
[2026-06-23T17:24:39.325] [DEBUG] debug-file - Incremental task entry:default@PreBuild pre-execution cost: 9 ms .
[2026-06-23T17:24:39.757] [DEBUG] debug-file - Executing task :entry:default@PreCheckSyscap
[2026-06-23T17:24:39.644] [DEBUG] debug-file - entry : default@GenerateMetadata cost memory 0.08408355712890625
[2026-06-23T17:24:39.164] [DEBUG] debug-file - hvigorfile, binding system plugins { hapTasks: [Getter] }
[2026-06-23T17:24:39.287] [DEBUG] debug-file - Configuration task cost before running: 5 s 991 ms 
[2026-06-23T17:24:39.764] [DEBUG] debug-file - Executing task :entry:default@GeneratePkgContextInfo
[2026-06-23T17:24:39.205] [DEBUG] debug-file - Start initialize module-target build option map, moduleName=entry, buildMode=release
[2026-06-23T17:24:39.255] [DEBUG] debug-file - Module ndk-opengl-master's total dependency: 0
[2026-06-23T17:24:39.807] [DEBUG] debug-file - Executing task :entry:default@BuildNativeWithCmake
[2026-06-23T17:24:39.748] [DEBUG] debug-file - Task 'entry:default@CreateBuildProfile' cost while wrapping incremental declarations: 2 ms 
[2026-06-23T17:24:39.801] [DEBUG] debug-file - entry:default@ProcessIntegratedHsp is not up-to-date, since the output file 'D:\HUAWEI\Lab2\ndk-opengl-master\build\cache\default\integrated_hsp\integratedHspCache.json' does not exist.
[2026-06-23T17:24:39.819] [DEBUG] debug-file - Use tool [Cmake]
 [
  'D:\\HUAWEI\\DevEco\\DevEco Studio\\sdk\\default\\openharmony\\native\\build-tools\\cmake\\bin\\cmake.exe',
  '-HD:\\HUAWEI\\Lab2\\ndk-opengl-master\\entry\\src\\main\\cpp',
  '-BD:\\HUAWEI\\Lab2\\ndk-opengl-master\\entry\\.cxx\\default\\default\\debug\\arm64-v8a',
  '-DOHOS_ARCH=arm64-v8a',
  '-DCMAKE_LIBRARY_OUTPUT_DIRECTORY=D:\\HUAWEI\\Lab2\\ndk-opengl-master\\entry\\build\\default\\intermediates\\cmake\\default\\obj\\arm64-v8a',
  '-DCMAKE_BUILD_TYPE=Debug',
  '-DOHOS_SDK_NATIVE=D:\\HUAWEI\\DevEco\\DevEco Studio\\sdk\\default\\openharmony\\native',
  '-DCMAKE_SYSTEM_NAME=OHOS',
  '-DCMAKE_OHOS_ARCH_ABI=arm64-v8a',
  '-DCMAKE_EXPORT_COMPILE_COMMANDS=ON',
  '-DCMAKE_TOOLCHAIN_FILE=D:\\HUAWEI\\DevEco\\DevEco Studio\\sdk\\default\\hms\\native\\build\\cmake\\hmos.toolchain.cmake',
  '-GNinja',
  '-DCMAKE_MAKE_PROGRAM=D:\\HUAWEI\\DevEco\\DevEco Studio\\sdk\\default\\openharmony\\native\\build-tools\\cmake\\bin\\ninja.exe',
  '-DCMAKE_FIND_ROOT_PATH=D:\\HUAWEI\\Lab2\\ndk-opengl-master\\entry\\.cxx\\default\\default\\debug\\hvigor\\arm64-v8a',
  '-DPACKAGE_FIND_FILE=D:\\HUAWEI\\Lab2\\ndk-opengl-master\\entry\\.cxx\\default\\default\\debug\\hvigor\\arm64-v8a\\summary.cmake',
  '--no-warn-unused-cli',
  '-DHMOS_SDK_NATIVE=D:\\HUAWEI\\DevEco\\DevEco Studio\\sdk\\default\\hms\\native'
]
[2026-06-23T17:24:39.612] [DEBUG] debug-file - current product is not Atomic service.
[2026-06-23T17:24:39.758] [DEBUG] debug-file - entry : default@PreCheckSyscap cost memory 0.01348876953125
[2026-06-23T17:24:39.164] [DEBUG] debug-file - Starting plugin build process
[2026-06-23T17:24:39.205] [DEBUG] debug-file - Target 'default' config initialized
[2026-06-23T17:24:39.645] [INFO] debug-file - UP-TO-DATE :entry:default@GenerateMetadata...  
[2026-06-23T17:24:39.784] [DEBUG] debug-file - Task 'entry:default@GeneratePkgContextInfo' cost while wrapping incremental declarations: 1 ms 
[2026-06-23T17:24:39.752] [DEBUG] debug-file - Incremental task entry:default@CreateBuildProfile pre-execution cost: 3 ms .
[2026-06-23T17:24:39.613] [DEBUG] debug-file - Use tool [win32: JAVA_HOME, CLASSPATH]
 [
  { JAVA_HOME: 'D:\\HUAWEI\\DevEco\\DevEco Studio\\jbr' },
  { CLASSPATH: undefined }
]
[2026-06-23T17:24:39.801] [DEBUG] debug-file - Incremental task entry:default@ProcessIntegratedHsp pre-execution cost: 1 ms .
[2026-06-23T17:24:39.758] [DEBUG] debug-file - runTaskFromQueue task cost before running: 6 s 462 ms 
[2026-06-23T17:24:39.164] [DEBUG] debug-file - Hap plugin creating...
[2026-06-23T17:24:39.648] [DEBUG] debug-file - Executing task :entry:default@ConfigureCmake
[2026-06-23T17:24:39.206] [DEBUG] debug-file - Module 'entry' target 'default' build option initialized
[2026-06-23T17:24:39.786] [DEBUG] debug-file - entry : default@GeneratePkgContextInfo cost memory 0.5125274658203125
[2026-06-23T17:24:39.752] [DEBUG] debug-file - entry : default@CreateBuildProfile cost memory 0.0926666259765625
[2026-06-23T17:24:39.613] [DEBUG] debug-file - Use tool [win32: NODE_HOME]
 [ { NODE_HOME: 'D:\\HUAWEI\\DevEco\\DevEco Studio\\tools\\node' } ]
[2026-06-23T17:24:39.801] [DEBUG] debug-file - entry : default@ProcessIntegratedHsp cost memory 0.04860687255859375
[2026-06-23T17:24:39.758] [INFO] debug-file - Finished :entry:default@PreCheckSyscap... after 1 ms 
[2026-06-23T17:24:39.786] [DEBUG] debug-file - runTaskFromQueue task cost before running: 6 s 490 ms 
[2026-06-23T17:24:39.206] [DEBUG] debug-file - End initialize module-target build option map, moduleName=entry
[2026-06-23T17:24:39.731] [DEBUG] debug-file - entry : default@ConfigureCmake cost memory 1.1321258544921875
[2026-06-23T17:24:39.753] [INFO] debug-file - UP-TO-DATE :entry:default@CreateBuildProfile...  
[2026-06-23T17:24:39.617] [DEBUG] debug-file - entry : default@PreBuild cost memory 6.493927001953125
[2026-06-23T17:24:39.801] [DEBUG] debug-file - runTaskFromQueue task cost before running: 6 s 506 ms 
[2026-06-23T17:24:39.786] [INFO] debug-file - Finished :entry:default@GeneratePkgContextInfo... after 23 ms 
[2026-06-23T17:24:39.206] [DEBUG] debug-file - Start initialize module-target build option map, moduleName=entry, buildMode=debug
[2026-06-23T17:24:39.732] [DEBUG] debug-file - runTaskFromQueue task cost before running: 6 s 436 ms 
[2026-06-23T17:24:39.617] [DEBUG] debug-file - runTaskFromQueue task cost before running: 6 s 321 ms 
[2026-06-23T17:24:39.802] [INFO] debug-file - Finished :entry:default@ProcessIntegratedHsp... after 2 ms 
[2026-06-23T17:24:39.206] [DEBUG] debug-file - Target 'default' config initialized
[2026-06-23T17:24:39.733] [INFO] debug-file - Finished :entry:default@ConfigureCmake... after 84 ms 
[2026-06-23T17:24:39.627] [INFO] debug-file - Finished :entry:default@PreBuild... after 312 ms 
[2026-06-23T17:24:39.207] [DEBUG] debug-file - Module 'entry' target 'default' build option initialized
[2026-06-23T17:24:39.736] [DEBUG] debug-file - Executing task :entry:default@MergeProfile
[2026-06-23T17:24:39.630] [DEBUG] debug-file - Executing task :entry:default@CreateModuleInfo
[2026-06-23T17:24:39.207] [DEBUG] debug-file - End initialize module-target build option map, moduleName=entry
[2026-06-23T17:24:39.737] [DEBUG] debug-file - Task 'entry:default@MergeProfile' cost while wrapping incremental declarations: 1 ms 
[2026-06-23T17:24:39.631] [DEBUG] debug-file - Task 'entry:default@CreateModuleInfo' cost while wrapping incremental declarations: 1 ms 
[2026-06-23T17:24:39.207] [DEBUG] debug-file - Obtain build option for module 'entry' target 'default'in this build.
[2026-06-23T17:24:39.742] [DEBUG] debug-file - Incremental task entry:default@MergeProfile pre-execution cost: 4 ms .
[2026-06-23T17:24:39.631] [DEBUG] debug-file - entry : default@CreateModuleInfo cost memory 0.03765106201171875
[2026-06-23T17:24:39.219] [DEBUG] debug-file - Module entry task initialization takes 9 ms 
[2026-06-23T17:24:39.742] [DEBUG] debug-file - entry : default@MergeProfile cost memory 0.124664306640625
[2026-06-23T17:24:39.632] [DEBUG] debug-file - runTaskFromQueue task cost before running: 6 s 336 ms 
[2026-06-23T17:24:39.219] [DEBUG] debug-file - Hap plugin register hook start...
[2026-06-23T17:24:39.844] [DEBUG] debug-file - CMake configuration was up-to-date
[2026-06-23T17:24:39.742] [INFO] debug-file - UP-TO-DATE :entry:default@MergeProfile...  
[2026-06-23T17:24:39.219] [DEBUG] debug-file - Hap plugin register hook end...
[2026-06-23T17:24:39.632] [INFO] debug-file - Finished :entry:default@CreateModuleInfo... after 2 ms 
[2026-06-23T17:24:39.219] [DEBUG] debug-file - Plugin build process completed
[2026-06-23T17:24:39.219] [DEBUG] debug-file - hvigorfile, resolve finished D:\HUAWEI\Lab2\ndk-opengl-master\entry\hvigorfile.ts
[2026-06-23T17:24:39.854] [DEBUG] debug-file - Use tool [Cmake]
 [
  'D:\\HUAWEI\\DevEco\\DevEco Studio\\sdk\\default\\openharmony\\native\\build-tools\\cmake\\bin\\cmake.exe',
  '-HD:\\HUAWEI\\Lab2\\ndk-opengl-master\\entry\\src\\main\\cpp',
  '-BD:\\HUAWEI\\Lab2\\ndk-opengl-master\\entry\\.cxx\\default\\default\\debug\\x86_64',
  '-DOHOS_ARCH=x86_64',
  '-DCMAKE_LIBRARY_OUTPUT_DIRECTORY=D:\\HUAWEI\\Lab2\\ndk-opengl-master\\entry\\build\\default\\intermediates\\cmake\\default\\obj\\x86_64',
  '-DCMAKE_BUILD_TYPE=Debug',
  '-DOHOS_SDK_NATIVE=D:\\HUAWEI\\DevEco\\DevEco Studio\\sdk\\default\\openharmony\\native',
  '-DCMAKE_SYSTEM_NAME=OHOS',
  '-DCMAKE_OHOS_ARCH_ABI=x86_64',
  '-DCMAKE_EXPORT_COMPILE_COMMANDS=ON',
  '-DCMAKE_TOOLCHAIN_FILE=D:\\HUAWEI\\DevEco\\DevEco Studio\\sdk\\default\\hms\\native\\build\\cmake\\hmos.toolchain.cmake',
  '-GNinja',
  '-DCMAKE_MAKE_PROGRAM=D:\\HUAWEI\\DevEco\\DevEco Studio\\sdk\\default\\openharmony\\native\\build-tools\\cmake\\bin\\ninja.exe',
  '-DCMAKE_FIND_ROOT_PATH=D:\\HUAWEI\\Lab2\\ndk-opengl-master\\entry\\.cxx\\default\\default\\debug\\hvigor\\x86_64',
  '-DPACKAGE_FIND_FILE=D:\\HUAWEI\\Lab2\\ndk-opengl-master\\entry\\.cxx\\default\\default\\debug\\hvigor\\x86_64\\summary.cmake',
  '--no-warn-unused-cli',
  '-DHMOS_SDK_NATIVE=D:\\HUAWEI\\DevEco\\DevEco Studio\\sdk\\default\\hms\\native'
]
[2026-06-23T17:24:39.866] [DEBUG] debug-file - CMake configuration was up-to-date
[2026-06-23T17:24:39.872] [DEBUG] debug-file - entry : default@BuildNativeWithCmake cost memory 1.3138427734375
[2026-06-23T17:24:39.872] [DEBUG] debug-file - runTaskFromQueue task cost before running: 6 s 576 ms 
[2026-06-23T17:24:39.878] [DEBUG] debug-file - Executing task :entry:default@MakePackInfo
[2026-06-23T17:24:39.887] [DEBUG] debug-file - Executing task :entry:default@SyscapTransform
[2026-06-23T17:24:39.926] [DEBUG] debug-file - Executing task :entry:default@ProcessProfile
[2026-06-23T17:24:39.873] [INFO] debug-file - Finished :entry:default@BuildNativeWithCmake... after 66 ms 
[2026-06-23T17:24:39.937] [DEBUG] debug-file - Executing task :entry:default@ProcessRouterMap
[2026-06-23T17:24:39.948] [DEBUG] debug-file - Executing task :entry:default@ProcessShareConfig
[2026-06-23T17:24:39.957] [DEBUG] debug-file - Executing task :entry:default@ProcessStartupConfig
[2026-06-23T17:24:39.966] [DEBUG] debug-file - Executing task :entry:default@BuildNativeWithNinja
[2026-06-23T17:24:39.975] [DEBUG] debug-file - Create  resident worker with id: 0.
[2026-06-23T17:24:40.010] [DEBUG] debug-file - OHOS_STL is c++_shared
[2026-06-23T17:24:40.073] [DEBUG] debug-file - Executing task :entry:default@GenerateLoaderJson
[2026-06-23T17:24:40.108] [DEBUG] debug-file - Executing task :entry:default@CompileResource
[2026-06-23T17:24:40.055] [DEBUG] debug-file - Executing task :entry:default@ProcessResource
[2026-06-23T17:24:39.883] [DEBUG] debug-file - Incremental task entry:default@MakePackInfo pre-execution cost: 4 ms .
[2026-06-23T17:24:39.887] [DEBUG] debug-file - File: 'D:\HUAWEI\Lab2\ndk-opengl-master\entry\src\main\syscap.json' from 'sysCapJsonPath' is not exists, just ignore.
[2026-06-23T17:24:39.928] [DEBUG] debug-file - Task 'entry:default@ProcessProfile' cost while wrapping incremental declarations: 1 ms 
[2026-06-23T17:24:39.943] [DEBUG] debug-file - Incremental task entry:default@ProcessRouterMap pre-execution cost: 4 ms .
[2026-06-23T17:24:39.952] [DEBUG] debug-file - Incremental task entry:default@ProcessShareConfig pre-execution cost: 3 ms .
[2026-06-23T17:24:39.958] [DEBUG] debug-file - Task 'entry:default@ProcessStartupConfig' cost while wrapping incremental declarations: 1 ms 
[2026-06-23T17:24:39.970] [DEBUG] debug-file - Use tool [Ninja]
 [
  'D:\\HUAWEI\\DevEco\\DevEco Studio\\sdk\\default\\openharmony\\native\\build-tools\\cmake\\bin\\ninja.exe',
  '-C',
  'D:\\HUAWEI\\Lab2\\ndk-opengl-master\\entry\\.cxx\\default\\default\\debug\\arm64-v8a'
]
[2026-06-23T17:24:39.979] [DEBUG] debug-file - Create  resident worker with id: 1.
[2026-06-23T17:24:40.010] [DEBUG] debug-file - Copy STL libc++_shared.so to D:\HUAWEI\Lab2\ndk-opengl-master\entry\build\default\intermediates\cmake\default\obj\arm64-v8a due to OHOS_STL is 'c++_shared'
[2026-06-23T17:24:40.074] [DEBUG] debug-file - Task 'entry:default@GenerateLoaderJson' cost while wrapping incremental declarations: 1 ms 
[2026-06-23T17:24:40.122] [DEBUG] debug-file - entry:default@CompileResource is not up-to-date, since the input file 'D:\HUAWEI\Lab2\ndk-opengl-master\entry\src\main\resources' has been changed.
[2026-06-23T17:24:40.056] [DEBUG] debug-file - Task 'entry:default@ProcessResource' cost while wrapping incremental declarations: 1 ms 
[2026-06-23T17:24:39.883] [DEBUG] debug-file - entry : default@MakePackInfo cost memory 0.102386474609375
[2026-06-23T17:24:39.889] [DEBUG] debug-file - Task 'entry:default@SyscapTransform' cost while wrapping incremental declarations: 3 ms 
[2026-06-23T17:24:39.931] [DEBUG] debug-file - Incremental task entry:default@ProcessProfile pre-execution cost: 3 ms .
[2026-06-23T17:24:39.943] [DEBUG] debug-file - entry : default@ProcessRouterMap cost memory 0.13010406494140625
[2026-06-23T17:24:39.959] [DEBUG] debug-file - entry:default@ProcessStartupConfig is not up-to-date, since the output file 'D:\HUAWEI\Lab2\ndk-opengl-master\entry\build\default\intermediates\startup\default\startup_config.json' does not exist.
[2026-06-23T17:24:39.970] [DEBUG] debug-file - Since there is no instance or instance is terminated, create a new worker pool.
[2026-06-23T17:24:39.983] [DEBUG] debug-file - default@BuildNativeWithNinja work[0] is submitted.
[2026-06-23T17:24:39.952] [DEBUG] debug-file - entry : default@ProcessShareConfig cost memory 0.10514068603515625
[2026-06-23T17:24:40.016] [DEBUG] debug-file - Use tool [Ninja]
 [
  'D:\\HUAWEI\\DevEco\\DevEco Studio\\sdk\\default\\openharmony\\native\\build-tools\\cmake\\bin\\ninja.exe',
  '-C',
  'D:\\HUAWEI\\Lab2\\ndk-opengl-master\\entry\\.cxx\\default\\default\\debug\\x86_64'
]
[2026-06-23T17:24:40.122] [DEBUG] debug-file - Incremental task entry:default@CompileResource pre-execution cost: 9 ms .
[2026-06-23T17:24:40.060] [DEBUG] debug-file - Incremental task entry:default@ProcessResource pre-execution cost: 4 ms .
[2026-06-23T17:24:40.095] [DEBUG] debug-file - Incremental task entry:default@GenerateLoaderJson pre-execution cost: 10 ms .
[2026-06-23T17:24:39.883] [INFO] debug-file - UP-TO-DATE :entry:default@MakePackInfo...  
[2026-06-23T17:24:39.919] [DEBUG] debug-file - entry:default@SyscapTransform is not up-to-date, since the output file 'D:\HUAWEI\Lab2\ndk-opengl-master\entry\build\default\intermediates\syscap\default\rpcid.sc' does not exist.
[2026-06-23T17:24:39.931] [DEBUG] debug-file - entry : default@ProcessProfile cost memory 0.343292236328125
[2026-06-23T17:24:39.944] [INFO] debug-file - UP-TO-DATE :entry:default@ProcessRouterMap...  
[2026-06-23T17:24:39.959] [DEBUG] debug-file - Incremental task entry:default@ProcessStartupConfig pre-execution cost: 1 ms .
[2026-06-23T17:24:39.971] [DEBUG] debug-file - Worker pool is initialized with config:  {
  minPoolNum: 2,
  maxPoolNum: undefined,
  maxCoreSize: undefined,
  cacheCapacity: undefined,
  cacheTtl: undefined
}
[2026-06-23T17:24:39.985] [DEBUG] debug-file - default@BuildNativeWithNinja work[0] is pushed to ready queue.
[2026-06-23T17:24:39.953] [INFO] debug-file - UP-TO-DATE :entry:default@ProcessShareConfig...  
[2026-06-23T17:24:40.017] [DEBUG] debug-file - default@BuildNativeWithNinja work[1] is submitted.
[2026-06-23T17:24:40.060] [DEBUG] debug-file - entry : default@ProcessResource cost memory 0.371795654296875
[2026-06-23T17:24:40.095] [DEBUG] debug-file - entry : default@GenerateLoaderJson cost memory 0.47347259521484375
[2026-06-23T17:24:39.919] [DEBUG] debug-file - Incremental task entry:default@SyscapTransform pre-execution cost: 30 ms .
[2026-06-23T17:24:40.148] [DEBUG] debug-file - Use tool [D:\HUAWEI\DevEco\DevEco Studio\sdk\default\openharmony\toolchains\restool.exe]
 [
  'D:\\HUAWEI\\DevEco\\DevEco Studio\\sdk\\default\\openharmony\\toolchains\\restool.exe',
  '-l',
  'D:\\HUAWEI\\Lab2\\ndk-opengl-master\\entry\\build\\default\\intermediates\\res\\default\\resConfig.json'
]
[2026-06-23T17:24:39.960] [DEBUG] debug-file - entry : default@ProcessStartupConfig cost memory 0.0808563232421875
[2026-06-23T17:24:39.985] [DEBUG] debug-file - A work dispatched to worker[19] failed because unable to get work from ready queue.
[2026-06-23T17:24:40.064] [INFO] debug-file - UP-TO-DATE :entry:default@ProcessResource...  
[2026-06-23T17:24:40.154] [DEBUG] debug-file - current process  memoryUsage: {
  rss: 256036864,
  heapTotal: 168210432,
  heapUsed: 133891376,
  external: 3267028,
  arrayBuffers: 228597
} os memoryUsage :12.48440170288086
[2026-06-23T17:24:40.017] [DEBUG] debug-file - default@BuildNativeWithNinja work[1] is pushed to ready queue.
[2026-06-23T17:24:40.102] [INFO] debug-file - UP-TO-DATE :entry:default@GenerateLoaderJson...  
[2026-06-23T17:24:39.920] [DEBUG] debug-file - entry : default@SyscapTransform cost memory 0.13814544677734375
[2026-06-23T17:24:39.932] [INFO] debug-file - UP-TO-DATE :entry:default@ProcessProfile...  
[2026-06-23T17:24:39.986] [DEBUG] debug-file - Create  resident worker with id: 18.
[2026-06-23T17:24:39.961] [DEBUG] debug-file - runTaskFromQueue task cost before running: 6 s 665 ms 
[2026-06-23T17:24:40.017] [DEBUG] debug-file - A work dispatched to worker[19] failed because unable to get work from ready queue.
[2026-06-23T17:24:40.104] [DEBUG] debug-file - restool module names: entry; moduleName=entry, taskName=default@CompileResource
[2026-06-23T17:24:39.920] [DEBUG] debug-file - runTaskFromQueue task cost before running: 6 s 624 ms 
[2026-06-23T17:24:39.988] [DEBUG] debug-file - default@BuildNativeWithNinja work[0] has been dispatched to worker[18].
[2026-06-23T17:24:39.962] [INFO] debug-file - Finished :entry:default@ProcessStartupConfig... after 4 ms 
[2026-06-23T17:24:40.017] [DEBUG] debug-file - A work dispatched to worker[18] failed because of worker busy.
[2026-06-23T17:24:39.920] [INFO] debug-file - Finished :entry:default@SyscapTransform... after 34 ms 
[2026-06-23T17:24:39.988] [DEBUG] debug-file - default@BuildNativeWithNinja work[0] is dispatched.
[2026-06-23T17:24:40.017] [DEBUG] debug-file - Create  resident worker with id: 17.
[2026-06-23T17:24:40.019] [DEBUG] debug-file - default@BuildNativeWithNinja work[1] has been dispatched to worker[17].
[2026-06-23T17:24:40.019] [DEBUG] debug-file - default@BuildNativeWithNinja work[1] is dispatched.
[2026-06-23T17:24:40.033] [DEBUG] debug-file - OHOS_STL is c++_shared
[2026-06-23T17:24:40.033] [DEBUG] debug-file - Copy STL libc++_shared.so to D:\HUAWEI\Lab2\ndk-opengl-master\entry\build\default\intermediates\cmake\default\obj\x86_64 due to OHOS_STL is 'c++_shared'
[2026-06-23T17:24:40.036] [DEBUG] debug-file - entry : default@BuildNativeWithNinja cost memory 2.627960205078125
[2026-06-23T17:24:40.044] [DEBUG] debug-file - restool module names: entry; moduleName=entry, taskName=default@ProcessResource
[2026-06-23T17:24:41.854] [DEBUG] debug-file - Info: Pack: normal pack mode

[2026-06-23T17:24:42.212] [DEBUG] debug-file - Info: hardware concurrency count is : 20
Info: thread count is : 20

[2026-06-23T17:24:42.212] [DEBUG] debug-file - Info: thread pool is started

[2026-06-23T17:24:42.215] [DEBUG] debug-file - Info: GenericCompiler::CompileFiles

[2026-06-23T17:24:42.241] [DEBUG] debug-file - Info: GenericCompiler::CompileFiles

[2026-06-23T17:24:42.248] [DEBUG] debug-file - Info: GenericCompiler::CompileFiles

[2026-06-23T17:24:42.274] [DEBUG] debug-file - 06-23 17:24:42.274  8172  5972 E C01400/ImageTranscoderUtils: DecodeToRGBA IN
06-23 17:24:42.274  8172  5972 E C01400/ImageTranscoderUtils: ImageFilter IN D:\HUAWEI\Lab2\ndk-opengl-master\AppScope\resources\base\media\app_icon.png

[2026-06-23T17:24:42.276] [DEBUG] debug-file - 06-23 17:24:42.276  8172  5972 E C01400/ImageTranscoder: TranscodeSLR Only zoom-out is supported.
Warning: ScaleImage failed, error message: INVALID_PARAMETERS, file path = D:\HUAWEI\Lab2\ndk-opengl-master\AppScope\resources\base\media\app_icon.png

[2026-06-23T17:24:42.282] [DEBUG] debug-file - 06-23 17:24:42.282  8172  5972 E C01400/ImageTranscoderUtils: DecodeToRGBA IN
06-23 17:24:42.282  8172  5972 E C01400/ImageTranscoderUtils: ImageFilter IN D:\HUAWEI\Lab2\ndk-opengl-master\entry\src\main\resources\base\media\icon.png

[2026-06-23T17:24:42.284] [DEBUG] debug-file - 06-23 17:24:42.284  8172  5972 E C01400/ImageTranscoder: TranscodeSLR Only zoom-out is supported.

[2026-06-23T17:24:42.285] [DEBUG] debug-file - Warning: ScaleImage failed, error message: INVALID_PARAMETERS, file path = D:\HUAWEI\Lab2\ndk-opengl-master\entry\src\main\resources\base\media\icon.png

[2026-06-23T17:24:42.290] [DEBUG] debug-file - Warning: The width or height of the png file referenced by the icon exceeds the limit (41 pixels)
at D:\HUAWEI\Lab2\ndk-opengl-master\AppScope\resources\base\media\app_icon.png

[2026-06-23T17:24:42.291] [DEBUG] debug-file - Warning: The width or height of the png file referenced by the icon exceeds the limit (41 pixels)
at D:\HUAWEI\Lab2\ndk-opengl-master\entry\src\main\resources\base\media\icon.png

[2026-06-23T17:24:42.302] [DEBUG] debug-file - Info: restool resources compile success.

[2026-06-23T17:24:42.306] [DEBUG] debug-file - Info: thread pool is stopped

[2026-06-23T17:24:42.381] [WARN] debug-file - libpng warning: iCCP: known incorrect sRGB profile
libpng warning: iCCP: known incorrect sRGB profile

[2026-06-23T17:24:42.385] [DEBUG] debug-file - entry : default@CompileResource cost memory -8.020782470703125
[2026-06-23T17:24:42.395] [DEBUG] debug-file - Executing task :entry:default@CompileArkTS
[2026-06-23T17:24:42.386] [DEBUG] debug-file - runTaskFromQueue task cost before running: 9 s 90 ms 
[2026-06-23T17:24:42.510] [DEBUG] debug-file - Executing task :entry:default@BuildJS
[2026-06-23T17:24:42.398] [DEBUG] debug-file - obfuscationOptions: undefined
[2026-06-23T17:24:42.388] [INFO] debug-file - Finished :entry:default@CompileResource... after 2 s 278 ms 
[2026-06-23T17:24:42.513] [DEBUG] debug-file - Task 'entry:default@BuildJS' cost while wrapping incremental declarations: 2 ms 
[2026-06-23T17:24:42.402] [DEBUG] debug-file - Task 'entry:default@CompileArkTS' cost while wrapping incremental declarations: 1 ms 
[2026-06-23T17:24:42.532] [DEBUG] debug-file - entry : default@BuildJS cost memory 0.15289306640625
[2026-06-23T17:24:42.418] [DEBUG] debug-file - entry:default@CompileArkTS is not up-to-date, since the input file 'D:\HUAWEI\Lab2\ndk-opengl-master\entry\build\default\intermediates\res\default\ResourceTable.txt' has been changed.
[2026-06-23T17:24:42.533] [DEBUG] debug-file - runTaskFromQueue task cost before running: 9 s 237 ms 
[2026-06-23T17:24:42.418] [DEBUG] debug-file - Incremental task entry:default@CompileArkTS pre-execution cost: 9 ms .
[2026-06-23T17:24:42.533] [INFO] debug-file - Finished :entry:default@BuildJS... after 24 ms 
[2026-06-23T17:24:42.472] [DEBUG] debug-file - build config:
[2026-06-23T17:24:42.474] [DEBUG] debug-file - {
  moduleType: 'entry',
  perf: 0,
  targetName: '.default',
  packageManagerType: 'ohpm',
  localPropertiesPath: 'D:\\HUAWEI\\Lab2\\ndk-opengl-master\\local.properties',
  isPreview: false,
  isOhosTest: false,
  isLocalTest: false,
  buildMode: 'Debug',
  hotReloadBuild: undefined,
  watchMode: 'false',
  aceProfilePath: 'D:\\HUAWEI\\Lab2\\ndk-opengl-master\\entry\\build\\default\\intermediates\\res\\default\\resources\\base\\profile',
  etsLoaderPath: 'D:\\HUAWEI\\DevEco\\DevEco Studio\\sdk\\default\\openharmony\\ets\\build-tools\\ets-loader',
  modulePath: 'D:\\HUAWEI\\Lab2\\ndk-opengl-master\\entry',
  testFrameworkPar: {
    testMode: undefined,
    coveragePathFilter: undefined,
    coverageMode: undefined
  },
  needCoverageInsert: false,
  debugLine: false,
  projectTopDir: 'D:\\HUAWEI\\Lab2\\ndk-opengl-master',
  compileSdkVersion: 22,
  compatibleSdkVersion: 17,
  originCompatibleSdkVersion: '5.0.5(17)',
  compatibleSdkVersionStage: undefined,
  bundleName: 'c***l',
  etsLoaderVersion: '6.0.2.130',
  etsLoaderReleaseType: 'Release',
  aotCompileMode: 'type',
  apPath: 'D:\\HUAWEI\\Lab2\\ndk-opengl-master\\entry\\modules.ap',
  entryModuleName: 'entry',
  entryModuleVersion: '1.0.0',
  entryPackageName: 'entry',
  allModuleNameHash: '66f3c8041c023c38db49f629f07ca7e98f6276f17f4308e3f90230a419a9692b',
  externalApiPaths: [ 'D:\\HUAWEI\\DevEco\\DevEco Studio\\sdk\\default\\hms\\ets' ],
  compilerTypes: [],
  isCrossplatform: false,
  hvigorPluginFile: undefined,
  compilePluginPath: undefined,
  buildGeneratedProfilePath: 'D:\\HUAWEI\\Lab2\\ndk-opengl-master\\entry\\build\\default\\generated\\profile\\default',
  bundleType: 'app',
  arkTSVersion: undefined,
  apiVersion: 22,
  needCompleteSourcesMap: false,
  isFaMode: false,
  buildDir: 'D:\\HUAWEI\\Lab2\\ndk-opengl-master\\entry\\build',
  deviceTypes: [ 'phone', 'tablet' ],
  pkgContextInfo: undefined,
  ohPackagePathMap: {},
  dependencyAliasMap: {},
  permission: { requestPermissions: undefined, definePermissions: undefined },
  useGetCurrentBundleName: false,
  projectArkOption: undefined,
  sourceMapDir: undefined,
  branchElimination: false,
  transformLib: undefined,
  tsImportSendable: false,
  resolveConflictMode: true,
  depName2RootPath: {},
  depName2DepInfo: {},
  rootPathSet: [ 'D:\\HUAWEI\\Lab2\\ndk-opengl-master' ],
  useNativeResolver: true,
  shouldEmitJs: true,
  useTscResolve: false,
  singleFileEmit: false,
  userProjectConfig: {
    autoLazyImport: false,
    allowEmptyBundleName: false,
    reExportCheckMode: 'noCheck',
    executionMode: 'memory',
    usePathPlaceholder: false,
    writeRollupCache: true,
    isExpandImportEnabled: false,
    expandImportExclude: '',
    lazyImportExclude: '',
    lazyImportInclude: '',
    ignoreCrossplatformCheck: false,
    isHarDeduplicateEnabled: false,
    skipOhModulesLint: false,
    enableStrictCheckOHModule: false,
    disableSendableCheckRules: [],
    useDeclarationFileSignature: false,
    customizedOptions: undefined,
    integratedHsp: false,
    isPreloadSoEnabled: false
  },
  executionMode: 'memory',
  arkCompileCachePath: 'D:\\HUAWEI\\Lab2\\ndk-opengl-master\\entry\\build\\default\\cache\\default\\default@CompileArkTS\\esmodule',
  autoLazyFilter: undefined,
  isHarDeduplicateEnabled: false,
  intermediateHarDuplicateDirPath: 'D:\\HUAWEI\\Lab2\\ndk-opengl-master\\entry\\build\\default\\intermediates\\har_duplicate\\default',
  autoLazyImport: false,
  allowEmptyBundleName: false,
  reExportCheckMode: 'noCheck',
  usePathPlaceholder: false,
  writeRollupCache: true,
  isExpandImportEnabled: false,
  expandImportExclude: '',
  lazyImportExclude: '',
  lazyImportInclude: '',
  ignoreCrossplatformCheck: false,
  skipOhModulesLint: false,
  enableStrictCheckOHModule: false,
  disableSendableCheckRules: [],
  useDeclarationFileSignature: false,
  customizedOptions: undefined,
  integratedHsp: false,
  isPreloadSoEnabled: false,
  strictMode: undefined,
  useNormalizedOHMUrl: false,
  caseSensitiveCheck: false,
  aceModuleJsonPath: 'D:\\HUAWEI\\Lab2\\ndk-opengl-master\\entry\\build\\default\\intermediates\\res\\default\\ark_module.json',
  appResource: 'D:\\HUAWEI\\Lab2\\ndk-opengl-master\\entry\\build\\default\\intermediates\\res\\default\\ResourceTable.txt',
  rawFileResource: 'D:\\HUAWEI\\Lab2\\ndk-opengl-master\\entry\\build\\default\\intermediates\\res\\default\\resources\\rawfile',
  resourceTableHash: '3373ab0ff82e89b8179ad2e7bef6ed49d956c81c8513b8ba47a640c335e48807',
  runtimeOS: 'HarmonyOS',
  sdkInfo: 'false:22:6.0.2.130:Release',
  aceModuleRoot: 'D:\\HUAWEI\\Lab2\\ndk-opengl-master\\entry\\src\\main\\ets',
  compileMode: 'esmodule',
  aceSuperVisualPath: 'D:\\HUAWEI\\Lab2\\ndk-opengl-master\\entry\\src\\main\\supervisual',
  aceBuildJson: 'D:\\HUAWEI\\Lab2\\ndk-opengl-master\\entry\\build\\default\\intermediates\\loader\\default\\loader.json',
  cachePath: 'D:\\HUAWEI\\Lab2\\ndk-opengl-master\\entry\\build\\default\\cache\\default\\default@CompileArkTS\\esmodule\\debug',
  aceModuleBuild: 'D:\\HUAWEI\\Lab2\\ndk-opengl-master\\entry\\build\\default\\intermediates\\loader_out\\default\\ets',
  supportChunks: true,
  declaredFilesPath: undefined,
  shouldCollectDirectImportees: false,
  isByteCodeHarOptimize: false,
  expandImportPath: undefined,
  pkgNameToPkgBriefInfo: {
    entry: {
      pkgRoot: 'D:\\HUAWEI\\Lab2\\ndk-opengl-master\\entry',
      originalSourceRoots: undefined,
      sourceRoots: [Array],
      pkgName: 'entry'
    }
  },
  projectModel: {
    'D:\\HUAWEI\\Lab2\\ndk-opengl-master\\entry\\src\\main': {
      moduleName: 'entry',
      modulePkgPath: 'D:\\HUAWEI\\Lab2\\ndk-opengl-master\\entry',
      belongProjectPath: 'D:\\HUAWEI\\Lab2\\ndk-opengl-master'
    },
    'D:\\HUAWEI\\Lab2\\ndk-opengl-master\\entry': {
      moduleName: 'entry',
      modulePkgPath: 'D:\\HUAWEI\\Lab2\\ndk-opengl-master\\entry',
      belongProjectPath: 'D:\\HUAWEI\\Lab2\\ndk-opengl-master'
    },
    'D:\\HUAWEI\\Lab2\\ndk-opengl-master': {
      moduleName: 'ndk-opengl-master',
      modulePkgPath: 'D:\\HUAWEI\\Lab2\\ndk-opengl-master',
      belongProjectPath: 'D:\\HUAWEI\\Lab2\\ndk-opengl-master'
    }
  },
  pkgJsonFileHash: '8697a744fece5f253756dfbef32bca746d8a3cbf1dc4911b3a4766bf5c08e877',
  allModulePaths: [ 'D:\\HUAWEI\\Lab2\\ndk-opengl-master\\entry' ],
  routerMap: {},
  obfuscationOptions: undefined,
  byteCodeHarToDependencyKeys: undefined,
  compileBlockPkg: [],
  mockParams: {
    decorator: '@MockSetup',
    packageName: '@ohos/hamock',
    etsSourceRootPath: 'src/main/ets',
    mockConfigPath: undefined,
    mockConfigKey2ModuleInfo: {},
    source2ModuleIdMap: {}
  },
  copyCodeResourceEnable: true,
  copyCodeResourceExcludes: [],
  copyCodeResourceIncludes: undefined,
  uiTransformOptimization: false,
  sdkPath: 'D:/HUAWEI/DevEco/DevEco Studio/sdk',
  needPreloadSoFileSet: {},
  preloadSoFilePath: 'D:\\HUAWEI\\Lab2\\ndk-opengl-master\\entry\\build\\default\\intermediates\\preload\\default\\preload.json',
  useSourceHash: false,
  localModuleParamMap: {},
  otherPaths: {
    'entry/*': [
      '..\\*',
      '..\\..\\..\\build\\default\\generated\\profile\\default\\*'
    ]
  },
  collectImportersConfig: undefined
}
[2026-06-23T17:24:42.475] [DEBUG] debug-file - Compile arkts with external api path: D:\HUAWEI\DevEco\DevEco Studio\sdk\default\hms\ets
[2026-06-23T17:24:42.480] [DEBUG] debug-file - default@CompileArkTS work[2] is submitted.
[2026-06-23T17:24:42.481] [DEBUG] debug-file - default@CompileArkTS work[2] is pushed to ready queue.
[2026-06-23T17:24:42.481] [DEBUG] debug-file - A work dispatched to worker[19] failed because unable to get work from ready queue.
[2026-06-23T17:24:42.481] [DEBUG] debug-file - A work dispatched to worker[18] failed because of worker busy.
[2026-06-23T17:24:42.481] [DEBUG] debug-file - A work dispatched to worker[17] failed because of worker busy.
[2026-06-23T17:24:42.481] [DEBUG] debug-file - A work dispatched to worker[16] failed because unable to get work from ready queue.
[2026-06-23T17:24:42.481] [DEBUG] debug-file - A work dispatched to worker[15] failed because unable to get work from ready queue.
[2026-06-23T17:24:42.482] [DEBUG] debug-file - A work dispatched to worker[14] failed because unable to get work from ready queue.
[2026-06-23T17:24:42.482] [DEBUG] debug-file - A work dispatched to worker[13] failed because unable to get work from ready queue.
[2026-06-23T17:24:42.482] [DEBUG] debug-file - A work dispatched to worker[12] failed because unable to get work from ready queue.
[2026-06-23T17:24:42.482] [DEBUG] debug-file - A work dispatched to worker[11] failed because unable to get work from ready queue.
[2026-06-23T17:24:42.482] [DEBUG] debug-file - A work dispatched to worker[10] failed because unable to get work from ready queue.
[2026-06-23T17:24:42.482] [DEBUG] debug-file - A work dispatched to worker[9] failed because unable to get work from ready queue.
[2026-06-23T17:24:42.482] [DEBUG] debug-file - A work dispatched to worker[8] failed because unable to get work from ready queue.
[2026-06-23T17:24:42.482] [DEBUG] debug-file - A work dispatched to worker[7] failed because unable to get work from ready queue.
[2026-06-23T17:24:42.482] [DEBUG] debug-file - A work dispatched to worker[6] failed because unable to get work from ready queue.
[2026-06-23T17:24:42.482] [DEBUG] debug-file - A work dispatched to worker[5] failed because unable to get work from ready queue.
[2026-06-23T17:24:42.482] [DEBUG] debug-file - Create  resident worker with id: 4.
[2026-06-23T17:24:42.487] [DEBUG] debug-file - default@CompileArkTS work[2] has been dispatched to worker[4].
[2026-06-23T17:24:42.487] [DEBUG] debug-file - default@CompileArkTS work[2] is dispatched.
[2026-06-23T17:24:42.489] [DEBUG] debug-file - CopyResources startTime: 2003827586500
[2026-06-23T17:24:42.490] [DEBUG] debug-file - default@CompileArkTS work[3] is submitted.
[2026-06-23T17:24:42.490] [DEBUG] debug-file - default@CompileArkTS work[3] is pushed to ready queue.
[2026-06-23T17:24:42.490] [DEBUG] debug-file - A work dispatched to worker[19] failed because unable to get work from ready queue.
[2026-06-23T17:24:42.491] [DEBUG] debug-file - A work dispatched to worker[18] failed because of worker busy.
[2026-06-23T17:24:42.491] [DEBUG] debug-file - A work dispatched to worker[17] failed because of worker busy.
[2026-06-23T17:24:42.491] [DEBUG] debug-file - Create  resident worker with id: 16.
[2026-06-23T17:24:42.498] [DEBUG] debug-file - default@CompileArkTS work[3] has been dispatched to worker[16].
[2026-06-23T17:24:42.498] [DEBUG] debug-file - default@CompileArkTS work[3] is dispatched.
[2026-06-23T17:24:42.499] [DEBUG] debug-file - entry : default@CompileArkTS cost memory 2.0418930053710938
[2026-06-23T17:24:45.288] [DEBUG] debug-file - worker[16] has one work done.
[2026-06-23T17:24:45.289] [DEBUG] debug-file - CopyResources is end, endTime: 2006627118000
[2026-06-23T17:24:45.290] [DEBUG] debug-file - default@CompileArkTS work[3] done.
[2026-06-23T17:24:45.291] [DEBUG] debug-file - A work dispatched to worker[16] failed because unable to get work from ready queue.
[2026-06-23T17:24:51.553] [DEBUG] debug-file - ninja: Entering directory `D:\HUAWEI\Lab2\ndk-opengl-master\entry\.cxx\default\default\debug\x86_64'
[1/6] Building CXX object CMakeFiles/tetrahedron_napi.dir/frame_handle.cpp.o

[2026-06-23T17:24:51.620] [DEBUG] debug-file - ninja: Entering directory `D:\HUAWEI\Lab2\ndk-opengl-master\entry\.cxx\default\default\debug\arm64-v8a'
[1/6] Building CXX object CMakeFiles/tetrahedron_napi.dir/tetrahedron.cpp.o
FAILED: CMakeFiles/tetrahedron_napi.dir/tetrahedron.cpp.o 
D:\HUAWEI\DevEco\DEVECO~1\sdk\default\OPENHA~1\native\llvm\bin\CLANG_~1.EXE --target=aarch64-linux-ohos --gcc-toolchain="D:/HUAWEI/DevEco/DevEco Studio/sdk/default/openharmony/native/llvm" --sysroot="D:/HUAWEI/DevEco/DevEco Studio/sdk/default/openharmony/native/sysroot" -Dtetrahedron_napi_EXPORTS -I"D:/HUAWEI/DevEco/DevEco Studio/sdk/default/hms/native/sysroot/usr/include" -ID:/HUAWEI/Lab2/ndk-opengl-master/entry/src/main/cpp -ID:/HUAWEI/Lab2/ndk-opengl-master/entry/src/main/cpp/include -ID:/HUAWEI/Lab2/ndk-opengl-master/entry/src/main/cpp/include/util -fdata-sections -ffunction-sections -funwind-tables -fstack-protector-strong -no-canonical-prefixes -fno-addrsig -Wa,--noexecstack -Wformat -Werror=format-security   -D__MUSL__ -O0 -g -fno-limit-debug-info  -fPIC -MD -MT CMakeFiles/tetrahedron_napi.dir/tetrahedron.cpp.o -MF CMakeFiles\tetrahedron_napi.dir\tetrahedron.cpp.o.d -o CMakeFiles/tetrahedron_napi.dir/tetrahedron.cpp.o -c D:/HUAWEI/Lab2/ndk-opengl-master/entry/src/main/cpp/tetrahedron.cpp
clang++: warning: argument unused during compilation: '--gcc-toolchain=D:/HUAWEI/DevEco/DevEco Studio/sdk/default/openharmony/native/llvm' [-Wunused-command-line-argument]
D:/HUAWEI/Lab2/ndk-opengl-master/entry/src/main/cpp/tetrahedron.cpp:435:14: error: use of undeclared identifier 'GL_MULTISAMPLE'
    glEnable(GL_MULTISAMPLE);
             ^
D:/HUAWEI/Lab2/ndk-opengl-master/entry/src/main/cpp/tetrahedron.cpp:440:42: error: use of undeclared identifier 'GL_LINE'
        glPolygonMode(GL_FRONT_AND_BACK, GL_LINE);
                                         ^
D:/HUAWEI/Lab2/ndk-opengl-master/entry/src/main/cpp/tetrahedron.cpp:442:42: error: use of undeclared identifier 'GL_FILL'
        glPolygonMode(GL_FRONT_AND_BACK, GL_FILL);
                                         ^
D:/HUAWEI/Lab2/ndk-opengl-master/entry/src/main/cpp/tetrahedron.cpp:497:42: error: use of undeclared identifier 'GL_FILL'
        glPolygonMode(GL_FRONT_AND_BACK, GL_FILL);
                                         ^
4 errors generated.
[2/6] Building CXX object CMakeFiles/tetrahedron_napi.dir/frame_handle.cpp.o

[2026-06-23T17:24:51.855] [DEBUG] debug-file - clang++: warning: argument unused during compilation: '--gcc-toolchain=D:/HUAWEI/DevEco/DevEco Studio/sdk/default/openharmony/native/llvm' [-Wunused-command-line-argument]
[3/6] Building CXX object CMakeFiles/tetrahedron_napi.dir/module.cpp.o

[2026-06-23T17:24:52.009] [DEBUG] debug-file - clang++: warning: argument unused during compilation: '--gcc-toolchain=D:/HUAWEI/DevEco/DevEco Studio/sdk/default/openharmony/native/llvm' [-Wunused-command-line-argument]
[2/6] Building CXX object CMakeFiles/tetrahedron_napi.dir/tetrahedron.cpp.o
FAILED: CMakeFiles/tetrahedron_napi.dir/tetrahedron.cpp.o 
D:\HUAWEI\DevEco\DEVECO~1\sdk\default\OPENHA~1\native\llvm\bin\CLANG_~1.EXE --target=x86_64-linux-ohos --gcc-toolchain="D:/HUAWEI/DevEco/DevEco Studio/sdk/default/openharmony/native/llvm" --sysroot="D:/HUAWEI/DevEco/DevEco Studio/sdk/default/openharmony/native/sysroot" -Dtetrahedron_napi_EXPORTS -I"D:/HUAWEI/DevEco/DevEco Studio/sdk/default/hms/native/sysroot/usr/include" -ID:/HUAWEI/Lab2/ndk-opengl-master/entry/src/main/cpp -ID:/HUAWEI/Lab2/ndk-opengl-master/entry/src/main/cpp/include -ID:/HUAWEI/Lab2/ndk-opengl-master/entry/src/main/cpp/include/util -fdata-sections -ffunction-sections -funwind-tables -fstack-protector-strong -no-canonical-prefixes -fno-addrsig -Wa,--noexecstack -Wformat -Werror=format-security   -D__MUSL__ -O0 -g -fno-limit-debug-info  -fPIC -MD -MT CMakeFiles/tetrahedron_napi.dir/tetrahedron.cpp.o -MF CMakeFiles\tetrahedron_napi.dir\tetrahedron.cpp.o.d -o CMakeFiles/tetrahedron_napi.dir/tetrahedron.cpp.o -c D:/HUAWEI/Lab2/ndk-opengl-master/entry/src/main/cpp/tetrahedron.cpp
clang++: warning: argument unused during compilation: '--gcc-toolchain=D:/HUAWEI/DevEco/DevEco Studio/sdk/default/openharmony/native/llvm' [-Wunused-command-line-argument]
D:/HUAWEI/Lab2/ndk-opengl-master/entry/src/main/cpp/tetrahedron.cpp:435:14: error: use of undeclared identifier 'GL_MULTISAMPLE'
    glEnable(GL_MULTISAMPLE);
             ^
D:/HUAWEI/Lab2/ndk-opengl-master/entry/src/main/cpp/tetrahedron.cpp:440:42: error: use of undeclared identifier 'GL_LINE'
        glPolygonMode(GL_FRONT_AND_BACK, GL_LINE);
                                         ^
D:/HUAWEI/Lab2/ndk-opengl-master/entry/src/main/cpp/tetrahedron.cpp:442:42: error: use of undeclared identifier 'GL_FILL'
        glPolygonMode(GL_FRONT_AND_BACK, GL_FILL);
                                         ^
D:/HUAWEI/Lab2/ndk-opengl-master/entry/src/main/cpp/tetrahedron.cpp:497:42: error: use of undeclared identifier 'GL_FILL'
        glPolygonMode(GL_FRONT_AND_BACK, GL_FILL);
                                         ^
4 errors generated.
[3/6] Building CXX object CMakeFiles/tetrahedron_napi.dir/module.cpp.o

[2026-06-23T17:24:52.013] [DEBUG] debug-file - clang++: warning: argument unused during compilation: '--gcc-toolchain=D:/HUAWEI/DevEco/DevEco Studio/sdk/default/openharmony/native/llvm' [-Wunused-command-line-argument]
[4/6] Building CXX object CMakeFiles/tetrahedron_napi.dir/app_napi.cpp.o
FAILED: CMakeFiles/tetrahedron_napi.dir/app_napi.cpp.o 
D:\HUAWEI\DevEco\DEVECO~1\sdk\default\OPENHA~1\native\llvm\bin\CLANG_~1.EXE --target=aarch64-linux-ohos --gcc-toolchain="D:/HUAWEI/DevEco/DevEco Studio/sdk/default/openharmony/native/llvm" --sysroot="D:/HUAWEI/DevEco/DevEco Studio/sdk/default/openharmony/native/sysroot" -Dtetrahedron_napi_EXPORTS -I"D:/HUAWEI/DevEco/DevEco Studio/sdk/default/hms/native/sysroot/usr/include" -ID:/HUAWEI/Lab2/ndk-opengl-master/entry/src/main/cpp -ID:/HUAWEI/Lab2/ndk-opengl-master/entry/src/main/cpp/include -ID:/HUAWEI/Lab2/ndk-opengl-master/entry/src/main/cpp/include/util -fdata-sections -ffunction-sections -funwind-tables -fstack-protector-strong -no-canonical-prefixes -fno-addrsig -Wa,--noexecstack -Wformat -Werror=format-security   -D__MUSL__ -O0 -g -fno-limit-debug-info  -fPIC -MD -MT CMakeFiles/tetrahedron_napi.dir/app_napi.cpp.o -MF CMakeFiles\tetrahedron_napi.dir\app_napi.cpp.o.d -o CMakeFiles/tetrahedron_napi.dir/app_napi.cpp.o -c D:/HUAWEI/Lab2/ndk-opengl-master/entry/src/main/cpp/app_napi.cpp
clang++: warning: argument unused during compilation: '--gcc-toolchain=D:/HUAWEI/DevEco/DevEco Studio/sdk/default/openharmony/native/llvm' [-Wunused-command-line-argument]
D:/HUAWEI/Lab2/ndk-opengl-master/entry/src/main/cpp/app_napi.cpp:661:42: error: non-const lvalue reference to type 'std::string' (aka 'basic_string<char, char_traits<char>, allocator<char>>') cannot bind to a value of unrelated type 'const char[12]'
    auto instance = AppNapi::GetInstance("tetrahedron");

[2026-06-23T17:24:52.438] [DEBUG] debug-file -                                          ^~~~~~~~~~~~~
D:/HUAWEI/Lab2/ndk-opengl-master/entry/src/main/cpp/app_napi.cpp:188:44: note: passing argument to parameter 'id' here
AppNapi* AppNapi::GetInstance(std::string& id)
                                           ^
1 error generated.
[5/6] Building CXX object CMakeFiles/tetrahedron_napi.dir/napi_manager.cpp.o

[2026-06-23T17:24:52.439] [DEBUG] debug-file - clang++: warning: argument unused during compilation: '--gcc-toolchain=D:/HUAWEI/DevEco/DevEco Studio/sdk/default/openharmony/native/llvm' [-Wunused-command-line-argument]
ninja: build stopped: subcommand failed.

[2026-06-23T17:24:52.455] [DEBUG] debug-file - clang++: warning: argument unused during compilation: '--gcc-toolchain=D:/HUAWEI/DevEco/DevEco Studio/sdk/default/openharmony/native/llvm' [-Wunused-command-line-argument]
[4/6] Building CXX object CMakeFiles/tetrahedron_napi.dir/app_napi.cpp.o
FAILED: CMakeFiles/tetrahedron_napi.dir/app_napi.cpp.o 
D:\HUAWEI\DevEco\DEVECO~1\sdk\default\OPENHA~1\native\llvm\bin\CLANG_~1.EXE --target=x86_64-linux-ohos --gcc-toolchain="D:/HUAWEI/DevEco/DevEco Studio/sdk/default/openharmony/native/llvm" --sysroot="D:/HUAWEI/DevEco/DevEco Studio/sdk/default/openharmony/native/sysroot" -Dtetrahedron_napi_EXPORTS -I"D:/HUAWEI/DevEco/DevEco Studio/sdk/default/hms/native/sysroot/usr/include" -ID:/HUAWEI/Lab2/ndk-opengl-master/entry/src/main/cpp -ID:/HUAWEI/Lab2/ndk-opengl-master/entry/src/main/cpp/include -ID:/HUAWEI/Lab2/ndk-opengl-master/entry/src/main/cpp/include/util -fdata-sections -ffunction-sections -funwind-tables -fstack-protector-strong -no-canonical-prefixes -fno-addrsig -Wa,--noexecstack -Wformat -Werror=format-security   -D__MUSL__ -O0 -g -fno-limit-debug-info  -fPIC -MD -MT CMakeFiles/tetrahedron_napi.dir/app_napi.cpp.o -MF CMakeFiles\tetrahedron_napi.dir\app_napi.cpp.o.d -o CMakeFiles/tetrahedron_napi.dir/app_napi.cpp.o -c D:/HUAWEI/Lab2/ndk-opengl-master/entry/src/main/cpp/app_napi.cpp
clang++: warning: argument unused during compilation: '--gcc-toolchain=D:/HUAWEI/DevEco/DevEco Studio/sdk/default/openharmony/native/llvm' [-Wunused-command-line-argument]
D:/HUAWEI/Lab2/ndk-opengl-master/entry/src/main/cpp/app_napi.cpp:661:42: error: non-const lvalue reference to type 'std::string' (aka 'basic_string<char, char_traits<char>, allocator<char>>') cannot bind to a value of unrelated type 'const char[12]'
    auto instance = AppNapi::GetInstance("tetrahedron");
                                         ^~~~~~~~~~~~~
D:/HUAWEI/Lab2/ndk-opengl-master/entry/src/main/cpp/app_napi.cpp:188:44: note: passing argument to parameter 'id' here
AppNapi* AppNapi::GetInstance(std::string& id)
                                           ^
1 error generated.
[5/6] Building CXX object CMakeFiles/tetrahedron_napi.dir/napi_manager.cpp.o

[2026-06-23T17:24:52.456] [DEBUG] debug-file - clang++: warning: argument unused during compilation: '--gcc-toolchain=D:/HUAWEI/DevEco/DevEco Studio/sdk/default/openharmony/native/llvm' [-Wunused-command-line-argument]
ninja: build stopped: subcommand failed.

[2026-06-23T17:24:52.480] [DEBUG] debug-file - worker[18] encounters error: Exceptions happened while executing D:\HUAWEI\DevEco\DevEco Studio\sdk\default\openharmony\native\build-tools\cmake\bin\ninja.exe -C D:\HUAWEI\Lab2\ndk-opengl-master\entry\.cxx\default\default\debug\arm64-v8a.
[32mninja: Entering directory `D:\HUAWEI\Lab2\ndk-opengl-master\entry\.cxx\default\default\debug\arm64-v8a'[32m[39m
[32m[1/6] Building CXX object CMakeFiles/tetrahedron_napi.dir/tetrahedron.cpp.o[32m[39m
[31mFAILED: CMakeFiles/tetrahedron_napi.dir/tetrahedron.cpp.o [31m[39m
[32mD:\HUAWEI\DevEco\DEVECO~1\sdk\default\OPENHA~1\native\llvm\bin\CLANG_~1.EXE --target=aarch64-linux-ohos --gcc-toolchain="D:/HUAWEI/DevEco/DevEco Studio/sdk/default/openharmony/native/llvm" --sysroot="D:/HUAWEI/DevEco/DevEco Studio/sdk/default/openharmony/native/sysroot" -Dtetrahedron_napi_EXPORTS -I"D:/HUAWEI/DevEco/DevEco Studio/sdk/default/hms/native/sysroot/usr/include" -ID:/HUAWEI/Lab2/ndk-opengl-master/entry/src/main/cpp -ID:/HUAWEI/Lab2/ndk-opengl-master/entry/src/main/cpp/include -ID:/HUAWEI/Lab2/ndk-opengl-master/entry/src/main/cpp/include/util -fdata-sections -ffunction-sections -funwind-tables -fstack-protector-strong -no-canonical-prefixes -fno-addrsig -Wa,--noexecstack -Wformat -Werror=format-security   -D__MUSL__ -O0 -g -fno-limit-debug-info  -fPIC -MD -MT CMakeFiles/tetrahedron_napi.dir/tetrahedron.cpp.o -MF CMakeFiles\tetrahedron_napi.dir\tetrahedron.cpp.o.d -o CMakeFiles/tetrahedron_napi.dir/tetrahedron.cpp.o -c D:/HUAWEI/Lab2/ndk-opengl-master/entry/src/main/cpp/tetrahedron.cpp[32m[39m
[33mclang++: warning: argument unused during compilation: '--gcc-toolchain=D:/HUAWEI/DevEco/DevEco Studio/sdk/default/openharmony/native/llvm' [-Wunused-command-line-argument][33m[39m
[31mD:/HUAWEI/Lab2/ndk-opengl-master/entry/src/main/cpp/tetrahedron.cpp:435:14: error: use of undeclared identifier 'GL_MULTISAMPLE'[31m[39m
[31m    glEnable(GL_MULTISAMPLE);[31m[39m
[31m             ^[31m[39m
[31mD:/HUAWEI/Lab2/ndk-opengl-master/entry/src/main/cpp/tetrahedron.cpp:440:42: error: use of undeclared identifier 'GL_LINE'[31m[39m
[31m        glPolygonMode(GL_FRONT_AND_BACK, GL_LINE);[31m[39m
[31m                                         ^[31m[39m
[31mD:/HUAWEI/Lab2/ndk-opengl-master/entry/src/main/cpp/tetrahedron.cpp:442:42: error: use of undeclared identifier 'GL_FILL'[31m[39m
[31m        glPolygonMode(GL_FRONT_AND_BACK, GL_FILL);[31m[39m
[31m                                         ^[31m[39m
[31mD:/HUAWEI/Lab2/ndk-opengl-master/entry/src/main/cpp/tetrahedron.cpp:497:42: error: use of undeclared identifier 'GL_FILL'[31m[39m
[31m        glPolygonMode(GL_FRONT_AND_BACK, GL_FILL);[31m[39m
[31m                                         ^[31m[39m
[31m[31m[39m
[33m4 errors generated.[33m[39m
[32m[32m[39m
[32m[2/6] Building CXX object CMakeFiles/tetrahedron_napi.dir/frame_handle.cpp.o[32m[39m
[33mclang++: warning: argument unused during compilation: '--gcc-toolchain=D:/HUAWEI/DevEco/DevEco Studio/sdk/default/openharmony/native/llvm' [-Wunused-command-line-argument][33m[39m
[32m[32m[39m
[32m[3/6] Building CXX object CMakeFiles/tetrahedron_napi.dir/module.cpp.o[32m[39m
[33mclang++: warning: argument unused during compilation: '--gcc-toolchain=D:/HUAWEI/DevEco/DevEco Studio/sdk/default/openharmony/native/llvm' [-Wunused-command-line-argument][33m[39m
[32m[32m[39m
[32m[4/6] Building CXX object CMakeFiles/tetrahedron_napi.dir/app_napi.cpp.o[32m[39m
[31mFAILED: CMakeFiles/tetrahedron_napi.dir/app_napi.cpp.o [31m[39m
[32mD:\HUAWEI\DevEco\DEVECO~1\sdk\default\OPENHA~1\native\llvm\bin\CLANG_~1.EXE --target=aarch64-linux-ohos --gcc-toolchain="D:/HUAWEI/DevEco/DevEco Studio/sdk/default/openharmony/native/llvm" --sysroot="D:/HUAWEI/DevEco/DevEco Studio/sdk/default/openharmony/native/sysroot" -Dtetrahedron_napi_EXPORTS -I"D:/HUAWEI/DevEco/DevEco Studio/sdk/default/hms/native/sysroot/usr/include" -ID:/HUAWEI/Lab2/ndk-opengl-master/entry/src/main/cpp -ID:/HUAWEI/Lab2/ndk-opengl-master/entry/src/main/cpp/include -ID:/HUAWEI/Lab2/ndk-opengl-master/entry/src/main/cpp/include/util -fdata-sections -ffunction-sections -funwind-tables -fstack-protector-strong -no-canonical-prefixes -fno-addrsig -Wa,--noexecstack -Wformat -Werror=format-security   -D__MUSL__ -O0 -g -fno-limit-debug-info  -fPIC -MD -MT CMakeFiles/tetrahedron_napi.dir/app_napi.cpp.o -MF CMakeFiles\tetrahedron_napi.dir\app_napi.cpp.o.d -o CMakeFiles/tetrahedron_napi.dir/app_napi.cpp.o -c D:/HUAWEI/Lab2/ndk-opengl-master/entry/src/main/cpp/app_napi.cpp[32m[39m
[33mclang++: warning: argument unused during compilation: '--gcc-toolchain=D:/HUAWEI/DevEco/DevEco Studio/sdk/default/openharmony/native/llvm' [-Wunused-command-line-argument][33m[39m
[31mD:/HUAWEI/Lab2/ndk-opengl-master/entry/src/main/cpp/app_napi.cpp:661:42: error: non-const lvalue reference to type 'std::string' (aka 'basic_string<char, char_traits<char>, allocator<char>>') cannot bind to a value of unrelated type 'const char[12]'[31m[39m
[31m    auto instance = AppNapi::GetInstance("tetrahedron");[31m[39m
[31m                                         ^~~~~~~~~~~~~[31m[39m
[31m[31m[39m
[31mD:/HUAWEI/Lab2/ndk-opengl-master/entry/src/main/cpp/app_napi.cpp:188:44: note: passing argument to parameter 'id' here[31m[39m
[31m[31m[39m
[31mAppNapi* AppNapi::GetInstance(std::string& id)[31m[39m
[31m[31m[39m
[31m                                           ^[31m[39m
[31m[31m[39m
[33m1 error generated.[33m[39m
[32m[32m[39m
[32m[5/6] Building CXX object CMakeFiles/tetrahedron_napi.dir/napi_manager.cpp.o[32m[39m
[33mclang++: warning: argument unused during compilation: '--gcc-toolchain=D:/HUAWEI/DevEco/DevEco Studio/sdk/default/openharmony/native/llvm' [-Wunused-command-line-argument][33m[39m
[32m[32m[39m
[31mninja: build stopped: subcommand failed.[31m[39m
undefined.
[2026-06-23T17:24:52.481] [DEBUG] debug-file - default@BuildNativeWithNinja work[0] failed.
[2026-06-23T17:24:52.482] [ERROR] debug-file - Failed :entry:default@BuildNativeWithNinja... 
[2026-06-23T17:24:52.483] [DEBUG] debug-file - hvigor build process will be closed with an error.
[2026-06-23T17:24:52.493] [DEBUG] debug-file - ERROR: stacktrace = Error: Exceptions happened while executing D:\HUAWEI\DevEco\DevEco Studio\sdk\default\openharmony\native\build-tools\cmake\bin\ninja.exe -C D:\HUAWEI\Lab2\ndk-opengl-master\entry\.cxx\default\default\debug\arm64-v8a.
[32mninja: Entering directory `D:\HUAWEI\Lab2\ndk-opengl-master\entry\.cxx\default\default\debug\arm64-v8a'[32m[39m
[32m[1/6] Building CXX object CMakeFiles/tetrahedron_napi.dir/tetrahedron.cpp.o[32m[39m
[31mFAILED: CMakeFiles/tetrahedron_napi.dir/tetrahedron.cpp.o [31m[39m
[32mD:\HUAWEI\DevEco\DEVECO~1\sdk\default\OPENHA~1\native\llvm\bin\CLANG_~1.EXE --target=aarch64-linux-ohos --gcc-toolchain="D:/HUAWEI/DevEco/DevEco Studio/sdk/default/openharmony/native/llvm" --sysroot="D:/HUAWEI/DevEco/DevEco Studio/sdk/default/openharmony/native/sysroot" -Dtetrahedron_napi_EXPORTS -I"D:/HUAWEI/DevEco/DevEco Studio/sdk/default/hms/native/sysroot/usr/include" -ID:/HUAWEI/Lab2/ndk-opengl-master/entry/src/main/cpp -ID:/HUAWEI/Lab2/ndk-opengl-master/entry/src/main/cpp/include -ID:/HUAWEI/Lab2/ndk-opengl-master/entry/src/main/cpp/include/util -fdata-sections -ffunction-sections -funwind-tables -fstack-protector-strong -no-canonical-prefixes -fno-addrsig -Wa,--noexecstack -Wformat -Werror=format-security   -D__MUSL__ -O0 -g -fno-limit-debug-info  -fPIC -MD -MT CMakeFiles/tetrahedron_napi.dir/tetrahedron.cpp.o -MF CMakeFiles\tetrahedron_napi.dir\tetrahedron.cpp.o.d -o CMakeFiles/tetrahedron_napi.dir/tetrahedron.cpp.o -c D:/HUAWEI/Lab2/ndk-opengl-master/entry/src/main/cpp/tetrahedron.cpp[32m[39m
[33mclang++: warning: argument unused during compilation: '--gcc-toolchain=D:/HUAWEI/DevEco/DevEco Studio/sdk/default/openharmony/native/llvm' [-Wunused-command-line-argument][33m[39m
[31mD:/HUAWEI/Lab2/ndk-opengl-master/entry/src/main/cpp/tetrahedron.cpp:435:14: error: use of undeclared identifier 'GL_MULTISAMPLE'[31m[39m
[31m    glEnable(GL_MULTISAMPLE);[31m[39m
[31m             ^[31m[39m
[31mD:/HUAWEI/Lab2/ndk-opengl-master/entry/src/main/cpp/tetrahedron.cpp:440:42: error: use of undeclared identifier 'GL_LINE'[31m[39m
[31m        glPolygonMode(GL_FRONT_AND_BACK, GL_LINE);[31m[39m
[31m                                         ^[31m[39m
[31mD:/HUAWEI/Lab2/ndk-opengl-master/entry/src/main/cpp/tetrahedron.cpp:442:42: error: use of undeclared identifier 'GL_FILL'[31m[39m
[31m        glPolygonMode(GL_FRONT_AND_BACK, GL_FILL);[31m[39m
[31m                                         ^[31m[39m
[31mD:/HUAWEI/Lab2/ndk-opengl-master/entry/src/main/cpp/tetrahedron.cpp:497:42: error: use of undeclared identifier 'GL_FILL'[31m[39m
[31m        glPolygonMode(GL_FRONT_AND_BACK, GL_FILL);[31m[39m
[31m                                         ^[31m[39m
[31m[31m[39m
[33m4 errors generated.[33m[39m
[32m[32m[39m
[32m[2/6] Building CXX object CMakeFiles/tetrahedron_napi.dir/frame_handle.cpp.o[32m[39m
[33mclang++: warning: argument unused during compilation: '--gcc-toolchain=D:/HUAWEI/DevEco/DevEco Studio/sdk/default/openharmony/native/llvm' [-Wunused-command-line-argument][33m[39m
[32m[32m[39m
[32m[3/6] Building CXX object CMakeFiles/tetrahedron_napi.dir/module.cpp.o[32m[39m
[33mclang++: warning: argument unused during compilation: '--gcc-toolchain=D:/HUAWEI/DevEco/DevEco Studio/sdk/default/openharmony/native/llvm' [-Wunused-command-line-argument][33m[39m
[32m[32m[39m
[32m[4/6] Building CXX object CMakeFiles/tetrahedron_napi.dir/app_napi.cpp.o[32m[39m
[31mFAILED: CMakeFiles/tetrahedron_napi.dir/app_napi.cpp.o [31m[39m
[32mD:\HUAWEI\DevEco\DEVECO~1\sdk\default\OPENHA~1\native\llvm\bin\CLANG_~1.EXE --target=aarch64-linux-ohos --gcc-toolchain="D:/HUAWEI/DevEco/DevEco Studio/sdk/default/openharmony/native/llvm" --sysroot="D:/HUAWEI/DevEco/DevEco Studio/sdk/default/openharmony/native/sysroot" -Dtetrahedron_napi_EXPORTS -I"D:/HUAWEI/DevEco/DevEco Studio/sdk/default/hms/native/sysroot/usr/include" -ID:/HUAWEI/Lab2/ndk-opengl-master/entry/src/main/cpp -ID:/HUAWEI/Lab2/ndk-opengl-master/entry/src/main/cpp/include -ID:/HUAWEI/Lab2/ndk-opengl-master/entry/src/main/cpp/include/util -fdata-sections -ffunction-sections -funwind-tables -fstack-protector-strong -no-canonical-prefixes -fno-addrsig -Wa,--noexecstack -Wformat -Werror=format-security   -D__MUSL__ -O0 -g -fno-limit-debug-info  -fPIC -MD -MT CMakeFiles/tetrahedron_napi.dir/app_napi.cpp.o -MF CMakeFiles\tetrahedron_napi.dir\app_napi.cpp.o.d -o CMakeFiles/tetrahedron_napi.dir/app_napi.cpp.o -c D:/HUAWEI/Lab2/ndk-opengl-master/entry/src/main/cpp/app_napi.cpp[32m[39m
[33mclang++: warning: argument unused during compilation: '--gcc-toolchain=D:/HUAWEI/DevEco/DevEco Studio/sdk/default/openharmony/native/llvm' [-Wunused-command-line-argument][33m[39m
[31mD:/HUAWEI/Lab2/ndk-opengl-master/entry/src/main/cpp/app_napi.cpp:661:42: error: non-const lvalue reference to type 'std::string' (aka 'basic_string<char, char_traits<char>, allocator<char>>') cannot bind to a value of unrelated type 'const char[12]'[31m[39m
[31m    auto instance = AppNapi::GetInstance("tetrahedron");[31m[39m
[31m                                         ^~~~~~~~~~~~~[31m[39m
[31m[31m[39m
[31mD:/HUAWEI/Lab2/ndk-opengl-master/entry/src/main/cpp/app_napi.cpp:188:44: note: passing argument to parameter 'id' here[31m[39m
[31m[31m[39m
[31mAppNapi* AppNapi::GetInstance(std::string& id)[31m[39m
[31m[31m[39m
[31m                                           ^[31m[39m
[31m[31m[39m
[33m1 error generated.[33m[39m
[32m[32m[39m
[32m[5/6] Building CXX object CMakeFiles/tetrahedron_napi.dir/napi_manager.cpp.o[32m[39m
[33mclang++: warning: argument unused during compilation: '--gcc-toolchain=D:/HUAWEI/DevEco/DevEco Studio/sdk/default/openharmony/native/llvm' [-Wunused-command-line-argument][33m[39m
[32m[32m[39m
[31mninja: build stopped: subcommand failed.[31m[39m
undefined
    at OhosLogger.errorMessageExit (D:\HUAWEI\DevEco\DevEco Studio\tools\hvigor\hvigor\src\base\log\hvigor-log.js:1:3497)
    at OhosLogger._printErrorAndExit (D:\HUAWEI\DevEco\DevEco Studio\tools\hvigor\hvigor-ohos-plugin\src\utils\log\ohos-logger.js:1:2024)
    at ChildProcess.<anonymous> (D:\HUAWEI\DevEco\DevEco Studio\tools\hvigor\hvigor-ohos-plugin\src\tasks\abstract-build-native.js:1:2796)
    at process.processTicksAndRejections (node:internal/process/task_queues:95:5)
[2026-06-23T17:24:52.494] [ERROR] debug-file - Error: Exceptions happened while executing D:\HUAWEI\DevEco\DevEco Studio\sdk\default\openharmony\native\build-tools\cmake\bin\ninja.exe -C D:\HUAWEI\Lab2\ndk-opengl-master\entry\.cxx\default\default\debug\arm64-v8a.
[32mninja: Entering directory `D:\HUAWEI\Lab2\ndk-opengl-master\entry\.cxx\default\default\debug\arm64-v8a'[32m[39m
[32m[1/6] Building CXX object CMakeFiles/tetrahedron_napi.dir/tetrahedron.cpp.o[32m[39m
[31mFAILED: CMakeFiles/tetrahedron_napi.dir/tetrahedron.cpp.o [31m[39m
[32mD:\HUAWEI\DevEco\DEVECO~1\sdk\default\OPENHA~1\native\llvm\bin\CLANG_~1.EXE --target=aarch64-linux-ohos --gcc-toolchain="D:/HUAWEI/DevEco/DevEco Studio/sdk/default/openharmony/native/llvm" --sysroot="D:/HUAWEI/DevEco/DevEco Studio/sdk/default/openharmony/native/sysroot" -Dtetrahedron_napi_EXPORTS -I"D:/HUAWEI/DevEco/DevEco Studio/sdk/default/hms/native/sysroot/usr/include" -ID:/HUAWEI/Lab2/ndk-opengl-master/entry/src/main/cpp -ID:/HUAWEI/Lab2/ndk-opengl-master/entry/src/main/cpp/include -ID:/HUAWEI/Lab2/ndk-opengl-master/entry/src/main/cpp/include/util -fdata-sections -ffunction-sections -funwind-tables -fstack-protector-strong -no-canonical-prefixes -fno-addrsig -Wa,--noexecstack -Wformat -Werror=format-security   -D__MUSL__ -O0 -g -fno-limit-debug-info  -fPIC -MD -MT CMakeFiles/tetrahedron_napi.dir/tetrahedron.cpp.o -MF CMakeFiles\tetrahedron_napi.dir\tetrahedron.cpp.o.d -o CMakeFiles/tetrahedron_napi.dir/tetrahedron.cpp.o -c D:/HUAWEI/Lab2/ndk-opengl-master/entry/src/main/cpp/tetrahedron.cpp[32m[39m
[33mclang++: warning: argument unused during compilation: '--gcc-toolchain=D:/HUAWEI/DevEco/DevEco Studio/sdk/default/openharmony/native/llvm' [-Wunused-command-line-argument][33m[39m
[31mD:/HUAWEI/Lab2/ndk-opengl-master/entry/src/main/cpp/tetrahedron.cpp:435:14: error: use of undeclared identifier 'GL_MULTISAMPLE'[31m[39m
[31m    glEnable(GL_MULTISAMPLE);[31m[39m
[31m             ^[31m[39m
[31mD:/HUAWEI/Lab2/ndk-opengl-master/entry/src/main/cpp/tetrahedron.cpp:440:42: error: use of undeclared identifier 'GL_LINE'[31m[39m
[31m        glPolygonMode(GL_FRONT_AND_BACK, GL_LINE);[31m[39m
[31m                                         ^[31m[39m
[31mD:/HUAWEI/Lab2/ndk-opengl-master/entry/src/main/cpp/tetrahedron.cpp:442:42: error: use of undeclared identifier 'GL_FILL'[31m[39m
[31m        glPolygonMode(GL_FRONT_AND_BACK, GL_FILL);[31m[39m
[31m                                         ^[31m[39m
[31mD:/HUAWEI/Lab2/ndk-opengl-master/entry/src/main/cpp/tetrahedron.cpp:497:42: error: use of undeclared identifier 'GL_FILL'[31m[39m
[31m        glPolygonMode(GL_FRONT_AND_BACK, GL_FILL);[31m[39m
[31m                                         ^[31m[39m
[31m[31m[39m
[33m4 errors generated.[33m[39m
[32m[32m[39m
[32m[2/6] Building CXX object CMakeFiles/tetrahedron_napi.dir/frame_handle.cpp.o[32m[39m
[33mclang++: warning: argument unused during compilation: '--gcc-toolchain=D:/HUAWEI/DevEco/DevEco Studio/sdk/default/openharmony/native/llvm' [-Wunused-command-line-argument][33m[39m
[32m[32m[39m
[32m[3/6] Building CXX object CMakeFiles/tetrahedron_napi.dir/module.cpp.o[32m[39m
[33mclang++: warning: argument unused during compilation: '--gcc-toolchain=D:/HUAWEI/DevEco/DevEco Studio/sdk/default/openharmony/native/llvm' [-Wunused-command-line-argument][33m[39m
[32m[32m[39m
[32m[4/6] Building CXX object CMakeFiles/tetrahedron_napi.dir/app_napi.cpp.o[32m[39m
[31mFAILED: CMakeFiles/tetrahedron_napi.dir/app_napi.cpp.o [31m[39m
[32mD:\HUAWEI\DevEco\DEVECO~1\sdk\default\OPENHA~1\native\llvm\bin\CLANG_~1.EXE --target=aarch64-linux-ohos --gcc-toolchain="D:/HUAWEI/DevEco/DevEco Studio/sdk/default/openharmony/native/llvm" --sysroot="D:/HUAWEI/DevEco/DevEco Studio/sdk/default/openharmony/native/sysroot" -Dtetrahedron_napi_EXPORTS -I"D:/HUAWEI/DevEco/DevEco Studio/sdk/default/hms/native/sysroot/usr/include" -ID:/HUAWEI/Lab2/ndk-opengl-master/entry/src/main/cpp -ID:/HUAWEI/Lab2/ndk-opengl-master/entry/src/main/cpp/include -ID:/HUAWEI/Lab2/ndk-opengl-master/entry/src/main/cpp/include/util -fdata-sections -ffunction-sections -funwind-tables -fstack-protector-strong -no-canonical-prefixes -fno-addrsig -Wa,--noexecstack -Wformat -Werror=format-security   -D__MUSL__ -O0 -g -fno-limit-debug-info  -fPIC -MD -MT CMakeFiles/tetrahedron_napi.dir/app_napi.cpp.o -MF CMakeFiles\tetrahedron_napi.dir\app_napi.cpp.o.d -o CMakeFiles/tetrahedron_napi.dir/app_napi.cpp.o -c D:/HUAWEI/Lab2/ndk-opengl-master/entry/src/main/cpp/app_napi.cpp[32m[39m
[33mclang++: warning: argument unused during compilation: '--gcc-toolchain=D:/HUAWEI/DevEco/DevEco Studio/sdk/default/openharmony/native/llvm' [-Wunused-command-line-argument][33m[39m
[31mD:/HUAWEI/Lab2/ndk-opengl-master/entry/src/main/cpp/app_napi.cpp:661:42: error: non-const lvalue reference to type 'std::string' (aka 'basic_string<char, char_traits<char>, allocator<char>>') cannot bind to a value of unrelated type 'const char[12]'[31m[39m
[31m    auto instance = AppNapi::GetInstance("tetrahedron");[31m[39m
[31m                                         ^~~~~~~~~~~~~[31m[39m
[31m[31m[39m
[31mD:/HUAWEI/Lab2/ndk-opengl-master/entry/src/main/cpp/app_napi.cpp:188:44: note: passing argument to parameter 'id' here[31m[39m
[31m[31m[39m
[31mAppNapi* AppNapi::GetInstance(std::string& id)[31m[39m
[31m[31m[39m
[31m                                           ^[31m[39m
[31m[31m[39m
[33m1 error generated.[33m[39m
[32m[32m[39m
[32m[5/6] Building CXX object CMakeFiles/tetrahedron_napi.dir/napi_manager.cpp.o[32m[39m
[33mclang++: warning: argument unused during compilation: '--gcc-toolchain=D:/HUAWEI/DevEco/DevEco Studio/sdk/default/openharmony/native/llvm' [-Wunused-command-line-argument][33m[39m
[32m[32m[39m
[31mninja: build stopped: subcommand failed.[31m[39m
undefined
    at OhosLogger.errorMessageExit (D:\HUAWEI\DevEco\DevEco Studio\tools\hvigor\hvigor\src\base\log\hvigor-log.js:1:3497)
    at OhosLogger._printErrorAndExit (D:\HUAWEI\DevEco\DevEco Studio\tools\hvigor\hvigor-ohos-plugin\src\utils\log\ohos-logger.js:1:2024)
    at ChildProcess.<anonymous> (D:\HUAWEI\DevEco\DevEco Studio\tools\hvigor\hvigor-ohos-plugin\src\tasks\abstract-build-native.js:1:2796)
    at process.processTicksAndRejections (node:internal/process/task_queues:95:5)
[2026-06-23T17:24:52.527] [ERROR] debug-file - BUILD FAILED in 19 s 226 ms 
[2026-06-23T17:24:52.531] [DEBUG] debug-file - Update task entry:default@PreBuild input file:D:\HUAWEI\Lab2\ndk-opengl-master\AppScope\app.json5 cache by regenerate.
[2026-06-23T17:24:52.532] [DEBUG] debug-file - Update task entry:default@PreBuild input file:D:\HUAWEI\Lab2\ndk-opengl-master\entry\src\main\module.json5 cache by regenerate.
[2026-06-23T17:24:52.532] [DEBUG] debug-file - Update task entry:default@PreBuild input file:D:\HUAWEI\Lab2\ndk-opengl-master\build-profile.json5 cache by regenerate.
[2026-06-23T17:24:52.533] [DEBUG] debug-file - Update task entry:default@PreBuild input file:D:\HUAWEI\Lab2\ndk-opengl-master\entry\build-profile.json5 cache by regenerate.
[2026-06-23T17:24:52.533] [DEBUG] debug-file - Update task entry:default@PreBuild input file:D:\HUAWEI\Lab2\ndk-opengl-master\entry\src\main\resources\base\profile\main_pages.json cache from map.
[2026-06-23T17:24:52.533] [DEBUG] debug-file - Update task entry:default@PreBuild input file:D:\HUAWEI\Lab2\ndk-opengl-master\hvigor\hvigor-config.json5 cache by regenerate.
[2026-06-23T17:24:52.533] [DEBUG] debug-file - Update task entry:default@PreBuild input file:D:\HUAWEI\Lab2\ndk-opengl-master\entry\oh-package.json5 cache by regenerate.
[2026-06-23T17:24:52.533] [DEBUG] debug-file - Update task entry:default@PreBuild input file:D:\HUAWEI\Lab2\ndk-opengl-master\oh-package.json5 cache by regenerate.
[2026-06-23T17:24:52.534] [DEBUG] debug-file - Incremental task entry:default@PreBuild post-execution cost:7 ms .
[2026-06-23T17:24:52.534] [DEBUG] debug-file - Update task entry:default@CreateModuleInfo output file:D:\HUAWEI\Lab2\ndk-opengl-master\entry\build\default\generated\profile\default\ModuleInfo.ts cache.
[2026-06-23T17:24:52.535] [DEBUG] debug-file - Incremental task entry:default@CreateModuleInfo post-execution cost:1 ms .
[2026-06-23T17:24:52.535] [DEBUG] debug-file - There is no need to refresh cache, since the incremental task entry:default@GenerateMetadata is up-to-date.
[2026-06-23T17:24:52.535] [DEBUG] debug-file - There is no need to refresh cache, since the incremental task entry:default@MergeProfile is up-to-date.
[2026-06-23T17:24:52.535] [DEBUG] debug-file - There is no need to refresh cache, since the incremental task entry:default@CreateBuildProfile is up-to-date.
[2026-06-23T17:24:52.535] [DEBUG] debug-file - Update task entry:default@GeneratePkgContextInfo output file:D:\HUAWEI\Lab2\ndk-opengl-master\entry\build\default\intermediates\loader\default\pkgContextInfo.json cache.
[2026-06-23T17:24:52.536] [DEBUG] debug-file - Incremental task entry:default@GeneratePkgContextInfo post-execution cost:1 ms .
[2026-06-23T17:24:52.536] [DEBUG] debug-file - Update task entry:default@ProcessIntegratedHsp output file:D:\HUAWEI\Lab2\ndk-opengl-master\build\cache\default\integrated_hsp\integratedHspCache.json cache.
[2026-06-23T17:24:52.537] [DEBUG] debug-file - Incremental task entry:default@ProcessIntegratedHsp post-execution cost:1 ms .
[2026-06-23T17:24:52.537] [DEBUG] debug-file - There is no need to refresh cache, since the incremental task entry:default@MakePackInfo is up-to-date.
[2026-06-23T17:24:52.537] [DEBUG] debug-file - Update task entry:default@SyscapTransform input file:D:\HUAWEI\DevEco\DevEco Studio\sdk\default\openharmony\toolchains\syscap_tool.exe cache by regenerate.
[2026-06-23T17:24:52.537] [DEBUG] debug-file - Update task entry:default@SyscapTransform input file:D:\HUAWEI\DevEco\DevEco Studio\sdk\default\openharmony\ets\api\device-define cache by regenerate.
[2026-06-23T17:24:52.539] [DEBUG] debug-file - Update task entry:default@SyscapTransform output file:D:\HUAWEI\Lab2\ndk-opengl-master\entry\build\default\intermediates\syscap\default\rpcid.sc cache.
[2026-06-23T17:24:52.540] [DEBUG] debug-file - Incremental task entry:default@SyscapTransform post-execution cost:3 ms .
[2026-06-23T17:24:52.540] [DEBUG] debug-file - There is no need to refresh cache, since the incremental task entry:default@ProcessProfile is up-to-date.
[2026-06-23T17:24:52.540] [DEBUG] debug-file - There is no need to refresh cache, since the incremental task entry:default@ProcessRouterMap is up-to-date.
[2026-06-23T17:24:52.540] [DEBUG] debug-file - There is no need to refresh cache, since the incremental task entry:default@ProcessShareConfig is up-to-date.
[2026-06-23T17:24:52.540] [DEBUG] debug-file - Update task entry:default@ProcessStartupConfig output file:D:\HUAWEI\Lab2\ndk-opengl-master\entry\build\default\intermediates\startup\default\startup_config.json cache.
[2026-06-23T17:24:52.541] [DEBUG] debug-file - Incremental task entry:default@ProcessStartupConfig post-execution cost:1 ms .
[2026-06-23T17:24:52.541] [DEBUG] debug-file - There is no need to refresh cache, since the incremental task entry:default@ProcessResource is up-to-date.
[2026-06-23T17:24:52.541] [DEBUG] debug-file - There is no need to refresh cache, since the incremental task entry:default@GenerateLoaderJson is up-to-date.
[2026-06-23T17:24:52.543] [DEBUG] debug-file - Update task entry:default@CompileResource input file:D:\HUAWEI\Lab2\ndk-opengl-master\entry\src\main\resources cache from map.
[2026-06-23T17:24:52.543] [DEBUG] debug-file - Update task entry:default@CompileResource input file:D:\HUAWEI\Lab2\ndk-opengl-master\AppScope\resources cache by regenerate.
[2026-06-23T17:24:52.545] [DEBUG] debug-file - Update task entry:default@CompileResource input file:D:\HUAWEI\Lab2\ndk-opengl-master\entry\build\default\intermediates\process_profile\default\module.json cache by regenerate.
[2026-06-23T17:24:52.546] [DEBUG] debug-file - Update task entry:default@CompileResource input file:D:\HUAWEI\Lab2\ndk-opengl-master\entry\build\default\intermediates\res\default\resConfig.json cache by regenerate.
[2026-06-23T17:24:52.546] [DEBUG] debug-file - Update task entry:default@CompileResource output file:D:\HUAWEI\Lab2\ndk-opengl-master\entry\build\default\intermediates\res\default cache.
[2026-06-23T17:24:52.551] [DEBUG] debug-file - Update task entry:default@CompileResource output file:D:\HUAWEI\Lab2\ndk-opengl-master\entry\build\default\generated\r\default\ResourceTable.h cache.
[2026-06-23T17:24:52.552] [DEBUG] debug-file - Update task entry:default@CompileResource output file:D:\HUAWEI\Lab2\ndk-opengl-master\entry\build\default\generated\r\default cache.
[2026-06-23T17:24:52.552] [DEBUG] debug-file - Incremental task entry:default@CompileResource post-execution cost:12 ms .
[2026-06-23T17:24:52.555] [DEBUG] debug-file - Update task entry:default@CompileArkTS input file:D:\HUAWEI\Lab2\ndk-opengl-master\entry\build\default\intermediates\loader\default cache by regenerate.
[2026-06-23T17:24:52.556] [DEBUG] debug-file - Update task entry:default@CompileArkTS input file:D:\HUAWEI\Lab2\ndk-opengl-master\entry\build\default\intermediates\res\default\ResourceTable.txt cache from map.
[2026-06-23T17:24:52.556] [DEBUG] debug-file - Update task entry:default@CompileArkTS input file:D:\HUAWEI\Lab2\ndk-opengl-master\entry\build\default\intermediates\res\default\ark_module.json cache by regenerate.
[2026-06-23T17:24:52.557] [DEBUG] debug-file - Update task entry:default@CompileArkTS input file:D:\HUAWEI\Lab2\ndk-opengl-master\entry\build\default\intermediates\res\default\resources\base\profile cache by regenerate.
[2026-06-23T17:24:52.558] [DEBUG] debug-file - Update task entry:default@CompileArkTS input file:D:\HUAWEI\Lab2\ndk-opengl-master\entry\src\main\ets cache by regenerate.
[2026-06-23T17:24:52.560] [DEBUG] debug-file - Update task entry:default@CompileArkTS input file:D:\HUAWEI\Lab2\ndk-opengl-master\entry\build\default\generated\profile\default\BuildProfile.ets cache by regenerate.
[2026-06-23T17:24:52.561] [DEBUG] debug-file - Update task entry:default@CompileArkTS output file:D:\HUAWEI\Lab2\ndk-opengl-master\entry\build\default\intermediates\loader_out\default\ets cache.
[2026-06-23T17:24:52.562] [DEBUG] debug-file - Incremental task entry:default@CompileArkTS post-execution cost:9 ms .
[2026-06-23T17:24:52.563] [DEBUG] debug-file - Update task entry:default@BuildJS input file:D:\HUAWEI\Lab2\ndk-opengl-master\entry\build\default\intermediates\loader\default cache by regenerate.
[2026-06-23T17:24:52.564] [DEBUG] debug-file - Update task entry:default@BuildJS input file:D:\HUAWEI\Lab2\ndk-opengl-master\entry\build\default\intermediates\res\default\ResourceTable.txt cache by regenerate.
[2026-06-23T17:24:52.564] [DEBUG] debug-file - Update task entry:default@BuildJS input file:D:\HUAWEI\Lab2\ndk-opengl-master\entry\build\default\intermediates\res\default\ark_module.json cache by regenerate.
[2026-06-23T17:24:52.565] [DEBUG] debug-file - Update task entry:default@BuildJS input file:D:\HUAWEI\Lab2\ndk-opengl-master\entry\build\default\intermediates\res\default\resources\base\profile cache by regenerate.
[2026-06-23T17:24:52.566] [DEBUG] debug-file - Update task entry:default@BuildJS output file:D:\HUAWEI\Lab2\ndk-opengl-master\entry\build\default\intermediates\loader_out\default\js cache.
[2026-06-23T17:24:52.566] [DEBUG] debug-file - Incremental task entry:default@BuildJS post-execution cost:5 ms .
[2026-06-23T17:24:52.624] [DEBUG] debug-file - worker[18] exits with exit code 1.
[2026-06-23T17:24:52.624] [DEBUG] debug-file - A work dispatched to worker[18] failed because unable to get work from ready queue.
[2026-06-23T17:24:52.624] [DEBUG] debug-file - worker[17] encounters error: Exceptions happened while executing D:\HUAWEI\DevEco\DevEco Studio\sdk\default\openharmony\native\build-tools\cmake\bin\ninja.exe -C D:\HUAWEI\Lab2\ndk-opengl-master\entry\.cxx\default\default\debug\x86_64.
[32mninja: Entering directory `D:\HUAWEI\Lab2\ndk-opengl-master\entry\.cxx\default\default\debug\x86_64'[32m[39m
[32m[1/6] Building CXX object CMakeFiles/tetrahedron_napi.dir/frame_handle.cpp.o[32m[39m
[33mclang++: warning: argument unused during compilation: '--gcc-toolchain=D:/HUAWEI/DevEco/DevEco Studio/sdk/default/openharmony/native/llvm' [-Wunused-command-line-argument][33m[39m
[32m[32m[39m
[32m[2/6] Building CXX object CMakeFiles/tetrahedron_napi.dir/tetrahedron.cpp.o[32m[39m
[31mFAILED: CMakeFiles/tetrahedron_napi.dir/tetrahedron.cpp.o [31m[39m
[32mD:\HUAWEI\DevEco\DEVECO~1\sdk\default\OPENHA~1\native\llvm\bin\CLANG_~1.EXE --target=x86_64-linux-ohos --gcc-toolchain="D:/HUAWEI/DevEco/DevEco Studio/sdk/default/openharmony/native/llvm" --sysroot="D:/HUAWEI/DevEco/DevEco Studio/sdk/default/openharmony/native/sysroot" -Dtetrahedron_napi_EXPORTS -I"D:/HUAWEI/DevEco/DevEco Studio/sdk/default/hms/native/sysroot/usr/include" -ID:/HUAWEI/Lab2/ndk-opengl-master/entry/src/main/cpp -ID:/HUAWEI/Lab2/ndk-opengl-master/entry/src/main/cpp/include -ID:/HUAWEI/Lab2/ndk-opengl-master/entry/src/main/cpp/include/util -fdata-sections -ffunction-sections -funwind-tables -fstack-protector-strong -no-canonical-prefixes -fno-addrsig -Wa,--noexecstack -Wformat -Werror=format-security   -D__MUSL__ -O0 -g -fno-limit-debug-info  -fPIC -MD -MT CMakeFiles/tetrahedron_napi.dir/tetrahedron.cpp.o -MF CMakeFiles\tetrahedron_napi.dir\tetrahedron.cpp.o.d -o CMakeFiles/tetrahedron_napi.dir/tetrahedron.cpp.o -c D:/HUAWEI/Lab2/ndk-opengl-master/entry/src/main/cpp/tetrahedron.cpp[32m[39m
[33mclang++: warning: argument unused during compilation: '--gcc-toolchain=D:/HUAWEI/DevEco/DevEco Studio/sdk/default/openharmony/native/llvm' [-Wunused-command-line-argument][33m[39m
[31mD:/HUAWEI/Lab2/ndk-opengl-master/entry/src/main/cpp/tetrahedron.cpp:435:14: error: use of undeclared identifier 'GL_MULTISAMPLE'[31m[39m
[31m    glEnable(GL_MULTISAMPLE);[31m[39m
[31m             ^[31m[39m
[31mD:/HUAWEI/Lab2/ndk-opengl-master/entry/src/main/cpp/tetrahedron.cpp:440:42: error: use of undeclared identifier 'GL_LINE'[31m[39m
[31m        glPolygonMode(GL_FRONT_AND_BACK, GL_LINE);[31m[39m
[31m                                         ^[31m[39m
[31mD:/HUAWEI/Lab2/ndk-opengl-master/entry/src/main/cpp/tetrahedron.cpp:442:42: error: use of undeclared identifier 'GL_FILL'[31m[39m
[31m        glPolygonMode(GL_FRONT_AND_BACK, GL_FILL);[31m[39m
[31m                                         ^[31m[39m
[31mD:/HUAWEI/Lab2/ndk-opengl-master/entry/src/main/cpp/tetrahedron.cpp:497:42: error: use of undeclared identifier 'GL_FILL'[31m[39m
[31m        glPolygonMode(GL_FRONT_AND_BACK, GL_FILL);[31m[39m
[31m                                         ^[31m[39m
[31m[31m[39m
[33m4 errors generated.[33m[39m
[32m[32m[39m
[32m[3/6] Building CXX object CMakeFiles/tetrahedron_napi.dir/module.cpp.o[32m[39m
[33mclang++: warning: argument unused during compilation: '--gcc-toolchain=D:/HUAWEI/DevEco/DevEco Studio/sdk/default/openharmony/native/llvm' [-Wunused-command-line-argument][33m[39m
[32m[32m[39m
[32m[4/6] Building CXX object CMakeFiles/tetrahedron_napi.dir/app_napi.cpp.o[32m[39m
[31mFAILED: CMakeFiles/tetrahedron_napi.dir/app_napi.cpp.o [31m[39m
[32mD:\HUAWEI\DevEco\DEVECO~1\sdk\default\OPENHA~1\native\llvm\bin\CLANG_~1.EXE --target=x86_64-linux-ohos --gcc-toolchain="D:/HUAWEI/DevEco/DevEco Studio/sdk/default/openharmony/native/llvm" --sysroot="D:/HUAWEI/DevEco/DevEco Studio/sdk/default/openharmony/native/sysroot" -Dtetrahedron_napi_EXPORTS -I"D:/HUAWEI/DevEco/DevEco Studio/sdk/default/hms/native/sysroot/usr/include" -ID:/HUAWEI/Lab2/ndk-opengl-master/entry/src/main/cpp -ID:/HUAWEI/Lab2/ndk-opengl-master/entry/src/main/cpp/include -ID:/HUAWEI/Lab2/ndk-opengl-master/entry/src/main/cpp/include/util -fdata-sections -ffunction-sections -funwind-tables -fstack-protector-strong -no-canonical-prefixes -fno-addrsig -Wa,--noexecstack -Wformat -Werror=format-security   -D__MUSL__ -O0 -g -fno-limit-debug-info  -fPIC -MD -MT CMakeFiles/tetrahedron_napi.dir/app_napi.cpp.o -MF CMakeFiles\tetrahedron_napi.dir\app_napi.cpp.o.d -o CMakeFiles/tetrahedron_napi.dir/app_napi.cpp.o -c D:/HUAWEI/Lab2/ndk-opengl-master/entry/src/main/cpp/app_napi.cpp[32m[39m
[33mclang++: warning: argument unused during compilation: '--gcc-toolchain=D:/HUAWEI/DevEco/DevEco Studio/sdk/default/openharmony/native/llvm' [-Wunused-command-line-argument][33m[39m
[31mD:/HUAWEI/Lab2/ndk-opengl-master/entry/src/main/cpp/app_napi.cpp:661:42: error: non-const lvalue reference to type 'std::string' (aka 'basic_string<char, char_traits<char>, allocator<char>>') cannot bind to a value of unrelated type 'const char[12]'[31m[39m
[31m    auto instance = AppNapi::GetInstance("tetrahedron");[31m[39m
[31m                                         ^~~~~~~~~~~~~[31m[39m
[31m[31m[39m
[31mD:/HUAWEI/Lab2/ndk-opengl-master/entry/src/main/cpp/app_napi.cpp:188:44: note: passing argument to parameter 'id' here[31m[39m
[31m[31m[39m
[31mAppNapi* AppNapi::GetInstance(std::string& id)[31m[39m
[31m[31m[39m
[31m                                           ^[31m[39m
[31m[31m[39m
[33m1 error generated.[33m[39m
[32m[32m[39m
[32m[5/6] Building CXX object CMakeFiles/tetrahedron_napi.dir/napi_manager.cpp.o[32m[39m
[33mclang++: warning: argument unused during compilation: '--gcc-toolchain=D:/HUAWEI/DevEco/DevEco Studio/sdk/default/openharmony/native/llvm' [-Wunused-command-line-argument][33m[39m
[32m[32m[39m
[31mninja: build stopped: subcommand failed.[31m[39m
undefined.
[2026-06-23T17:24:52.624] [DEBUG] debug-file - default@BuildNativeWithNinja work[1] failed.
[2026-06-23T17:24:52.625] [DEBUG] debug-file - worker[17] exits with exit code 1.
[2026-06-23T17:24:52.625] [DEBUG] debug-file - A work dispatched to worker[17] failed because unable to get work from ready queue.
[2026-06-23T17:24:52.625] [ERROR] debug-file - Failed :entry:default@BuildNativeWithNinja... 
[2026-06-23T17:24:52.625] [DEBUG] debug-file - hvigor build process will be closed with an error.
[2026-06-23T17:24:52.627] [DEBUG] debug-file - ERROR: stacktrace = Error: Exceptions happened while executing D:\HUAWEI\DevEco\DevEco Studio\sdk\default\openharmony\native\build-tools\cmake\bin\ninja.exe -C D:\HUAWEI\Lab2\ndk-opengl-master\entry\.cxx\default\default\debug\x86_64.
[32mninja: Entering directory `D:\HUAWEI\Lab2\ndk-opengl-master\entry\.cxx\default\default\debug\x86_64'[32m[39m
[32m[1/6] Building CXX object CMakeFiles/tetrahedron_napi.dir/frame_handle.cpp.o[32m[39m
[33mclang++: warning: argument unused during compilation: '--gcc-toolchain=D:/HUAWEI/DevEco/DevEco Studio/sdk/default/openharmony/native/llvm' [-Wunused-command-line-argument][33m[39m
[32m[32m[39m
[32m[2/6] Building CXX object CMakeFiles/tetrahedron_napi.dir/tetrahedron.cpp.o[32m[39m
[31mFAILED: CMakeFiles/tetrahedron_napi.dir/tetrahedron.cpp.o [31m[39m
[32mD:\HUAWEI\DevEco\DEVECO~1\sdk\default\OPENHA~1\native\llvm\bin\CLANG_~1.EXE --target=x86_64-linux-ohos --gcc-toolchain="D:/HUAWEI/DevEco/DevEco Studio/sdk/default/openharmony/native/llvm" --sysroot="D:/HUAWEI/DevEco/DevEco Studio/sdk/default/openharmony/native/sysroot" -Dtetrahedron_napi_EXPORTS -I"D:/HUAWEI/DevEco/DevEco Studio/sdk/default/hms/native/sysroot/usr/include" -ID:/HUAWEI/Lab2/ndk-opengl-master/entry/src/main/cpp -ID:/HUAWEI/Lab2/ndk-opengl-master/entry/src/main/cpp/include -ID:/HUAWEI/Lab2/ndk-opengl-master/entry/src/main/cpp/include/util -fdata-sections -ffunction-sections -funwind-tables -fstack-protector-strong -no-canonical-prefixes -fno-addrsig -Wa,--noexecstack -Wformat -Werror=format-security   -D__MUSL__ -O0 -g -fno-limit-debug-info  -fPIC -MD -MT CMakeFiles/tetrahedron_napi.dir/tetrahedron.cpp.o -MF CMakeFiles\tetrahedron_napi.dir\tetrahedron.cpp.o.d -o CMakeFiles/tetrahedron_napi.dir/tetrahedron.cpp.o -c D:/HUAWEI/Lab2/ndk-opengl-master/entry/src/main/cpp/tetrahedron.cpp[32m[39m
[33mclang++: warning: argument unused during compilation: '--gcc-toolchain=D:/HUAWEI/DevEco/DevEco Studio/sdk/default/openharmony/native/llvm' [-Wunused-command-line-argument][33m[39m
[31mD:/HUAWEI/Lab2/ndk-opengl-master/entry/src/main/cpp/tetrahedron.cpp:435:14: error: use of undeclared identifier 'GL_MULTISAMPLE'[31m[39m
[31m    glEnable(GL_MULTISAMPLE);[31m[39m
[31m             ^[31m[39m
[31mD:/HUAWEI/Lab2/ndk-opengl-master/entry/src/main/cpp/tetrahedron.cpp:440:42: error: use of undeclared identifier 'GL_LINE'[31m[39m
[31m        glPolygonMode(GL_FRONT_AND_BACK, GL_LINE);[31m[39m
[31m                                         ^[31m[39m
[31mD:/HUAWEI/Lab2/ndk-opengl-master/entry/src/main/cpp/tetrahedron.cpp:442:42: error: use of undeclared identifier 'GL_FILL'[31m[39m
[31m        glPolygonMode(GL_FRONT_AND_BACK, GL_FILL);[31m[39m
[31m                                         ^[31m[39m
[31mD:/HUAWEI/Lab2/ndk-opengl-master/entry/src/main/cpp/tetrahedron.cpp:497:42: error: use of undeclared identifier 'GL_FILL'[31m[39m
[31m        glPolygonMode(GL_FRONT_AND_BACK, GL_FILL);[31m[39m
[31m                                         ^[31m[39m
[31m[31m[39m
[33m4 errors generated.[33m[39m
[32m[32m[39m
[32m[3/6] Building CXX object CMakeFiles/tetrahedron_napi.dir/module.cpp.o[32m[39m
[33mclang++: warning: argument unused during compilation: '--gcc-toolchain=D:/HUAWEI/DevEco/DevEco Studio/sdk/default/openharmony/native/llvm' [-Wunused-command-line-argument][33m[39m
[32m[32m[39m
[32m[4/6] Building CXX object CMakeFiles/tetrahedron_napi.dir/app_napi.cpp.o[32m[39m
[31mFAILED: CMakeFiles/tetrahedron_napi.dir/app_napi.cpp.o [31m[39m
[32mD:\HUAWEI\DevEco\DEVECO~1\sdk\default\OPENHA~1\native\llvm\bin\CLANG_~1.EXE --target=x86_64-linux-ohos --gcc-toolchain="D:/HUAWEI/DevEco/DevEco Studio/sdk/default/openharmony/native/llvm" --sysroot="D:/HUAWEI/DevEco/DevEco Studio/sdk/default/openharmony/native/sysroot" -Dtetrahedron_napi_EXPORTS -I"D:/HUAWEI/DevEco/DevEco Studio/sdk/default/hms/native/sysroot/usr/include" -ID:/HUAWEI/Lab2/ndk-opengl-master/entry/src/main/cpp -ID:/HUAWEI/Lab2/ndk-opengl-master/entry/src/main/cpp/include -ID:/HUAWEI/Lab2/ndk-opengl-master/entry/src/main/cpp/include/util -fdata-sections -ffunction-sections -funwind-tables -fstack-protector-strong -no-canonical-prefixes -fno-addrsig -Wa,--noexecstack -Wformat -Werror=format-security   -D__MUSL__ -O0 -g -fno-limit-debug-info  -fPIC -MD -MT CMakeFiles/tetrahedron_napi.dir/app_napi.cpp.o -MF CMakeFiles\tetrahedron_napi.dir\app_napi.cpp.o.d -o CMakeFiles/tetrahedron_napi.dir/app_napi.cpp.o -c D:/HUAWEI/Lab2/ndk-opengl-master/entry/src/main/cpp/app_napi.cpp[32m[39m
[33mclang++: warning: argument unused during compilation: '--gcc-toolchain=D:/HUAWEI/DevEco/DevEco Studio/sdk/default/openharmony/native/llvm' [-Wunused-command-line-argument][33m[39m
[31mD:/HUAWEI/Lab2/ndk-opengl-master/entry/src/main/cpp/app_napi.cpp:661:42: error: non-const lvalue reference to type 'std::string' (aka 'basic_string<char, char_traits<char>, allocator<char>>') cannot bind to a value of unrelated type 'const char[12]'[31m[39m
[31m    auto instance = AppNapi::GetInstance("tetrahedron");[31m[39m
[31m                                         ^~~~~~~~~~~~~[31m[39m
[31m[31m[39m
[31mD:/HUAWEI/Lab2/ndk-opengl-master/entry/src/main/cpp/app_napi.cpp:188:44: note: passing argument to parameter 'id' here[31m[39m
[31m[31m[39m
[31mAppNapi* AppNapi::GetInstance(std::string& id)[31m[39m
[31m[31m[39m
[31m                                           ^[31m[39m
[31m[31m[39m
[33m1 error generated.[33m[39m
[32m[32m[39m
[32m[5/6] Building CXX object CMakeFiles/tetrahedron_napi.dir/napi_manager.cpp.o[32m[39m
[33mclang++: warning: argument unused during compilation: '--gcc-toolchain=D:/HUAWEI/DevEco/DevEco Studio/sdk/default/openharmony/native/llvm' [-Wunused-command-line-argument][33m[39m
[32m[32m[39m
[31mninja: build stopped: subcommand failed.[31m[39m
undefined
    at OhosLogger.errorMessageExit (D:\HUAWEI\DevEco\DevEco Studio\tools\hvigor\hvigor\src\base\log\hvigor-log.js:1:3497)
    at OhosLogger._printErrorAndExit (D:\HUAWEI\DevEco\DevEco Studio\tools\hvigor\hvigor-ohos-plugin\src\utils\log\ohos-logger.js:1:2024)
    at ChildProcess.<anonymous> (D:\HUAWEI\DevEco\DevEco Studio\tools\hvigor\hvigor-ohos-plugin\src\tasks\abstract-build-native.js:1:2796)
    at process.processTicksAndRejections (node:internal/process/task_queues:95:5)
[2026-06-23T17:24:52.627] [ERROR] debug-file - Error: Exceptions happened while executing D:\HUAWEI\DevEco\DevEco Studio\sdk\default\openharmony\native\build-tools\cmake\bin\ninja.exe -C D:\HUAWEI\Lab2\ndk-opengl-master\entry\.cxx\default\default\debug\x86_64.
[32mninja: Entering directory `D:\HUAWEI\Lab2\ndk-opengl-master\entry\.cxx\default\default\debug\x86_64'[32m[39m
[32m[1/6] Building CXX object CMakeFiles/tetrahedron_napi.dir/frame_handle.cpp.o[32m[39m
[33mclang++: warning: argument unused during compilation: '--gcc-toolchain=D:/HUAWEI/DevEco/DevEco Studio/sdk/default/openharmony/native/llvm' [-Wunused-command-line-argument][33m[39m
[32m[32m[39m
[32m[2/6] Building CXX object CMakeFiles/tetrahedron_napi.dir/tetrahedron.cpp.o[32m[39m
[31mFAILED: CMakeFiles/tetrahedron_napi.dir/tetrahedron.cpp.o [31m[39m
[32mD:\HUAWEI\DevEco\DEVECO~1\sdk\default\OPENHA~1\native\llvm\bin\CLANG_~1.EXE --target=x86_64-linux-ohos --gcc-toolchain="D:/HUAWEI/DevEco/DevEco Studio/sdk/default/openharmony/native/llvm" --sysroot="D:/HUAWEI/DevEco/DevEco Studio/sdk/default/openharmony/native/sysroot" -Dtetrahedron_napi_EXPORTS -I"D:/HUAWEI/DevEco/DevEco Studio/sdk/default/hms/native/sysroot/usr/include" -ID:/HUAWEI/Lab2/ndk-opengl-master/entry/src/main/cpp -ID:/HUAWEI/Lab2/ndk-opengl-master/entry/src/main/cpp/include -ID:/HUAWEI/Lab2/ndk-opengl-master/entry/src/main/cpp/include/util -fdata-sections -ffunction-sections -funwind-tables -fstack-protector-strong -no-canonical-prefixes -fno-addrsig -Wa,--noexecstack -Wformat -Werror=format-security   -D__MUSL__ -O0 -g -fno-limit-debug-info  -fPIC -MD -MT CMakeFiles/tetrahedron_napi.dir/tetrahedron.cpp.o -MF CMakeFiles\tetrahedron_napi.dir\tetrahedron.cpp.o.d -o CMakeFiles/tetrahedron_napi.dir/tetrahedron.cpp.o -c D:/HUAWEI/Lab2/ndk-opengl-master/entry/src/main/cpp/tetrahedron.cpp[32m[39m
[33mclang++: warning: argument unused during compilation: '--gcc-toolchain=D:/HUAWEI/DevEco/DevEco Studio/sdk/default/openharmony/native/llvm' [-Wunused-command-line-argument][33m[39m
[31mD:/HUAWEI/Lab2/ndk-opengl-master/entry/src/main/cpp/tetrahedron.cpp:435:14: error: use of undeclared identifier 'GL_MULTISAMPLE'[31m[39m
[31m    glEnable(GL_MULTISAMPLE);[31m[39m
[31m             ^[31m[39m
[31mD:/HUAWEI/Lab2/ndk-opengl-master/entry/src/main/cpp/tetrahedron.cpp:440:42: error: use of undeclared identifier 'GL_LINE'[31m[39m
[31m        glPolygonMode(GL_FRONT_AND_BACK, GL_LINE);[31m[39m
[31m                                         ^[31m[39m
[31mD:/HUAWEI/Lab2/ndk-opengl-master/entry/src/main/cpp/tetrahedron.cpp:442:42: error: use of undeclared identifier 'GL_FILL'[31m[39m
[31m        glPolygonMode(GL_FRONT_AND_BACK, GL_FILL);[31m[39m
[31m                                         ^[31m[39m
[31mD:/HUAWEI/Lab2/ndk-opengl-master/entry/src/main/cpp/tetrahedron.cpp:497:42: error: use of undeclared identifier 'GL_FILL'[31m[39m
[31m        glPolygonMode(GL_FRONT_AND_BACK, GL_FILL);[31m[39m
[31m                                         ^[31m[39m
[31m[31m[39m
[33m4 errors generated.[33m[39m
[32m[32m[39m
[32m[3/6] Building CXX object CMakeFiles/tetrahedron_napi.dir/module.cpp.o[32m[39m
[33mclang++: warning: argument unused during compilation: '--gcc-toolchain=D:/HUAWEI/DevEco/DevEco Studio/sdk/default/openharmony/native/llvm' [-Wunused-command-line-argument][33m[39m
[32m[32m[39m
[32m[4/6] Building CXX object CMakeFiles/tetrahedron_napi.dir/app_napi.cpp.o[32m[39m
[31mFAILED: CMakeFiles/tetrahedron_napi.dir/app_napi.cpp.o [31m[39m
[32mD:\HUAWEI\DevEco\DEVECO~1\sdk\default\OPENHA~1\native\llvm\bin\CLANG_~1.EXE --target=x86_64-linux-ohos --gcc-toolchain="D:/HUAWEI/DevEco/DevEco Studio/sdk/default/openharmony/native/llvm" --sysroot="D:/HUAWEI/DevEco/DevEco Studio/sdk/default/openharmony/native/sysroot" -Dtetrahedron_napi_EXPORTS -I"D:/HUAWEI/DevEco/DevEco Studio/sdk/default/hms/native/sysroot/usr/include" -ID:/HUAWEI/Lab2/ndk-opengl-master/entry/src/main/cpp -ID:/HUAWEI/Lab2/ndk-opengl-master/entry/src/main/cpp/include -ID:/HUAWEI/Lab2/ndk-opengl-master/entry/src/main/cpp/include/util -fdata-sections -ffunction-sections -funwind-tables -fstack-protector-strong -no-canonical-prefixes -fno-addrsig -Wa,--noexecstack -Wformat -Werror=format-security   -D__MUSL__ -O0 -g -fno-limit-debug-info  -fPIC -MD -MT CMakeFiles/tetrahedron_napi.dir/app_napi.cpp.o -MF CMakeFiles\tetrahedron_napi.dir\app_napi.cpp.o.d -o CMakeFiles/tetrahedron_napi.dir/app_napi.cpp.o -c D:/HUAWEI/Lab2/ndk-opengl-master/entry/src/main/cpp/app_napi.cpp[32m[39m
[33mclang++: warning: argument unused during compilation: '--gcc-toolchain=D:/HUAWEI/DevEco/DevEco Studio/sdk/default/openharmony/native/llvm' [-Wunused-command-line-argument][33m[39m
[31mD:/HUAWEI/Lab2/ndk-opengl-master/entry/src/main/cpp/app_napi.cpp:661:42: error: non-const lvalue reference to type 'std::string' (aka 'basic_string<char, char_traits<char>, allocator<char>>') cannot bind to a value of unrelated type 'const char[12]'[31m[39m
[31m    auto instance = AppNapi::GetInstance("tetrahedron");[31m[39m
[31m                                         ^~~~~~~~~~~~~[31m[39m
[31m[31m[39m
[31mD:/HUAWEI/Lab2/ndk-opengl-master/entry/src/main/cpp/app_napi.cpp:188:44: note: passing argument to parameter 'id' here[31m[39m
[31m[31m[39m
[31mAppNapi* AppNapi::GetInstance(std::string& id)[31m[39m
[31m[31m[39m
[31m                                           ^[31m[39m
[31m[31m[39m
[33m1 error generated.[33m[39m
[32m[32m[39m
[32m[5/6] Building CXX object CMakeFiles/tetrahedron_napi.dir/napi_manager.cpp.o[32m[39m
[33mclang++: warning: argument unused during compilation: '--gcc-toolchain=D:/HUAWEI/DevEco/DevEco Studio/sdk/default/openharmony/native/llvm' [-Wunused-command-line-argument][33m[39m
[32m[32m[39m
[31mninja: build stopped: subcommand failed.[31m[39m
undefined
    at OhosLogger.errorMessageExit (D:\HUAWEI\DevEco\DevEco Studio\tools\hvigor\hvigor\src\base\log\hvigor-log.js:1:3497)
    at OhosLogger._printErrorAndExit (D:\HUAWEI\DevEco\DevEco Studio\tools\hvigor\hvigor-ohos-plugin\src\utils\log\ohos-logger.js:1:2024)
    at ChildProcess.<anonymous> (D:\HUAWEI\DevEco\DevEco Studio\tools\hvigor\hvigor-ohos-plugin\src\tasks\abstract-build-native.js:1:2796)
    at process.processTicksAndRejections (node:internal/process/task_queues:95:5)
[2026-06-23T17:24:52.629] [DEBUG] debug-file - Current worker pool is stopped or closed.
[2026-06-23T17:24:52.630] [DEBUG] debug-file - Clear worker 0.
[2026-06-23T17:24:52.630] [DEBUG] debug-file - Worker 0 has been cleared.
[2026-06-23T17:24:52.630] [DEBUG] debug-file - Current idle worker size: 2.
[2026-06-23T17:24:52.630] [DEBUG] debug-file - Current busy worker size: 1.
[2026-06-23T17:24:52.630] [DEBUG] debug-file - Clear worker 1.
[2026-06-23T17:24:52.630] [DEBUG] debug-file - Worker 1 has been cleared.
[2026-06-23T17:24:52.630] [DEBUG] debug-file - Current idle worker size: 1.
[2026-06-23T17:24:52.630] [DEBUG] debug-file - Current busy worker size: 1.
[2026-06-23T17:24:52.630] [DEBUG] debug-file - Clear worker 16.
[2026-06-23T17:24:52.630] [DEBUG] debug-file - Worker 16 has been cleared.
[2026-06-23T17:24:52.630] [DEBUG] debug-file - Current idle worker size: 0.
[2026-06-23T17:24:52.631] [DEBUG] debug-file - Current busy worker size: 1.
[2026-06-23T17:24:52.631] [DEBUG] debug-file - Clear worker 4.
[2026-06-23T17:24:52.631] [DEBUG] debug-file - Worker 4 has been cleared.
[2026-06-23T17:24:52.631] [DEBUG] debug-file - Current idle worker size: 0.
[2026-06-23T17:24:52.631] [DEBUG] debug-file - Current busy worker size: 0.
[2026-06-23T17:24:52.635] [DEBUG] debug-file - hvigor build process will be closed.
[2026-06-23T17:24:52.644] [DEBUG] debug-file - Current worker pool is terminated.
[2026-06-23T17:24:52.645] [DEBUG] debug-file - worker[0] exits with exit code 1.
[2026-06-23T17:24:52.653] [DEBUG] debug-file - worker[1] exits with exit code 1.
[2026-06-23T17:24:52.663] [DEBUG] debug-file - worker[16] exits with exit code 1.
[2026-06-23T17:24:52.690] [DEBUG] debug-file - worker[4] exits with exit code 1.
[2026-06-23T17:26:54.364] [DEBUG] debug-file - env: nodejsVersion=v18.20.1
[2026-06-23T17:26:55.202] [DEBUG] debug-file - Hvigor init with startParameters:{
  hvigorfileTypeCheck: false,
  parallelExecution: true,
  incrementalExecution: true,
  printStackTrace: false,
  daemon: false,
  analyze: 0,
  logLevel: Level { level: 20000, levelStr: 'INFO', colour: 'green' },
  optimizationStrategy: 'memory',
  hotCompile: undefined,
  hotReloadBuild: undefined,
  customizedParam: undefined
}
[2026-06-23T17:26:58.692] [DEBUG] debug-file - hvigorfile, require result:  { appTasks: [Getter] }
[2026-06-23T17:26:58.696] [DEBUG] debug-file - Starting plugin build process
[2026-06-23T17:26:59.119] [DEBUG] debug-file - App plugin register hook start...
[2026-06-23T17:26:59.126] [DEBUG] debug-file - Start initialize project's product build option map with build mode debug.
[2026-06-23T17:26:59.138] [DEBUG] debug-file - Obtain build option for product 'default'in this build.
[2026-06-23T17:26:59.164] [DEBUG] debug-file - Start recording SDK configuration permission data.
[2026-06-23T17:26:59.300] [DEBUG] debug-file - failed to load cangjie to dynamically generate schemas: Error: Cannot find module '@ohos/cangjie-build-support/index'
Require stack:
- D:\HUAWEI\DevEco\DevEco Studio\tools\hvigor\hvigor-ohos-plugin\src\plugin\hooks\cangjie-register.js
- D:\HUAWEI\DevEco\DevEco Studio\tools\hvigor\hvigor-ohos-plugin\src\plugin\strategy\stage-init-strategy.js
- D:\HUAWEI\DevEco\DevEco Studio\tools\hvigor\hvigor-ohos-plugin\src\plugin\builder\abstract-plugin-builder.js
- D:\HUAWEI\DevEco\DevEco Studio\tools\hvigor\hvigor-ohos-plugin\src\plugin\builder\app-plugin-builder.js
- D:\HUAWEI\DevEco\DevEco Studio\tools\hvigor\hvigor-ohos-plugin\src\plugin\factory\plugin-factory.js
- D:\HUAWEI\DevEco\DevEco Studio\tools\hvigor\hvigor-ohos-plugin\index.js
- D:\HUAWEI\Lab2\ndk-opengl-master\hvigorfile.ts
- D:\HUAWEI\DevEco\DevEco Studio\tools\hvigor\hvigor\src\base\internal\lifecycle\configuration.js
- D:\HUAWEI\DevEco\DevEco Studio\tools\hvigor\hvigor\src\base\boot\index.js
- D:\HUAWEI\DevEco\DevEco Studio\tools\hvigor\hvigor\src\cli\main\cli.js
- D:\HUAWEI\DevEco\DevEco Studio\tools\hvigor\hvigor\bin\hvigor.js
[2026-06-23T17:26:59.362] [DEBUG] debug-file - start to load updatedOhPackageInfo to the disk
[2026-06-23T17:26:59.277] [DEBUG] debug-file - Project task initialization takes 25 ms 
[2026-06-23T17:26:59.356] [DEBUG] debug-file - project has submodules:entry
[2026-06-23T17:26:59.334] [DEBUG] debug-file - Start initialize module-target build option map, moduleName=entry, buildMode=debug
[2026-06-23T17:26:54.367] [DEBUG] debug-file - env: hvigor-config.json5 content = { modelVersion: '5.0.4', dependencies: {} }
[2026-06-23T17:26:59.390] [DEBUG] debug-file - Start to initialize dependency information.
[2026-06-23T17:26:59.484] [DEBUG] debug-file - Executing task :entry:default@GenerateMetadata
[2026-06-23T17:26:55.211] [DEBUG] debug-file - Cache service initialization finished in 9 ms 
[2026-06-23T17:26:58.693] [DEBUG] debug-file - hvigorfile, binding system plugins { appTasks: [Getter] }
[2026-06-23T17:26:58.696] [DEBUG] debug-file - App plugin prepare start...
[2026-06-23T17:26:59.120] [DEBUG] debug-file - App plugin register hook end...
[2026-06-23T17:26:59.127] [DEBUG] debug-file - Picking option from product 'default' with build mode 'debug'.
[2026-06-23T17:26:59.142] [DEBUG] debug-file - No signingConfig found, initRemoteHspCache failed.
[2026-06-23T17:26:59.249] [DEBUG] debug-file - Sdk init in 104 ms 
[2026-06-23T17:26:59.378] [DEBUG] debug-file - load to the disk finished
[2026-06-23T17:26:59.278] [DEBUG] debug-file - hvigorfile, resolve finished D:\HUAWEI\Lab2\ndk-opengl-master\hvigorfile.ts
[2026-06-23T17:26:59.442] [DEBUG] debug-file - Executing task :entry:default@PreBuild
[2026-06-23T17:26:59.335] [DEBUG] debug-file - Target 'default' config initialized
[2026-06-23T17:26:54.373] [DEBUG] debug-file - env: daemon=false
[2026-06-23T17:26:59.407] [DEBUG] debug-file - Module entry Collected Dependency: 
[2026-06-23T17:26:59.487] [DEBUG] debug-file - Task 'entry:default@GenerateMetadata' cost while wrapping incremental declarations: 2 ms 
[2026-06-23T17:26:55.215] [DEBUG] debug-file - hvigorfile, resolving D:\HUAWEI\Lab2\ndk-opengl-master\hvigorfile.ts
[2026-06-23T17:26:58.697] [DEBUG] debug-file - App plugin prepare end...
[2026-06-23T17:26:59.120] [DEBUG] debug-file - Plugin build process completed
[2026-06-23T17:26:59.128] [DEBUG] debug-file - Product 'default' build option initialized
[2026-06-23T17:26:59.148] [DEBUG] debug-file - Local scan or download HarmonyOS sdk components toolchains,ets,js,native,previewer
[2026-06-23T17:26:59.380] [DEBUG] debug-file - Start to initialize dependency information.
[2026-06-23T17:26:59.280] [DEBUG] debug-file - hvigorfile, resolving D:\HUAWEI\Lab2\ndk-opengl-master\entry\hvigorfile.ts
[2026-06-23T17:26:59.446] [DEBUG] debug-file - Task 'entry:default@PreBuild' cost while wrapping incremental declarations: 1 ms 
[2026-06-23T17:26:59.336] [DEBUG] debug-file - Module 'entry' target 'default' build option initialized
[2026-06-23T17:26:54.373] [DEBUG] debug-file - no-daemon, use the parent process.execArgv --max-old-space-size=8192,--max-semi-space-size=16,--expose-gc
[2026-06-23T17:26:59.407] [DEBUG] debug-file - Module entry's total dependency: 0
[2026-06-23T17:26:59.488] [DEBUG] debug-file - Incremental task entry:default@GenerateMetadata pre-execution cost: 2 ms .
[2026-06-23T17:26:58.697] [DEBUG] debug-file - App plugin creating...
[2026-06-23T17:26:59.128] [DEBUG] debug-file - End initialize project's product build option map with build mode 'debug'.
[2026-06-23T17:26:59.154] [DEBUG] debug-file - Local scan or download hmscore sdk components toolchains,ets,native
[2026-06-23T17:26:59.385] [DEBUG] debug-file - Module ndk-opengl-master Collected Dependency: 
[2026-06-23T17:26:59.295] [DEBUG] debug-file - hvigorfile, require result:  { hapTasks: [Getter] }
[2026-06-23T17:26:59.468] [DEBUG] debug-file - Incremental task entry:default@PreBuild pre-execution cost: 15 ms .
[2026-06-23T17:26:59.336] [DEBUG] debug-file - End initialize module-target build option map, moduleName=entry
[2026-06-23T17:26:59.589] [DEBUG] debug-file - Executing task :entry:default@CreateBuildProfile
[2026-06-23T17:26:59.640] [DEBUG] debug-file - Executing task :entry:default@ProcessIntegratedHsp
[2026-06-23T17:26:59.416] [DEBUG] debug-file - Configuration phase cost:4 s 204 ms 
[2026-06-23T17:26:59.489] [DEBUG] debug-file - entry : default@GenerateMetadata cost memory 0.328277587890625
[2026-06-23T17:26:59.604] [DEBUG] debug-file - Executing task :entry:default@GeneratePkgContextInfo
[2026-06-23T17:26:59.598] [DEBUG] debug-file - Executing task :entry:default@PreCheckSyscap
[2026-06-23T17:26:59.662] [DEBUG] debug-file - Use tool [Cmake]
 [
  'D:\\HUAWEI\\DevEco\\DevEco Studio\\sdk\\default\\openharmony\\native\\build-tools\\cmake\\bin\\cmake.exe',
  '-HD:\\HUAWEI\\Lab2\\ndk-opengl-master\\entry\\src\\main\\cpp',
  '-BD:\\HUAWEI\\Lab2\\ndk-opengl-master\\entry\\.cxx\\default\\default\\debug\\arm64-v8a',
  '-DOHOS_ARCH=arm64-v8a',
  '-DCMAKE_LIBRARY_OUTPUT_DIRECTORY=D:\\HUAWEI\\Lab2\\ndk-opengl-master\\entry\\build\\default\\intermediates\\cmake\\default\\obj\\arm64-v8a',
  '-DCMAKE_BUILD_TYPE=Debug',
  '-DOHOS_SDK_NATIVE=D:\\HUAWEI\\DevEco\\DevEco Studio\\sdk\\default\\openharmony\\native',
  '-DCMAKE_SYSTEM_NAME=OHOS',
  '-DCMAKE_OHOS_ARCH_ABI=arm64-v8a',
  '-DCMAKE_EXPORT_COMPILE_COMMANDS=ON',
  '-DCMAKE_TOOLCHAIN_FILE=D:\\HUAWEI\\DevEco\\DevEco Studio\\sdk\\default\\hms\\native\\build\\cmake\\hmos.toolchain.cmake',
  '-GNinja',
  '-DCMAKE_MAKE_PROGRAM=D:\\HUAWEI\\DevEco\\DevEco Studio\\sdk\\default\\openharmony\\native\\build-tools\\cmake\\bin\\ninja.exe',
  '-DCMAKE_FIND_ROOT_PATH=D:\\HUAWEI\\Lab2\\ndk-opengl-master\\entry\\.cxx\\default\\default\\debug\\hvigor\\arm64-v8a',
  '-DPACKAGE_FIND_FILE=D:\\HUAWEI\\Lab2\\ndk-opengl-master\\entry\\.cxx\\default\\default\\debug\\hvigor\\arm64-v8a\\summary.cmake',
  '--no-warn-unused-cli',
  '-DHMOS_SDK_NATIVE=D:\\HUAWEI\\DevEco\\DevEco Studio\\sdk\\default\\hms\\native'
]
[2026-06-23T17:26:59.296] [DEBUG] debug-file - hvigorfile, binding system plugins { hapTasks: [Getter] }
[2026-06-23T17:26:59.468] [DEBUG] debug-file - entry : default@PreBuild cost memory 0.3292236328125
[2026-06-23T17:26:59.385] [DEBUG] debug-file - Module ndk-opengl-master's total dependency: 0
[2026-06-23T17:26:59.336] [DEBUG] debug-file - Start initialize module-target build option map, moduleName=entry, buildMode=release
[2026-06-23T17:26:59.591] [DEBUG] debug-file - Task 'entry:default@CreateBuildProfile' cost while wrapping incremental declarations: 2 ms 
[2026-06-23T17:26:59.422] [DEBUG] debug-file - Configuration task cost before running: 4 s 243 ms 
[2026-06-23T17:26:59.489] [INFO] debug-file - UP-TO-DATE :entry:default@GenerateMetadata...  
[2026-06-23T17:26:59.642] [DEBUG] debug-file - entry:default@ProcessIntegratedHsp is not up-to-date, since the output file 'D:\HUAWEI\Lab2\ndk-opengl-master\build\cache\default\integrated_hsp\integratedHspCache.json' does not exist.
[2026-06-23T17:26:59.649] [DEBUG] debug-file - Executing task :entry:default@BuildNativeWithCmake
[2026-06-23T17:26:59.626] [DEBUG] debug-file - Task 'entry:default@GeneratePkgContextInfo' cost while wrapping incremental declarations: 1 ms 
[2026-06-23T17:26:59.599] [DEBUG] debug-file - entry : default@PreCheckSyscap cost memory 0.01348876953125
[2026-06-23T17:26:59.296] [DEBUG] debug-file - Starting plugin build process
[2026-06-23T17:26:59.474] [INFO] debug-file - UP-TO-DATE :entry:default@PreBuild...  
[2026-06-23T17:26:59.337] [DEBUG] debug-file - Target 'default' config initialized
[2026-06-23T17:26:59.594] [DEBUG] debug-file - Incremental task entry:default@CreateBuildProfile pre-execution cost: 3 ms .
[2026-06-23T17:26:59.493] [DEBUG] debug-file - Executing task :entry:default@ConfigureCmake
[2026-06-23T17:26:59.642] [DEBUG] debug-file - Incremental task entry:default@ProcessIntegratedHsp pre-execution cost: 1 ms .
[2026-06-23T17:26:59.627] [DEBUG] debug-file - entry : default@GeneratePkgContextInfo cost memory 0.26779937744140625
[2026-06-23T17:26:59.599] [DEBUG] debug-file - runTaskFromQueue task cost before running: 4 s 421 ms 
[2026-06-23T17:26:59.296] [DEBUG] debug-file - Hap plugin creating...
[2026-06-23T17:26:59.476] [DEBUG] debug-file - Executing task :entry:default@CreateModuleInfo
[2026-06-23T17:26:59.594] [DEBUG] debug-file - entry : default@CreateBuildProfile cost memory 0.08936309814453125
[2026-06-23T17:26:59.573] [DEBUG] debug-file - entry : default@ConfigureCmake cost memory 1.1313247680664062
[2026-06-23T17:26:59.643] [DEBUG] debug-file - entry : default@ProcessIntegratedHsp cost memory 0.048614501953125
[2026-06-23T17:26:59.337] [DEBUG] debug-file - Module 'entry' target 'default' build option initialized
[2026-06-23T17:26:59.627] [DEBUG] debug-file - runTaskFromQueue task cost before running: 4 s 449 ms 
[2026-06-23T17:26:59.599] [INFO] debug-file - Finished :entry:default@PreCheckSyscap... after 1 ms 
[2026-06-23T17:26:59.477] [DEBUG] debug-file - Task 'entry:default@CreateModuleInfo' cost while wrapping incremental declarations: 1 ms 
[2026-06-23T17:26:59.594] [INFO] debug-file - UP-TO-DATE :entry:default@CreateBuildProfile...  
[2026-06-23T17:26:59.573] [DEBUG] debug-file - runTaskFromQueue task cost before running: 4 s 395 ms 
[2026-06-23T17:26:59.643] [DEBUG] debug-file - runTaskFromQueue task cost before running: 4 s 465 ms 
[2026-06-23T17:26:59.337] [DEBUG] debug-file - End initialize module-target build option map, moduleName=entry
[2026-06-23T17:26:59.627] [INFO] debug-file - Finished :entry:default@GeneratePkgContextInfo... after 24 ms 
[2026-06-23T17:26:59.478] [DEBUG] debug-file - entry : default@CreateModuleInfo cost memory 0.03762054443359375
[2026-06-23T17:26:59.574] [INFO] debug-file - Finished :entry:default@ConfigureCmake... after 81 ms 
[2026-06-23T17:26:59.644] [INFO] debug-file - Finished :entry:default@ProcessIntegratedHsp... after 3 ms 
[2026-06-23T17:26:59.338] [DEBUG] debug-file - Start initialize module-target build option map, moduleName=entry, buildMode=debug
[2026-06-23T17:26:59.478] [DEBUG] debug-file - runTaskFromQueue task cost before running: 4 s 300 ms 
[2026-06-23T17:26:59.577] [DEBUG] debug-file - Executing task :entry:default@MergeProfile
[2026-06-23T17:26:59.338] [DEBUG] debug-file - Target 'default' config initialized
[2026-06-23T17:26:59.480] [INFO] debug-file - Finished :entry:default@CreateModuleInfo... after 2 ms 
[2026-06-23T17:26:59.578] [DEBUG] debug-file - Task 'entry:default@MergeProfile' cost while wrapping incremental declarations: 1 ms 
[2026-06-23T17:26:59.339] [DEBUG] debug-file - Module 'entry' target 'default' build option initialized
[2026-06-23T17:26:59.584] [DEBUG] debug-file - Incremental task entry:default@MergeProfile pre-execution cost: 5 ms .
[2026-06-23T17:26:59.339] [DEBUG] debug-file - End initialize module-target build option map, moduleName=entry
[2026-06-23T17:26:59.584] [DEBUG] debug-file - entry : default@MergeProfile cost memory 0.15224456787109375
[2026-06-23T17:26:59.339] [DEBUG] debug-file - Obtain build option for module 'entry' target 'default'in this build.
[2026-06-23T17:26:59.584] [INFO] debug-file - UP-TO-DATE :entry:default@MergeProfile...  
[2026-06-23T17:26:59.352] [DEBUG] debug-file - Module entry task initialization takes 10 ms 
[2026-06-23T17:26:59.352] [DEBUG] debug-file - Hap plugin register hook start...
[2026-06-23T17:26:59.685] [DEBUG] debug-file - CMake configuration was up-to-date
[2026-06-23T17:26:59.353] [DEBUG] debug-file - Hap plugin register hook end...
[2026-06-23T17:26:59.353] [DEBUG] debug-file - Plugin build process completed
[2026-06-23T17:26:59.353] [DEBUG] debug-file - hvigorfile, resolve finished D:\HUAWEI\Lab2\ndk-opengl-master\entry\hvigorfile.ts
[2026-06-23T17:26:59.697] [DEBUG] debug-file - Use tool [Cmake]
 [
  'D:\\HUAWEI\\DevEco\\DevEco Studio\\sdk\\default\\openharmony\\native\\build-tools\\cmake\\bin\\cmake.exe',
  '-HD:\\HUAWEI\\Lab2\\ndk-opengl-master\\entry\\src\\main\\cpp',
  '-BD:\\HUAWEI\\Lab2\\ndk-opengl-master\\entry\\.cxx\\default\\default\\debug\\x86_64',
  '-DOHOS_ARCH=x86_64',
  '-DCMAKE_LIBRARY_OUTPUT_DIRECTORY=D:\\HUAWEI\\Lab2\\ndk-opengl-master\\entry\\build\\default\\intermediates\\cmake\\default\\obj\\x86_64',
  '-DCMAKE_BUILD_TYPE=Debug',
  '-DOHOS_SDK_NATIVE=D:\\HUAWEI\\DevEco\\DevEco Studio\\sdk\\default\\openharmony\\native',
  '-DCMAKE_SYSTEM_NAME=OHOS',
  '-DCMAKE_OHOS_ARCH_ABI=x86_64',
  '-DCMAKE_EXPORT_COMPILE_COMMANDS=ON',
  '-DCMAKE_TOOLCHAIN_FILE=D:\\HUAWEI\\DevEco\\DevEco Studio\\sdk\\default\\hms\\native\\build\\cmake\\hmos.toolchain.cmake',
  '-GNinja',
  '-DCMAKE_MAKE_PROGRAM=D:\\HUAWEI\\DevEco\\DevEco Studio\\sdk\\default\\openharmony\\native\\build-tools\\cmake\\bin\\ninja.exe',
  '-DCMAKE_FIND_ROOT_PATH=D:\\HUAWEI\\Lab2\\ndk-opengl-master\\entry\\.cxx\\default\\default\\debug\\hvigor\\x86_64',
  '-DPACKAGE_FIND_FILE=D:\\HUAWEI\\Lab2\\ndk-opengl-master\\entry\\.cxx\\default\\default\\debug\\hvigor\\x86_64\\summary.cmake',
  '--no-warn-unused-cli',
  '-DHMOS_SDK_NATIVE=D:\\HUAWEI\\DevEco\\DevEco Studio\\sdk\\default\\hms\\native'
]
[2026-06-23T17:26:59.711] [DEBUG] debug-file - CMake configuration was up-to-date
[2026-06-23T17:26:59.717] [DEBUG] debug-file - entry : default@BuildNativeWithCmake cost memory 1.2730636596679688
[2026-06-23T17:26:59.717] [DEBUG] debug-file - runTaskFromQueue task cost before running: 4 s 539 ms 
[2026-06-23T17:26:59.723] [DEBUG] debug-file - Executing task :entry:default@MakePackInfo
[2026-06-23T17:26:59.732] [DEBUG] debug-file - Executing task :entry:default@SyscapTransform
[2026-06-23T17:26:59.786] [DEBUG] debug-file - Executing task :entry:default@ProcessRouterMap
[2026-06-23T17:26:59.776] [DEBUG] debug-file - Executing task :entry:default@ProcessProfile
[2026-06-23T17:26:59.718] [INFO] debug-file - Finished :entry:default@BuildNativeWithCmake... after 69 ms 
[2026-06-23T17:26:59.798] [DEBUG] debug-file - Executing task :entry:default@ProcessShareConfig
[2026-06-23T17:26:59.807] [DEBUG] debug-file - Executing task :entry:default@ProcessStartupConfig
[2026-06-23T17:26:59.816] [DEBUG] debug-file - Executing task :entry:default@BuildNativeWithNinja
[2026-06-23T17:26:59.945] [DEBUG] debug-file - Executing task :entry:default@GenerateLoaderJson
[2026-06-23T17:26:59.825] [DEBUG] debug-file - Create  resident worker with id: 0.
[2026-06-23T17:26:59.878] [DEBUG] debug-file - OHOS_STL is c++_shared
[2026-06-23T17:26:59.921] [DEBUG] debug-file - Executing task :entry:default@ProcessResource
[2026-06-23T17:26:59.995] [DEBUG] debug-file - Executing task :entry:default@CompileResource
[2026-06-23T17:27:00.047] [DEBUG] debug-file - Executing task :entry:default@CompileArkTS
[2026-06-23T17:27:00.151] [DEBUG] debug-file - Executing task :entry:default@BuildJS
[2026-06-23T17:26:59.727] [DEBUG] debug-file - Incremental task entry:default@MakePackInfo pre-execution cost: 2 ms .
[2026-06-23T17:26:59.732] [DEBUG] debug-file - File: 'D:\HUAWEI\Lab2\ndk-opengl-master\entry\src\main\syscap.json' from 'sysCapJsonPath' is not exists, just ignore.
[2026-06-23T17:26:59.792] [DEBUG] debug-file - Incremental task entry:default@ProcessRouterMap pre-execution cost: 3 ms .
[2026-06-23T17:26:59.779] [DEBUG] debug-file - Task 'entry:default@ProcessProfile' cost while wrapping incremental declarations: 1 ms 
[2026-06-23T17:26:59.802] [DEBUG] debug-file - Incremental task entry:default@ProcessShareConfig pre-execution cost: 3 ms .
[2026-06-23T17:26:59.808] [DEBUG] debug-file - Task 'entry:default@ProcessStartupConfig' cost while wrapping incremental declarations: 1 ms 
[2026-06-23T17:26:59.820] [DEBUG] debug-file - Use tool [Ninja]
 [
  'D:\\HUAWEI\\DevEco\\DevEco Studio\\sdk\\default\\openharmony\\native\\build-tools\\cmake\\bin\\ninja.exe',
  '-C',
  'D:\\HUAWEI\\Lab2\\ndk-opengl-master\\entry\\.cxx\\default\\default\\debug\\arm64-v8a'
]
[2026-06-23T17:26:59.831] [DEBUG] debug-file - Create  resident worker with id: 1.
[2026-06-23T17:26:59.947] [DEBUG] debug-file - Task 'entry:default@GenerateLoaderJson' cost while wrapping incremental declarations: 1 ms 
[2026-06-23T17:26:59.922] [DEBUG] debug-file - Task 'entry:default@ProcessResource' cost while wrapping incremental declarations: 1 ms 
[2026-06-23T17:26:59.879] [DEBUG] debug-file - Copy STL libc++_shared.so to D:\HUAWEI\Lab2\ndk-opengl-master\entry\build\default\intermediates\cmake\default\obj\arm64-v8a due to OHOS_STL is 'c++_shared'
[2026-06-23T17:27:00.030] [DEBUG] debug-file - Incremental task entry:default@CompileResource pre-execution cost: 32 ms .
[2026-06-23T17:27:00.051] [DEBUG] debug-file - obfuscationOptions: undefined
[2026-06-23T17:27:00.154] [DEBUG] debug-file - Task 'entry:default@BuildJS' cost while wrapping incremental declarations: 1 ms 
[2026-06-23T17:26:59.727] [DEBUG] debug-file - entry : default@MakePackInfo cost memory 0.0974273681640625
[2026-06-23T17:26:59.735] [DEBUG] debug-file - Task 'entry:default@SyscapTransform' cost while wrapping incremental declarations: 3 ms 
[2026-06-23T17:26:59.792] [DEBUG] debug-file - entry : default@ProcessRouterMap cost memory 0.1273193359375
[2026-06-23T17:26:59.781] [DEBUG] debug-file - Incremental task entry:default@ProcessProfile pre-execution cost: 2 ms .
[2026-06-23T17:26:59.802] [DEBUG] debug-file - entry : default@ProcessShareConfig cost memory 0.10382843017578125
[2026-06-23T17:26:59.809] [DEBUG] debug-file - entry:default@ProcessStartupConfig is not up-to-date, since the output file 'D:\HUAWEI\Lab2\ndk-opengl-master\entry\build\default\intermediates\startup\default\startup_config.json' does not exist.
[2026-06-23T17:26:59.821] [DEBUG] debug-file - Since there is no instance or instance is terminated, create a new worker pool.
[2026-06-23T17:26:59.969] [DEBUG] debug-file - Incremental task entry:default@GenerateLoaderJson pre-execution cost: 10 ms .
[2026-06-23T17:26:59.930] [DEBUG] debug-file - Incremental task entry:default@ProcessResource pre-execution cost: 6 ms .
[2026-06-23T17:26:59.836] [DEBUG] debug-file - default@BuildNativeWithNinja work[0] is submitted.
[2026-06-23T17:26:59.882] [DEBUG] debug-file - Use tool [Ninja]
 [
  'D:\\HUAWEI\\DevEco\\DevEco Studio\\sdk\\default\\openharmony\\native\\build-tools\\cmake\\bin\\ninja.exe',
  '-C',
  'D:\\HUAWEI\\Lab2\\ndk-opengl-master\\entry\\.cxx\\default\\default\\debug\\x86_64'
]
[2026-06-23T17:27:00.058] [DEBUG] debug-file - Task 'entry:default@CompileArkTS' cost while wrapping incremental declarations: 1 ms 
[2026-06-23T17:27:00.030] [DEBUG] debug-file - entry : default@CompileResource cost memory 0.57171630859375
[2026-06-23T17:27:00.166] [DEBUG] debug-file - entry : default@BuildJS cost memory 0.15185546875
[2026-06-23T17:26:59.728] [INFO] debug-file - UP-TO-DATE :entry:default@MakePackInfo...  
[2026-06-23T17:26:59.768] [DEBUG] debug-file - entry:default@SyscapTransform is not up-to-date, since the output file 'D:\HUAWEI\Lab2\ndk-opengl-master\entry\build\default\intermediates\syscap\default\rpcid.sc' does not exist.
[2026-06-23T17:26:59.793] [INFO] debug-file - UP-TO-DATE :entry:default@ProcessRouterMap...  
[2026-06-23T17:26:59.781] [DEBUG] debug-file - entry : default@ProcessProfile cost memory 0.122650146484375
[2026-06-23T17:26:59.803] [INFO] debug-file - UP-TO-DATE :entry:default@ProcessShareConfig...  
[2026-06-23T17:26:59.821] [DEBUG] debug-file - Worker pool is initialized with config:  {
  minPoolNum: 2,
  maxPoolNum: undefined,
  maxCoreSize: undefined,
  cacheCapacity: undefined,
  cacheTtl: undefined
}
[2026-06-23T17:26:59.809] [DEBUG] debug-file - Incremental task entry:default@ProcessStartupConfig pre-execution cost: 1 ms .
[2026-06-23T17:26:59.970] [DEBUG] debug-file - entry : default@GenerateLoaderJson cost memory 0.713714599609375
[2026-06-23T17:26:59.930] [DEBUG] debug-file - entry : default@ProcessResource cost memory 0.123687744140625
[2026-06-23T17:26:59.838] [DEBUG] debug-file - default@BuildNativeWithNinja work[0] is pushed to ready queue.
[2026-06-23T17:26:59.882] [DEBUG] debug-file - default@BuildNativeWithNinja work[1] is submitted.
[2026-06-23T17:27:00.119] [DEBUG] debug-file - build config:
[2026-06-23T17:27:00.037] [INFO] debug-file - UP-TO-DATE :entry:default@CompileResource...  
[2026-06-23T17:27:00.166] [DEBUG] debug-file - runTaskFromQueue task cost before running: 4 s 988 ms 
[2026-06-23T17:26:59.768] [DEBUG] debug-file - Incremental task entry:default@SyscapTransform pre-execution cost: 34 ms .
[2026-06-23T17:26:59.782] [INFO] debug-file - UP-TO-DATE :entry:default@ProcessProfile...  
[2026-06-23T17:26:59.810] [DEBUG] debug-file - entry : default@ProcessStartupConfig cost memory 0.08087158203125
[2026-06-23T17:26:59.988] [INFO] debug-file - UP-TO-DATE :entry:default@GenerateLoaderJson...  
[2026-06-23T17:26:59.934] [INFO] debug-file - UP-TO-DATE :entry:default@ProcessResource...  
[2026-06-23T17:26:59.838] [DEBUG] debug-file - A work dispatched to worker[19] failed because unable to get work from ready queue.
[2026-06-23T17:26:59.883] [DEBUG] debug-file - default@BuildNativeWithNinja work[1] is pushed to ready queue.
[2026-06-23T17:27:00.121] [DEBUG] debug-file - {
  moduleType: 'entry',
  perf: 0,
  targetName: '.default',
  packageManagerType: 'ohpm',
  localPropertiesPath: 'D:\\HUAWEI\\Lab2\\ndk-opengl-master\\local.properties',
  isPreview: false,
  isOhosTest: false,
  isLocalTest: false,
  buildMode: 'Debug',
  hotReloadBuild: undefined,
  watchMode: 'false',
  aceProfilePath: 'D:\\HUAWEI\\Lab2\\ndk-opengl-master\\entry\\build\\default\\intermediates\\res\\default\\resources\\base\\profile',
  etsLoaderPath: 'D:\\HUAWEI\\DevEco\\DevEco Studio\\sdk\\default\\openharmony\\ets\\build-tools\\ets-loader',
  modulePath: 'D:\\HUAWEI\\Lab2\\ndk-opengl-master\\entry',
  testFrameworkPar: {
    testMode: undefined,
    coveragePathFilter: undefined,
    coverageMode: undefined
  },
  needCoverageInsert: false,
  debugLine: false,
  projectTopDir: 'D:\\HUAWEI\\Lab2\\ndk-opengl-master',
  compileSdkVersion: 22,
  compatibleSdkVersion: 17,
  originCompatibleSdkVersion: '5.0.5(17)',
  compatibleSdkVersionStage: undefined,
  bundleName: 'c***l',
  etsLoaderVersion: '6.0.2.130',
  etsLoaderReleaseType: 'Release',
  aotCompileMode: 'type',
  apPath: 'D:\\HUAWEI\\Lab2\\ndk-opengl-master\\entry\\modules.ap',
  entryModuleName: 'entry',
  entryModuleVersion: '1.0.0',
  entryPackageName: 'entry',
  allModuleNameHash: '66f3c8041c023c38db49f629f07ca7e98f6276f17f4308e3f90230a419a9692b',
  externalApiPaths: [ 'D:\\HUAWEI\\DevEco\\DevEco Studio\\sdk\\default\\hms\\ets' ],
  compilerTypes: [],
  isCrossplatform: false,
  hvigorPluginFile: undefined,
  compilePluginPath: undefined,
  buildGeneratedProfilePath: 'D:\\HUAWEI\\Lab2\\ndk-opengl-master\\entry\\build\\default\\generated\\profile\\default',
  bundleType: 'app',
  arkTSVersion: undefined,
  apiVersion: 22,
  needCompleteSourcesMap: false,
  isFaMode: false,
  buildDir: 'D:\\HUAWEI\\Lab2\\ndk-opengl-master\\entry\\build',
  deviceTypes: [ 'phone', 'tablet' ],
  pkgContextInfo: undefined,
  ohPackagePathMap: {},
  dependencyAliasMap: {},
  permission: { requestPermissions: undefined, definePermissions: undefined },
  useGetCurrentBundleName: false,
  projectArkOption: undefined,
  sourceMapDir: undefined,
  branchElimination: false,
  transformLib: undefined,
  tsImportSendable: false,
  resolveConflictMode: true,
  depName2RootPath: {},
  depName2DepInfo: {},
  rootPathSet: [ 'D:\\HUAWEI\\Lab2\\ndk-opengl-master' ],
  useNativeResolver: true,
  shouldEmitJs: true,
  useTscResolve: false,
  singleFileEmit: false,
  userProjectConfig: {
    autoLazyImport: false,
    allowEmptyBundleName: false,
    reExportCheckMode: 'noCheck',
    executionMode: 'memory',
    usePathPlaceholder: false,
    writeRollupCache: true,
    isExpandImportEnabled: false,
    expandImportExclude: '',
    lazyImportExclude: '',
    lazyImportInclude: '',
    ignoreCrossplatformCheck: false,
    isHarDeduplicateEnabled: false,
    skipOhModulesLint: false,
    enableStrictCheckOHModule: false,
    disableSendableCheckRules: [],
    useDeclarationFileSignature: false,
    customizedOptions: undefined,
    integratedHsp: false,
    isPreloadSoEnabled: false
  },
  executionMode: 'memory',
  arkCompileCachePath: 'D:\\HUAWEI\\Lab2\\ndk-opengl-master\\entry\\build\\default\\cache\\default\\default@CompileArkTS\\esmodule',
  autoLazyFilter: undefined,
  isHarDeduplicateEnabled: false,
  intermediateHarDuplicateDirPath: 'D:\\HUAWEI\\Lab2\\ndk-opengl-master\\entry\\build\\default\\intermediates\\har_duplicate\\default',
  autoLazyImport: false,
  allowEmptyBundleName: false,
  reExportCheckMode: 'noCheck',
  usePathPlaceholder: false,
  writeRollupCache: true,
  isExpandImportEnabled: false,
  expandImportExclude: '',
  lazyImportExclude: '',
  lazyImportInclude: '',
  ignoreCrossplatformCheck: false,
  skipOhModulesLint: false,
  enableStrictCheckOHModule: false,
  disableSendableCheckRules: [],
  useDeclarationFileSignature: false,
  customizedOptions: undefined,
  integratedHsp: false,
  isPreloadSoEnabled: false,
  strictMode: undefined,
  useNormalizedOHMUrl: false,
  caseSensitiveCheck: false,
  aceModuleJsonPath: 'D:\\HUAWEI\\Lab2\\ndk-opengl-master\\entry\\build\\default\\intermediates\\res\\default\\ark_module.json',
  appResource: 'D:\\HUAWEI\\Lab2\\ndk-opengl-master\\entry\\build\\default\\intermediates\\res\\default\\ResourceTable.txt',
  rawFileResource: 'D:\\HUAWEI\\Lab2\\ndk-opengl-master\\entry\\build\\default\\intermediates\\res\\default\\resources\\rawfile',
  resourceTableHash: '3373ab0ff82e89b8179ad2e7bef6ed49d956c81c8513b8ba47a640c335e48807',
  runtimeOS: 'HarmonyOS',
  sdkInfo: 'false:22:6.0.2.130:Release',
  aceModuleRoot: 'D:\\HUAWEI\\Lab2\\ndk-opengl-master\\entry\\src\\main\\ets',
  compileMode: 'esmodule',
  aceSuperVisualPath: 'D:\\HUAWEI\\Lab2\\ndk-opengl-master\\entry\\src\\main\\supervisual',
  aceBuildJson: 'D:\\HUAWEI\\Lab2\\ndk-opengl-master\\entry\\build\\default\\intermediates\\loader\\default\\loader.json',
  cachePath: 'D:\\HUAWEI\\Lab2\\ndk-opengl-master\\entry\\build\\default\\cache\\default\\default@CompileArkTS\\esmodule\\debug',
  aceModuleBuild: 'D:\\HUAWEI\\Lab2\\ndk-opengl-master\\entry\\build\\default\\intermediates\\loader_out\\default\\ets',
  supportChunks: true,
  declaredFilesPath: undefined,
  shouldCollectDirectImportees: false,
  isByteCodeHarOptimize: false,
  expandImportPath: undefined,
  pkgNameToPkgBriefInfo: {
    entry: {
      pkgRoot: 'D:\\HUAWEI\\Lab2\\ndk-opengl-master\\entry',
      originalSourceRoots: undefined,
      sourceRoots: [Array],
      pkgName: 'entry'
    }
  },
  projectModel: {
    'D:\\HUAWEI\\Lab2\\ndk-opengl-master\\entry\\src\\main': {
      moduleName: 'entry',
      modulePkgPath: 'D:\\HUAWEI\\Lab2\\ndk-opengl-master\\entry',
      belongProjectPath: 'D:\\HUAWEI\\Lab2\\ndk-opengl-master'
    },
    'D:\\HUAWEI\\Lab2\\ndk-opengl-master\\entry': {
      moduleName: 'entry',
      modulePkgPath: 'D:\\HUAWEI\\Lab2\\ndk-opengl-master\\entry',
      belongProjectPath: 'D:\\HUAWEI\\Lab2\\ndk-opengl-master'
    },
    'D:\\HUAWEI\\Lab2\\ndk-opengl-master': {
      moduleName: 'ndk-opengl-master',
      modulePkgPath: 'D:\\HUAWEI\\Lab2\\ndk-opengl-master',
      belongProjectPath: 'D:\\HUAWEI\\Lab2\\ndk-opengl-master'
    }
  },
  pkgJsonFileHash: '8697a744fece5f253756dfbef32bca746d8a3cbf1dc4911b3a4766bf5c08e877',
  allModulePaths: [ 'D:\\HUAWEI\\Lab2\\ndk-opengl-master\\entry' ],
  routerMap: {},
  obfuscationOptions: undefined,
  byteCodeHarToDependencyKeys: undefined,
  compileBlockPkg: [],
  mockParams: {
    decorator: '@MockSetup',
    packageName: '@ohos/hamock',
    etsSourceRootPath: 'src/main/ets',
    mockConfigPath: undefined,
    mockConfigKey2ModuleInfo: {},
    source2ModuleIdMap: {}
  },
  copyCodeResourceEnable: true,
  copyCodeResourceExcludes: [],
  copyCodeResourceIncludes: undefined,
  uiTransformOptimization: false,
  sdkPath: 'D:/HUAWEI/DevEco/DevEco Studio/sdk',
  needPreloadSoFileSet: {},
  preloadSoFilePath: 'D:\\HUAWEI\\Lab2\\ndk-opengl-master\\entry\\build\\default\\intermediates\\preload\\default\\preload.json',
  useSourceHash: false,
  localModuleParamMap: {},
  otherPaths: {
    'entry/*': [
      '..\\*',
      '..\\..\\..\\build\\default\\generated\\profile\\default\\*'
    ]
  },
  collectImportersConfig: undefined
}
[2026-06-23T17:27:00.167] [INFO] debug-file - Finished :entry:default@BuildJS... after 16 ms 
[2026-06-23T17:26:59.769] [DEBUG] debug-file - entry : default@SyscapTransform cost memory 0.1375274658203125
[2026-06-23T17:26:59.810] [DEBUG] debug-file - runTaskFromQueue task cost before running: 4 s 632 ms 
[2026-06-23T17:26:59.991] [DEBUG] debug-file - restool module names: entry; moduleName=entry, taskName=default@CompileResource
[2026-06-23T17:26:59.839] [DEBUG] debug-file - Create  resident worker with id: 18.
[2026-06-23T17:26:59.883] [DEBUG] debug-file - A work dispatched to worker[19] failed because unable to get work from ready queue.
[2026-06-23T17:27:00.123] [DEBUG] debug-file - Compile arkts with external api path: D:\HUAWEI\DevEco\DevEco Studio\sdk\default\hms\ets
[2026-06-23T17:26:59.769] [DEBUG] debug-file - runTaskFromQueue task cost before running: 4 s 591 ms 
[2026-06-23T17:26:59.811] [INFO] debug-file - Finished :entry:default@ProcessStartupConfig... after 3 ms 
[2026-06-23T17:26:59.841] [DEBUG] debug-file - default@BuildNativeWithNinja work[0] has been dispatched to worker[18].
[2026-06-23T17:26:59.883] [DEBUG] debug-file - A work dispatched to worker[18] failed because of worker busy.
[2026-06-23T17:27:00.129] [DEBUG] debug-file - default@CompileArkTS work[2] is submitted.
[2026-06-23T17:26:59.770] [INFO] debug-file - Finished :entry:default@SyscapTransform... after 38 ms 
[2026-06-23T17:26:59.841] [DEBUG] debug-file - default@BuildNativeWithNinja work[0] is dispatched.
[2026-06-23T17:26:59.888] [DEBUG] debug-file - Create  resident worker with id: 17.
[2026-06-23T17:27:00.130] [DEBUG] debug-file - default@CompileArkTS work[2] is pushed to ready queue.
[2026-06-23T17:26:59.892] [DEBUG] debug-file - default@BuildNativeWithNinja work[1] has been dispatched to worker[17].
[2026-06-23T17:27:00.130] [DEBUG] debug-file - A work dispatched to worker[19] failed because unable to get work from ready queue.
[2026-06-23T17:26:59.892] [DEBUG] debug-file - default@BuildNativeWithNinja work[1] is dispatched.
[2026-06-23T17:27:00.130] [DEBUG] debug-file - A work dispatched to worker[18] failed because of worker busy.
[2026-06-23T17:26:59.907] [DEBUG] debug-file - OHOS_STL is c++_shared
[2026-06-23T17:27:00.130] [DEBUG] debug-file - A work dispatched to worker[17] failed because of worker busy.
[2026-06-23T17:26:59.908] [DEBUG] debug-file - Copy STL libc++_shared.so to D:\HUAWEI\Lab2\ndk-opengl-master\entry\build\default\intermediates\cmake\default\obj\x86_64 due to OHOS_STL is 'c++_shared'
[2026-06-23T17:27:00.130] [DEBUG] debug-file - A work dispatched to worker[16] failed because unable to get work from ready queue.
[2026-06-23T17:26:59.909] [DEBUG] debug-file - entry : default@BuildNativeWithNinja cost memory 2.5366744995117188
[2026-06-23T17:27:00.130] [DEBUG] debug-file - A work dispatched to worker[15] failed because unable to get work from ready queue.
[2026-06-23T17:26:59.913] [DEBUG] debug-file - restool module names: entry; moduleName=entry, taskName=default@ProcessResource
[2026-06-23T17:27:00.131] [DEBUG] debug-file - A work dispatched to worker[14] failed because unable to get work from ready queue.
[2026-06-23T17:27:00.131] [DEBUG] debug-file - A work dispatched to worker[13] failed because unable to get work from ready queue.
[2026-06-23T17:27:00.132] [DEBUG] debug-file - A work dispatched to worker[12] failed because unable to get work from ready queue.
[2026-06-23T17:27:00.132] [DEBUG] debug-file - A work dispatched to worker[11] failed because unable to get work from ready queue.
[2026-06-23T17:27:00.132] [DEBUG] debug-file - A work dispatched to worker[10] failed because unable to get work from ready queue.
[2026-06-23T17:27:00.132] [DEBUG] debug-file - A work dispatched to worker[9] failed because unable to get work from ready queue.
[2026-06-23T17:27:00.132] [DEBUG] debug-file - A work dispatched to worker[8] failed because unable to get work from ready queue.
[2026-06-23T17:27:00.132] [DEBUG] debug-file - A work dispatched to worker[7] failed because unable to get work from ready queue.
[2026-06-23T17:27:00.132] [DEBUG] debug-file - A work dispatched to worker[6] failed because unable to get work from ready queue.
[2026-06-23T17:27:00.132] [DEBUG] debug-file - A work dispatched to worker[5] failed because unable to get work from ready queue.
[2026-06-23T17:27:00.132] [DEBUG] debug-file - Create  resident worker with id: 4.
[2026-06-23T17:27:00.135] [DEBUG] debug-file - default@CompileArkTS work[2] has been dispatched to worker[4].
[2026-06-23T17:27:00.135] [DEBUG] debug-file - default@CompileArkTS work[2] is dispatched.
[2026-06-23T17:27:00.136] [DEBUG] debug-file - CopyResources startTime: 2141474217500
[2026-06-23T17:27:00.136] [DEBUG] debug-file - default@CompileArkTS work[3] is submitted.
[2026-06-23T17:27:00.136] [DEBUG] debug-file - default@CompileArkTS work[3] is pushed to ready queue.
[2026-06-23T17:27:00.136] [DEBUG] debug-file - A work dispatched to worker[19] failed because unable to get work from ready queue.
[2026-06-23T17:27:00.136] [DEBUG] debug-file - A work dispatched to worker[18] failed because of worker busy.
[2026-06-23T17:27:00.136] [DEBUG] debug-file - A work dispatched to worker[17] failed because of worker busy.
[2026-06-23T17:27:00.136] [DEBUG] debug-file - Create  resident worker with id: 16.
[2026-06-23T17:27:00.140] [DEBUG] debug-file - default@CompileArkTS work[3] has been dispatched to worker[16].
[2026-06-23T17:27:00.140] [DEBUG] debug-file - default@CompileArkTS work[3] is dispatched.
[2026-06-23T17:27:00.142] [DEBUG] debug-file - entry : default@CompileArkTS cost memory 1.920989990234375
[2026-06-23T17:27:03.184] [DEBUG] debug-file - worker[16] has one work done.
[2026-06-23T17:27:03.184] [DEBUG] debug-file - CopyResources is end, endTime: 2144522656100
[2026-06-23T17:27:03.185] [DEBUG] debug-file - default@CompileArkTS work[3] done.
[2026-06-23T17:27:03.187] [DEBUG] debug-file - A work dispatched to worker[16] failed because unable to get work from ready queue.
[2026-06-23T17:27:06.871] [DEBUG] debug-file - ninja: Entering directory `D:\HUAWEI\Lab2\ndk-opengl-master\entry\.cxx\default\default\debug\arm64-v8a'
[1/3] Building CXX object CMakeFiles/tetrahedron_napi.dir/app_napi.cpp.o
FAILED: CMakeFiles/tetrahedron_napi.dir/app_napi.cpp.o 
D:\HUAWEI\DevEco\DEVECO~1\sdk\default\OPENHA~1\native\llvm\bin\CLANG_~1.EXE --target=aarch64-linux-ohos --gcc-toolchain="D:/HUAWEI/DevEco/DevEco Studio/sdk/default/openharmony/native/llvm" --sysroot="D:/HUAWEI/DevEco/DevEco Studio/sdk/default/openharmony/native/sysroot" -Dtetrahedron_napi_EXPORTS -I"D:/HUAWEI/DevEco/DevEco Studio/sdk/default/hms/native/sysroot/usr/include" -ID:/HUAWEI/Lab2/ndk-opengl-master/entry/src/main/cpp -ID:/HUAWEI/Lab2/ndk-opengl-master/entry/src/main/cpp/include -ID:/HUAWEI/Lab2/ndk-opengl-master/entry/src/main/cpp/include/util -fdata-sections -ffunction-sections -funwind-tables -fstack-protector-strong -no-canonical-prefixes -fno-addrsig -Wa,--noexecstack -Wformat -Werror=format-security   -D__MUSL__ -O0 -g -fno-limit-debug-info  -fPIC -MD -MT CMakeFiles/tetrahedron_napi.dir/app_napi.cpp.o -MF CMakeFiles\tetrahedron_napi.dir\app_napi.cpp.o.d -o CMakeFiles/tetrahedron_napi.dir/app_napi.cpp.o -c D:/HUAWEI/Lab2/ndk-opengl-master/entry/src/main/cpp/app_napi.cpp
clang++: warning: argument unused during compilation: '--gcc-toolchain=D:/HUAWEI/DevEco/DevEco Studio/sdk/default/openharmony/native/llvm' [-Wunused-command-line-argument]
D:/HUAWEI/Lab2/ndk-opengl-master/entry/src/main/cpp/app_napi.cpp:663:42: error: no member named 'tetrahedron_' in 'AppNapi'
    if (instance != nullptr && instance->tetrahedron_ != nullptr) {
                               ~~~~~~~~  ^
D:/HUAWEI/Lab2/ndk-opengl-master/entry/src/main/cpp/app_napi.cpp:664:19: error: no member named 'tetrahedron_' in 'AppNapi'
        instance->tetrahedron_->ToggleWireframe();
        ~~~~~~~~  ^
D:/HUAWEI/Lab2/ndk-opengl-master/entry/src/main/cpp/app_napi.cpp:665:19: error: no member named 'tetrahedron_' in 'AppNapi'
        instance->tetrahedron_->Update(
        ~~~~~~~~  ^
D:/HUAWEI/Lab2/ndk-opengl-master/entry/src/main/cpp/app_napi.cpp:666:23: error: no member named 'tetrahedron_' in 'AppNapi'
            instance->tetrahedron_->GetAngleX(),
            ~~~~~~~~  ^
D:/HUAWEI/Lab2/ndk-opengl-master/entry/src/main/cpp/app_napi.cpp:667:23: error: no member named 'tetrahedron_' in 'AppNapi'
            instance->tetrahedron_->GetAngleY());
            ~~~~~~~~  ^
5 errors generated.
[2/3] Building CXX object CMakeFiles/tetrahedron_napi.dir/tetrahedron.cpp.o

[2026-06-23T17:27:06.875] [DEBUG] debug-file - clang++: warning: argument unused during compilation: '--gcc-toolchain=D:/HUAWEI/DevEco/DevEco Studio/sdk/default/openharmony/native/llvm' [-Wunused-command-line-argument]
ninja: build stopped: subcommand failed.

[2026-06-23T17:27:06.918] [DEBUG] debug-file - worker[18] encounters error: Exceptions happened while executing D:\HUAWEI\DevEco\DevEco Studio\sdk\default\openharmony\native\build-tools\cmake\bin\ninja.exe -C D:\HUAWEI\Lab2\ndk-opengl-master\entry\.cxx\default\default\debug\arm64-v8a.
[32mninja: Entering directory `D:\HUAWEI\Lab2\ndk-opengl-master\entry\.cxx\default\default\debug\arm64-v8a'[32m[39m
[32m[1/3] Building CXX object CMakeFiles/tetrahedron_napi.dir/app_napi.cpp.o[32m[39m
[31mFAILED: CMakeFiles/tetrahedron_napi.dir/app_napi.cpp.o [31m[39m
[32mD:\HUAWEI\DevEco\DEVECO~1\sdk\default\OPENHA~1\native\llvm\bin\CLANG_~1.EXE --target=aarch64-linux-ohos --gcc-toolchain="D:/HUAWEI/DevEco/DevEco Studio/sdk/default/openharmony/native/llvm" --sysroot="D:/HUAWEI/DevEco/DevEco Studio/sdk/default/openharmony/native/sysroot" -Dtetrahedron_napi_EXPORTS -I"D:/HUAWEI/DevEco/DevEco Studio/sdk/default/hms/native/sysroot/usr/include" -ID:/HUAWEI/Lab2/ndk-opengl-master/entry/src/main/cpp -ID:/HUAWEI/Lab2/ndk-opengl-master/entry/src/main/cpp/include -ID:/HUAWEI/Lab2/ndk-opengl-master/entry/src/main/cpp/include/util -fdata-sections -ffunction-sections -funwind-tables -fstack-protector-strong -no-canonical-prefixes -fno-addrsig -Wa,--noexecstack -Wformat -Werror=format-security   -D__MUSL__ -O0 -g -fno-limit-debug-info  -fPIC -MD -MT CMakeFiles/tetrahedron_napi.dir/app_napi.cpp.o -MF CMakeFiles\tetrahedron_napi.dir\app_napi.cpp.o.d -o CMakeFiles/tetrahedron_napi.dir/app_napi.cpp.o -c D:/HUAWEI/Lab2/ndk-opengl-master/entry/src/main/cpp/app_napi.cpp[32m[39m
[33mclang++: warning: argument unused during compilation: '--gcc-toolchain=D:/HUAWEI/DevEco/DevEco Studio/sdk/default/openharmony/native/llvm' [-Wunused-command-line-argument][33m[39m
[31mD:/HUAWEI/Lab2/ndk-opengl-master/entry/src/main/cpp/app_napi.cpp:663:42: error: no member named 'tetrahedron_' in 'AppNapi'[31m[39m
[31m    if (instance != nullptr && instance->tetrahedron_ != nullptr) {[31m[39m
[31m                               ~~~~~~~~  ^[31m[39m
[31mD:/HUAWEI/Lab2/ndk-opengl-master/entry/src/main/cpp/app_napi.cpp:664:19: error: no member named 'tetrahedron_' in 'AppNapi'[31m[39m
[31m        instance->tetrahedron_->ToggleWireframe();[31m[39m
[31m        ~~~~~~~~  ^[31m[39m
[31mD:/HUAWEI/Lab2/ndk-opengl-master/entry/src/main/cpp/app_napi.cpp:665:19: error: no member named 'tetrahedron_' in 'AppNapi'[31m[39m
[31m        instance->tetrahedron_->Update([31m[39m
[31m        ~~~~~~~~  ^[31m[39m
[31mD:/HUAWEI/Lab2/ndk-opengl-master/entry/src/main/cpp/app_napi.cpp:666:23: error: no member named 'tetrahedron_' in 'AppNapi'[31m[39m
[31m            instance->tetrahedron_->GetAngleX(),[31m[39m
[31m            ~~~~~~~~  ^[31m[39m
[31m[31m[39m
[31mD:/HUAWEI/Lab2/ndk-opengl-master/entry/src/main/cpp/app_napi.cpp:667:23: error: no member named 'tetrahedron_' in 'AppNapi'[31m[39m
[31m[31m[39m
[31m            instance->tetrahedron_->GetAngleY());[31m[39m
[31m[31m[39m
[31m            ~~~~~~~~  ^[31m[39m
[31m[31m[39m
[33m5 errors generated.[33m[39m
[32m[32m[39m
[32m[2/3] Building CXX object CMakeFiles/tetrahedron_napi.dir/tetrahedron.cpp.o[32m[39m
[33mclang++: warning: argument unused during compilation: '--gcc-toolchain=D:/HUAWEI/DevEco/DevEco Studio/sdk/default/openharmony/native/llvm' [-Wunused-command-line-argument][33m[39m
[32m[32m[39m
[31mninja: build stopped: subcommand failed.[31m[39m
undefined.
[2026-06-23T17:27:06.948] [DEBUG] debug-file - ninja: Entering directory `D:\HUAWEI\Lab2\ndk-opengl-master\entry\.cxx\default\default\debug\x86_64'
[1/3] Building CXX object CMakeFiles/tetrahedron_napi.dir/tetrahedron.cpp.o

[2026-06-23T17:27:06.920] [DEBUG] debug-file - default@BuildNativeWithNinja work[0] failed.
[2026-06-23T17:27:06.923] [ERROR] debug-file - Failed :entry:default@BuildNativeWithNinja... 
[2026-06-23T17:27:06.924] [DEBUG] debug-file - hvigor build process will be closed with an error.
[2026-06-23T17:27:06.930] [DEBUG] debug-file - ERROR: stacktrace = Error: Exceptions happened while executing D:\HUAWEI\DevEco\DevEco Studio\sdk\default\openharmony\native\build-tools\cmake\bin\ninja.exe -C D:\HUAWEI\Lab2\ndk-opengl-master\entry\.cxx\default\default\debug\arm64-v8a.
[32mninja: Entering directory `D:\HUAWEI\Lab2\ndk-opengl-master\entry\.cxx\default\default\debug\arm64-v8a'[32m[39m
[32m[1/3] Building CXX object CMakeFiles/tetrahedron_napi.dir/app_napi.cpp.o[32m[39m
[31mFAILED: CMakeFiles/tetrahedron_napi.dir/app_napi.cpp.o [31m[39m
[32mD:\HUAWEI\DevEco\DEVECO~1\sdk\default\OPENHA~1\native\llvm\bin\CLANG_~1.EXE --target=aarch64-linux-ohos --gcc-toolchain="D:/HUAWEI/DevEco/DevEco Studio/sdk/default/openharmony/native/llvm" --sysroot="D:/HUAWEI/DevEco/DevEco Studio/sdk/default/openharmony/native/sysroot" -Dtetrahedron_napi_EXPORTS -I"D:/HUAWEI/DevEco/DevEco Studio/sdk/default/hms/native/sysroot/usr/include" -ID:/HUAWEI/Lab2/ndk-opengl-master/entry/src/main/cpp -ID:/HUAWEI/Lab2/ndk-opengl-master/entry/src/main/cpp/include -ID:/HUAWEI/Lab2/ndk-opengl-master/entry/src/main/cpp/include/util -fdata-sections -ffunction-sections -funwind-tables -fstack-protector-strong -no-canonical-prefixes -fno-addrsig -Wa,--noexecstack -Wformat -Werror=format-security   -D__MUSL__ -O0 -g -fno-limit-debug-info  -fPIC -MD -MT CMakeFiles/tetrahedron_napi.dir/app_napi.cpp.o -MF CMakeFiles\tetrahedron_napi.dir\app_napi.cpp.o.d -o CMakeFiles/tetrahedron_napi.dir/app_napi.cpp.o -c D:/HUAWEI/Lab2/ndk-opengl-master/entry/src/main/cpp/app_napi.cpp[32m[39m
[33mclang++: warning: argument unused during compilation: '--gcc-toolchain=D:/HUAWEI/DevEco/DevEco Studio/sdk/default/openharmony/native/llvm' [-Wunused-command-line-argument][33m[39m
[31mD:/HUAWEI/Lab2/ndk-opengl-master/entry/src/main/cpp/app_napi.cpp:663:42: error: no member named 'tetrahedron_' in 'AppNapi'[31m[39m
[31m    if (instance != nullptr && instance->tetrahedron_ != nullptr) {[31m[39m
[31m                               ~~~~~~~~  ^[31m[39m
[31mD:/HUAWEI/Lab2/ndk-opengl-master/entry/src/main/cpp/app_napi.cpp:664:19: error: no member named 'tetrahedron_' in 'AppNapi'[31m[39m
[31m        instance->tetrahedron_->ToggleWireframe();[31m[39m
[31m        ~~~~~~~~  ^[31m[39m
[31mD:/HUAWEI/Lab2/ndk-opengl-master/entry/src/main/cpp/app_napi.cpp:665:19: error: no member named 'tetrahedron_' in 'AppNapi'[31m[39m
[31m        instance->tetrahedron_->Update([31m[39m
[31m        ~~~~~~~~  ^[31m[39m
[31mD:/HUAWEI/Lab2/ndk-opengl-master/entry/src/main/cpp/app_napi.cpp:666:23: error: no member named 'tetrahedron_' in 'AppNapi'[31m[39m
[31m            instance->tetrahedron_->GetAngleX(),[31m[39m
[31m            ~~~~~~~~  ^[31m[39m
[31m[31m[39m
[31mD:/HUAWEI/Lab2/ndk-opengl-master/entry/src/main/cpp/app_napi.cpp:667:23: error: no member named 'tetrahedron_' in 'AppNapi'[31m[39m
[31m[31m[39m
[31m            instance->tetrahedron_->GetAngleY());[31m[39m
[31m[31m[39m
[31m            ~~~~~~~~  ^[31m[39m
[31m[31m[39m
[33m5 errors generated.[33m[39m
[32m[32m[39m
[32m[2/3] Building CXX object CMakeFiles/tetrahedron_napi.dir/tetrahedron.cpp.o[32m[39m
[33mclang++: warning: argument unused during compilation: '--gcc-toolchain=D:/HUAWEI/DevEco/DevEco Studio/sdk/default/openharmony/native/llvm' [-Wunused-command-line-argument][33m[39m
[32m[32m[39m
[31mninja: build stopped: subcommand failed.[31m[39m
undefined
    at OhosLogger.errorMessageExit (D:\HUAWEI\DevEco\DevEco Studio\tools\hvigor\hvigor\src\base\log\hvigor-log.js:1:3497)
    at OhosLogger._printErrorAndExit (D:\HUAWEI\DevEco\DevEco Studio\tools\hvigor\hvigor-ohos-plugin\src\utils\log\ohos-logger.js:1:2024)
    at ChildProcess.<anonymous> (D:\HUAWEI\DevEco\DevEco Studio\tools\hvigor\hvigor-ohos-plugin\src\tasks\abstract-build-native.js:1:2796)
    at process.processTicksAndRejections (node:internal/process/task_queues:95:5)
[2026-06-23T17:27:06.931] [ERROR] debug-file - Error: Exceptions happened while executing D:\HUAWEI\DevEco\DevEco Studio\sdk\default\openharmony\native\build-tools\cmake\bin\ninja.exe -C D:\HUAWEI\Lab2\ndk-opengl-master\entry\.cxx\default\default\debug\arm64-v8a.
[32mninja: Entering directory `D:\HUAWEI\Lab2\ndk-opengl-master\entry\.cxx\default\default\debug\arm64-v8a'[32m[39m
[32m[1/3] Building CXX object CMakeFiles/tetrahedron_napi.dir/app_napi.cpp.o[32m[39m
[31mFAILED: CMakeFiles/tetrahedron_napi.dir/app_napi.cpp.o [31m[39m
[32mD:\HUAWEI\DevEco\DEVECO~1\sdk\default\OPENHA~1\native\llvm\bin\CLANG_~1.EXE --target=aarch64-linux-ohos --gcc-toolchain="D:/HUAWEI/DevEco/DevEco Studio/sdk/default/openharmony/native/llvm" --sysroot="D:/HUAWEI/DevEco/DevEco Studio/sdk/default/openharmony/native/sysroot" -Dtetrahedron_napi_EXPORTS -I"D:/HUAWEI/DevEco/DevEco Studio/sdk/default/hms/native/sysroot/usr/include" -ID:/HUAWEI/Lab2/ndk-opengl-master/entry/src/main/cpp -ID:/HUAWEI/Lab2/ndk-opengl-master/entry/src/main/cpp/include -ID:/HUAWEI/Lab2/ndk-opengl-master/entry/src/main/cpp/include/util -fdata-sections -ffunction-sections -funwind-tables -fstack-protector-strong -no-canonical-prefixes -fno-addrsig -Wa,--noexecstack -Wformat -Werror=format-security   -D__MUSL__ -O0 -g -fno-limit-debug-info  -fPIC -MD -MT CMakeFiles/tetrahedron_napi.dir/app_napi.cpp.o -MF CMakeFiles\tetrahedron_napi.dir\app_napi.cpp.o.d -o CMakeFiles/tetrahedron_napi.dir/app_napi.cpp.o -c D:/HUAWEI/Lab2/ndk-opengl-master/entry/src/main/cpp/app_napi.cpp[32m[39m
[33mclang++: warning: argument unused during compilation: '--gcc-toolchain=D:/HUAWEI/DevEco/DevEco Studio/sdk/default/openharmony/native/llvm' [-Wunused-command-line-argument][33m[39m
[31mD:/HUAWEI/Lab2/ndk-opengl-master/entry/src/main/cpp/app_napi.cpp:663:42: error: no member named 'tetrahedron_' in 'AppNapi'[31m[39m
[31m    if (instance != nullptr && instance->tetrahedron_ != nullptr) {[31m[39m
[31m                               ~~~~~~~~  ^[31m[39m
[31mD:/HUAWEI/Lab2/ndk-opengl-master/entry/src/main/cpp/app_napi.cpp:664:19: error: no member named 'tetrahedron_' in 'AppNapi'[31m[39m
[31m        instance->tetrahedron_->ToggleWireframe();[31m[39m
[31m        ~~~~~~~~  ^[31m[39m
[31mD:/HUAWEI/Lab2/ndk-opengl-master/entry/src/main/cpp/app_napi.cpp:665:19: error: no member named 'tetrahedron_' in 'AppNapi'[31m[39m
[31m        instance->tetrahedron_->Update([31m[39m
[31m        ~~~~~~~~  ^[31m[39m
[31mD:/HUAWEI/Lab2/ndk-opengl-master/entry/src/main/cpp/app_napi.cpp:666:23: error: no member named 'tetrahedron_' in 'AppNapi'[31m[39m
[31m            instance->tetrahedron_->GetAngleX(),[31m[39m
[31m            ~~~~~~~~  ^[31m[39m
[31m[31m[39m
[31mD:/HUAWEI/Lab2/ndk-opengl-master/entry/src/main/cpp/app_napi.cpp:667:23: error: no member named 'tetrahedron_' in 'AppNapi'[31m[39m
[31m[31m[39m
[31m            instance->tetrahedron_->GetAngleY());[31m[39m
[31m[31m[39m
[31m            ~~~~~~~~  ^[31m[39m
[31m[31m[39m
[33m5 errors generated.[33m[39m
[32m[32m[39m
[32m[2/3] Building CXX object CMakeFiles/tetrahedron_napi.dir/tetrahedron.cpp.o[32m[39m
[33mclang++: warning: argument unused during compilation: '--gcc-toolchain=D:/HUAWEI/DevEco/DevEco Studio/sdk/default/openharmony/native/llvm' [-Wunused-command-line-argument][33m[39m
[32m[32m[39m
[31mninja: build stopped: subcommand failed.[31m[39m
undefined
    at OhosLogger.errorMessageExit (D:\HUAWEI\DevEco\DevEco Studio\tools\hvigor\hvigor\src\base\log\hvigor-log.js:1:3497)
    at OhosLogger._printErrorAndExit (D:\HUAWEI\DevEco\DevEco Studio\tools\hvigor\hvigor-ohos-plugin\src\utils\log\ohos-logger.js:1:2024)
    at ChildProcess.<anonymous> (D:\HUAWEI\DevEco\DevEco Studio\tools\hvigor\hvigor-ohos-plugin\src\tasks\abstract-build-native.js:1:2796)
    at process.processTicksAndRejections (node:internal/process/task_queues:95:5)
[2026-06-23T17:27:06.974] [ERROR] debug-file - BUILD FAILED in 11 s 794 ms 
[2026-06-23T17:27:06.975] [DEBUG] debug-file - There is no need to refresh cache, since the incremental task entry:default@PreBuild is up-to-date.
[2026-06-23T17:27:06.975] [DEBUG] debug-file - Update task entry:default@CreateModuleInfo output file:D:\HUAWEI\Lab2\ndk-opengl-master\entry\build\default\generated\profile\default\ModuleInfo.ts cache.
[2026-06-23T17:27:06.977] [DEBUG] debug-file - Incremental task entry:default@CreateModuleInfo post-execution cost:2 ms .
[2026-06-23T17:27:06.977] [DEBUG] debug-file - There is no need to refresh cache, since the incremental task entry:default@GenerateMetadata is up-to-date.
[2026-06-23T17:27:06.977] [DEBUG] debug-file - There is no need to refresh cache, since the incremental task entry:default@MergeProfile is up-to-date.
[2026-06-23T17:27:06.977] [DEBUG] debug-file - There is no need to refresh cache, since the incremental task entry:default@CreateBuildProfile is up-to-date.
[2026-06-23T17:27:06.977] [DEBUG] debug-file - Update task entry:default@GeneratePkgContextInfo output file:D:\HUAWEI\Lab2\ndk-opengl-master\entry\build\default\intermediates\loader\default\pkgContextInfo.json cache.
[2026-06-23T17:27:06.978] [DEBUG] debug-file - Incremental task entry:default@GeneratePkgContextInfo post-execution cost:1 ms .
[2026-06-23T17:27:06.978] [DEBUG] debug-file - Update task entry:default@ProcessIntegratedHsp output file:D:\HUAWEI\Lab2\ndk-opengl-master\build\cache\default\integrated_hsp\integratedHspCache.json cache.
[2026-06-23T17:27:06.978] [DEBUG] debug-file - Incremental task entry:default@ProcessIntegratedHsp post-execution cost:1 ms .
[2026-06-23T17:27:06.979] [DEBUG] debug-file - There is no need to refresh cache, since the incremental task entry:default@MakePackInfo is up-to-date.
[2026-06-23T17:27:06.979] [DEBUG] debug-file - Update task entry:default@SyscapTransform input file:D:\HUAWEI\DevEco\DevEco Studio\sdk\default\openharmony\toolchains\syscap_tool.exe cache by regenerate.
[2026-06-23T17:27:06.979] [DEBUG] debug-file - Update task entry:default@SyscapTransform input file:D:\HUAWEI\DevEco\DevEco Studio\sdk\default\openharmony\ets\api\device-define cache by regenerate.
[2026-06-23T17:27:06.981] [DEBUG] debug-file - Update task entry:default@SyscapTransform output file:D:\HUAWEI\Lab2\ndk-opengl-master\entry\build\default\intermediates\syscap\default\rpcid.sc cache.
[2026-06-23T17:27:06.982] [DEBUG] debug-file - Incremental task entry:default@SyscapTransform post-execution cost:3 ms .
[2026-06-23T17:27:06.982] [DEBUG] debug-file - There is no need to refresh cache, since the incremental task entry:default@ProcessProfile is up-to-date.
[2026-06-23T17:27:06.982] [DEBUG] debug-file - There is no need to refresh cache, since the incremental task entry:default@ProcessRouterMap is up-to-date.
[2026-06-23T17:27:06.982] [DEBUG] debug-file - There is no need to refresh cache, since the incremental task entry:default@ProcessShareConfig is up-to-date.
[2026-06-23T17:27:06.982] [DEBUG] debug-file - Update task entry:default@ProcessStartupConfig output file:D:\HUAWEI\Lab2\ndk-opengl-master\entry\build\default\intermediates\startup\default\startup_config.json cache.
[2026-06-23T17:27:06.983] [DEBUG] debug-file - Incremental task entry:default@ProcessStartupConfig post-execution cost:1 ms .
[2026-06-23T17:27:06.983] [DEBUG] debug-file - There is no need to refresh cache, since the incremental task entry:default@ProcessResource is up-to-date.
[2026-06-23T17:27:06.983] [DEBUG] debug-file - There is no need to refresh cache, since the incremental task entry:default@GenerateLoaderJson is up-to-date.
[2026-06-23T17:27:06.983] [DEBUG] debug-file - There is no need to refresh cache, since the incremental task entry:default@CompileResource is up-to-date.
[2026-06-23T17:27:06.988] [DEBUG] debug-file - Update task entry:default@CompileArkTS input file:D:\HUAWEI\Lab2\ndk-opengl-master\entry\build\default\intermediates\loader\default cache by regenerate.
[2026-06-23T17:27:06.991] [DEBUG] debug-file - Update task entry:default@CompileArkTS input file:D:\HUAWEI\Lab2\ndk-opengl-master\entry\build\default\intermediates\res\default\ResourceTable.txt cache by regenerate.
[2026-06-23T17:27:06.992] [DEBUG] debug-file - Update task entry:default@CompileArkTS input file:D:\HUAWEI\Lab2\ndk-opengl-master\entry\build\default\intermediates\res\default\ark_module.json cache by regenerate.
[2026-06-23T17:27:06.993] [DEBUG] debug-file - Update task entry:default@CompileArkTS input file:D:\HUAWEI\Lab2\ndk-opengl-master\entry\build\default\intermediates\res\default\resources\base\profile cache by regenerate.
[2026-06-23T17:27:06.995] [DEBUG] debug-file - Update task entry:default@CompileArkTS input file:D:\HUAWEI\Lab2\ndk-opengl-master\entry\src\main\ets cache by regenerate.
[2026-06-23T17:27:06.998] [DEBUG] debug-file - Update task entry:default@CompileArkTS input file:D:\HUAWEI\Lab2\ndk-opengl-master\entry\build\default\generated\profile\default\BuildProfile.ets cache by regenerate.
[2026-06-23T17:27:06.999] [DEBUG] debug-file - Update task entry:default@CompileArkTS output file:D:\HUAWEI\Lab2\ndk-opengl-master\entry\build\default\intermediates\loader_out\default\ets cache.
[2026-06-23T17:27:06.999] [DEBUG] debug-file - Incremental task entry:default@CompileArkTS post-execution cost:16 ms .
[2026-06-23T17:27:07.003] [DEBUG] debug-file - Update task entry:default@BuildJS input file:D:\HUAWEI\Lab2\ndk-opengl-master\entry\build\default\intermediates\loader\default cache by regenerate.
[2026-06-23T17:27:07.005] [DEBUG] debug-file - Update task entry:default@BuildJS input file:D:\HUAWEI\Lab2\ndk-opengl-master\entry\build\default\intermediates\res\default\ResourceTable.txt cache by regenerate.
[2026-06-23T17:27:07.005] [DEBUG] debug-file - Update task entry:default@BuildJS input file:D:\HUAWEI\Lab2\ndk-opengl-master\entry\build\default\intermediates\res\default\ark_module.json cache by regenerate.
[2026-06-23T17:27:07.006] [DEBUG] debug-file - Update task entry:default@BuildJS input file:D:\HUAWEI\Lab2\ndk-opengl-master\entry\build\default\intermediates\res\default\resources\base\profile cache by regenerate.
[2026-06-23T17:27:07.007] [DEBUG] debug-file - Update task entry:default@BuildJS output file:D:\HUAWEI\Lab2\ndk-opengl-master\entry\build\default\intermediates\loader_out\default\js cache.
[2026-06-23T17:27:07.008] [DEBUG] debug-file - Incremental task entry:default@BuildJS post-execution cost:9 ms .
[2026-06-23T17:27:07.077] [DEBUG] debug-file - worker[18] exits with exit code 1.
[2026-06-23T17:27:07.077] [DEBUG] debug-file - A work dispatched to worker[18] failed because unable to get work from ready queue.
[2026-06-23T17:27:07.078] [DEBUG] debug-file - Current worker pool is stopped or closed.
[2026-06-23T17:27:07.079] [DEBUG] debug-file - Clear worker 0.
[2026-06-23T17:27:07.080] [DEBUG] debug-file - Worker 0 has been cleared.
[2026-06-23T17:27:07.080] [DEBUG] debug-file - Current idle worker size: 2.
[2026-06-23T17:27:07.080] [DEBUG] debug-file - Current busy worker size: 2.
[2026-06-23T17:27:07.080] [DEBUG] debug-file - Clear worker 1.
[2026-06-23T17:27:07.080] [DEBUG] debug-file - Worker 1 has been cleared.
[2026-06-23T17:27:07.080] [DEBUG] debug-file - Current idle worker size: 1.
[2026-06-23T17:27:07.080] [DEBUG] debug-file - Current busy worker size: 2.
[2026-06-23T17:27:07.081] [DEBUG] debug-file - Clear worker 16.
[2026-06-23T17:27:07.081] [DEBUG] debug-file - Worker 16 has been cleared.
[2026-06-23T17:27:07.081] [DEBUG] debug-file - Current idle worker size: 0.
[2026-06-23T17:27:07.081] [DEBUG] debug-file - Current busy worker size: 2.
[2026-06-23T17:27:07.081] [DEBUG] debug-file - Clear worker 17.
[2026-06-23T17:27:07.081] [DEBUG] debug-file - Worker 17 has been cleared.
[2026-06-23T17:27:07.081] [DEBUG] debug-file - Current idle worker size: 0.
[2026-06-23T17:27:07.081] [DEBUG] debug-file - Current busy worker size: 1.
[2026-06-23T17:27:07.081] [DEBUG] debug-file - Clear worker 4.
[2026-06-23T17:27:07.081] [DEBUG] debug-file - Worker 4 has been cleared.
[2026-06-23T17:27:07.081] [DEBUG] debug-file - Current idle worker size: 0.
[2026-06-23T17:27:07.081] [DEBUG] debug-file - Current busy worker size: 0.
[2026-06-23T17:27:07.085] [DEBUG] debug-file - hvigor build process will be closed.
[2026-06-23T17:27:07.094] [DEBUG] debug-file - Current worker pool is terminated.
[2026-06-23T17:27:07.109] [DEBUG] debug-file - worker[1] exits with exit code 1.
[2026-06-23T17:27:07.114] [DEBUG] debug-file - worker[0] exits with exit code 1.
[2026-06-23T17:27:07.133] [DEBUG] debug-file - worker[16] exits with exit code 1.
[2026-06-23T17:27:07.145] [DEBUG] debug-file - worker[17] exits with exit code 1.
[2026-06-23T17:27:07.381] [DEBUG] debug-file - worker[4] exits with exit code 1.
[2026-06-23T17:27:32.269] [DEBUG] debug-file - env: nodejsVersion=v18.20.1
[2026-06-23T17:27:33.113] [DEBUG] debug-file - Hvigor init with startParameters:{
  hvigorfileTypeCheck: false,
  parallelExecution: true,
  incrementalExecution: true,
  printStackTrace: false,
  daemon: false,
  analyze: 0,
  logLevel: Level { level: 20000, levelStr: 'INFO', colour: 'green' },
  optimizationStrategy: 'memory',
  hotCompile: undefined,
  hotReloadBuild: undefined,
  customizedParam: undefined
}
[2026-06-23T17:27:36.729] [DEBUG] debug-file - Starting plugin build process
[2026-06-23T17:27:36.723] [DEBUG] debug-file - hvigorfile, require result:  { appTasks: [Getter] }
[2026-06-23T17:27:37.157] [DEBUG] debug-file - App plugin register hook start...
[2026-06-23T17:27:37.163] [DEBUG] debug-file - Start initialize project's product build option map with build mode debug.
[2026-06-23T17:27:37.172] [DEBUG] debug-file - Obtain build option for product 'default'in this build.
[2026-06-23T17:27:37.201] [DEBUG] debug-file - Start recording SDK configuration permission data.
[2026-06-23T17:27:37.307] [DEBUG] debug-file - Project task initialization takes 21 ms 
[2026-06-23T17:27:37.354] [DEBUG] debug-file - Start initialize module-target build option map, moduleName=entry, buildMode=debug
[2026-06-23T17:27:37.326] [DEBUG] debug-file - failed to load cangjie to dynamically generate schemas: Error: Cannot find module '@ohos/cangjie-build-support/index'
Require stack:
- D:\HUAWEI\DevEco\DevEco Studio\tools\hvigor\hvigor-ohos-plugin\src\plugin\hooks\cangjie-register.js
- D:\HUAWEI\DevEco\DevEco Studio\tools\hvigor\hvigor-ohos-plugin\src\plugin\strategy\stage-init-strategy.js
- D:\HUAWEI\DevEco\DevEco Studio\tools\hvigor\hvigor-ohos-plugin\src\plugin\builder\abstract-plugin-builder.js
- D:\HUAWEI\DevEco\DevEco Studio\tools\hvigor\hvigor-ohos-plugin\src\plugin\builder\app-plugin-builder.js
- D:\HUAWEI\DevEco\DevEco Studio\tools\hvigor\hvigor-ohos-plugin\src\plugin\factory\plugin-factory.js
- D:\HUAWEI\DevEco\DevEco Studio\tools\hvigor\hvigor-ohos-plugin\index.js
- D:\HUAWEI\Lab2\ndk-opengl-master\hvigorfile.ts
- D:\HUAWEI\DevEco\DevEco Studio\tools\hvigor\hvigor\src\base\internal\lifecycle\configuration.js
- D:\HUAWEI\DevEco\DevEco Studio\tools\hvigor\hvigor\src\base\boot\index.js
- D:\HUAWEI\DevEco\DevEco Studio\tools\hvigor\hvigor\src\cli\main\cli.js
- D:\HUAWEI\DevEco\DevEco Studio\tools\hvigor\hvigor\bin\hvigor.js
[2026-06-23T17:27:37.374] [DEBUG] debug-file - project has submodules:entry
[2026-06-23T17:27:37.379] [DEBUG] debug-file - start to load updatedOhPackageInfo to the disk
[2026-06-23T17:27:37.403] [DEBUG] debug-file - Start to initialize dependency information.
[2026-06-23T17:27:32.272] [DEBUG] debug-file - env: hvigor-config.json5 content = { modelVersion: '5.0.4', dependencies: {} }
[2026-06-23T17:27:37.448] [DEBUG] debug-file - Executing task :entry:default@PreBuild
[2026-06-23T17:27:33.123] [DEBUG] debug-file - Cache service initialization finished in 10 ms 
[2026-06-23T17:27:37.490] [DEBUG] debug-file - Executing task :entry:default@GenerateMetadata
[2026-06-23T17:27:36.729] [DEBUG] debug-file - App plugin prepare start...
[2026-06-23T17:27:36.724] [DEBUG] debug-file - hvigorfile, binding system plugins { appTasks: [Getter] }
[2026-06-23T17:27:37.158] [DEBUG] debug-file - App plugin register hook end...
[2026-06-23T17:27:37.163] [DEBUG] debug-file - Picking option from product 'default' with build mode 'debug'.
[2026-06-23T17:27:37.177] [DEBUG] debug-file - No signingConfig found, initRemoteHspCache failed.
[2026-06-23T17:27:37.284] [DEBUG] debug-file - Sdk init in 104 ms 
[2026-06-23T17:27:37.308] [DEBUG] debug-file - hvigorfile, resolve finished D:\HUAWEI\Lab2\ndk-opengl-master\hvigorfile.ts
[2026-06-23T17:27:37.355] [DEBUG] debug-file - Target 'default' config initialized
[2026-06-23T17:27:37.393] [DEBUG] debug-file - load to the disk finished
[2026-06-23T17:27:37.417] [DEBUG] debug-file - Module entry Collected Dependency: 
[2026-06-23T17:27:32.278] [DEBUG] debug-file - env: daemon=false
[2026-06-23T17:27:37.452] [DEBUG] debug-file - Task 'entry:default@PreBuild' cost while wrapping incremental declarations: 1 ms 
[2026-06-23T17:27:33.128] [DEBUG] debug-file - hvigorfile, resolving D:\HUAWEI\Lab2\ndk-opengl-master\hvigorfile.ts
[2026-06-23T17:27:37.492] [DEBUG] debug-file - Task 'entry:default@GenerateMetadata' cost while wrapping incremental declarations: 2 ms 
[2026-06-23T17:27:36.729] [DEBUG] debug-file - App plugin prepare end...
[2026-06-23T17:27:37.158] [DEBUG] debug-file - Plugin build process completed
[2026-06-23T17:27:37.164] [DEBUG] debug-file - Product 'default' build option initialized
[2026-06-23T17:27:37.183] [DEBUG] debug-file - Local scan or download HarmonyOS sdk components toolchains,ets,js,native,previewer
[2026-06-23T17:27:37.310] [DEBUG] debug-file - hvigorfile, resolving D:\HUAWEI\Lab2\ndk-opengl-master\entry\hvigorfile.ts
[2026-06-23T17:27:37.357] [DEBUG] debug-file - Module 'entry' target 'default' build option initialized
[2026-06-23T17:27:37.395] [DEBUG] debug-file - Start to initialize dependency information.
[2026-06-23T17:27:37.417] [DEBUG] debug-file - Module entry's total dependency: 0
[2026-06-23T17:27:32.278] [DEBUG] debug-file - no-daemon, use the parent process.execArgv --max-old-space-size=8192,--max-semi-space-size=16,--expose-gc
[2026-06-23T17:27:37.472] [DEBUG] debug-file - Incremental task entry:default@PreBuild pre-execution cost: 14 ms .
[2026-06-23T17:27:37.494] [DEBUG] debug-file - Incremental task entry:default@GenerateMetadata pre-execution cost: 2 ms .
[2026-06-23T17:27:36.729] [DEBUG] debug-file - App plugin creating...
[2026-06-23T17:27:37.165] [DEBUG] debug-file - End initialize project's product build option map with build mode 'debug'.
[2026-06-23T17:27:37.190] [DEBUG] debug-file - Local scan or download hmscore sdk components toolchains,ets,native
[2026-06-23T17:27:37.322] [DEBUG] debug-file - hvigorfile, require result:  { hapTasks: [Getter] }
[2026-06-23T17:27:37.357] [DEBUG] debug-file - End initialize module-target build option map, moduleName=entry
[2026-06-23T17:27:37.400] [DEBUG] debug-file - Module ndk-opengl-master Collected Dependency: 
[2026-06-23T17:27:37.607] [DEBUG] debug-file - Executing task :entry:default@GeneratePkgContextInfo
[2026-06-23T17:27:37.425] [DEBUG] debug-file - Configuration phase cost:4 s 301 ms 
[2026-06-23T17:27:37.640] [DEBUG] debug-file - Executing task :entry:default@ProcessIntegratedHsp
[2026-06-23T17:27:37.473] [DEBUG] debug-file - entry : default@PreBuild cost memory 0.33597564697265625
[2026-06-23T17:27:37.494] [DEBUG] debug-file - entry : default@GenerateMetadata cost memory 0.08319091796875
[2026-06-23T17:27:37.601] [DEBUG] debug-file - Executing task :entry:default@PreCheckSyscap
[2026-06-23T17:27:37.357] [DEBUG] debug-file - Start initialize module-target build option map, moduleName=entry, buildMode=release
[2026-06-23T17:27:37.400] [DEBUG] debug-file - Module ndk-opengl-master's total dependency: 0
[2026-06-23T17:27:37.322] [DEBUG] debug-file - hvigorfile, binding system plugins { hapTasks: [Getter] }
[2026-06-23T17:27:37.627] [DEBUG] debug-file - Task 'entry:default@GeneratePkgContextInfo' cost while wrapping incremental declarations: 1 ms 
[2026-06-23T17:27:37.430] [DEBUG] debug-file - Configuration task cost before running: 4 s 338 ms 
[2026-06-23T17:27:37.660] [DEBUG] debug-file - Use tool [Cmake]
 [
  'D:\\HUAWEI\\DevEco\\DevEco Studio\\sdk\\default\\openharmony\\native\\build-tools\\cmake\\bin\\cmake.exe',
  '-HD:\\HUAWEI\\Lab2\\ndk-opengl-master\\entry\\src\\main\\cpp',
  '-BD:\\HUAWEI\\Lab2\\ndk-opengl-master\\entry\\.cxx\\default\\default\\debug\\arm64-v8a',
  '-DOHOS_ARCH=arm64-v8a',
  '-DCMAKE_LIBRARY_OUTPUT_DIRECTORY=D:\\HUAWEI\\Lab2\\ndk-opengl-master\\entry\\build\\default\\intermediates\\cmake\\default\\obj\\arm64-v8a',
  '-DCMAKE_BUILD_TYPE=Debug',
  '-DOHOS_SDK_NATIVE=D:\\HUAWEI\\DevEco\\DevEco Studio\\sdk\\default\\openharmony\\native',
  '-DCMAKE_SYSTEM_NAME=OHOS',
  '-DCMAKE_OHOS_ARCH_ABI=arm64-v8a',
  '-DCMAKE_EXPORT_COMPILE_COMMANDS=ON',
  '-DCMAKE_TOOLCHAIN_FILE=D:\\HUAWEI\\DevEco\\DevEco Studio\\sdk\\default\\hms\\native\\build\\cmake\\hmos.toolchain.cmake',
  '-GNinja',
  '-DCMAKE_MAKE_PROGRAM=D:\\HUAWEI\\DevEco\\DevEco Studio\\sdk\\default\\openharmony\\native\\build-tools\\cmake\\bin\\ninja.exe',
  '-DCMAKE_FIND_ROOT_PATH=D:\\HUAWEI\\Lab2\\ndk-opengl-master\\entry\\.cxx\\default\\default\\debug\\hvigor\\arm64-v8a',
  '-DPACKAGE_FIND_FILE=D:\\HUAWEI\\Lab2\\ndk-opengl-master\\entry\\.cxx\\default\\default\\debug\\hvigor\\arm64-v8a\\summary.cmake',
  '--no-warn-unused-cli',
  '-DHMOS_SDK_NATIVE=D:\\HUAWEI\\DevEco\\DevEco Studio\\sdk\\default\\hms\\native'
]
[2026-06-23T17:27:37.593] [DEBUG] debug-file - Executing task :entry:default@CreateBuildProfile
[2026-06-23T17:27:37.648] [DEBUG] debug-file - Executing task :entry:default@BuildNativeWithCmake
[2026-06-23T17:27:37.642] [DEBUG] debug-file - entry:default@ProcessIntegratedHsp is not up-to-date, since the output file 'D:\HUAWEI\Lab2\ndk-opengl-master\build\cache\default\integrated_hsp\integratedHspCache.json' does not exist.
[2026-06-23T17:27:37.479] [INFO] debug-file - UP-TO-DATE :entry:default@PreBuild...  
[2026-06-23T17:27:37.602] [DEBUG] debug-file - entry : default@PreCheckSyscap cost memory 0.01348876953125
[2026-06-23T17:27:37.322] [DEBUG] debug-file - Starting plugin build process
[2026-06-23T17:27:37.628] [DEBUG] debug-file - entry : default@GeneratePkgContextInfo cost memory 0.27837371826171875
[2026-06-23T17:27:37.357] [DEBUG] debug-file - Target 'default' config initialized
[2026-06-23T17:27:37.494] [INFO] debug-file - UP-TO-DATE :entry:default@GenerateMetadata...  
[2026-06-23T17:27:37.595] [DEBUG] debug-file - Task 'entry:default@CreateBuildProfile' cost while wrapping incremental declarations: 1 ms 
[2026-06-23T17:27:37.643] [DEBUG] debug-file - Incremental task entry:default@ProcessIntegratedHsp pre-execution cost: 1 ms .
[2026-06-23T17:27:37.481] [DEBUG] debug-file - Executing task :entry:default@CreateModuleInfo
[2026-06-23T17:27:37.602] [DEBUG] debug-file - runTaskFromQueue task cost before running: 4 s 510 ms 
[2026-06-23T17:27:37.322] [DEBUG] debug-file - Hap plugin creating...
[2026-06-23T17:27:37.628] [DEBUG] debug-file - runTaskFromQueue task cost before running: 4 s 536 ms 
[2026-06-23T17:27:37.358] [DEBUG] debug-file - Module 'entry' target 'default' build option initialized
[2026-06-23T17:27:37.497] [DEBUG] debug-file - Executing task :entry:default@ConfigureCmake
[2026-06-23T17:27:37.597] [DEBUG] debug-file - Incremental task entry:default@CreateBuildProfile pre-execution cost: 2 ms .
[2026-06-23T17:27:37.643] [DEBUG] debug-file - entry : default@ProcessIntegratedHsp cost memory 0.0486297607421875
[2026-06-23T17:27:37.482] [DEBUG] debug-file - Task 'entry:default@CreateModuleInfo' cost while wrapping incremental declarations: 1 ms 
[2026-06-23T17:27:37.602] [INFO] debug-file - Finished :entry:default@PreCheckSyscap... after 2 ms 
[2026-06-23T17:27:37.358] [DEBUG] debug-file - End initialize module-target build option map, moduleName=entry
[2026-06-23T17:27:37.628] [INFO] debug-file - Finished :entry:default@GeneratePkgContextInfo... after 22 ms 
[2026-06-23T17:27:37.579] [DEBUG] debug-file - entry : default@ConfigureCmake cost memory 1.38043212890625
[2026-06-23T17:27:37.597] [DEBUG] debug-file - entry : default@CreateBuildProfile cost memory 0.0902252197265625
[2026-06-23T17:27:37.643] [DEBUG] debug-file - runTaskFromQueue task cost before running: 4 s 551 ms 
[2026-06-23T17:27:37.484] [DEBUG] debug-file - entry : default@CreateModuleInfo cost memory 0.03762054443359375
[2026-06-23T17:27:37.359] [DEBUG] debug-file - Start initialize module-target build option map, moduleName=entry, buildMode=debug
[2026-06-23T17:27:37.579] [DEBUG] debug-file - runTaskFromQueue task cost before running: 4 s 487 ms 
[2026-06-23T17:27:37.597] [INFO] debug-file - UP-TO-DATE :entry:default@CreateBuildProfile...  
[2026-06-23T17:27:37.644] [INFO] debug-file - Finished :entry:default@ProcessIntegratedHsp... after 3 ms 
[2026-06-23T17:27:37.359] [DEBUG] debug-file - Target 'default' config initialized
[2026-06-23T17:27:37.579] [INFO] debug-file - Finished :entry:default@ConfigureCmake... after 82 ms 
[2026-06-23T17:27:37.484] [DEBUG] debug-file - runTaskFromQueue task cost before running: 4 s 392 ms 
[2026-06-23T17:27:37.359] [DEBUG] debug-file - Module 'entry' target 'default' build option initialized
[2026-06-23T17:27:37.486] [INFO] debug-file - Finished :entry:default@CreateModuleInfo... after 4 ms 
[2026-06-23T17:27:37.583] [DEBUG] debug-file - Executing task :entry:default@MergeProfile
[2026-06-23T17:27:37.359] [DEBUG] debug-file - End initialize module-target build option map, moduleName=entry
[2026-06-23T17:27:37.584] [DEBUG] debug-file - Task 'entry:default@MergeProfile' cost while wrapping incremental declarations: 1 ms 
[2026-06-23T17:27:37.360] [DEBUG] debug-file - Obtain build option for module 'entry' target 'default'in this build.
[2026-06-23T17:27:37.588] [DEBUG] debug-file - Incremental task entry:default@MergeProfile pre-execution cost: 4 ms .
[2026-06-23T17:27:37.371] [DEBUG] debug-file - Module entry task initialization takes 10 ms 
[2026-06-23T17:27:37.588] [DEBUG] debug-file - entry : default@MergeProfile cost memory 0.12586212158203125
[2026-06-23T17:27:37.371] [DEBUG] debug-file - Hap plugin register hook start...
[2026-06-23T17:27:37.681] [DEBUG] debug-file - CMake configuration was up-to-date
[2026-06-23T17:27:37.589] [INFO] debug-file - UP-TO-DATE :entry:default@MergeProfile...  
[2026-06-23T17:27:37.372] [DEBUG] debug-file - Hap plugin register hook end...
[2026-06-23T17:27:37.372] [DEBUG] debug-file - Plugin build process completed
[2026-06-23T17:27:37.372] [DEBUG] debug-file - hvigorfile, resolve finished D:\HUAWEI\Lab2\ndk-opengl-master\entry\hvigorfile.ts
[2026-06-23T17:27:37.692] [DEBUG] debug-file - Use tool [Cmake]
 [
  'D:\\HUAWEI\\DevEco\\DevEco Studio\\sdk\\default\\openharmony\\native\\build-tools\\cmake\\bin\\cmake.exe',
  '-HD:\\HUAWEI\\Lab2\\ndk-opengl-master\\entry\\src\\main\\cpp',
  '-BD:\\HUAWEI\\Lab2\\ndk-opengl-master\\entry\\.cxx\\default\\default\\debug\\x86_64',
  '-DOHOS_ARCH=x86_64',
  '-DCMAKE_LIBRARY_OUTPUT_DIRECTORY=D:\\HUAWEI\\Lab2\\ndk-opengl-master\\entry\\build\\default\\intermediates\\cmake\\default\\obj\\x86_64',
  '-DCMAKE_BUILD_TYPE=Debug',
  '-DOHOS_SDK_NATIVE=D:\\HUAWEI\\DevEco\\DevEco Studio\\sdk\\default\\openharmony\\native',
  '-DCMAKE_SYSTEM_NAME=OHOS',
  '-DCMAKE_OHOS_ARCH_ABI=x86_64',
  '-DCMAKE_EXPORT_COMPILE_COMMANDS=ON',
  '-DCMAKE_TOOLCHAIN_FILE=D:\\HUAWEI\\DevEco\\DevEco Studio\\sdk\\default\\hms\\native\\build\\cmake\\hmos.toolchain.cmake',
  '-GNinja',
  '-DCMAKE_MAKE_PROGRAM=D:\\HUAWEI\\DevEco\\DevEco Studio\\sdk\\default\\openharmony\\native\\build-tools\\cmake\\bin\\ninja.exe',
  '-DCMAKE_FIND_ROOT_PATH=D:\\HUAWEI\\Lab2\\ndk-opengl-master\\entry\\.cxx\\default\\default\\debug\\hvigor\\x86_64',
  '-DPACKAGE_FIND_FILE=D:\\HUAWEI\\Lab2\\ndk-opengl-master\\entry\\.cxx\\default\\default\\debug\\hvigor\\x86_64\\summary.cmake',
  '--no-warn-unused-cli',
  '-DHMOS_SDK_NATIVE=D:\\HUAWEI\\DevEco\\DevEco Studio\\sdk\\default\\hms\\native'
]
[2026-06-23T17:27:37.705] [DEBUG] debug-file - CMake configuration was up-to-date
[2026-06-23T17:27:37.710] [DEBUG] debug-file - entry : default@BuildNativeWithCmake cost memory 1.275421142578125
[2026-06-23T17:27:37.711] [DEBUG] debug-file - runTaskFromQueue task cost before running: 4 s 619 ms 
[2026-06-23T17:27:37.724] [DEBUG] debug-file - Executing task :entry:default@SyscapTransform
[2026-06-23T17:27:37.778] [DEBUG] debug-file - Executing task :entry:default@ProcessRouterMap
[2026-06-23T17:27:37.716] [DEBUG] debug-file - Executing task :entry:default@MakePackInfo
[2026-06-23T17:27:37.803] [DEBUG] debug-file - Executing task :entry:default@BuildNativeWithNinja
[2026-06-23T17:27:37.711] [INFO] debug-file - Finished :entry:default@BuildNativeWithCmake... after 63 ms 
[2026-06-23T17:27:37.787] [DEBUG] debug-file - Executing task :entry:default@ProcessShareConfig
[2026-06-23T17:27:37.765] [DEBUG] debug-file - Executing task :entry:default@ProcessProfile
[2026-06-23T17:27:37.812] [DEBUG] debug-file - Create  resident worker with id: 0.
[2026-06-23T17:27:37.796] [DEBUG] debug-file - Executing task :entry:default@ProcessStartupConfig
[2026-06-23T17:27:37.847] [DEBUG] debug-file - OHOS_STL is c++_shared
[2026-06-23T17:27:37.994] [DEBUG] debug-file - Executing task :entry:default@CompileArkTS
[2026-06-23T17:27:37.948] [DEBUG] debug-file - Executing task :entry:default@CompileResource
[2026-06-23T17:27:37.899] [DEBUG] debug-file - Executing task :entry:default@GenerateLoaderJson
[2026-06-23T17:27:37.884] [DEBUG] debug-file - Executing task :entry:default@ProcessResource
[2026-06-23T17:27:38.085] [DEBUG] debug-file - Executing task :entry:default@BuildJS
[2026-06-23T17:27:37.725] [DEBUG] debug-file - File: 'D:\HUAWEI\Lab2\ndk-opengl-master\entry\src\main\syscap.json' from 'sysCapJsonPath' is not exists, just ignore.
[2026-06-23T17:27:37.783] [DEBUG] debug-file - Incremental task entry:default@ProcessRouterMap pre-execution cost: 4 ms .
[2026-06-23T17:27:37.720] [DEBUG] debug-file - Incremental task entry:default@MakePackInfo pre-execution cost: 3 ms .
[2026-06-23T17:27:37.807] [DEBUG] debug-file - Use tool [Ninja]
 [
  'D:\\HUAWEI\\DevEco\\DevEco Studio\\sdk\\default\\openharmony\\native\\build-tools\\cmake\\bin\\ninja.exe',
  '-C',
  'D:\\HUAWEI\\Lab2\\ndk-opengl-master\\entry\\.cxx\\default\\default\\debug\\arm64-v8a'
]
[2026-06-23T17:27:37.791] [DEBUG] debug-file - Incremental task entry:default@ProcessShareConfig pre-execution cost: 2 ms .
[2026-06-23T17:27:37.767] [DEBUG] debug-file - Task 'entry:default@ProcessProfile' cost while wrapping incremental declarations: 1 ms 
[2026-06-23T17:27:37.817] [DEBUG] debug-file - Create  resident worker with id: 1.
[2026-06-23T17:27:37.796] [DEBUG] debug-file - Task 'entry:default@ProcessStartupConfig' cost while wrapping incremental declarations: 1 ms 
[2026-06-23T17:27:37.848] [DEBUG] debug-file - Copy STL libc++_shared.so to D:\HUAWEI\Lab2\ndk-opengl-master\entry\build\default\intermediates\cmake\default\obj\arm64-v8a due to OHOS_STL is 'c++_shared'
[2026-06-23T17:27:37.996] [DEBUG] debug-file - obfuscationOptions: undefined
[2026-06-23T17:27:37.982] [DEBUG] debug-file - Incremental task entry:default@CompileResource pre-execution cost: 31 ms .
[2026-06-23T17:27:37.901] [DEBUG] debug-file - Task 'entry:default@GenerateLoaderJson' cost while wrapping incremental declarations: 1 ms 
[2026-06-23T17:27:37.884] [DEBUG] debug-file - Task 'entry:default@ProcessResource' cost while wrapping incremental declarations: 1 ms 
[2026-06-23T17:27:38.088] [DEBUG] debug-file - Task 'entry:default@BuildJS' cost while wrapping incremental declarations: 1 ms 
[2026-06-23T17:27:37.727] [DEBUG] debug-file - Task 'entry:default@SyscapTransform' cost while wrapping incremental declarations: 2 ms 
[2026-06-23T17:27:37.783] [DEBUG] debug-file - entry : default@ProcessRouterMap cost memory 0.13037109375
[2026-06-23T17:27:37.720] [DEBUG] debug-file - entry : default@MakePackInfo cost memory 0.1000213623046875
[2026-06-23T17:27:37.808] [DEBUG] debug-file - Since there is no instance or instance is terminated, create a new worker pool.
[2026-06-23T17:27:37.791] [DEBUG] debug-file - entry : default@ProcessShareConfig cost memory 0.10517120361328125
[2026-06-23T17:27:37.822] [DEBUG] debug-file - default@BuildNativeWithNinja work[0] is submitted.
[2026-06-23T17:27:37.797] [DEBUG] debug-file - entry:default@ProcessStartupConfig is not up-to-date, since the output file 'D:\HUAWEI\Lab2\ndk-opengl-master\entry\build\default\intermediates\startup\default\startup_config.json' does not exist.
[2026-06-23T17:27:37.770] [DEBUG] debug-file - Incremental task entry:default@ProcessProfile pre-execution cost: 3 ms .
[2026-06-23T17:27:37.849] [DEBUG] debug-file - Use tool [Ninja]
 [
  'D:\\HUAWEI\\DevEco\\DevEco Studio\\sdk\\default\\openharmony\\native\\build-tools\\cmake\\bin\\ninja.exe',
  '-C',
  'D:\\HUAWEI\\Lab2\\ndk-opengl-master\\entry\\.cxx\\default\\default\\debug\\x86_64'
]
[2026-06-23T17:27:38.001] [DEBUG] debug-file - Task 'entry:default@CompileArkTS' cost while wrapping incremental declarations: 1 ms 
[2026-06-23T17:27:37.982] [DEBUG] debug-file - entry : default@CompileResource cost memory 0.576751708984375
[2026-06-23T17:27:37.924] [DEBUG] debug-file - Incremental task entry:default@GenerateLoaderJson pre-execution cost: 9 ms .
[2026-06-23T17:27:37.888] [DEBUG] debug-file - Incremental task entry:default@ProcessResource pre-execution cost: 3 ms .
[2026-06-23T17:27:38.097] [DEBUG] debug-file - entry : default@BuildJS cost memory 0.15185546875
[2026-06-23T17:27:37.757] [DEBUG] debug-file - entry:default@SyscapTransform is not up-to-date, since the output file 'D:\HUAWEI\Lab2\ndk-opengl-master\entry\build\default\intermediates\syscap\default\rpcid.sc' does not exist.
[2026-06-23T17:27:37.784] [INFO] debug-file - UP-TO-DATE :entry:default@ProcessRouterMap...  
[2026-06-23T17:27:37.721] [INFO] debug-file - UP-TO-DATE :entry:default@MakePackInfo...  
[2026-06-23T17:27:37.808] [DEBUG] debug-file - Worker pool is initialized with config:  {
  minPoolNum: 2,
  maxPoolNum: undefined,
  maxCoreSize: undefined,
  cacheCapacity: undefined,
  cacheTtl: undefined
}
[2026-06-23T17:27:37.792] [INFO] debug-file - UP-TO-DATE :entry:default@ProcessShareConfig...  
[2026-06-23T17:27:37.824] [DEBUG] debug-file - default@BuildNativeWithNinja work[0] is pushed to ready queue.
[2026-06-23T17:27:37.797] [DEBUG] debug-file - Incremental task entry:default@ProcessStartupConfig pre-execution cost: 1 ms .
[2026-06-23T17:27:37.770] [DEBUG] debug-file - entry : default@ProcessProfile cost memory 0.1560821533203125
[2026-06-23T17:27:37.849] [DEBUG] debug-file - default@BuildNativeWithNinja work[1] is submitted.
[2026-06-23T17:27:38.056] [DEBUG] debug-file - build config:
[2026-06-23T17:27:37.984] [INFO] debug-file - UP-TO-DATE :entry:default@CompileResource...  
[2026-06-23T17:27:37.924] [DEBUG] debug-file - entry : default@GenerateLoaderJson cost memory 0.47332763671875
[2026-06-23T17:27:37.888] [DEBUG] debug-file - entry : default@ProcessResource cost memory 0.1252288818359375
[2026-06-23T17:27:38.097] [DEBUG] debug-file - runTaskFromQueue task cost before running: 5 s 5 ms 
[2026-06-23T17:27:37.757] [DEBUG] debug-file - Incremental task entry:default@SyscapTransform pre-execution cost: 31 ms .
[2026-06-23T17:27:37.824] [DEBUG] debug-file - A work dispatched to worker[19] failed because unable to get work from ready queue.
[2026-06-23T17:27:37.798] [DEBUG] debug-file - entry : default@ProcessStartupConfig cost memory 0.08086395263671875
[2026-06-23T17:27:37.771] [INFO] debug-file - UP-TO-DATE :entry:default@ProcessProfile...  
[2026-06-23T17:27:37.850] [DEBUG] debug-file - default@BuildNativeWithNinja work[1] is pushed to ready queue.
[2026-06-23T17:27:38.057] [DEBUG] debug-file - {
  moduleType: 'entry',
  perf: 0,
  targetName: '.default',
  packageManagerType: 'ohpm',
  localPropertiesPath: 'D:\\HUAWEI\\Lab2\\ndk-opengl-master\\local.properties',
  isPreview: false,
  isOhosTest: false,
  isLocalTest: false,
  buildMode: 'Debug',
  hotReloadBuild: undefined,
  watchMode: 'false',
  aceProfilePath: 'D:\\HUAWEI\\Lab2\\ndk-opengl-master\\entry\\build\\default\\intermediates\\res\\default\\resources\\base\\profile',
  etsLoaderPath: 'D:\\HUAWEI\\DevEco\\DevEco Studio\\sdk\\default\\openharmony\\ets\\build-tools\\ets-loader',
  modulePath: 'D:\\HUAWEI\\Lab2\\ndk-opengl-master\\entry',
  testFrameworkPar: {
    testMode: undefined,
    coveragePathFilter: undefined,
    coverageMode: undefined
  },
  needCoverageInsert: false,
  debugLine: false,
  projectTopDir: 'D:\\HUAWEI\\Lab2\\ndk-opengl-master',
  compileSdkVersion: 22,
  compatibleSdkVersion: 17,
  originCompatibleSdkVersion: '5.0.5(17)',
  compatibleSdkVersionStage: undefined,
  bundleName: 'c***l',
  etsLoaderVersion: '6.0.2.130',
  etsLoaderReleaseType: 'Release',
  aotCompileMode: 'type',
  apPath: 'D:\\HUAWEI\\Lab2\\ndk-opengl-master\\entry\\modules.ap',
  entryModuleName: 'entry',
  entryModuleVersion: '1.0.0',
  entryPackageName: 'entry',
  allModuleNameHash: '66f3c8041c023c38db49f629f07ca7e98f6276f17f4308e3f90230a419a9692b',
  externalApiPaths: [ 'D:\\HUAWEI\\DevEco\\DevEco Studio\\sdk\\default\\hms\\ets' ],
  compilerTypes: [],
  isCrossplatform: false,
  hvigorPluginFile: undefined,
  compilePluginPath: undefined,
  buildGeneratedProfilePath: 'D:\\HUAWEI\\Lab2\\ndk-opengl-master\\entry\\build\\default\\generated\\profile\\default',
  bundleType: 'app',
  arkTSVersion: undefined,
  apiVersion: 22,
  needCompleteSourcesMap: false,
  isFaMode: false,
  buildDir: 'D:\\HUAWEI\\Lab2\\ndk-opengl-master\\entry\\build',
  deviceTypes: [ 'phone', 'tablet' ],
  pkgContextInfo: undefined,
  ohPackagePathMap: {},
  dependencyAliasMap: {},
  permission: { requestPermissions: undefined, definePermissions: undefined },
  useGetCurrentBundleName: false,
  projectArkOption: undefined,
  sourceMapDir: undefined,
  branchElimination: false,
  transformLib: undefined,
  tsImportSendable: false,
  resolveConflictMode: true,
  depName2RootPath: {},
  depName2DepInfo: {},
  rootPathSet: [ 'D:\\HUAWEI\\Lab2\\ndk-opengl-master' ],
  useNativeResolver: true,
  shouldEmitJs: true,
  useTscResolve: false,
  singleFileEmit: false,
  userProjectConfig: {
    autoLazyImport: false,
    allowEmptyBundleName: false,
    reExportCheckMode: 'noCheck',
    executionMode: 'memory',
    usePathPlaceholder: false,
    writeRollupCache: true,
    isExpandImportEnabled: false,
    expandImportExclude: '',
    lazyImportExclude: '',
    lazyImportInclude: '',
    ignoreCrossplatformCheck: false,
    isHarDeduplicateEnabled: false,
    skipOhModulesLint: false,
    enableStrictCheckOHModule: false,
    disableSendableCheckRules: [],
    useDeclarationFileSignature: false,
    customizedOptions: undefined,
    integratedHsp: false,
    isPreloadSoEnabled: false
  },
  executionMode: 'memory',
  arkCompileCachePath: 'D:\\HUAWEI\\Lab2\\ndk-opengl-master\\entry\\build\\default\\cache\\default\\default@CompileArkTS\\esmodule',
  autoLazyFilter: undefined,
  isHarDeduplicateEnabled: false,
  intermediateHarDuplicateDirPath: 'D:\\HUAWEI\\Lab2\\ndk-opengl-master\\entry\\build\\default\\intermediates\\har_duplicate\\default',
  autoLazyImport: false,
  allowEmptyBundleName: false,
  reExportCheckMode: 'noCheck',
  usePathPlaceholder: false,
  writeRollupCache: true,
  isExpandImportEnabled: false,
  expandImportExclude: '',
  lazyImportExclude: '',
  lazyImportInclude: '',
  ignoreCrossplatformCheck: false,
  skipOhModulesLint: false,
  enableStrictCheckOHModule: false,
  disableSendableCheckRules: [],
  useDeclarationFileSignature: false,
  customizedOptions: undefined,
  integratedHsp: false,
  isPreloadSoEnabled: false,
  strictMode: undefined,
  useNormalizedOHMUrl: false,
  caseSensitiveCheck: false,
  aceModuleJsonPath: 'D:\\HUAWEI\\Lab2\\ndk-opengl-master\\entry\\build\\default\\intermediates\\res\\default\\ark_module.json',
  appResource: 'D:\\HUAWEI\\Lab2\\ndk-opengl-master\\entry\\build\\default\\intermediates\\res\\default\\ResourceTable.txt',
  rawFileResource: 'D:\\HUAWEI\\Lab2\\ndk-opengl-master\\entry\\build\\default\\intermediates\\res\\default\\resources\\rawfile',
  resourceTableHash: '3373ab0ff82e89b8179ad2e7bef6ed49d956c81c8513b8ba47a640c335e48807',
  runtimeOS: 'HarmonyOS',
  sdkInfo: 'false:22:6.0.2.130:Release',
  aceModuleRoot: 'D:\\HUAWEI\\Lab2\\ndk-opengl-master\\entry\\src\\main\\ets',
  compileMode: 'esmodule',
  aceSuperVisualPath: 'D:\\HUAWEI\\Lab2\\ndk-opengl-master\\entry\\src\\main\\supervisual',
  aceBuildJson: 'D:\\HUAWEI\\Lab2\\ndk-opengl-master\\entry\\build\\default\\intermediates\\loader\\default\\loader.json',
  cachePath: 'D:\\HUAWEI\\Lab2\\ndk-opengl-master\\entry\\build\\default\\cache\\default\\default@CompileArkTS\\esmodule\\debug',
  aceModuleBuild: 'D:\\HUAWEI\\Lab2\\ndk-opengl-master\\entry\\build\\default\\intermediates\\loader_out\\default\\ets',
  supportChunks: true,
  declaredFilesPath: undefined,
  shouldCollectDirectImportees: false,
  isByteCodeHarOptimize: false,
  expandImportPath: undefined,
  pkgNameToPkgBriefInfo: {
    entry: {
      pkgRoot: 'D:\\HUAWEI\\Lab2\\ndk-opengl-master\\entry',
      originalSourceRoots: undefined,
      sourceRoots: [Array],
      pkgName: 'entry'
    }
  },
  projectModel: {
    'D:\\HUAWEI\\Lab2\\ndk-opengl-master\\entry\\src\\main': {
      moduleName: 'entry',
      modulePkgPath: 'D:\\HUAWEI\\Lab2\\ndk-opengl-master\\entry',
      belongProjectPath: 'D:\\HUAWEI\\Lab2\\ndk-opengl-master'
    },
    'D:\\HUAWEI\\Lab2\\ndk-opengl-master\\entry': {
      moduleName: 'entry',
      modulePkgPath: 'D:\\HUAWEI\\Lab2\\ndk-opengl-master\\entry',
      belongProjectPath: 'D:\\HUAWEI\\Lab2\\ndk-opengl-master'
    },
    'D:\\HUAWEI\\Lab2\\ndk-opengl-master': {
      moduleName: 'ndk-opengl-master',
      modulePkgPath: 'D:\\HUAWEI\\Lab2\\ndk-opengl-master',
      belongProjectPath: 'D:\\HUAWEI\\Lab2\\ndk-opengl-master'
    }
  },
  pkgJsonFileHash: '8697a744fece5f253756dfbef32bca746d8a3cbf1dc4911b3a4766bf5c08e877',
  allModulePaths: [ 'D:\\HUAWEI\\Lab2\\ndk-opengl-master\\entry' ],
  routerMap: {},
  obfuscationOptions: undefined,
  byteCodeHarToDependencyKeys: undefined,
  compileBlockPkg: [],
  mockParams: {
    decorator: '@MockSetup',
    packageName: '@ohos/hamock',
    etsSourceRootPath: 'src/main/ets',
    mockConfigPath: undefined,
    mockConfigKey2ModuleInfo: {},
    source2ModuleIdMap: {}
  },
  copyCodeResourceEnable: true,
  copyCodeResourceExcludes: [],
  copyCodeResourceIncludes: undefined,
  uiTransformOptimization: false,
  sdkPath: 'D:/HUAWEI/DevEco/DevEco Studio/sdk',
  needPreloadSoFileSet: {},
  preloadSoFilePath: 'D:\\HUAWEI\\Lab2\\ndk-opengl-master\\entry\\build\\default\\intermediates\\preload\\default\\preload.json',
  useSourceHash: false,
  localModuleParamMap: {},
  otherPaths: {
    'entry/*': [
      '..\\*',
      '..\\..\\..\\build\\default\\generated\\profile\\default\\*'
    ]
  },
  collectImportersConfig: undefined
}
[2026-06-23T17:27:37.939] [INFO] debug-file - UP-TO-DATE :entry:default@GenerateLoaderJson...  
[2026-06-23T17:27:37.891] [INFO] debug-file - UP-TO-DATE :entry:default@ProcessResource...  
[2026-06-23T17:27:38.098] [INFO] debug-file - Finished :entry:default@BuildJS... after 13 ms 
[2026-06-23T17:27:37.758] [DEBUG] debug-file - entry : default@SyscapTransform cost memory 0.138214111328125
[2026-06-23T17:27:37.825] [DEBUG] debug-file - Create  resident worker with id: 18.
[2026-06-23T17:27:37.798] [DEBUG] debug-file - runTaskFromQueue task cost before running: 4 s 706 ms 
[2026-06-23T17:27:37.850] [DEBUG] debug-file - A work dispatched to worker[19] failed because unable to get work from ready queue.
[2026-06-23T17:27:38.059] [DEBUG] debug-file - Compile arkts with external api path: D:\HUAWEI\DevEco\DevEco Studio\sdk\default\hms\ets
[2026-06-23T17:27:37.944] [DEBUG] debug-file - restool module names: entry; moduleName=entry, taskName=default@CompileResource
[2026-06-23T17:27:37.758] [DEBUG] debug-file - runTaskFromQueue task cost before running: 4 s 666 ms 
[2026-06-23T17:27:37.827] [DEBUG] debug-file - default@BuildNativeWithNinja work[0] has been dispatched to worker[18].
[2026-06-23T17:27:37.799] [INFO] debug-file - Finished :entry:default@ProcessStartupConfig... after 3 ms 
[2026-06-23T17:27:37.850] [DEBUG] debug-file - A work dispatched to worker[18] failed because of worker busy.
[2026-06-23T17:27:38.063] [DEBUG] debug-file - default@CompileArkTS work[2] is submitted.
[2026-06-23T17:27:37.759] [INFO] debug-file - Finished :entry:default@SyscapTransform... after 34 ms 
[2026-06-23T17:27:37.827] [DEBUG] debug-file - default@BuildNativeWithNinja work[0] is dispatched.
[2026-06-23T17:27:37.850] [DEBUG] debug-file - Create  resident worker with id: 17.
[2026-06-23T17:27:38.064] [DEBUG] debug-file - default@CompileArkTS work[2] is pushed to ready queue.
[2026-06-23T17:27:37.855] [DEBUG] debug-file - default@BuildNativeWithNinja work[1] has been dispatched to worker[17].
[2026-06-23T17:27:38.064] [DEBUG] debug-file - A work dispatched to worker[19] failed because unable to get work from ready queue.
[2026-06-23T17:27:37.855] [DEBUG] debug-file - default@BuildNativeWithNinja work[1] is dispatched.
[2026-06-23T17:27:38.064] [DEBUG] debug-file - A work dispatched to worker[18] failed because of worker busy.
[2026-06-23T17:27:37.870] [DEBUG] debug-file - OHOS_STL is c++_shared
[2026-06-23T17:27:38.064] [DEBUG] debug-file - A work dispatched to worker[17] failed because of worker busy.
[2026-06-23T17:27:37.870] [DEBUG] debug-file - Copy STL libc++_shared.so to D:\HUAWEI\Lab2\ndk-opengl-master\entry\build\default\intermediates\cmake\default\obj\x86_64 due to OHOS_STL is 'c++_shared'
[2026-06-23T17:27:38.064] [DEBUG] debug-file - A work dispatched to worker[16] failed because unable to get work from ready queue.
[2026-06-23T17:27:37.871] [DEBUG] debug-file - entry : default@BuildNativeWithNinja cost memory 2.7477874755859375
[2026-06-23T17:27:38.064] [DEBUG] debug-file - A work dispatched to worker[15] failed because unable to get work from ready queue.
[2026-06-23T17:27:37.877] [DEBUG] debug-file - restool module names: entry; moduleName=entry, taskName=default@ProcessResource
[2026-06-23T17:27:38.064] [DEBUG] debug-file - A work dispatched to worker[14] failed because unable to get work from ready queue.
[2026-06-23T17:27:38.064] [DEBUG] debug-file - A work dispatched to worker[13] failed because unable to get work from ready queue.
[2026-06-23T17:27:38.064] [DEBUG] debug-file - A work dispatched to worker[12] failed because unable to get work from ready queue.
[2026-06-23T17:27:38.064] [DEBUG] debug-file - A work dispatched to worker[11] failed because unable to get work from ready queue.
[2026-06-23T17:27:38.065] [DEBUG] debug-file - A work dispatched to worker[10] failed because unable to get work from ready queue.
[2026-06-23T17:27:38.065] [DEBUG] debug-file - A work dispatched to worker[9] failed because unable to get work from ready queue.
[2026-06-23T17:27:38.065] [DEBUG] debug-file - A work dispatched to worker[8] failed because unable to get work from ready queue.
[2026-06-23T17:27:38.065] [DEBUG] debug-file - A work dispatched to worker[7] failed because unable to get work from ready queue.
[2026-06-23T17:27:38.065] [DEBUG] debug-file - A work dispatched to worker[6] failed because unable to get work from ready queue.
[2026-06-23T17:27:38.065] [DEBUG] debug-file - A work dispatched to worker[5] failed because unable to get work from ready queue.
[2026-06-23T17:27:38.065] [DEBUG] debug-file - Create  resident worker with id: 4.
[2026-06-23T17:27:38.067] [DEBUG] debug-file - default@CompileArkTS work[2] has been dispatched to worker[4].
[2026-06-23T17:27:38.068] [DEBUG] debug-file - default@CompileArkTS work[2] is dispatched.
[2026-06-23T17:27:38.068] [DEBUG] debug-file - CopyResources startTime: 2179406600200
[2026-06-23T17:27:38.068] [DEBUG] debug-file - default@CompileArkTS work[3] is submitted.
[2026-06-23T17:27:38.068] [DEBUG] debug-file - default@CompileArkTS work[3] is pushed to ready queue.
[2026-06-23T17:27:38.068] [DEBUG] debug-file - A work dispatched to worker[19] failed because unable to get work from ready queue.
[2026-06-23T17:27:38.068] [DEBUG] debug-file - A work dispatched to worker[18] failed because of worker busy.
[2026-06-23T17:27:38.068] [DEBUG] debug-file - A work dispatched to worker[17] failed because of worker busy.
[2026-06-23T17:27:38.068] [DEBUG] debug-file - Create  resident worker with id: 16.
[2026-06-23T17:27:38.071] [DEBUG] debug-file - default@CompileArkTS work[3] has been dispatched to worker[16].
[2026-06-23T17:27:38.071] [DEBUG] debug-file - default@CompileArkTS work[3] is dispatched.
[2026-06-23T17:27:38.073] [DEBUG] debug-file - entry : default@CompileArkTS cost memory 2.0400390625
[2026-06-23T17:27:41.033] [DEBUG] debug-file - worker[16] has one work done.
[2026-06-23T17:27:41.033] [DEBUG] debug-file - CopyResources is end, endTime: 2182372020400
[2026-06-23T17:27:41.034] [DEBUG] debug-file - default@CompileArkTS work[3] done.
[2026-06-23T17:27:41.036] [DEBUG] debug-file - A work dispatched to worker[16] failed because unable to get work from ready queue.
[2026-06-23T17:27:44.510] [DEBUG] debug-file - ninja: Entering directory `D:\HUAWEI\Lab2\ndk-opengl-master\entry\.cxx\default\default\debug\x86_64'
[1/2] Building CXX object CMakeFiles/tetrahedron_napi.dir/app_napi.cpp.o

[2026-06-23T17:27:44.548] [DEBUG] debug-file - ninja: Entering directory `D:\HUAWEI\Lab2\ndk-opengl-master\entry\.cxx\default\default\debug\arm64-v8a'
[1/2] Building CXX object CMakeFiles/tetrahedron_napi.dir/app_napi.cpp.o

[2026-06-23T17:27:48.354] [DEBUG] debug-file - clang++: warning: argument unused during compilation: '--gcc-toolchain=D:/HUAWEI/DevEco/DevEco Studio/sdk/default/openharmony/native/llvm' [-Wunused-command-line-argument]
[2/2] Linking CXX shared library D:\HUAWEI\Lab2\ndk-opengl-master\entry\build\default\intermediates\cmake\default\obj\x86_64\libtetrahedron_napi.so

[2026-06-23T17:27:48.389] [DEBUG] debug-file - clang++: warning: argument unused during compilation: '--gcc-toolchain=D:/HUAWEI/DevEco/DevEco Studio/sdk/default/openharmony/native/llvm' [-Wunused-command-line-argument]
[2/2] Linking CXX shared library D:\HUAWEI\Lab2\ndk-opengl-master\entry\build\default\intermediates\cmake\default\obj\arm64-v8a\libtetrahedron_napi.so

[2026-06-23T17:27:48.400] [DEBUG] debug-file - worker[18] has one work done.
[2026-06-23T17:27:48.432] [DEBUG] debug-file - default@BuildNativeWithNinja work[0] done.
[2026-06-23T17:27:48.433] [DEBUG] debug-file - A work dispatched to worker[18] failed because unable to get work from ready queue.
[2026-06-23T17:27:48.433] [DEBUG] debug-file - worker[17] has one work done.
[2026-06-23T17:27:48.462] [DEBUG] debug-file - Executing task :entry:default@ProcessLibs
[2026-06-23T17:27:48.455] [DEBUG] debug-file - default@BuildNativeWithNinja work[1] done.
[2026-06-23T17:27:48.518] [DEBUG] debug-file - Check content hash for D:\HUAWEI\Lab2\ndk-opengl-master\entry\build\default\intermediates\cmake\default\obj\x86_64\libtetrahedron_napi.so
[2026-06-23T17:27:48.455] [DEBUG] debug-file - A work dispatched to worker[17] failed because unable to get work from ready queue.
[2026-06-23T17:27:48.456] [INFO] debug-file - Finished :entry:default@BuildNativeWithNinja... after 6 s 317 ms 
[2026-06-23T17:27:48.566] [DEBUG] debug-file - Check content hash for D:\HUAWEI\Lab2\ndk-opengl-master\entry\build\default\intermediates\cmake\default\obj\x86_64\libc++_shared.so
[2026-06-23T17:27:48.583] [DEBUG] debug-file - Check content hash for D:\HUAWEI\Lab2\ndk-opengl-master\entry\build\default\intermediates\cmake\default\obj\arm64-v8a\libtetrahedron_napi.so
[2026-06-23T17:27:48.618] [DEBUG] debug-file - Check content hash for D:\HUAWEI\Lab2\ndk-opengl-master\entry\build\default\intermediates\cmake\default\obj\arm64-v8a\libc++_shared.so
[2026-06-23T17:27:48.644] [DEBUG] debug-file - entry:default@ProcessLibs is not up-to-date, since the task snapshots are different.
[2026-06-23T17:27:48.644] [DEBUG] debug-file - Incremental task entry:default@ProcessLibs pre-execution cost: 7 ms .
[2026-06-23T17:27:48.658] [DEBUG] debug-file - Worker dispatch failed, running processLibs on main thread.
[2026-06-23T17:27:48.679] [DEBUG] debug-file - Link D:\HUAWEI\Lab2\ndk-opengl-master\entry\build\default\intermediates\cmake\default\obj\x86_64\libtetrahedron_napi.so to D:\HUAWEI\Lab2\ndk-opengl-master\entry\build\default\intermediates\libs\default\x86_64\libtetrahedron_napi.so successfully.
[2026-06-23T17:27:48.685] [DEBUG] debug-file - Link D:\HUAWEI\Lab2\ndk-opengl-master\entry\build\default\intermediates\cmake\default\obj\x86_64\libc++_shared.so to D:\HUAWEI\Lab2\ndk-opengl-master\entry\build\default\intermediates\libs\default\x86_64\libc++_shared.so successfully.
[2026-06-23T17:27:48.690] [DEBUG] debug-file - Link D:\HUAWEI\Lab2\ndk-opengl-master\entry\build\default\intermediates\cmake\default\obj\arm64-v8a\libtetrahedron_napi.so to D:\HUAWEI\Lab2\ndk-opengl-master\entry\build\default\intermediates\libs\default\arm64-v8a\libtetrahedron_napi.so successfully.
[2026-06-23T17:27:48.695] [DEBUG] debug-file - Link D:\HUAWEI\Lab2\ndk-opengl-master\entry\build\default\intermediates\cmake\default\obj\arm64-v8a\libc++_shared.so to D:\HUAWEI\Lab2\ndk-opengl-master\entry\build\default\intermediates\libs\default\arm64-v8a\libc++_shared.so successfully.
[2026-06-23T17:27:48.696] [DEBUG] debug-file - entry : default@ProcessLibs cost memory 3.785552978515625
[2026-06-23T17:27:48.697] [DEBUG] debug-file - runTaskFromQueue task cost before running: 15 s 604 ms 
[2026-06-23T17:27:48.699] [INFO] debug-file - Finished :entry:default@ProcessLibs... after 235 ms 
[2026-06-23T17:27:48.706] [DEBUG] debug-file - Executing task :entry:default@DoNativeStrip
[2026-06-23T17:27:48.707] [DEBUG] debug-file - Task 'entry:default@DoNativeStrip' cost while wrapping incremental declarations: 1 ms 
[2026-06-23T17:27:48.710] [DEBUG] debug-file - entry:default@DoNativeStrip is not up-to-date, since the input file 'D:\HUAWEI\Lab2\ndk-opengl-master\entry\build\default\intermediates\libs\default' has been changed.
[2026-06-23T17:27:48.710] [DEBUG] debug-file - Incremental task entry:default@DoNativeStrip pre-execution cost: 3 ms .
[2026-06-23T17:27:48.723] [DEBUG] debug-file - default@DoNativeStrip work[4] is submitted.
[2026-06-23T17:27:48.723] [DEBUG] debug-file - default@DoNativeStrip work[4] is pushed to ready queue.
[2026-06-23T17:27:48.723] [DEBUG] debug-file - A work dispatched to worker[19] failed because unable to get work from ready queue.
[2026-06-23T17:27:48.724] [DEBUG] debug-file - default@DoNativeStrip work[4] has been dispatched to worker[18].
[2026-06-23T17:27:48.724] [DEBUG] debug-file - default@DoNativeStrip work[4] is dispatched.
[2026-06-23T17:27:48.724] [DEBUG] debug-file - entry : default@DoNativeStrip cost memory 0.36011505126953125
[2026-06-23T17:27:48.821] [DEBUG] debug-file - current process  memoryUsage: {
  rss: 719785984,
  heapTotal: 89305088,
  heapUsed: 60917824,
  external: 4155511,
  arrayBuffers: 156604
} os memoryUsage :12.970157623291016
[2026-06-23T17:27:51.082] [DEBUG] debug-file - current process  memoryUsage: {
  rss: 785559552,
  heapTotal: 89305088,
  heapUsed: 61002480,
  external: 4155551,
  arrayBuffers: 156604
} os memoryUsage :13.036815643310547
[2026-06-23T17:27:51.279] [DEBUG] debug-file - worker[18] has one work done.
[2026-06-23T17:27:51.279] [DEBUG] debug-file - default@DoNativeStrip work[4] done.
[2026-06-23T17:27:51.280] [DEBUG] debug-file - A work dispatched to worker[18] failed because unable to get work from ready queue.
[2026-06-23T17:27:51.286] [DEBUG] debug-file - Executing task :entry:default@CacheNativeLibs
[2026-06-23T17:27:51.281] [INFO] debug-file - Finished :entry:default@DoNativeStrip... after 2 s 548 ms 
[2026-06-23T17:27:51.286] [DEBUG] debug-file - Task 'entry:default@CacheNativeLibs' cost while wrapping incremental declarations: 1 ms 
[2026-06-23T17:27:51.289] [DEBUG] debug-file - entry:default@CacheNativeLibs is not up-to-date, since the input file 'D:\HUAWEI\Lab2\ndk-opengl-master\entry\build\default\intermediates\stripped_native_libs\default' has been changed.
[2026-06-23T17:27:51.289] [DEBUG] debug-file - Incremental task entry:default@CacheNativeLibs pre-execution cost: 3 ms .
[2026-06-23T17:27:51.290] [DEBUG] debug-file - default@CacheNativeLibs work[5] is submitted.
[2026-06-23T17:27:51.290] [DEBUG] debug-file - default@CacheNativeLibs work[5] is pushed to ready queue.
[2026-06-23T17:27:51.290] [DEBUG] debug-file - A work dispatched to worker[19] failed because unable to get work from ready queue.
[2026-06-23T17:27:51.291] [DEBUG] debug-file - default@CacheNativeLibs work[5] has been dispatched to worker[18].
[2026-06-23T17:27:51.291] [DEBUG] debug-file - default@CacheNativeLibs work[5] is dispatched.
[2026-06-23T17:27:51.291] [DEBUG] debug-file - entry : default@CacheNativeLibs cost memory 0.1636199951171875
[2026-06-23T17:27:51.304] [DEBUG] debug-file - worker[18] has one work done.
[2026-06-23T17:27:51.304] [DEBUG] debug-file - default@CacheNativeLibs work[5] done.
[2026-06-23T17:27:51.304] [DEBUG] debug-file - A work dispatched to worker[18] failed because unable to get work from ready queue.
[2026-06-23T17:27:51.305] [INFO] debug-file - Finished :entry:default@CacheNativeLibs... after 17 ms 
[2026-06-23T17:27:58.067] [WARN] debug-file - [33mWARN: [33m[33mArkTS:WARN File: D:/HUAWEI/Lab2/ndk-opengl-master/entry/src/main/ets/pages/Index.ets:168:25
 'getParams' has been deprecated.
[39m[39m
[33mWARN: [33m[33mArkTS:WARN File: D:/HUAWEI/Lab2/ndk-opengl-master/entry/src/main/ets/pages/Index.ets:171:14
 'clear' has been deprecated.
[39m[39m
[33mWARN: [33m[33mArkTS:WARN File: D:/HUAWEI/Lab2/ndk-opengl-master/entry/src/main/ets/pages/Index.ets:245:18
 'pushUrl' has been deprecated.
[39m[39m
[33mWARN: [33m[33mArkTS:WARN File: D:/HUAWEI/Lab2/ndk-opengl-master/entry/src/main/ets/pages/ModelSelectPage.ets:21:18
 'back' has been deprecated.
[39m[39m
[33mWARN: [33m[33mArkTS:WARN File: D:/HUAWEI/Lab2/ndk-opengl-master/entry/src/main/ets/pages/ModelSelectPage.ets:69:20
 'back' has been deprecated.
[39m[39m

[2026-06-23T17:27:58.068] [DEBUG] debug-file - Ark compile task finished.finished time is 2199406477800
[2026-06-23T17:27:58.069] [DEBUG] debug-file - worker[4] has one work done.
[2026-06-23T17:27:58.072] [DEBUG] debug-file - default@CompileArkTS work[2] done.
[2026-06-23T17:27:58.100] [DEBUG] debug-file - Executing task :entry:default@PackageHap
[2026-06-23T17:27:58.072] [DEBUG] debug-file - A work dispatched to worker[4] failed because unable to get work from ready queue.
[2026-06-23T17:27:58.108] [DEBUG] debug-file - entry:default@PackageHap is not up-to-date, since the input file 'D:\HUAWEI\Lab2\ndk-opengl-master\entry\build\default\intermediates\stripped_native_libs\default' has been changed.
[2026-06-23T17:27:58.138] [DEBUG] debug-file - default@PackageHap work[6] is submitted.
[2026-06-23T17:27:58.075] [INFO] debug-file - Finished :entry:default@CompileArkTS... after 14 s 
[2026-06-23T17:27:58.109] [DEBUG] debug-file - Incremental task entry:default@PackageHap pre-execution cost: 7 ms .
[2026-06-23T17:27:58.138] [DEBUG] debug-file - default@PackageHap work[6] is pushed to ready queue.
[2026-06-23T17:27:58.080] [DEBUG] debug-file - Executing task :entry:default@GeneratePkgModuleJson
[2026-06-23T17:27:58.111] [DEBUG] debug-file - Use tool [D:\HUAWEI\DevEco\DevEco Studio\sdk\default\openharmony\toolchains\lib\app_packing_tool.jar]
 [
  'java',
  '-Dfile.encoding=GBK',
  '-jar',
  'D:\\HUAWEI\\DevEco\\DevEco Studio\\sdk\\default\\openharmony\\toolchains\\lib\\app_packing_tool.jar',
  '--mode',
  'hap',
  '--force',
  'true',
  '--lib-path',
  'D:\\HUAWEI\\Lab2\\ndk-opengl-master\\entry\\build\\default\\intermediates\\stripped_native_libs\\default',
  '--json-path',
  'D:\\HUAWEI\\Lab2\\ndk-opengl-master\\entry\\build\\default\\intermediates\\package\\default\\module.json',
  '--resources-path',
  'D:\\HUAWEI\\Lab2\\ndk-opengl-master\\entry\\build\\default\\intermediates\\res\\default\\resources',
  '--index-path',
  'D:\\HUAWEI\\Lab2\\ndk-opengl-master\\entry\\build\\default\\intermediates\\res\\default\\resources.index',
  '--pack-info-path',
  'D:\\HUAWEI\\Lab2\\ndk-opengl-master\\entry\\build\\default\\outputs\\default\\pack.info',
  '--out-path',
  'D:\\HUAWEI\\Lab2\\ndk-opengl-master\\entry\\build\\default\\outputs\\default\\entry-default-unsigned.hap',
  '--ets-path',
  'D:\\HUAWEI\\Lab2\\ndk-opengl-master\\entry\\build\\default\\intermediates\\loader_out\\default\\ets'
]
[2026-06-23T17:27:58.138] [DEBUG] debug-file - A work dispatched to worker[19] failed because unable to get work from ready queue.
[2026-06-23T17:27:58.080] [DEBUG] debug-file - File: 'D:\HUAWEI\Lab2\ndk-opengl-master\entry\build\default\intermediates\preload\default\preload.json' from 'preloadSoJsonPath' is not exists, just ignore.
[2026-06-23T17:27:58.134] [DEBUG] debug-file - java daemon socket close code:1006 reason:
[2026-06-23T17:27:58.138] [DEBUG] debug-file - default@PackageHap work[6] has been dispatched to worker[18].
[2026-06-23T17:27:58.081] [DEBUG] debug-file - Error occurs while handling @Input 'shouldDeduplicateHar': The "data" argument must be of type string or an instance of Buffer, TypedArray, or DataView. Received undefined
[2026-06-23T17:27:58.138] [DEBUG] debug-file - default@PackageHap work[6] is dispatched.
[2026-06-23T17:27:58.135] [DEBUG] debug-file - java daemon remote pack failed: connect ECONNREFUSED 127.0.0.1:45050. fallback to local java -jar pack
[2026-06-23T17:27:58.081] [DEBUG] debug-file - Task 'entry:default@GeneratePkgModuleJson' cost while wrapping incremental declarations: 2 ms 
[2026-06-23T17:27:58.147] [DEBUG] debug-file - entry : default@PackageHap cost memory 0.5782394409179688
[2026-06-23T17:27:58.082] [DEBUG] debug-file - entry:default@GeneratePkgModuleJson is not up-to-date, since the input file 'D:\HUAWEI\Lab2\ndk-opengl-master\entry\build\default\intermediates\res\default\module.json' has been changed.
[2026-06-23T17:27:58.082] [DEBUG] debug-file - Incremental task entry:default@GeneratePkgModuleJson pre-execution cost: 1 ms .
[2026-06-23T17:27:58.086] [DEBUG] debug-file - entry : default@GeneratePkgModuleJson cost memory 0.3970184326171875
[2026-06-23T17:27:58.087] [DEBUG] debug-file - runTaskFromQueue task cost before running: 24 s 994 ms 
[2026-06-23T17:27:58.087] [INFO] debug-file - Finished :entry:default@GeneratePkgModuleJson... after 7 ms 
[2026-06-23T17:27:58.089] [DEBUG] debug-file - Executing task :entry:default@ProcessCompiledResources
[2026-06-23T17:27:58.089] [DEBUG] debug-file - File: 'D:\HUAWEI\Lab2\ndk-opengl-master\entry\build\default\intermediates\preload\default\preload.json' from 'preloadSoJsonPath' is not exists, just ignore.
[2026-06-23T17:27:58.090] [DEBUG] debug-file - Task 'entry:default@ProcessCompiledResources' cost while wrapping incremental declarations: 1 ms 
[2026-06-23T17:27:58.091] [DEBUG] debug-file - entry : default@ProcessCompiledResources cost memory 0.04747772216796875
[2026-06-23T17:27:58.092] [DEBUG] debug-file - runTaskFromQueue task cost before running: 24 s 999 ms 
[2026-06-23T17:27:58.092] [INFO] debug-file - Finished :entry:default@ProcessCompiledResources... after 3 ms 
[2026-06-23T17:27:58.147] [DEBUG] debug-file - current process  memoryUsage: {
  rss: 807317504,
  heapTotal: 89305088,
  heapUsed: 61387128,
  external: 4163743,
  arrayBuffers: 164796
} os memoryUsage :13.056282043457031
[2026-06-23T17:27:59.767] [DEBUG] debug-file - worker[18] has one work done.
[2026-06-23T17:27:59.768] [DEBUG] debug-file - default@PackageHap work[6] done.
[2026-06-23T17:27:59.777] [DEBUG] debug-file - Executing task :entry:default@PackingCheck
[2026-06-23T17:27:59.768] [DEBUG] debug-file - A work dispatched to worker[18] failed because unable to get work from ready queue.
[2026-06-23T17:27:59.790] [DEBUG] debug-file - entry : default@PackingCheck cost memory 0.6830902099609375
[2026-06-23T17:27:59.770] [INFO] debug-file - Finished :entry:default@PackageHap... after 1 s 668 ms 
[2026-06-23T17:27:59.810] [DEBUG] debug-file - Executing task :entry:default@CollectDebugSymbol
[2026-06-23T17:27:59.796] [DEBUG] debug-file - Executing task :entry:default@SignHap
[2026-06-23T17:27:59.790] [DEBUG] debug-file - runTaskFromQueue task cost before running: 26 s 698 ms 
[2026-06-23T17:27:59.797] [WARN] debug-file - Will skip sign 'hos_hap'. No signingConfigs profile is configured in current project.
             If needed, configure the signingConfigs in D:\HUAWEI\Lab2\ndk-opengl-master\build-profile.json5.
[2026-06-23T17:27:59.814] [DEBUG] debug-file - entry : default@CollectDebugSymbol cost memory 0.08818817138671875
[2026-06-23T17:27:59.790] [INFO] debug-file - Finished :entry:default@PackingCheck... after 14 ms 
[2026-06-23T17:27:59.801] [DEBUG] debug-file - entry:default@SignHap is not up-to-date, since the input file 'D:\HUAWEI\Lab2\ndk-opengl-master\entry\build\default\outputs\default\entry-default-unsigned.hap' has been changed.
[2026-06-23T17:27:59.814] [DEBUG] debug-file - runTaskFromQueue task cost before running: 26 s 722 ms 
[2026-06-23T17:27:59.801] [DEBUG] debug-file - Incremental task entry:default@SignHap pre-execution cost: 3 ms .
[2026-06-23T17:27:59.814] [INFO] debug-file - Finished :entry:default@CollectDebugSymbol... after 4 ms 
[2026-06-23T17:27:59.803] [DEBUG] debug-file - entry : default@SignHap cost memory 0.07501983642578125
[2026-06-23T17:27:59.815] [DEBUG] debug-file - Executing task :entry:assembleHap
[2026-06-23T17:27:59.803] [DEBUG] debug-file - runTaskFromQueue task cost before running: 26 s 711 ms 
[2026-06-23T17:27:59.816] [DEBUG] debug-file - entry : assembleHap cost memory 0.0103607177734375
[2026-06-23T17:27:59.804] [INFO] debug-file - Finished :entry:default@SignHap... after 7 ms 
[2026-06-23T17:27:59.816] [DEBUG] debug-file - runTaskFromQueue task cost before running: 26 s 724 ms 
[2026-06-23T17:27:59.816] [INFO] debug-file - Finished :entry:assembleHap... after 1 ms 
[2026-06-23T17:27:59.836] [INFO] debug-file - BUILD SUCCESSFUL in 26 s 743 ms 
[2026-06-23T17:27:59.838] [DEBUG] debug-file - There is no need to refresh cache, since the incremental task entry:default@PreBuild is up-to-date.
[2026-06-23T17:27:59.838] [DEBUG] debug-file - Update task entry:default@CreateModuleInfo output file:D:\HUAWEI\Lab2\ndk-opengl-master\entry\build\default\generated\profile\default\ModuleInfo.ts cache.
[2026-06-23T17:27:59.839] [DEBUG] debug-file - Incremental task entry:default@CreateModuleInfo post-execution cost:1 ms .
[2026-06-23T17:27:59.839] [DEBUG] debug-file - There is no need to refresh cache, since the incremental task entry:default@GenerateMetadata is up-to-date.
[2026-06-23T17:27:59.839] [DEBUG] debug-file - There is no need to refresh cache, since the incremental task entry:default@MergeProfile is up-to-date.
[2026-06-23T17:27:59.839] [DEBUG] debug-file - There is no need to refresh cache, since the incremental task entry:default@CreateBuildProfile is up-to-date.
[2026-06-23T17:27:59.839] [DEBUG] debug-file - Update task entry:default@GeneratePkgContextInfo output file:D:\HUAWEI\Lab2\ndk-opengl-master\entry\build\default\intermediates\loader\default\pkgContextInfo.json cache.
[2026-06-23T17:27:59.840] [DEBUG] debug-file - Incremental task entry:default@GeneratePkgContextInfo post-execution cost:1 ms .
[2026-06-23T17:27:59.840] [DEBUG] debug-file - Update task entry:default@ProcessIntegratedHsp output file:D:\HUAWEI\Lab2\ndk-opengl-master\build\cache\default\integrated_hsp\integratedHspCache.json cache.
[2026-06-23T17:27:59.840] [DEBUG] debug-file - Incremental task entry:default@ProcessIntegratedHsp post-execution cost:1 ms .
[2026-06-23T17:27:59.840] [DEBUG] debug-file - There is no need to refresh cache, since the incremental task entry:default@MakePackInfo is up-to-date.
[2026-06-23T17:27:59.840] [DEBUG] debug-file - Update task entry:default@SyscapTransform input file:D:\HUAWEI\DevEco\DevEco Studio\sdk\default\openharmony\toolchains\syscap_tool.exe cache by regenerate.
[2026-06-23T17:27:59.842] [DEBUG] debug-file - Update task entry:default@SyscapTransform input file:D:\HUAWEI\DevEco\DevEco Studio\sdk\default\openharmony\ets\api\device-define cache by regenerate.
[2026-06-23T17:27:59.844] [DEBUG] debug-file - Update task entry:default@SyscapTransform output file:D:\HUAWEI\Lab2\ndk-opengl-master\entry\build\default\intermediates\syscap\default\rpcid.sc cache.
[2026-06-23T17:27:59.845] [DEBUG] debug-file - Incremental task entry:default@SyscapTransform post-execution cost:5 ms .
[2026-06-23T17:27:59.845] [DEBUG] debug-file - There is no need to refresh cache, since the incremental task entry:default@ProcessProfile is up-to-date.
[2026-06-23T17:27:59.845] [DEBUG] debug-file - There is no need to refresh cache, since the incremental task entry:default@ProcessRouterMap is up-to-date.
[2026-06-23T17:27:59.845] [DEBUG] debug-file - There is no need to refresh cache, since the incremental task entry:default@ProcessShareConfig is up-to-date.
[2026-06-23T17:27:59.845] [DEBUG] debug-file - Update task entry:default@ProcessStartupConfig output file:D:\HUAWEI\Lab2\ndk-opengl-master\entry\build\default\intermediates\startup\default\startup_config.json cache.
[2026-06-23T17:27:59.846] [DEBUG] debug-file - Incremental task entry:default@ProcessStartupConfig post-execution cost:1 ms .
[2026-06-23T17:27:59.846] [DEBUG] debug-file - There is no need to refresh cache, since the incremental task entry:default@ProcessResource is up-to-date.
[2026-06-23T17:27:59.846] [DEBUG] debug-file - There is no need to refresh cache, since the incremental task entry:default@GenerateLoaderJson is up-to-date.
[2026-06-23T17:27:59.846] [DEBUG] debug-file - There is no need to refresh cache, since the incremental task entry:default@CompileResource is up-to-date.
[2026-06-23T17:27:59.849] [DEBUG] debug-file - Update task entry:default@CompileArkTS input file:D:\HUAWEI\Lab2\ndk-opengl-master\entry\build\default\intermediates\loader\default cache by regenerate.
[2026-06-23T17:27:59.850] [DEBUG] debug-file - Update task entry:default@CompileArkTS input file:D:\HUAWEI\Lab2\ndk-opengl-master\entry\build\default\intermediates\res\default\ResourceTable.txt cache by regenerate.
[2026-06-23T17:27:59.851] [DEBUG] debug-file - Update task entry:default@CompileArkTS input file:D:\HUAWEI\Lab2\ndk-opengl-master\entry\build\default\intermediates\res\default\ark_module.json cache by regenerate.
[2026-06-23T17:27:59.851] [DEBUG] debug-file - Update task entry:default@CompileArkTS input file:D:\HUAWEI\Lab2\ndk-opengl-master\entry\build\default\intermediates\res\default\resources\base\profile cache by regenerate.
[2026-06-23T17:27:59.852] [DEBUG] debug-file - Update task entry:default@CompileArkTS input file:D:\HUAWEI\Lab2\ndk-opengl-master\entry\src\main\ets cache by regenerate.
[2026-06-23T17:27:59.856] [DEBUG] debug-file - Update task entry:default@CompileArkTS input file:D:\HUAWEI\Lab2\ndk-opengl-master\entry\build\default\generated\profile\default\BuildProfile.ets cache by regenerate.
[2026-06-23T17:27:59.857] [DEBUG] debug-file - Update task entry:default@CompileArkTS output file:D:\HUAWEI\Lab2\ndk-opengl-master\entry\build\default\intermediates\loader_out\default\ets cache.
[2026-06-23T17:27:59.859] [DEBUG] debug-file - Incremental task entry:default@CompileArkTS post-execution cost:13 ms .
[2026-06-23T17:27:59.861] [DEBUG] debug-file - Update task entry:default@BuildJS input file:D:\HUAWEI\Lab2\ndk-opengl-master\entry\build\default\intermediates\loader\default cache by regenerate.
[2026-06-23T17:27:59.862] [DEBUG] debug-file - Update task entry:default@BuildJS input file:D:\HUAWEI\Lab2\ndk-opengl-master\entry\build\default\intermediates\res\default\ResourceTable.txt cache by regenerate.
[2026-06-23T17:27:59.862] [DEBUG] debug-file - Update task entry:default@BuildJS input file:D:\HUAWEI\Lab2\ndk-opengl-master\entry\build\default\intermediates\res\default\ark_module.json cache by regenerate.
[2026-06-23T17:27:59.862] [DEBUG] debug-file - Update task entry:default@BuildJS input file:D:\HUAWEI\Lab2\ndk-opengl-master\entry\build\default\intermediates\res\default\resources\base\profile cache by regenerate.
[2026-06-23T17:27:59.863] [DEBUG] debug-file - Update task entry:default@BuildJS output file:D:\HUAWEI\Lab2\ndk-opengl-master\entry\build\default\intermediates\loader_out\default\js cache.
[2026-06-23T17:27:59.864] [DEBUG] debug-file - Incremental task entry:default@BuildJS post-execution cost:5 ms .
[2026-06-23T17:27:59.865] [DEBUG] debug-file - Update task entry:default@ProcessLibs input file:D:\HUAWEI\Lab2\ndk-opengl-master\build-profile.json5 cache by regenerate.
[2026-06-23T17:27:59.865] [DEBUG] debug-file - Update task entry:default@ProcessLibs input file:D:\HUAWEI\Lab2\ndk-opengl-master\entry\build-profile.json5 cache by regenerate.
[2026-06-23T17:27:59.866] [DEBUG] debug-file - Update task entry:default@ProcessLibs output file:D:\HUAWEI\Lab2\ndk-opengl-master\entry\build\default\intermediates\libs\default cache.
[2026-06-23T17:27:59.868] [DEBUG] debug-file - Incremental task entry:default@ProcessLibs post-execution cost:5 ms .
[2026-06-23T17:27:59.868] [DEBUG] debug-file - Update task entry:default@DoNativeStrip input file:D:\HUAWEI\Lab2\ndk-opengl-master\entry\build\default\intermediates\libs\default cache from map.
[2026-06-23T17:27:59.868] [DEBUG] debug-file - Update task entry:default@DoNativeStrip output file:D:\HUAWEI\Lab2\ndk-opengl-master\entry\build\default\intermediates\stripped_native_libs\default cache.
[2026-06-23T17:27:59.871] [DEBUG] debug-file - Incremental task entry:default@DoNativeStrip post-execution cost:3 ms .
[2026-06-23T17:27:59.871] [DEBUG] debug-file - Update task entry:default@CacheNativeLibs input file:D:\HUAWEI\Lab2\ndk-opengl-master\entry\build\default\intermediates\stripped_native_libs\default cache from map.
[2026-06-23T17:27:59.871] [DEBUG] debug-file - Update task entry:default@CacheNativeLibs input file:D:\HUAWEI\Lab2\ndk-opengl-master\entry\build\default\intermediates\libs\default cache by regenerate.
[2026-06-23T17:27:59.874] [DEBUG] debug-file - Update task entry:default@CacheNativeLibs output file:D:\HUAWEI\Lab2\ndk-opengl-master\entry\build\default\intermediates\patch\default\base_native_libs.json cache.
[2026-06-23T17:27:59.875] [DEBUG] debug-file - Incremental task entry:default@CacheNativeLibs post-execution cost:4 ms .
[2026-06-23T17:27:59.875] [DEBUG] debug-file - Update task entry:default@GeneratePkgModuleJson input file:D:\HUAWEI\Lab2\ndk-opengl-master\entry\build\default\intermediates\res\default\module.json cache from map.
[2026-06-23T17:27:59.875] [DEBUG] debug-file - Update task entry:default@GeneratePkgModuleJson output file:D:\HUAWEI\Lab2\ndk-opengl-master\entry\build\default\intermediates\package\default\module.json cache.
[2026-06-23T17:27:59.876] [DEBUG] debug-file - Incremental task entry:default@GeneratePkgModuleJson post-execution cost:2 ms .
[2026-06-23T17:27:59.876] [DEBUG] debug-file - Incremental task entry:default@ProcessCompiledResources post-execution cost:1 ms .
[2026-06-23T17:27:59.878] [DEBUG] debug-file - Update task entry:default@PackageHap input file:D:\HUAWEI\Lab2\ndk-opengl-master\entry\build\default\intermediates\stripped_native_libs\default cache from map.
[2026-06-23T17:27:59.878] [DEBUG] debug-file - Update task entry:default@PackageHap input file:D:\HUAWEI\Lab2\ndk-opengl-master\entry\build\default\intermediates\res\default\module.json cache by regenerate.
[2026-06-23T17:27:59.879] [DEBUG] debug-file - Update task entry:default@PackageHap input file:D:\HUAWEI\Lab2\ndk-opengl-master\entry\build\default\intermediates\res\default\resources cache by regenerate.
[2026-06-23T17:27:59.881] [DEBUG] debug-file - Update task entry:default@PackageHap input file:D:\HUAWEI\Lab2\ndk-opengl-master\entry\build\default\intermediates\res\default\resources.index cache by regenerate.
[2026-06-23T17:27:59.881] [DEBUG] debug-file - Update task entry:default@PackageHap input file:D:\HUAWEI\Lab2\ndk-opengl-master\entry\build\default\outputs\default\pack.info cache by regenerate.
[2026-06-23T17:27:59.882] [DEBUG] debug-file - Update task entry:default@PackageHap input file:D:\HUAWEI\Lab2\ndk-opengl-master\entry\build\default\intermediates\loader_out\default\ets cache by regenerate.
[2026-06-23T17:27:59.883] [DEBUG] debug-file - Update task entry:default@PackageHap input file:D:\HUAWEI\Lab2\ndk-opengl-master\entry\build\default\intermediates\loader_out\default\ets\sourceMaps.map cache by regenerate.
[2026-06-23T17:27:59.884] [DEBUG] debug-file - Update task entry:default@PackageHap input file:D:\HUAWEI\Lab2\ndk-opengl-master\entry\build\default\generated\profile\default\BuildProfile.ets cache by regenerate.
[2026-06-23T17:27:59.885] [DEBUG] debug-file - Update task entry:default@PackageHap output file:D:\HUAWEI\Lab2\ndk-opengl-master\entry\build\default\outputs\default\entry-default-unsigned.hap cache.
[2026-06-23T17:27:59.885] [DEBUG] debug-file - Update task entry:default@PackageHap output file:D:\HUAWEI\Lab2\ndk-opengl-master\entry\build\default\intermediates\source_map\default\sourceMaps.map cache.
[2026-06-23T17:27:59.886] [DEBUG] debug-file - Update task entry:default@PackageHap output file:D:\HUAWEI\Lab2\ndk-opengl-master\entry\build\default\outputs\default\mapping\sourceMaps.map cache.
[2026-06-23T17:27:59.886] [DEBUG] debug-file - Incremental task entry:default@PackageHap post-execution cost:10 ms .
[2026-06-23T17:27:59.886] [DEBUG] debug-file - Update task entry:default@SignHap input file:D:\HUAWEI\Lab2\ndk-opengl-master\entry\build\default\outputs\default\entry-default-unsigned.hap cache from map.
[2026-06-23T17:27:59.886] [DEBUG] debug-file - Update task entry:default@SignHap output file:D:\HUAWEI\Lab2\ndk-opengl-master\entry\build\default\outputs\default\entry-default-signed.hap cache.
[2026-06-23T17:27:59.887] [DEBUG] debug-file - Incremental task entry:default@SignHap post-execution cost:1 ms .
[2026-06-23T17:27:59.887] [DEBUG] debug-file - Update task entry:default@CollectDebugSymbol input file:D:\HUAWEI\Lab2\ndk-opengl-master\entry\build\default\intermediates\loader_out\default\ets\sourceMaps.map cache by regenerate.
[2026-06-23T17:27:59.887] [DEBUG] debug-file - Update task entry:default@CollectDebugSymbol input file:D:\HUAWEI\Lab2\ndk-opengl-master\entry\build\default\intermediates\libs\default cache by regenerate.
[2026-06-23T17:27:59.890] [DEBUG] debug-file - Update task entry:default@CollectDebugSymbol output file:D:\HUAWEI\Lab2\ndk-opengl-master\entry\build\default\outputs\default\symbol cache.
[2026-06-23T17:27:59.891] [DEBUG] debug-file - Incremental task entry:default@CollectDebugSymbol post-execution cost:5 ms .
[2026-06-23T17:27:59.945] [DEBUG] debug-file - Current worker pool is stopped or closed.
[2026-06-23T17:27:59.946] [DEBUG] debug-file - Clear worker 0.
[2026-06-23T17:27:59.946] [DEBUG] debug-file - Worker 0 has been cleared.
[2026-06-23T17:27:59.947] [DEBUG] debug-file - Current idle worker size: 5.
[2026-06-23T17:27:59.947] [DEBUG] debug-file - Current busy worker size: 0.
[2026-06-23T17:27:59.947] [DEBUG] debug-file - Clear worker 1.
[2026-06-23T17:27:59.947] [DEBUG] debug-file - Worker 1 has been cleared.
[2026-06-23T17:27:59.947] [DEBUG] debug-file - Current idle worker size: 4.
[2026-06-23T17:27:59.947] [DEBUG] debug-file - Current busy worker size: 0.
[2026-06-23T17:27:59.947] [DEBUG] debug-file - Clear worker 16.
[2026-06-23T17:27:59.947] [DEBUG] debug-file - Worker 16 has been cleared.
[2026-06-23T17:27:59.947] [DEBUG] debug-file - Current idle worker size: 3.
[2026-06-23T17:27:59.947] [DEBUG] debug-file - Current busy worker size: 0.
[2026-06-23T17:27:59.947] [DEBUG] debug-file - Clear worker 17.
[2026-06-23T17:27:59.947] [DEBUG] debug-file - Worker 17 has been cleared.
[2026-06-23T17:27:59.947] [DEBUG] debug-file - Current idle worker size: 2.
[2026-06-23T17:27:59.947] [DEBUG] debug-file - Current busy worker size: 0.
[2026-06-23T17:27:59.947] [DEBUG] debug-file - Clear worker 4.
[2026-06-23T17:27:59.947] [DEBUG] debug-file - Worker 4 has been cleared.
[2026-06-23T17:27:59.947] [DEBUG] debug-file - Current idle worker size: 1.
[2026-06-23T17:27:59.947] [DEBUG] debug-file - Current busy worker size: 0.
[2026-06-23T17:27:59.947] [DEBUG] debug-file - Clear worker 18.
[2026-06-23T17:27:59.947] [DEBUG] debug-file - Worker 18 has been cleared.
[2026-06-23T17:27:59.947] [DEBUG] debug-file - Current idle worker size: 0.
[2026-06-23T17:27:59.947] [DEBUG] debug-file - Current busy worker size: 0.
[2026-06-23T17:27:59.953] [DEBUG] debug-file - hvigor build process will be closed.
[2026-06-23T17:27:59.961] [DEBUG] debug-file - worker[0] exits with exit code 1.
[2026-06-23T17:27:59.963] [DEBUG] debug-file - Current worker pool is terminated.
[2026-06-23T17:27:59.965] [DEBUG] debug-file - worker[1] exits with exit code 1.
[2026-06-23T17:27:59.970] [DEBUG] debug-file - worker[16] exits with exit code 1.
[2026-06-23T17:27:59.989] [DEBUG] debug-file - worker[18] exits with exit code 1.
[2026-06-23T17:27:59.990] [DEBUG] debug-file - worker[17] exits with exit code 1.
[2026-06-23T17:28:00.031] [DEBUG] debug-file - worker[4] exits with exit code 1.
[2026-06-23T17:52:38.464] [DEBUG] debug-file - env: nodejsVersion=v18.20.1
[2026-06-23T17:52:38.820] [DEBUG] debug-file - Hvigor init with startParameters:{
  hvigorfileTypeCheck: false,
  parallelExecution: true,
  incrementalExecution: true,
  printStackTrace: false,
  daemon: false,
  analyze: 0,
  logLevel: Level { level: 20000, levelStr: 'INFO', colour: 'green' },
  optimizationStrategy: 'memory',
  hotCompile: undefined,
  hotReloadBuild: undefined,
  customizedParam: undefined
}
[2026-06-23T17:52:40.317] [DEBUG] debug-file - Starting plugin build process
[2026-06-23T17:52:40.315] [DEBUG] debug-file - hvigorfile, require result:  { appTasks: [Getter] }
[2026-06-23T17:52:40.491] [DEBUG] debug-file - Start initialize project's product build option map with build mode debug.
[2026-06-23T17:52:40.489] [DEBUG] debug-file - App plugin register hook start...
[2026-06-23T17:52:40.495] [DEBUG] debug-file - Obtain build option for product 'default'in this build.
[2026-06-23T17:52:40.505] [DEBUG] debug-file - Start recording SDK configuration permission data.
[2026-06-23T17:52:40.554] [DEBUG] debug-file - failed to load cangjie to dynamically generate schemas: Error: Cannot find module '@ohos/cangjie-build-support/index'
Require stack:
- D:\HUAWEI\DevEco\DevEco Studio\tools\hvigor\hvigor-ohos-plugin\src\plugin\hooks\cangjie-register.js
- D:\HUAWEI\DevEco\DevEco Studio\tools\hvigor\hvigor-ohos-plugin\src\plugin\strategy\stage-init-strategy.js
- D:\HUAWEI\DevEco\DevEco Studio\tools\hvigor\hvigor-ohos-plugin\src\plugin\builder\abstract-plugin-builder.js
- D:\HUAWEI\DevEco\DevEco Studio\tools\hvigor\hvigor-ohos-plugin\src\plugin\builder\app-plugin-builder.js
- D:\HUAWEI\DevEco\DevEco Studio\tools\hvigor\hvigor-ohos-plugin\src\plugin\factory\plugin-factory.js
- D:\HUAWEI\DevEco\DevEco Studio\tools\hvigor\hvigor-ohos-plugin\index.js
- D:\HUAWEI\Lab2\Lab2\ndk-opengl-master\hvigorfile.ts
- D:\HUAWEI\DevEco\DevEco Studio\tools\hvigor\hvigor\src\base\internal\lifecycle\configuration.js
- D:\HUAWEI\DevEco\DevEco Studio\tools\hvigor\hvigor\src\base\boot\index.js
- D:\HUAWEI\DevEco\DevEco Studio\tools\hvigor\hvigor\src\cli\main\cli.js
- D:\HUAWEI\DevEco\DevEco Studio\tools\hvigor\hvigor\bin\hvigor.js
[2026-06-23T17:52:40.546] [DEBUG] debug-file - Project task initialization takes 7 ms 
[2026-06-23T17:52:40.578] [DEBUG] debug-file - start to load updatedOhPackageInfo to the disk
[2026-06-23T17:52:40.567] [DEBUG] debug-file - Start initialize module-target build option map, moduleName=entry, buildMode=debug
[2026-06-23T17:52:40.576] [DEBUG] debug-file - project has submodules:entry
[2026-06-23T17:52:40.609] [DEBUG] debug-file - Executing task :entry:default@PreBuild
[2026-06-23T17:52:40.590] [DEBUG] debug-file - Start to initialize dependency information.
[2026-06-23T17:52:38.465] [DEBUG] debug-file - env: hvigor-config.json5 content = { modelVersion: '5.0.4', dependencies: {} }
[2026-06-23T17:52:40.739] [DEBUG] debug-file - Executing task :entry:default@GenerateMetadata
[2026-06-23T17:52:38.826] [DEBUG] debug-file - Cache service initialization finished in 6 ms 
[2026-06-23T17:52:40.317] [DEBUG] debug-file - App plugin prepare start...
[2026-06-23T17:52:40.315] [DEBUG] debug-file - hvigorfile, binding system plugins { appTasks: [Getter] }
[2026-06-23T17:52:40.491] [DEBUG] debug-file - Picking option from product 'default' with build mode 'debug'.
[2026-06-23T17:52:40.489] [DEBUG] debug-file - App plugin register hook end...
[2026-06-23T17:52:40.497] [DEBUG] debug-file - No signingConfig found, initRemoteHspCache failed.
[2026-06-23T17:52:40.536] [DEBUG] debug-file - Sdk init in 38 ms 
[2026-06-23T17:52:40.546] [DEBUG] debug-file - hvigorfile, resolve finished D:\HUAWEI\Lab2\Lab2\ndk-opengl-master\hvigorfile.ts
[2026-06-23T17:52:40.585] [DEBUG] debug-file - load to the disk finished
[2026-06-23T17:52:40.567] [DEBUG] debug-file - Target 'default' config initialized
[2026-06-23T17:52:40.611] [DEBUG] debug-file - Task 'entry:default@PreBuild' cost while wrapping incremental declarations: 1 ms 
[2026-06-23T17:52:40.596] [DEBUG] debug-file - Module entry Collected Dependency: 
[2026-06-23T17:52:38.468] [DEBUG] debug-file - env: daemon=false
[2026-06-23T17:52:40.740] [DEBUG] debug-file - Task 'entry:default@GenerateMetadata' cost while wrapping incremental declarations: 1 ms 
[2026-06-23T17:52:38.828] [DEBUG] debug-file - hvigorfile, resolving D:\HUAWEI\Lab2\Lab2\ndk-opengl-master\hvigorfile.ts
[2026-06-23T17:52:40.317] [DEBUG] debug-file - App plugin prepare end...
[2026-06-23T17:52:40.491] [DEBUG] debug-file - Product 'default' build option initialized
[2026-06-23T17:52:40.489] [DEBUG] debug-file - Plugin build process completed
[2026-06-23T17:52:40.499] [DEBUG] debug-file - Local scan or download HarmonyOS sdk components toolchains,ets,js,native,previewer
[2026-06-23T17:52:40.586] [DEBUG] debug-file - Start to initialize dependency information.
[2026-06-23T17:52:40.547] [DEBUG] debug-file - hvigorfile, resolving D:\HUAWEI\Lab2\Lab2\ndk-opengl-master\entry\hvigorfile.ts
[2026-06-23T17:52:40.568] [DEBUG] debug-file - Module 'entry' target 'default' build option initialized
[2026-06-23T17:52:40.617] [DEBUG] debug-file - entry:default@PreBuild is not up-to-date, since the input file 'D:\HUAWEI\Lab2\Lab2\ndk-opengl-master\AppScope\app.json5' has been changed.
[2026-06-23T17:52:40.596] [DEBUG] debug-file - Module entry's total dependency: 0
[2026-06-23T17:52:38.468] [DEBUG] debug-file - no-daemon, use the parent process.execArgv --max-old-space-size=8192,--max-semi-space-size=16,--expose-gc
[2026-06-23T17:52:40.741] [DEBUG] debug-file - entry:default@GenerateMetadata is not up-to-date, since the input file 'D:\HUAWEI\Lab2\Lab2\ndk-opengl-master\entry\src\main\module.json5' has been changed.
[2026-06-23T17:52:40.317] [DEBUG] debug-file - App plugin creating...
[2026-06-23T17:52:40.491] [DEBUG] debug-file - End initialize project's product build option map with build mode 'debug'.
[2026-06-23T17:52:40.502] [DEBUG] debug-file - Local scan or download hmscore sdk components toolchains,ets,native
[2026-06-23T17:52:40.588] [DEBUG] debug-file - Module ndk-opengl-master Collected Dependency: 
[2026-06-23T17:52:40.568] [DEBUG] debug-file - End initialize module-target build option map, moduleName=entry
[2026-06-23T17:52:40.552] [DEBUG] debug-file - hvigorfile, require result:  { hapTasks: [Getter] }
[2026-06-23T17:52:40.617] [DEBUG] debug-file - Incremental task entry:default@PreBuild pre-execution cost: 3 ms .
[2026-06-23T17:52:40.800] [DEBUG] debug-file - Executing task :entry:default@ProcessIntegratedHsp
[2026-06-23T17:52:40.784] [DEBUG] debug-file - Executing task :entry:default@PreCheckSyscap
[2026-06-23T17:52:40.780] [DEBUG] debug-file - Executing task :entry:default@CreateBuildProfile
[2026-06-23T17:52:40.599] [DEBUG] debug-file - Configuration phase cost:1 s 773 ms 
[2026-06-23T17:52:40.741] [DEBUG] debug-file - Incremental task entry:default@GenerateMetadata pre-execution cost: 1 ms .
[2026-06-23T17:52:40.786] [DEBUG] debug-file - Executing task :entry:default@GeneratePkgContextInfo
[2026-06-23T17:52:40.588] [DEBUG] debug-file - Module ndk-opengl-master's total dependency: 0
[2026-06-23T17:52:40.568] [DEBUG] debug-file - Start initialize module-target build option map, moduleName=entry, buildMode=release
[2026-06-23T17:52:40.552] [DEBUG] debug-file - hvigorfile, binding system plugins { hapTasks: [Getter] }
[2026-06-23T17:52:40.802] [DEBUG] debug-file - entry:default@ProcessIntegratedHsp is not up-to-date, since the output file 'D:\HUAWEI\Lab2\Lab2\ndk-opengl-master\build\cache\default\integrated_hsp\integratedHspCache.json' does not exist.
[2026-06-23T17:52:40.730] [DEBUG] debug-file - current product is not Atomic service.
[2026-06-23T17:52:40.781] [DEBUG] debug-file - Task 'entry:default@CreateBuildProfile' cost while wrapping incremental declarations: 1 ms 
[2026-06-23T17:52:40.784] [DEBUG] debug-file - entry : default@PreCheckSyscap cost memory 0.01348876953125
[2026-06-23T17:52:40.601] [DEBUG] debug-file - Configuration task cost before running: 1 s 790 ms 
[2026-06-23T17:52:40.742] [DEBUG] debug-file - entry : default@GenerateMetadata cost memory 0.08065032958984375
[2026-06-23T17:52:40.795] [DEBUG] debug-file - Task 'entry:default@GeneratePkgContextInfo' cost while wrapping incremental declarations: 1 ms 
[2026-06-23T17:52:40.568] [DEBUG] debug-file - Target 'default' config initialized
[2026-06-23T17:52:40.553] [DEBUG] debug-file - Starting plugin build process
[2026-06-23T17:52:40.802] [DEBUG] debug-file - Incremental task entry:default@ProcessIntegratedHsp pre-execution cost: 1 ms .
[2026-06-23T17:52:40.730] [DEBUG] debug-file - Use tool [win32: JAVA_HOME, CLASSPATH]
 [
  { JAVA_HOME: 'D:\\HUAWEI\\DevEco\\DevEco Studio\\jbr' },
  { CLASSPATH: undefined }
]
[2026-06-23T17:52:40.781] [DEBUG] debug-file - entry:default@CreateBuildProfile is not up-to-date, since the input file 'D:\HUAWEI\Lab2\Lab2\ndk-opengl-master\AppScope\app.json5' has been changed.
[2026-06-23T17:52:40.784] [DEBUG] debug-file - runTaskFromQueue task cost before running: 1 s 973 ms 
[2026-06-23T17:52:40.742] [DEBUG] debug-file - runTaskFromQueue task cost before running: 1 s 931 ms 
[2026-06-23T17:52:40.795] [DEBUG] debug-file - entry : default@GeneratePkgContextInfo cost memory 0.5204849243164062
[2026-06-23T17:52:40.804] [DEBUG] debug-file - Executing task :entry:default@BuildNativeWithCmake
[2026-06-23T17:52:40.569] [DEBUG] debug-file - Module 'entry' target 'default' build option initialized
[2026-06-23T17:52:40.553] [DEBUG] debug-file - Hap plugin creating...
[2026-06-23T17:52:40.802] [DEBUG] debug-file - entry : default@ProcessIntegratedHsp cost memory 0.04877471923828125
[2026-06-23T17:52:40.730] [DEBUG] debug-file - Use tool [win32: NODE_HOME]
 [ { NODE_HOME: 'D:\\HUAWEI\\DevEco\\DevEco Studio\\tools\\node' } ]
[2026-06-23T17:52:40.781] [DEBUG] debug-file - Incremental task entry:default@CreateBuildProfile pre-execution cost: 1 ms .
[2026-06-23T17:52:40.784] [INFO] debug-file - Finished :entry:default@PreCheckSyscap... after 1 ms 
[2026-06-23T17:52:40.743] [INFO] debug-file - Finished :entry:default@GenerateMetadata... after 4 ms 
[2026-06-23T17:52:40.808] [DEBUG] debug-file - Use tool [Cmake]
 [
  'D:\\HUAWEI\\DevEco\\DevEco Studio\\sdk\\default\\openharmony\\native\\build-tools\\cmake\\bin\\cmake.exe',
  '-HD:\\HUAWEI\\Lab2\\Lab2\\ndk-opengl-master\\entry\\src\\main\\cpp',
  '-BD:\\HUAWEI\\Lab2\\Lab2\\ndk-opengl-master\\entry\\.cxx\\default\\default\\debug\\arm64-v8a',
  '-DOHOS_ARCH=arm64-v8a',
  '-DCMAKE_LIBRARY_OUTPUT_DIRECTORY=D:\\HUAWEI\\Lab2\\Lab2\\ndk-opengl-master\\entry\\build\\default\\intermediates\\cmake\\default\\obj\\arm64-v8a',
  '-DCMAKE_BUILD_TYPE=Debug',
  '-DOHOS_SDK_NATIVE=D:\\HUAWEI\\DevEco\\DevEco Studio\\sdk\\default\\openharmony\\native',
  '-DCMAKE_SYSTEM_NAME=OHOS',
  '-DCMAKE_OHOS_ARCH_ABI=arm64-v8a',
  '-DCMAKE_EXPORT_COMPILE_COMMANDS=ON',
  '-DCMAKE_TOOLCHAIN_FILE=D:\\HUAWEI\\DevEco\\DevEco Studio\\sdk\\default\\hms\\native\\build\\cmake\\hmos.toolchain.cmake',
  '-GNinja',
  '-DCMAKE_MAKE_PROGRAM=D:\\HUAWEI\\DevEco\\DevEco Studio\\sdk\\default\\openharmony\\native\\build-tools\\cmake\\bin\\ninja.exe',
  '-DCMAKE_FIND_ROOT_PATH=D:\\HUAWEI\\Lab2\\Lab2\\ndk-opengl-master\\entry\\.cxx\\default\\default\\debug\\hvigor\\arm64-v8a',
  '-DPACKAGE_FIND_FILE=D:\\HUAWEI\\Lab2\\Lab2\\ndk-opengl-master\\entry\\.cxx\\default\\default\\debug\\hvigor\\arm64-v8a\\summary.cmake',
  '--no-warn-unused-cli',
  '-DHMOS_SDK_NATIVE=D:\\HUAWEI\\DevEco\\DevEco Studio\\sdk\\default\\hms\\native'
]
[2026-06-23T17:52:40.795] [DEBUG] debug-file - runTaskFromQueue task cost before running: 1 s 984 ms 
[2026-06-23T17:52:40.569] [DEBUG] debug-file - End initialize module-target build option map, moduleName=entry
[2026-06-23T17:52:40.802] [DEBUG] debug-file - runTaskFromQueue task cost before running: 1 s 991 ms 
[2026-06-23T17:52:40.732] [DEBUG] debug-file - entry : default@PreBuild cost memory 6.62530517578125
[2026-06-23T17:52:40.782] [DEBUG] debug-file - entry : default@CreateBuildProfile cost memory 0.08473968505859375
[2026-06-23T17:52:40.744] [DEBUG] debug-file - Executing task :entry:default@ConfigureCmake
[2026-06-23T17:52:40.795] [INFO] debug-file - Finished :entry:default@GeneratePkgContextInfo... after 9 ms 
[2026-06-23T17:52:40.569] [DEBUG] debug-file - Start initialize module-target build option map, moduleName=entry, buildMode=debug
[2026-06-23T17:52:40.802] [INFO] debug-file - Finished :entry:default@ProcessIntegratedHsp... after 2 ms 
[2026-06-23T17:52:40.732] [DEBUG] debug-file - runTaskFromQueue task cost before running: 1 s 920 ms 
[2026-06-23T17:52:40.782] [DEBUG] debug-file - runTaskFromQueue task cost before running: 1 s 971 ms 
[2026-06-23T17:52:40.770] [DEBUG] debug-file - entry : default@ConfigureCmake cost memory 1.1446533203125
[2026-06-23T17:52:40.569] [DEBUG] debug-file - Target 'default' config initialized
[2026-06-23T17:52:40.735] [INFO] debug-file - Finished :entry:default@PreBuild... after 123 ms 
[2026-06-23T17:52:40.569] [DEBUG] debug-file - Module 'entry' target 'default' build option initialized
[2026-06-23T17:52:40.782] [INFO] debug-file - Finished :entry:default@CreateBuildProfile... after 2 ms 
[2026-06-23T17:52:40.736] [DEBUG] debug-file - Executing task :entry:default@CreateModuleInfo
[2026-06-23T17:52:40.771] [DEBUG] debug-file - runTaskFromQueue task cost before running: 1 s 959 ms 
[2026-06-23T17:52:40.569] [DEBUG] debug-file - End initialize module-target build option map, moduleName=entry
[2026-06-23T17:52:40.737] [DEBUG] debug-file - Task 'entry:default@CreateModuleInfo' cost while wrapping incremental declarations: 1 ms 
[2026-06-23T17:52:40.771] [INFO] debug-file - Finished :entry:default@ConfigureCmake... after 27 ms 
[2026-06-23T17:52:40.569] [DEBUG] debug-file - Obtain build option for module 'entry' target 'default'in this build.
[2026-06-23T17:52:40.737] [DEBUG] debug-file - entry : default@CreateModuleInfo cost memory 0.03784942626953125
[2026-06-23T17:52:40.772] [DEBUG] debug-file - Executing task :entry:default@MergeProfile
[2026-06-23T17:52:40.574] [DEBUG] debug-file - Module entry task initialization takes 4 ms 
[2026-06-23T17:52:40.737] [DEBUG] debug-file - runTaskFromQueue task cost before running: 1 s 926 ms 
[2026-06-23T17:52:40.773] [DEBUG] debug-file - Task 'entry:default@MergeProfile' cost while wrapping incremental declarations: 1 ms 
[2026-06-23T17:52:40.574] [DEBUG] debug-file - Hap plugin register hook start...
[2026-06-23T17:52:40.738] [INFO] debug-file - Finished :entry:default@CreateModuleInfo... after 1 ms 
[2026-06-23T17:52:40.774] [DEBUG] debug-file - entry:default@MergeProfile is not up-to-date, since the input file 'D:\HUAWEI\Lab2\Lab2\ndk-opengl-master\AppScope\app.json5' has been changed.
[2026-06-23T17:52:40.574] [DEBUG] debug-file - Hap plugin register hook end...
[2026-06-23T17:52:40.774] [DEBUG] debug-file - Incremental task entry:default@MergeProfile pre-execution cost: 1 ms .
[2026-06-23T17:52:40.574] [DEBUG] debug-file - Plugin build process completed
[2026-06-23T17:52:40.774] [DEBUG] debug-file - Change app api release type with 'Release'
[2026-06-23T17:52:40.574] [DEBUG] debug-file - hvigorfile, resolve finished D:\HUAWEI\Lab2\Lab2\ndk-opengl-master\entry\hvigorfile.ts
[2026-06-23T17:52:40.774] [DEBUG] debug-file - Change app compile API version with '6.0.2.130'
[2026-06-23T17:52:40.774] [DEBUG] debug-file - Change app target API version with '50005017'
[2026-06-23T17:52:40.774] [DEBUG] debug-file - Change app minimum API version with '50005017'
[2026-06-23T17:52:40.774] [DEBUG] debug-file - Use cli appEnvironment
[2026-06-23T17:52:40.778] [DEBUG] debug-file - entry : default@MergeProfile cost memory 0.21598052978515625
[2026-06-23T17:52:40.778] [DEBUG] debug-file - runTaskFromQueue task cost before running: 1 s 966 ms 
[2026-06-23T17:52:40.778] [INFO] debug-file - Finished :entry:default@MergeProfile... after 6 ms 
[2026-06-23T17:52:40.816] [DEBUG] debug-file - Clean CMakeCache.txt due to outdated CMake configuration.
[2026-06-23T17:52:40.817] [DEBUG] debug-file - - a hard configure file changed, will remove stale cache CMakeCache.txt
[2026-06-23T17:52:40.817] [DEBUG] debug-file -   - D:\HUAWEI\Lab2\Lab2\ndk-opengl-master\entry\.cxx\default\default\debug\arm64-v8a\metadata_generation_command.txt (LAST_MODIFIED_CHANGED)
[2026-06-23T17:52:40.818] [DEBUG] debug-file - Since there is no instance or instance is terminated, create a new worker pool.
[2026-06-23T17:52:40.818] [DEBUG] debug-file - Worker pool is initialized with config:  {
  minPoolNum: 2,
  maxPoolNum: undefined,
  maxCoreSize: undefined,
  cacheCapacity: undefined,
  cacheTtl: undefined
}
[2026-06-23T17:52:40.820] [DEBUG] debug-file - Create  resident worker with id: 0.
[2026-06-23T17:52:40.822] [DEBUG] debug-file - Create  resident worker with id: 1.
[2026-06-23T17:52:40.824] [DEBUG] debug-file - default@BuildNativeWithCmake work[0] is submitted.
[2026-06-23T17:52:40.824] [DEBUG] debug-file - default@BuildNativeWithCmake work[0] is pushed to ready queue.
[2026-06-23T17:52:40.824] [DEBUG] debug-file - A work dispatched to worker[19] failed because unable to get work from ready queue.
[2026-06-23T17:52:40.824] [DEBUG] debug-file - Create  resident worker with id: 18.
[2026-06-23T17:52:40.825] [DEBUG] debug-file - default@BuildNativeWithCmake work[0] has been dispatched to worker[18].
[2026-06-23T17:52:40.826] [DEBUG] debug-file - default@BuildNativeWithCmake work[0] is dispatched.
[2026-06-23T17:52:40.826] [DEBUG] debug-file - Use tool [Cmake]
 [
  'D:\\HUAWEI\\DevEco\\DevEco Studio\\sdk\\default\\openharmony\\native\\build-tools\\cmake\\bin\\cmake.exe',
  '-HD:\\HUAWEI\\Lab2\\Lab2\\ndk-opengl-master\\entry\\src\\main\\cpp',
  '-BD:\\HUAWEI\\Lab2\\Lab2\\ndk-opengl-master\\entry\\.cxx\\default\\default\\debug\\x86_64',
  '-DOHOS_ARCH=x86_64',
  '-DCMAKE_LIBRARY_OUTPUT_DIRECTORY=D:\\HUAWEI\\Lab2\\Lab2\\ndk-opengl-master\\entry\\build\\default\\intermediates\\cmake\\default\\obj\\x86_64',
  '-DCMAKE_BUILD_TYPE=Debug',
  '-DOHOS_SDK_NATIVE=D:\\HUAWEI\\DevEco\\DevEco Studio\\sdk\\default\\openharmony\\native',
  '-DCMAKE_SYSTEM_NAME=OHOS',
  '-DCMAKE_OHOS_ARCH_ABI=x86_64',
  '-DCMAKE_EXPORT_COMPILE_COMMANDS=ON',
  '-DCMAKE_TOOLCHAIN_FILE=D:\\HUAWEI\\DevEco\\DevEco Studio\\sdk\\default\\hms\\native\\build\\cmake\\hmos.toolchain.cmake',
  '-GNinja',
  '-DCMAKE_MAKE_PROGRAM=D:\\HUAWEI\\DevEco\\DevEco Studio\\sdk\\default\\openharmony\\native\\build-tools\\cmake\\bin\\ninja.exe',
  '-DCMAKE_FIND_ROOT_PATH=D:\\HUAWEI\\Lab2\\Lab2\\ndk-opengl-master\\entry\\.cxx\\default\\default\\debug\\hvigor\\x86_64',
  '-DPACKAGE_FIND_FILE=D:\\HUAWEI\\Lab2\\Lab2\\ndk-opengl-master\\entry\\.cxx\\default\\default\\debug\\hvigor\\x86_64\\summary.cmake',
  '--no-warn-unused-cli',
  '-DHMOS_SDK_NATIVE=D:\\HUAWEI\\DevEco\\DevEco Studio\\sdk\\default\\hms\\native'
]
[2026-06-23T17:52:40.834] [DEBUG] debug-file - Clean CMakeCache.txt due to outdated CMake configuration.
[2026-06-23T17:52:40.834] [DEBUG] debug-file - - a hard configure file changed, will remove stale cache CMakeCache.txt
[2026-06-23T17:52:40.835] [DEBUG] debug-file -   - D:\HUAWEI\Lab2\Lab2\ndk-opengl-master\entry\.cxx\default\default\debug\x86_64\metadata_generation_command.txt (LAST_MODIFIED_CHANGED)
[2026-06-23T17:52:40.838] [DEBUG] debug-file - Executing task :entry:default@MakePackInfo
[2026-06-23T17:52:41.036] [DEBUG] debug-file - Executing task :entry:default@ProcessRouterMap
[2026-06-23T17:52:41.031] [DEBUG] debug-file - 12.0.6.0
[2026-06-23T17:52:40.843] [DEBUG] debug-file - Executing task :entry:default@SyscapTransform
[2026-06-23T17:52:41.042] [DEBUG] debug-file - Executing task :entry:default@ProcessShareConfig
[2026-06-23T17:52:40.863] [DEBUG] debug-file - Executing task :entry:default@ProcessProfile
[2026-06-23T17:52:41.046] [DEBUG] debug-file - Executing task :entry:default@ProcessStartupConfig
[2026-06-23T17:52:41.051] [DEBUG] debug-file - Executing task :entry:default@ProcessResource
[2026-06-23T17:52:40.835] [DEBUG] debug-file - default@BuildNativeWithCmake work[1] is submitted.
[2026-06-23T17:52:41.080] [DEBUG] debug-file - Executing task :entry:default@CompileResource
[2026-06-23T17:52:40.839] [DEBUG] debug-file - entry:default@MakePackInfo is not up-to-date, since the input file 'D:\HUAWEI\Lab2\Lab2\ndk-opengl-master\AppScope\app.json5' has been changed.
[2026-06-23T17:52:41.059] [DEBUG] debug-file - Executing task :entry:default@GenerateLoaderJson
[2026-06-23T17:52:41.037] [DEBUG] debug-file - entry:default@ProcessRouterMap is not up-to-date, since the input file 'D:\HUAWEI\Lab2\Lab2\ndk-opengl-master\entry\oh-package.json5' has been changed.
[2026-06-23T17:52:41.033] [DEBUG] debug-file - No need to add fake ui ability because of not in preview process.
[2026-06-23T17:52:41.043] [DEBUG] debug-file - entry:default@ProcessShareConfig is not up-to-date, since the input file 'D:\HUAWEI\Lab2\Lab2\ndk-opengl-master\entry\oh-package.json5' has been changed.
[2026-06-23T17:52:40.843] [DEBUG] debug-file - File: 'D:\HUAWEI\Lab2\Lab2\ndk-opengl-master\entry\src\main\syscap.json' from 'sysCapJsonPath' is not exists, just ignore.
[2026-06-23T17:52:40.865] [DEBUG] debug-file - Task 'entry:default@ProcessProfile' cost while wrapping incremental declarations: 1 ms 
[2026-06-23T17:52:41.046] [DEBUG] debug-file - Task 'entry:default@ProcessStartupConfig' cost while wrapping incremental declarations: 1 ms 
[2026-06-23T17:52:41.052] [DEBUG] debug-file - Task 'entry:default@ProcessResource' cost while wrapping incremental declarations: 1 ms 
[2026-06-23T17:52:41.087] [DEBUG] debug-file - entry:default@CompileResource is not up-to-date, since the input file 'D:\HUAWEI\Lab2\Lab2\ndk-opengl-master\entry\src\main\resources' has been changed.
[2026-06-23T17:52:40.839] [DEBUG] debug-file - Incremental task entry:default@MakePackInfo pre-execution cost: 1 ms .
[2026-06-23T17:52:41.060] [DEBUG] debug-file - Task 'entry:default@GenerateLoaderJson' cost while wrapping incremental declarations: 1 ms 
[2026-06-23T17:52:41.034] [DEBUG] debug-file - entry : default@ProcessProfile cost memory 2.3740234375
[2026-06-23T17:52:41.037] [DEBUG] debug-file - Incremental task entry:default@ProcessRouterMap pre-execution cost: 1 ms .
[2026-06-23T17:52:41.043] [DEBUG] debug-file - Incremental task entry:default@ProcessShareConfig pre-execution cost: 1 ms .
[2026-06-23T17:52:40.835] [DEBUG] debug-file - default@BuildNativeWithCmake work[1] is pushed to ready queue.
[2026-06-23T17:52:40.844] [DEBUG] debug-file - Task 'entry:default@SyscapTransform' cost while wrapping incremental declarations: 1 ms 
[2026-06-23T17:52:40.866] [DEBUG] debug-file - entry:default@ProcessProfile is not up-to-date, since the input file 'D:\HUAWEI\Lab2\Lab2\ndk-opengl-master\entry\build\default\intermediates\merge_profile\default\module.json' has been changed.
[2026-06-23T17:52:41.047] [DEBUG] debug-file - entry:default@ProcessStartupConfig is not up-to-date, since the output file 'D:\HUAWEI\Lab2\Lab2\ndk-opengl-master\entry\build\default\intermediates\startup\default\startup_config.json' does not exist.
[2026-06-23T17:52:41.052] [DEBUG] debug-file - entry:default@ProcessResource is not up-to-date, since the output file 'D:\HUAWEI\Lab2\Lab2\ndk-opengl-master\entry\build\default\intermediates\res\default\resConfig.json' has been changed.
[2026-06-23T17:52:41.087] [DEBUG] debug-file - Incremental task entry:default@CompileResource pre-execution cost: 5 ms .
[2026-06-23T17:52:40.840] [DEBUG] debug-file - Module Pack Info:  {
  summary: {
    app: { bundleName: 'c***l', bundleType: 'app', version: [Object] },
    modules: [ [Object] ]
  },
  packages: [
    {
      deviceType: [Array],
      moduleType: 'entry',
      deliveryWithInstall: true,
      name: 'entry-default'
    }
  ]
}
[2026-06-23T17:52:41.067] [DEBUG] debug-file - entry:default@GenerateLoaderJson is not up-to-date, since the input file 'D:\HUAWEI\Lab2\Lab2\ndk-opengl-master\entry\build\default\intermediates\router_map\default\temp-router-map.json' has been changed.
[2026-06-23T17:52:41.034] [DEBUG] debug-file - runTaskFromQueue task cost before running: 2 s 223 ms 
[2026-06-23T17:52:41.039] [DEBUG] debug-file - entry : default@ProcessRouterMap cost memory 0.09804534912109375
[2026-06-23T17:52:41.044] [DEBUG] debug-file - entry : default@ProcessShareConfig cost memory 0.08710479736328125
[2026-06-23T17:52:40.835] [DEBUG] debug-file - A work dispatched to worker[19] failed because unable to get work from ready queue.
[2026-06-23T17:52:41.095] [DEBUG] debug-file - current process  memoryUsage: {
  rss: 312582144,
  heapTotal: 168472576,
  heapUsed: 134794032,
  external: 3449576,
  arrayBuffers: 256899
} os memoryUsage :12.686515808105469
[2026-06-23T17:52:40.859] [DEBUG] debug-file - entry:default@SyscapTransform is not up-to-date, since the output file 'D:\HUAWEI\Lab2\Lab2\ndk-opengl-master\entry\build\default\intermediates\syscap\default\rpcid.sc' does not exist.
[2026-06-23T17:52:41.047] [DEBUG] debug-file - Incremental task entry:default@ProcessStartupConfig pre-execution cost: 1 ms .
[2026-06-23T17:52:41.093] [DEBUG] debug-file - Use tool [D:\HUAWEI\DevEco\DevEco Studio\sdk\default\openharmony\toolchains\restool.exe]
 [
  'D:\\HUAWEI\\DevEco\\DevEco Studio\\sdk\\default\\openharmony\\toolchains\\restool.exe',
  '-l',
  'D:\\HUAWEI\\Lab2\\Lab2\\ndk-opengl-master\\entry\\build\\default\\intermediates\\res\\default\\resConfig.json'
]
[2026-06-23T17:52:40.866] [DEBUG] debug-file - Incremental task entry:default@ProcessProfile pre-execution cost: 1 ms .
[2026-06-23T17:52:41.052] [DEBUG] debug-file - Incremental task entry:default@ProcessResource pre-execution cost: 1 ms .
[2026-06-23T17:52:40.841] [DEBUG] debug-file - entry : default@MakePackInfo cost memory 0.11402130126953125
[2026-06-23T17:52:41.067] [DEBUG] debug-file - Incremental task entry:default@GenerateLoaderJson pre-execution cost: 3 ms .
[2026-06-23T17:52:41.034] [INFO] debug-file - Finished :entry:default@ProcessProfile... after 172 ms 
[2026-06-23T17:52:41.039] [DEBUG] debug-file - runTaskFromQueue task cost before running: 2 s 228 ms 
[2026-06-23T17:52:41.044] [DEBUG] debug-file - runTaskFromQueue task cost before running: 2 s 233 ms 
[2026-06-23T17:52:40.835] [DEBUG] debug-file - A work dispatched to worker[18] failed because of worker busy.
[2026-06-23T17:52:40.859] [DEBUG] debug-file - Incremental task entry:default@SyscapTransform pre-execution cost: 16 ms .
[2026-06-23T17:52:41.047] [DEBUG] debug-file - entry : default@ProcessStartupConfig cost memory 0.08364105224609375
[2026-06-23T17:52:40.867] [DEBUG] debug-file - [
  'D:\\HUAWEI\\DevEco\\DevEco Studio\\tools\\node\\node.exe',
  'D:\\HUAWEI\\DevEco\\DevEco Studio\\sdk\\default\\openharmony\\ets\\build-tools\\ets-loader\\bin\\ark\\ts2abc.js',
  '--target-api-version',
  '17'
]
[2026-06-23T17:52:41.055] [DEBUG] debug-file - entry : default@ProcessResource cost memory 0.1492156982421875
[2026-06-23T17:52:40.841] [DEBUG] debug-file - runTaskFromQueue task cost before running: 2 s 30 ms 
[2026-06-23T17:52:41.073] [DEBUG] debug-file - entry : default@GenerateLoaderJson cost memory 0.5918045043945312
[2026-06-23T17:52:41.040] [INFO] debug-file - Finished :entry:default@ProcessRouterMap... after 4 ms 
[2026-06-23T17:52:41.045] [INFO] debug-file - Finished :entry:default@ProcessShareConfig... after 3 ms 
[2026-06-23T17:52:40.835] [DEBUG] debug-file - Create  resident worker with id: 17.
[2026-06-23T17:52:40.859] [DEBUG] debug-file - entry : default@SyscapTransform cost memory 0.13777923583984375
[2026-06-23T17:52:41.047] [DEBUG] debug-file - runTaskFromQueue task cost before running: 2 s 236 ms 
[2026-06-23T17:52:41.056] [DEBUG] debug-file - runTaskFromQueue task cost before running: 2 s 245 ms 
[2026-06-23T17:52:40.841] [INFO] debug-file - Finished :entry:default@MakePackInfo... after 3 ms 
[2026-06-23T17:52:41.073] [DEBUG] debug-file - runTaskFromQueue task cost before running: 2 s 261 ms 
[2026-06-23T17:52:40.836] [DEBUG] debug-file - default@BuildNativeWithCmake work[1] has been dispatched to worker[17].
[2026-06-23T17:52:40.859] [DEBUG] debug-file - runTaskFromQueue task cost before running: 2 s 48 ms 
[2026-06-23T17:52:41.048] [INFO] debug-file - Finished :entry:default@ProcessStartupConfig... after 2 ms 
[2026-06-23T17:52:41.057] [INFO] debug-file - Finished :entry:default@ProcessResource... after 5 ms 
[2026-06-23T17:52:41.077] [INFO] debug-file - Finished :entry:default@GenerateLoaderJson... after 14 ms 
[2026-06-23T17:52:40.836] [DEBUG] debug-file - default@BuildNativeWithCmake work[1] is dispatched.
[2026-06-23T17:52:40.860] [INFO] debug-file - Finished :entry:default@SyscapTransform... after 17 ms 
[2026-06-23T17:52:41.049] [DEBUG] debug-file - restool module names: entry; moduleName=entry, taskName=default@ProcessResource
[2026-06-23T17:52:41.079] [DEBUG] debug-file - restool module names: entry; moduleName=entry, taskName=default@CompileResource
[2026-06-23T17:52:40.836] [DEBUG] debug-file - entry : default@BuildNativeWithCmake cost memory 2.3614044189453125
[2026-06-23T17:52:41.143] [DEBUG] debug-file - Info: Pack: normal pack mode

[2026-06-23T17:52:41.199] [DEBUG] debug-file - Info: hardware concurrency count is : 20
Info: thread count is : 20

[2026-06-23T17:52:41.199] [DEBUG] debug-file - Info: thread pool is started

[2026-06-23T17:52:41.200] [DEBUG] debug-file - Info: GenericCompiler::CompileFiles

[2026-06-23T17:52:41.209] [DEBUG] debug-file - Info: GenericCompiler::CompileFiles

[2026-06-23T17:52:41.211] [DEBUG] debug-file - Info: GenericCompiler::CompileFiles

[2026-06-23T17:52:41.218] [DEBUG] debug-file - 06-23 17:52:41.218  4196 13188 E C01400/ImageTranscoderUtils: DecodeToRGBA IN
06-23 17:52:41.218  4196 13188 E C01400/ImageTranscoderUtils: ImageFilter IN D:\HUAWEI\Lab2\Lab2\ndk-opengl-master\AppScope\resources\base\media\app_icon.png

[2026-06-23T17:52:41.218] [DEBUG] debug-file - 06-23 17:52:41.218  4196 13188 E C01400/ImageTranscoder: TranscodeSLR Only zoom-out is supported.

[2026-06-23T17:52:41.218] [DEBUG] debug-file - Warning: ScaleImage failed, error message: INVALID_PARAMETERS, file path = D:\HUAWEI\Lab2\Lab2\ndk-opengl-master\AppScope\resources\base\media\app_icon.png

[2026-06-23T17:52:41.221] [DEBUG] debug-file - 06-23 17:52:41.221  4196 13188 E C01400/ImageTranscoderUtils: DecodeToRGBA IN
06-23 17:52:41.221  4196 13188 E C01400/ImageTranscoderUtils: ImageFilter IN D:\HUAWEI\Lab2\Lab2\ndk-opengl-master\entry\src\main\resources\base\media\icon.png

[2026-06-23T17:52:41.221] [DEBUG] debug-file - 06-23 17:52:41.221  4196 13188 E C01400/ImageTranscoder: TranscodeSLR Only zoom-out is supported.
Warning: ScaleImage failed, error message: INVALID_PARAMETERS, file path = D:\HUAWEI\Lab2\Lab2\ndk-opengl-master\entry\src\main\resources\base\media\icon.png

[2026-06-23T17:52:41.223] [DEBUG] debug-file - Warning: The width or height of the png file referenced by the icon exceeds the limit (41 pixels)
at D:\HUAWEI\Lab2\Lab2\ndk-opengl-master\AppScope\resources\base\media\app_icon.png

[2026-06-23T17:52:41.224] [DEBUG] debug-file - Warning: The width or height of the png file referenced by the icon exceeds the limit (41 pixels)
at D:\HUAWEI\Lab2\Lab2\ndk-opengl-master\entry\src\main\resources\base\media\icon.png

[2026-06-23T17:52:41.229] [DEBUG] debug-file - Info: restool resources compile success.

[2026-06-23T17:52:41.230] [DEBUG] debug-file - Info: thread pool is stopped

[2026-06-23T17:52:41.301] [WARN] debug-file - libpng warning: iCCP: known incorrect sRGB profile
libpng warning: iCCP: known incorrect sRGB profile

[2026-06-23T17:52:41.302] [DEBUG] debug-file - entry : default@CompileResource cost memory -9.121101379394531
[2026-06-23T17:52:41.302] [DEBUG] debug-file - runTaskFromQueue task cost before running: 2 s 491 ms 
[2026-06-23T17:52:41.303] [INFO] debug-file - Finished :entry:default@CompileResource... after 222 ms 
[2026-06-23T17:52:41.305] [DEBUG] debug-file - Executing task :entry:default@CompileArkTS
[2026-06-23T17:52:41.331] [DEBUG] debug-file - Executing task :entry:default@BuildJS
[2026-06-23T17:52:41.331] [DEBUG] debug-file - Task 'entry:default@BuildJS' cost while wrapping incremental declarations: 1 ms 
[2026-06-23T17:52:41.306] [DEBUG] debug-file - obfuscationOptions: undefined
[2026-06-23T17:52:41.333] [DEBUG] debug-file - entry : default@BuildJS cost memory 0.15737152099609375
[2026-06-23T17:52:41.307] [DEBUG] debug-file - Task 'entry:default@CompileArkTS' cost while wrapping incremental declarations: 1 ms 
[2026-06-23T17:52:41.333] [DEBUG] debug-file - runTaskFromQueue task cost before running: 2 s 522 ms 
[2026-06-23T17:52:41.312] [DEBUG] debug-file - entry:default@CompileArkTS is not up-to-date, since the input file 'D:\HUAWEI\Lab2\Lab2\ndk-opengl-master\entry\build\default\intermediates\loader\default' has been changed.
[2026-06-23T17:52:41.334] [INFO] debug-file - Finished :entry:default@BuildJS... after 3 ms 
[2026-06-23T17:52:41.312] [DEBUG] debug-file - Incremental task entry:default@CompileArkTS pre-execution cost: 3 ms .
[2026-06-23T17:52:41.323] [DEBUG] debug-file - build config:
[2026-06-23T17:52:41.323] [DEBUG] debug-file - {
  moduleType: 'entry',
  perf: 0,
  targetName: '.default',
  packageManagerType: 'ohpm',
  localPropertiesPath: 'D:\\HUAWEI\\Lab2\\Lab2\\ndk-opengl-master\\local.properties',
  isPreview: false,
  isOhosTest: false,
  isLocalTest: false,
  buildMode: 'Debug',
  hotReloadBuild: undefined,
  watchMode: 'false',
  aceProfilePath: 'D:\\HUAWEI\\Lab2\\Lab2\\ndk-opengl-master\\entry\\build\\default\\intermediates\\res\\default\\resources\\base\\profile',
  etsLoaderPath: 'D:\\HUAWEI\\DevEco\\DevEco Studio\\sdk\\default\\openharmony\\ets\\build-tools\\ets-loader',
  modulePath: 'D:\\HUAWEI\\Lab2\\Lab2\\ndk-opengl-master\\entry',
  testFrameworkPar: {
    testMode: undefined,
    coveragePathFilter: undefined,
    coverageMode: undefined
  },
  needCoverageInsert: false,
  debugLine: false,
  projectTopDir: 'D:\\HUAWEI\\Lab2\\Lab2\\ndk-opengl-master',
  compileSdkVersion: 22,
  compatibleSdkVersion: 17,
  originCompatibleSdkVersion: '5.0.5(17)',
  compatibleSdkVersionStage: undefined,
  bundleName: 'c***l',
  etsLoaderVersion: '6.0.2.130',
  etsLoaderReleaseType: 'Release',
  aotCompileMode: 'type',
  apPath: 'D:\\HUAWEI\\Lab2\\Lab2\\ndk-opengl-master\\entry\\modules.ap',
  entryModuleName: 'entry',
  entryModuleVersion: '1.0.0',
  entryPackageName: 'entry',
  allModuleNameHash: '66f3c8041c023c38db49f629f07ca7e98f6276f17f4308e3f90230a419a9692b',
  externalApiPaths: [ 'D:\\HUAWEI\\DevEco\\DevEco Studio\\sdk\\default\\hms\\ets' ],
  compilerTypes: [],
  isCrossplatform: false,
  hvigorPluginFile: undefined,
  compilePluginPath: undefined,
  buildGeneratedProfilePath: 'D:\\HUAWEI\\Lab2\\Lab2\\ndk-opengl-master\\entry\\build\\default\\generated\\profile\\default',
  bundleType: 'app',
  arkTSVersion: undefined,
  apiVersion: 22,
  needCompleteSourcesMap: false,
  isFaMode: false,
  buildDir: 'D:\\HUAWEI\\Lab2\\Lab2\\ndk-opengl-master\\entry\\build',
  deviceTypes: [ 'phone', 'tablet', '2in1' ],
  pkgContextInfo: undefined,
  ohPackagePathMap: {},
  dependencyAliasMap: {},
  permission: { requestPermissions: [ [Object] ], definePermissions: undefined },
  useGetCurrentBundleName: false,
  projectArkOption: undefined,
  sourceMapDir: undefined,
  branchElimination: false,
  transformLib: undefined,
  tsImportSendable: false,
  resolveConflictMode: true,
  depName2RootPath: {},
  depName2DepInfo: {},
  rootPathSet: [ 'D:\\HUAWEI\\Lab2\\Lab2\\ndk-opengl-master' ],
  useNativeResolver: true,
  shouldEmitJs: true,
  useTscResolve: false,
  singleFileEmit: false,
  userProjectConfig: {
    autoLazyImport: false,
    allowEmptyBundleName: false,
    reExportCheckMode: 'noCheck',
    executionMode: 'memory',
    usePathPlaceholder: false,
    writeRollupCache: true,
    isExpandImportEnabled: false,
    expandImportExclude: '',
    lazyImportExclude: '',
    lazyImportInclude: '',
    ignoreCrossplatformCheck: false,
    isHarDeduplicateEnabled: false,
    skipOhModulesLint: false,
    enableStrictCheckOHModule: false,
    disableSendableCheckRules: [],
    useDeclarationFileSignature: false,
    customizedOptions: undefined,
    integratedHsp: false,
    isPreloadSoEnabled: false
  },
  executionMode: 'memory',
  arkCompileCachePath: 'D:\\HUAWEI\\Lab2\\Lab2\\ndk-opengl-master\\entry\\build\\default\\cache\\default\\default@CompileArkTS\\esmodule',
  autoLazyFilter: undefined,
  isHarDeduplicateEnabled: false,
  intermediateHarDuplicateDirPath: 'D:\\HUAWEI\\Lab2\\Lab2\\ndk-opengl-master\\entry\\build\\default\\intermediates\\har_duplicate\\default',
  autoLazyImport: false,
  allowEmptyBundleName: false,
  reExportCheckMode: 'noCheck',
  usePathPlaceholder: false,
  writeRollupCache: true,
  isExpandImportEnabled: false,
  expandImportExclude: '',
  lazyImportExclude: '',
  lazyImportInclude: '',
  ignoreCrossplatformCheck: false,
  skipOhModulesLint: false,
  enableStrictCheckOHModule: false,
  disableSendableCheckRules: [],
  useDeclarationFileSignature: false,
  customizedOptions: undefined,
  integratedHsp: false,
  isPreloadSoEnabled: false,
  strictMode: undefined,
  useNormalizedOHMUrl: false,
  caseSensitiveCheck: false,
  aceModuleJsonPath: 'D:\\HUAWEI\\Lab2\\Lab2\\ndk-opengl-master\\entry\\build\\default\\intermediates\\res\\default\\ark_module.json',
  appResource: 'D:\\HUAWEI\\Lab2\\Lab2\\ndk-opengl-master\\entry\\build\\default\\intermediates\\res\\default\\ResourceTable.txt',
  rawFileResource: 'D:\\HUAWEI\\Lab2\\Lab2\\ndk-opengl-master\\entry\\build\\default\\intermediates\\res\\default\\resources\\rawfile',
  resourceTableHash: 'd7d45636b8d66845e20a67332eb9a7f24c9ae80d61db5fd2cdc83c719964a04e',
  runtimeOS: 'HarmonyOS',
  sdkInfo: 'false:22:6.0.2.130:Release',
  aceModuleRoot: 'D:\\HUAWEI\\Lab2\\Lab2\\ndk-opengl-master\\entry\\src\\main\\ets',
  compileMode: 'esmodule',
  aceSuperVisualPath: 'D:\\HUAWEI\\Lab2\\Lab2\\ndk-opengl-master\\entry\\src\\main\\supervisual',
  aceBuildJson: 'D:\\HUAWEI\\Lab2\\Lab2\\ndk-opengl-master\\entry\\build\\default\\intermediates\\loader\\default\\loader.json',
  cachePath: 'D:\\HUAWEI\\Lab2\\Lab2\\ndk-opengl-master\\entry\\build\\default\\cache\\default\\default@CompileArkTS\\esmodule\\debug',
  aceModuleBuild: 'D:\\HUAWEI\\Lab2\\Lab2\\ndk-opengl-master\\entry\\build\\default\\intermediates\\loader_out\\default\\ets',
  supportChunks: true,
  declaredFilesPath: undefined,
  shouldCollectDirectImportees: false,
  isByteCodeHarOptimize: false,
  expandImportPath: undefined,
  pkgNameToPkgBriefInfo: {
    entry: {
      pkgRoot: 'D:\\HUAWEI\\Lab2\\Lab2\\ndk-opengl-master\\entry',
      originalSourceRoots: undefined,
      sourceRoots: [Array],
      pkgName: 'entry'
    }
  },
  projectModel: {
    'D:\\HUAWEI\\Lab2\\Lab2\\ndk-opengl-master\\entry\\src\\main': {
      moduleName: 'entry',
      modulePkgPath: 'D:\\HUAWEI\\Lab2\\Lab2\\ndk-opengl-master\\entry',
      belongProjectPath: 'D:\\HUAWEI\\Lab2\\Lab2\\ndk-opengl-master'
    },
    'D:\\HUAWEI\\Lab2\\Lab2\\ndk-opengl-master\\entry': {
      moduleName: 'entry',
      modulePkgPath: 'D:\\HUAWEI\\Lab2\\Lab2\\ndk-opengl-master\\entry',
      belongProjectPath: 'D:\\HUAWEI\\Lab2\\Lab2\\ndk-opengl-master'
    },
    'D:\\HUAWEI\\Lab2\\Lab2\\ndk-opengl-master': {
      moduleName: 'ndk-opengl-master',
      modulePkgPath: 'D:\\HUAWEI\\Lab2\\Lab2\\ndk-opengl-master',
      belongProjectPath: 'D:\\HUAWEI\\Lab2\\Lab2\\ndk-opengl-master'
    }
  },
  pkgJsonFileHash: '8697a744fece5f253756dfbef32bca746d8a3cbf1dc4911b3a4766bf5c08e877',
  allModulePaths: [ 'D:\\HUAWEI\\Lab2\\Lab2\\ndk-opengl-master\\entry' ],
  routerMap: {},
  obfuscationOptions: undefined,
  byteCodeHarToDependencyKeys: undefined,
  compileBlockPkg: [],
  mockParams: {
    decorator: '@MockSetup',
    packageName: '@ohos/hamock',
    etsSourceRootPath: 'src/main/ets',
    mockConfigPath: undefined,
    mockConfigKey2ModuleInfo: {},
    source2ModuleIdMap: {}
  },
  copyCodeResourceEnable: true,
  copyCodeResourceExcludes: [],
  copyCodeResourceIncludes: undefined,
  uiTransformOptimization: false,
  sdkPath: 'D:/HUAWEI/DevEco/DevEco Studio/sdk',
  needPreloadSoFileSet: {},
  preloadSoFilePath: 'D:\\HUAWEI\\Lab2\\Lab2\\ndk-opengl-master\\entry\\build\\default\\intermediates\\preload\\default\\preload.json',
  useSourceHash: false,
  localModuleParamMap: {},
  otherPaths: {
    'entry/*': [
      '..\\*',
      '..\\..\\..\\build\\default\\generated\\profile\\default\\*'
    ]
  },
  collectImportersConfig: undefined
}
[2026-06-23T17:52:41.323] [DEBUG] debug-file - Compile arkts with external api path: D:\HUAWEI\DevEco\DevEco Studio\sdk\default\hms\ets
[2026-06-23T17:52:41.325] [DEBUG] debug-file - default@CompileArkTS work[2] is submitted.
[2026-06-23T17:52:41.325] [DEBUG] debug-file - default@CompileArkTS work[2] is pushed to ready queue.
[2026-06-23T17:52:41.325] [DEBUG] debug-file - A work dispatched to worker[19] failed because unable to get work from ready queue.
[2026-06-23T17:52:41.325] [DEBUG] debug-file - A work dispatched to worker[18] failed because of worker busy.
[2026-06-23T17:52:41.325] [DEBUG] debug-file - A work dispatched to worker[17] failed because of worker busy.
[2026-06-23T17:52:41.325] [DEBUG] debug-file - A work dispatched to worker[16] failed because unable to get work from ready queue.
[2026-06-23T17:52:41.325] [DEBUG] debug-file - A work dispatched to worker[15] failed because unable to get work from ready queue.
[2026-06-23T17:52:41.325] [DEBUG] debug-file - A work dispatched to worker[14] failed because unable to get work from ready queue.
[2026-06-23T17:52:41.325] [DEBUG] debug-file - A work dispatched to worker[13] failed because unable to get work from ready queue.
[2026-06-23T17:52:41.325] [DEBUG] debug-file - A work dispatched to worker[12] failed because unable to get work from ready queue.
[2026-06-23T17:52:41.326] [DEBUG] debug-file - A work dispatched to worker[11] failed because unable to get work from ready queue.
[2026-06-23T17:52:41.326] [DEBUG] debug-file - A work dispatched to worker[10] failed because unable to get work from ready queue.
[2026-06-23T17:52:41.326] [DEBUG] debug-file - A work dispatched to worker[9] failed because unable to get work from ready queue.
[2026-06-23T17:52:41.326] [DEBUG] debug-file - A work dispatched to worker[8] failed because unable to get work from ready queue.
[2026-06-23T17:52:41.326] [DEBUG] debug-file - A work dispatched to worker[7] failed because unable to get work from ready queue.
[2026-06-23T17:52:41.326] [DEBUG] debug-file - A work dispatched to worker[6] failed because unable to get work from ready queue.
[2026-06-23T17:52:41.326] [DEBUG] debug-file - A work dispatched to worker[5] failed because unable to get work from ready queue.
[2026-06-23T17:52:41.326] [DEBUG] debug-file - Create  resident worker with id: 4.
[2026-06-23T17:52:41.327] [DEBUG] debug-file - default@CompileArkTS work[2] has been dispatched to worker[4].
[2026-06-23T17:52:41.327] [DEBUG] debug-file - default@CompileArkTS work[2] is dispatched.
[2026-06-23T17:52:41.327] [DEBUG] debug-file - CopyResources startTime: 3682665364300
[2026-06-23T17:52:41.327] [DEBUG] debug-file - default@CompileArkTS work[3] is submitted.
[2026-06-23T17:52:41.327] [DEBUG] debug-file - default@CompileArkTS work[3] is pushed to ready queue.
[2026-06-23T17:52:41.327] [DEBUG] debug-file - A work dispatched to worker[19] failed because unable to get work from ready queue.
[2026-06-23T17:52:41.327] [DEBUG] debug-file - A work dispatched to worker[18] failed because of worker busy.
[2026-06-23T17:52:41.327] [DEBUG] debug-file - A work dispatched to worker[17] failed because of worker busy.
[2026-06-23T17:52:41.327] [DEBUG] debug-file - Create  resident worker with id: 16.
[2026-06-23T17:52:41.328] [DEBUG] debug-file - default@CompileArkTS work[3] has been dispatched to worker[16].
[2026-06-23T17:52:41.328] [DEBUG] debug-file - default@CompileArkTS work[3] is dispatched.
[2026-06-23T17:52:41.329] [DEBUG] debug-file - entry : default@CompileArkTS cost memory 2.0288314819335938
[2026-06-23T17:52:42.079] [DEBUG] debug-file - worker[16] has one work done.
[2026-06-23T17:52:42.080] [DEBUG] debug-file - CopyResources is end, endTime: 3683418107100
[2026-06-23T17:52:42.080] [DEBUG] debug-file - default@CompileArkTS work[3] done.
[2026-06-23T17:52:42.080] [DEBUG] debug-file - A work dispatched to worker[16] failed because unable to get work from ready queue.
[2026-06-23T17:52:43.282] [DEBUG] debug-file - Not searching for unused variables given on the command line.

[2026-06-23T17:52:43.282] [DEBUG] debug-file - Not searching for unused variables given on the command line.

[2026-06-23T17:52:43.923] [DEBUG] debug-file - -- The C compiler identification is Clang 15.0.4

[2026-06-23T17:52:43.924] [DEBUG] debug-file - -- The C compiler identification is Clang 15.0.4

[2026-06-23T17:52:44.123] [DEBUG] debug-file - -- The CXX compiler identification is Clang 15.0.4

[2026-06-23T17:52:44.124] [DEBUG] debug-file - -- The CXX compiler identification is Clang 15.0.4

[2026-06-23T17:52:44.309] [DEBUG] debug-file - -- Detecting C compiler ABI info

[2026-06-23T17:52:44.309] [DEBUG] debug-file - -- Detecting C compiler ABI info

[2026-06-23T17:52:44.832] [DEBUG] debug-file - -- Detecting C compiler ABI info - done

[2026-06-23T17:52:44.832] [DEBUG] debug-file - -- Detecting C compiler ABI info - done

[2026-06-23T17:52:44.841] [DEBUG] debug-file - -- Check for working C compiler: D:/HUAWEI/DevEco/DevEco Studio/sdk/default/openharmony/native/llvm/bin/clang.exe - skipped

[2026-06-23T17:52:44.841] [DEBUG] debug-file - -- Check for working C compiler: D:/HUAWEI/DevEco/DevEco Studio/sdk/default/openharmony/native/llvm/bin/clang.exe - skipped

[2026-06-23T17:52:44.842] [DEBUG] debug-file - -- Detecting C compile features

[2026-06-23T17:52:44.843] [DEBUG] debug-file - -- Detecting C compile features

[2026-06-23T17:52:44.844] [DEBUG] debug-file - -- Detecting C compile features - done

[2026-06-23T17:52:44.844] [DEBUG] debug-file - -- Detecting C compile features - done

[2026-06-23T17:52:44.939] [DEBUG] debug-file - -- Detecting CXX compiler ABI info

[2026-06-23T17:52:44.939] [DEBUG] debug-file - -- Detecting CXX compiler ABI info

[2026-06-23T17:52:45.459] [DEBUG] debug-file - -- Detecting CXX compiler ABI info - done

[2026-06-23T17:52:45.460] [DEBUG] debug-file - -- Detecting CXX compiler ABI info - done

[2026-06-23T17:52:45.469] [DEBUG] debug-file - -- Check for working CXX compiler: D:/HUAWEI/DevEco/DevEco Studio/sdk/default/openharmony/native/llvm/bin/clang++.exe - skipped

[2026-06-23T17:52:45.469] [DEBUG] debug-file - -- Check for working CXX compiler: D:/HUAWEI/DevEco/DevEco Studio/sdk/default/openharmony/native/llvm/bin/clang++.exe - skipped

[2026-06-23T17:52:45.469] [DEBUG] debug-file - -- Detecting CXX compile features

[2026-06-23T17:52:45.470] [DEBUG] debug-file - -- Detecting CXX compile features

[2026-06-23T17:52:45.470] [DEBUG] debug-file - -- Detecting CXX compile features - done

[2026-06-23T17:52:45.471] [DEBUG] debug-file - -- Detecting CXX compile features - done

[2026-06-23T17:52:45.474] [DEBUG] debug-file - -- Configuring done (2.2s)

[2026-06-23T17:52:45.474] [DEBUG] debug-file - -- Configuring done (2.2s)

[2026-06-23T17:52:45.494] [DEBUG] debug-file - -- Generating done (0.0s)

[2026-06-23T17:52:45.495] [DEBUG] debug-file - -- Generating done (0.0s)

[2026-06-23T17:52:45.527] [DEBUG] debug-file - -- Build files have been written to: D:/HUAWEI/Lab2/Lab2/ndk-opengl-master/entry/.cxx/default/default/debug/x86_64

[2026-06-23T17:52:45.528] [DEBUG] debug-file - -- Build files have been written to: D:/HUAWEI/Lab2/Lab2/ndk-opengl-master/entry/.cxx/default/default/debug/arm64-v8a

[2026-06-23T17:52:45.534] [DEBUG] debug-file - worker[17] has one work done.
[2026-06-23T17:52:45.556] [DEBUG] debug-file - worker[18] has one work done.
[2026-06-23T17:52:45.581] [DEBUG] debug-file - default@BuildNativeWithCmake work[1] done.
[2026-06-23T17:52:45.581] [DEBUG] debug-file - A work dispatched to worker[17] failed because unable to get work from ready queue.
[2026-06-23T17:52:45.581] [DEBUG] debug-file - default@BuildNativeWithCmake work[0] done.
[2026-06-23T17:52:45.584] [DEBUG] debug-file - Executing task :entry:default@BuildNativeWithNinja
[2026-06-23T17:52:45.581] [DEBUG] debug-file - A work dispatched to worker[18] failed because unable to get work from ready queue.
[2026-06-23T17:52:45.585] [DEBUG] debug-file - Use tool [Ninja]
 [
  'D:\\HUAWEI\\DevEco\\DevEco Studio\\sdk\\default\\openharmony\\native\\build-tools\\cmake\\bin\\ninja.exe',
  '-C',
  'D:\\HUAWEI\\Lab2\\Lab2\\ndk-opengl-master\\entry\\.cxx\\default\\default\\debug\\arm64-v8a'
]
[2026-06-23T17:52:45.582] [INFO] debug-file - Finished :entry:default@BuildNativeWithCmake... after 3 s 504 ms 
[2026-06-23T17:52:45.585] [DEBUG] debug-file - default@BuildNativeWithNinja work[4] is submitted.
[2026-06-23T17:52:45.585] [DEBUG] debug-file - default@BuildNativeWithNinja work[4] is pushed to ready queue.
[2026-06-23T17:52:45.585] [DEBUG] debug-file - A work dispatched to worker[19] failed because unable to get work from ready queue.
[2026-06-23T17:52:45.585] [DEBUG] debug-file - default@BuildNativeWithNinja work[4] has been dispatched to worker[18].
[2026-06-23T17:52:45.585] [DEBUG] debug-file - default@BuildNativeWithNinja work[4] is dispatched.
[2026-06-23T17:52:45.592] [DEBUG] debug-file - OHOS_STL is c++_shared
[2026-06-23T17:52:45.592] [DEBUG] debug-file - Copy STL libc++_shared.so to D:\HUAWEI\Lab2\Lab2\ndk-opengl-master\entry\build\default\intermediates\cmake\default\obj\arm64-v8a due to OHOS_STL is 'c++_shared'
[2026-06-23T17:52:45.593] [DEBUG] debug-file - Use tool [Ninja]
 [
  'D:\\HUAWEI\\DevEco\\DevEco Studio\\sdk\\default\\openharmony\\native\\build-tools\\cmake\\bin\\ninja.exe',
  '-C',
  'D:\\HUAWEI\\Lab2\\Lab2\\ndk-opengl-master\\entry\\.cxx\\default\\default\\debug\\x86_64'
]
[2026-06-23T17:52:45.593] [DEBUG] debug-file - default@BuildNativeWithNinja work[5] is submitted.
[2026-06-23T17:52:45.593] [DEBUG] debug-file - default@BuildNativeWithNinja work[5] is pushed to ready queue.
[2026-06-23T17:52:45.593] [DEBUG] debug-file - A work dispatched to worker[19] failed because unable to get work from ready queue.
[2026-06-23T17:52:45.593] [DEBUG] debug-file - A work dispatched to worker[18] failed because of worker busy.
[2026-06-23T17:52:45.593] [DEBUG] debug-file - default@BuildNativeWithNinja work[5] has been dispatched to worker[17].
[2026-06-23T17:52:45.593] [DEBUG] debug-file - default@BuildNativeWithNinja work[5] is dispatched.
[2026-06-23T17:52:45.600] [DEBUG] debug-file - OHOS_STL is c++_shared
[2026-06-23T17:52:45.600] [DEBUG] debug-file - Copy STL libc++_shared.so to D:\HUAWEI\Lab2\Lab2\ndk-opengl-master\entry\build\default\intermediates\cmake\default\obj\x86_64 due to OHOS_STL is 'c++_shared'
[2026-06-23T17:52:45.600] [DEBUG] debug-file - entry : default@BuildNativeWithNinja cost memory 2.1463546752929688
[2026-06-23T17:52:46.752] [DEBUG] debug-file - ninja: Entering directory `D:\HUAWEI\Lab2\Lab2\ndk-opengl-master\entry\.cxx\default\default\debug\x86_64'
[1/7] Building CXX object CMakeFiles/tetrahedron_napi.dir/frame_handle.cpp.o

[2026-06-23T17:52:46.797] [DEBUG] debug-file - ninja: Entering directory `D:\HUAWEI\Lab2\Lab2\ndk-opengl-master\entry\.cxx\default\default\debug\arm64-v8a'
[1/7] Building CXX object CMakeFiles/tetrahedron_napi.dir/frame_handle.cpp.o

[2026-06-23T17:52:46.843] [DEBUG] debug-file - clang++: warning: argument unused during compilation: '--gcc-toolchain=D:/HUAWEI/DevEco/DevEco Studio/sdk/default/openharmony/native/llvm' [-Wunused-command-line-argument]
[2/7] Building CXX object CMakeFiles/tetrahedron_napi.dir/module.cpp.o

[2026-06-23T17:52:46.877] [DEBUG] debug-file - clang++: warning: argument unused during compilation: '--gcc-toolchain=D:/HUAWEI/DevEco/DevEco Studio/sdk/default/openharmony/native/llvm' [-Wunused-command-line-argument]
[2/7] Building CXX object CMakeFiles/tetrahedron_napi.dir/napi_util.cpp.o

[2026-06-23T17:52:46.881] [DEBUG] debug-file - clang++: warning: argument unused during compilation: '--gcc-toolchain=D:/HUAWEI/DevEco/DevEco Studio/sdk/default/openharmony/native/llvm' [-Wunused-command-line-argument]
[3/7] Building CXX object CMakeFiles/tetrahedron_napi.dir/module.cpp.o

[2026-06-23T17:52:46.884] [DEBUG] debug-file - clang++: warning: argument unused during compilation: '--gcc-toolchain=D:/HUAWEI/DevEco/DevEco Studio/sdk/default/openharmony/native/llvm' [-Wunused-command-line-argument]
[3/7] Building CXX object CMakeFiles/tetrahedron_napi.dir/tetrahedron.cpp.o

[2026-06-23T17:52:46.889] [DEBUG] debug-file - clang++: warning: argument unused during compilation: '--gcc-toolchain=D:/HUAWEI/DevEco/DevEco Studio/sdk/default/openharmony/native/llvm' [-Wunused-command-line-argument]
[4/7] Building CXX object CMakeFiles/tetrahedron_napi.dir/tetrahedron.cpp.o

[2026-06-23T17:52:46.916] [DEBUG] debug-file - clang++: warning: argument unused during compilation: '--gcc-toolchain=D:/HUAWEI/DevEco/DevEco Studio/sdk/default/openharmony/native/llvm' [-Wunused-command-line-argument]
[4/7] Building CXX object CMakeFiles/tetrahedron_napi.dir/napi_util.cpp.o

[2026-06-23T17:52:47.002] [DEBUG] debug-file - clang++: warning: argument unused during compilation: '--gcc-toolchain=D:/HUAWEI/DevEco/DevEco Studio/sdk/default/openharmony/native/llvm' [-Wunused-command-line-argument]
[5/7] Building CXX object CMakeFiles/tetrahedron_napi.dir/app_napi.cpp.o

[2026-06-23T17:52:47.029] [DEBUG] debug-file - clang++: warning: argument unused during compilation: '--gcc-toolchain=D:/HUAWEI/DevEco/DevEco Studio/sdk/default/openharmony/native/llvm' [-Wunused-command-line-argument]
[6/7] Building CXX object CMakeFiles/tetrahedron_napi.dir/napi_manager.cpp.o

[2026-06-23T17:52:47.036] [DEBUG] debug-file - clang++: warning: argument unused during compilation: '--gcc-toolchain=D:/HUAWEI/DevEco/DevEco Studio/sdk/default/openharmony/native/llvm' [-Wunused-command-line-argument]
[5/7] Building CXX object CMakeFiles/tetrahedron_napi.dir/napi_manager.cpp.o

[2026-06-23T17:52:47.052] [DEBUG] debug-file - clang++: warning: argument unused during compilation: '--gcc-toolchain=D:/HUAWEI/DevEco/DevEco Studio/sdk/default/openharmony/native/llvm' [-Wunused-command-line-argument]
[6/7] Building CXX object CMakeFiles/tetrahedron_napi.dir/app_napi.cpp.o

[2026-06-23T17:52:47.252] [DEBUG] debug-file - clang++: warning: argument unused during compilation: '--gcc-toolchain=D:/HUAWEI/DevEco/DevEco Studio/sdk/default/openharmony/native/llvm' [-Wunused-command-line-argument]
[7/7] Linking CXX shared library D:\HUAWEI\Lab2\Lab2\ndk-opengl-master\entry\build\default\intermediates\cmake\default\obj\arm64-v8a\libtetrahedron_napi.so

[2026-06-23T17:52:47.260] [DEBUG] debug-file - clang++: warning: argument unused during compilation: '--gcc-toolchain=D:/HUAWEI/DevEco/DevEco Studio/sdk/default/openharmony/native/llvm' [-Wunused-command-line-argument]
[7/7] Linking CXX shared library D:\HUAWEI\Lab2\Lab2\ndk-opengl-master\entry\build\default\intermediates\cmake\default\obj\x86_64\libtetrahedron_napi.so

[2026-06-23T17:52:47.254] [DEBUG] debug-file - worker[18] has one work done.
[2026-06-23T17:52:47.262] [DEBUG] debug-file - default@BuildNativeWithNinja work[4] done.
[2026-06-23T17:52:47.262] [DEBUG] debug-file - A work dispatched to worker[18] failed because unable to get work from ready queue.
[2026-06-23T17:52:47.263] [DEBUG] debug-file - worker[17] has one work done.
[2026-06-23T17:52:47.270] [DEBUG] debug-file - default@BuildNativeWithNinja work[5] done.
[2026-06-23T17:52:47.270] [DEBUG] debug-file - A work dispatched to worker[17] failed because unable to get work from ready queue.
[2026-06-23T17:52:47.270] [INFO] debug-file - Finished :entry:default@BuildNativeWithNinja... after 1 s 679 ms 
[2026-06-23T17:52:47.272] [DEBUG] debug-file - Executing task :entry:default@ProcessLibs
[2026-06-23T17:52:47.287] [DEBUG] debug-file - Check content hash for D:\HUAWEI\Lab2\Lab2\ndk-opengl-master\entry\build\default\intermediates\cmake\default\obj\x86_64\libtetrahedron_napi.so
[2026-06-23T17:52:47.297] [DEBUG] debug-file - Check content hash for D:\HUAWEI\Lab2\Lab2\ndk-opengl-master\entry\build\default\intermediates\cmake\default\obj\x86_64\libc++_shared.so
[2026-06-23T17:52:47.301] [DEBUG] debug-file - Check content hash for D:\HUAWEI\Lab2\Lab2\ndk-opengl-master\entry\build\default\intermediates\cmake\default\obj\arm64-v8a\libtetrahedron_napi.so
[2026-06-23T17:52:47.308] [DEBUG] debug-file - Check content hash for D:\HUAWEI\Lab2\Lab2\ndk-opengl-master\entry\build\default\intermediates\cmake\default\obj\arm64-v8a\libc++_shared.so
[2026-06-23T17:52:47.314] [DEBUG] debug-file - entry:default@ProcessLibs is not up-to-date, since the input file 'D:\HUAWEI\Lab2\Lab2\ndk-opengl-master\build-profile.json5' has been changed.
[2026-06-23T17:52:47.315] [DEBUG] debug-file - Incremental task entry:default@ProcessLibs pre-execution cost: 1 ms .
[2026-06-23T17:52:47.319] [DEBUG] debug-file - Worker dispatch failed, running processLibs on main thread.
[2026-06-23T17:52:47.325] [DEBUG] debug-file - Link D:\HUAWEI\Lab2\Lab2\ndk-opengl-master\entry\build\default\intermediates\cmake\default\obj\x86_64\libtetrahedron_napi.so to D:\HUAWEI\Lab2\Lab2\ndk-opengl-master\entry\build\default\intermediates\libs\default\x86_64\libtetrahedron_napi.so successfully.
[2026-06-23T17:52:47.326] [DEBUG] debug-file - Link D:\HUAWEI\Lab2\Lab2\ndk-opengl-master\entry\build\default\intermediates\cmake\default\obj\x86_64\libc++_shared.so to D:\HUAWEI\Lab2\Lab2\ndk-opengl-master\entry\build\default\intermediates\libs\default\x86_64\libc++_shared.so successfully.
[2026-06-23T17:52:47.327] [DEBUG] debug-file - Link D:\HUAWEI\Lab2\Lab2\ndk-opengl-master\entry\build\default\intermediates\cmake\default\obj\arm64-v8a\libtetrahedron_napi.so to D:\HUAWEI\Lab2\Lab2\ndk-opengl-master\entry\build\default\intermediates\libs\default\arm64-v8a\libtetrahedron_napi.so successfully.
[2026-06-23T17:52:47.328] [DEBUG] debug-file - Link D:\HUAWEI\Lab2\Lab2\ndk-opengl-master\entry\build\default\intermediates\cmake\default\obj\arm64-v8a\libc++_shared.so to D:\HUAWEI\Lab2\Lab2\ndk-opengl-master\entry\build\default\intermediates\libs\default\arm64-v8a\libc++_shared.so successfully.
[2026-06-23T17:52:47.328] [DEBUG] debug-file - entry : default@ProcessLibs cost memory 4.040489196777344
[2026-06-23T17:52:47.328] [DEBUG] debug-file - runTaskFromQueue task cost before running: 8 s 517 ms 
[2026-06-23T17:52:47.329] [INFO] debug-file - Finished :entry:default@ProcessLibs... after 57 ms 
[2026-06-23T17:52:47.331] [DEBUG] debug-file - Executing task :entry:default@DoNativeStrip
[2026-06-23T17:52:47.331] [DEBUG] debug-file - Task 'entry:default@DoNativeStrip' cost while wrapping incremental declarations: 1 ms 
[2026-06-23T17:52:47.332] [DEBUG] debug-file - entry:default@DoNativeStrip is not up-to-date, since the input file 'D:\HUAWEI\Lab2\Lab2\ndk-opengl-master\entry\build\default\intermediates\libs\default' has been changed.
[2026-06-23T17:52:47.332] [DEBUG] debug-file - Incremental task entry:default@DoNativeStrip pre-execution cost: 1 ms .
[2026-06-23T17:52:47.337] [DEBUG] debug-file - default@DoNativeStrip work[6] is submitted.
[2026-06-23T17:52:47.337] [DEBUG] debug-file - default@DoNativeStrip work[6] is pushed to ready queue.
[2026-06-23T17:52:47.337] [DEBUG] debug-file - A work dispatched to worker[19] failed because unable to get work from ready queue.
[2026-06-23T17:52:47.337] [DEBUG] debug-file - default@DoNativeStrip work[6] has been dispatched to worker[18].
[2026-06-23T17:52:47.337] [DEBUG] debug-file - default@DoNativeStrip work[6] is dispatched.
[2026-06-23T17:52:47.337] [DEBUG] debug-file - entry : default@DoNativeStrip cost memory 0.36925506591796875
[2026-06-23T17:52:47.364] [DEBUG] debug-file - current process  memoryUsage: {
  rss: 912736256,
  heapTotal: 89567232,
  heapUsed: 61217064,
  external: 4170126,
  arrayBuffers: 171219
} os memoryUsage :13.371234893798828
[2026-06-23T17:52:47.389] [DEBUG] debug-file - current process  memoryUsage: {
  rss: 916033536,
  heapTotal: 89567232,
  heapUsed: 61301440,
  external: 4170166,
  arrayBuffers: 171219
} os memoryUsage :13.383697509765625
[2026-06-23T17:52:47.415] [DEBUG] debug-file - current process  memoryUsage: {
  rss: 916377600,
  heapTotal: 89567232,
  heapUsed: 61383432,
  external: 4170166,
  arrayBuffers: 171219
} os memoryUsage :13.386402130126953
[2026-06-23T17:52:47.442] [DEBUG] debug-file - current process  memoryUsage: {
  rss: 916410368,
  heapTotal: 89567232,
  heapUsed: 61464888,
  external: 4170166,
  arrayBuffers: 171219
} os memoryUsage :13.391586303710938
[2026-06-23T17:52:47.513] [DEBUG] debug-file - worker[18] has one work done.
[2026-06-23T17:52:47.513] [DEBUG] debug-file - default@DoNativeStrip work[6] done.
[2026-06-23T17:52:47.513] [DEBUG] debug-file - A work dispatched to worker[18] failed because unable to get work from ready queue.
[2026-06-23T17:52:47.513] [INFO] debug-file - Finished :entry:default@DoNativeStrip... after 175 ms 
[2026-06-23T17:52:47.515] [DEBUG] debug-file - Executing task :entry:default@CacheNativeLibs
[2026-06-23T17:52:47.515] [DEBUG] debug-file - Task 'entry:default@CacheNativeLibs' cost while wrapping incremental declarations: 1 ms 
[2026-06-23T17:52:47.516] [DEBUG] debug-file - entry:default@CacheNativeLibs is not up-to-date, since the input file 'D:\HUAWEI\Lab2\Lab2\ndk-opengl-master\entry\build\default\intermediates\stripped_native_libs\default' has been changed.
[2026-06-23T17:52:47.516] [DEBUG] debug-file - Incremental task entry:default@CacheNativeLibs pre-execution cost: 2 ms .
[2026-06-23T17:52:47.517] [DEBUG] debug-file - default@CacheNativeLibs work[7] is submitted.
[2026-06-23T17:52:47.517] [DEBUG] debug-file - default@CacheNativeLibs work[7] is pushed to ready queue.
[2026-06-23T17:52:47.517] [DEBUG] debug-file - A work dispatched to worker[19] failed because unable to get work from ready queue.
[2026-06-23T17:52:47.517] [DEBUG] debug-file - default@CacheNativeLibs work[7] has been dispatched to worker[18].
[2026-06-23T17:52:47.517] [DEBUG] debug-file - default@CacheNativeLibs work[7] is dispatched.
[2026-06-23T17:52:47.517] [DEBUG] debug-file - entry : default@CacheNativeLibs cost memory 0.16847991943359375
[2026-06-23T17:52:47.520] [DEBUG] debug-file - worker[18] has one work done.
[2026-06-23T17:52:47.520] [DEBUG] debug-file - default@CacheNativeLibs work[7] done.
[2026-06-23T17:52:47.521] [DEBUG] debug-file - A work dispatched to worker[18] failed because unable to get work from ready queue.
[2026-06-23T17:52:47.521] [INFO] debug-file - Finished :entry:default@CacheNativeLibs... after 5 ms 
[2026-06-23T17:52:48.903] [DEBUG] debug-file - worker[4] has one work error.
[2026-06-23T17:52:48.904] [DEBUG] debug-file - Ark compile task finished.finished time is 3690241352600
[2026-06-23T17:52:48.903] [DEBUG] debug-file - default@CompileArkTS work[2] failed.
[2026-06-23T17:52:48.904] [ERROR] debug-file - Failed :entry:default@CompileArkTS... 
[2026-06-23T17:52:48.904] [WARN] debug-file - 
[33m1 WARN: [33m[33mArkTS:WARN File: D:/HUAWEI/Lab2/Lab2/ndk-opengl-master/entry/src/main/ets/pages/Index.ets:184:25
 'getParams' has been deprecated.
[39m[39m
[33m2 WARN: [33m[33mArkTS:WARN File: D:/HUAWEI/Lab2/Lab2/ndk-opengl-master/entry/src/main/ets/pages/Index.ets:187:14
 'clear' has been deprecated.
[39m[39m
[33m3 WARN: [33m[33mArkTS:WARN File: D:/HUAWEI/Lab2/Lab2/ndk-opengl-master/entry/src/main/ets/pages/Index.ets:260:18
 'pushUrl' has been deprecated.
[39m[39m
[33m4 WARN: [33m[33mArkTS:WARN File: D:/HUAWEI/Lab2/Lab2/ndk-opengl-master/entry/src/main/ets/pages/ModelSelectPage.ets:22:18
 'back' has been deprecated.
[39m[39m
[33m5 WARN: [33m[33mArkTS:WARN File: D:/HUAWEI/Lab2/Lab2/ndk-opengl-master/entry/src/main/ets/pages/ModelSelectPage.ets:85:20
 'back' has been deprecated.
[39m[39m
[2026-06-23T17:52:48.904] [DEBUG] debug-file - hvigor build process will be closed with an error.
[2026-06-23T17:52:48.906] [DEBUG] debug-file - ERROR: stacktrace = Error: ArkTS Compiler Error
[31m1 ERROR: [31m10505001 ArkTS Compiler Error
Error Message: ';' expected. At File: D:/HUAWEI/Lab2/Lab2/ndk-opengl-master/entry/src/main/ets/pages/Index.ets:212:14
[39m
[39m
[31m2 ERROR: [31m10505001 ArkTS Compiler Error
Error Message: Declaration or statement expected. At File: D:/HUAWEI/Lab2/Lab2/ndk-opengl-master/entry/src/main/ets/pages/Index.ets:224:5
[39m
[39m
[31m3 ERROR: [31m10505001 ArkTS Compiler Error
Error Message: ';' expected. At File: D:/HUAWEI/Lab2/Lab2/ndk-opengl-master/entry/src/main/ets/pages/Index.ets:233:14
[39m
[39m
[31m4 ERROR: [31m10505001 ArkTS Compiler Error
Error Message: ';' expected. At File: D:/HUAWEI/Lab2/Lab2/ndk-opengl-master/entry/src/main/ets/pages/Index.ets:244:13
[39m
[39m
[31m5 ERROR: [31m10505001 ArkTS Compiler Error
Error Message: ';' expected. At File: D:/HUAWEI/Lab2/Lab2/ndk-opengl-master/entry/src/main/ets/pages/Index.ets:245:18
[39m
[39m
[31m6 ERROR: [31m10505001 ArkTS Compiler Error
Error Message: ';' expected. At File: D:/HUAWEI/Lab2/Lab2/ndk-opengl-master/entry/src/main/ets/pages/Index.ets:246:29
[39m
[39m
[31m7 ERROR: [31m10505001 ArkTS Compiler Error
Error Message: Declaration or statement expected. At File: D:/HUAWEI/Lab2/Lab2/ndk-opengl-master/entry/src/main/ets/pages/Index.ets:256:9
[39m
[39m
[31m8 ERROR: [31m10505001 ArkTS Compiler Error
Error Message: Declaration or statement expected. At File: D:/HUAWEI/Lab2/Lab2/ndk-opengl-master/entry/src/main/ets/pages/Index.ets:263:7
[39m
[39m
[31m9 ERROR: [31m10505001 ArkTS Compiler Error
Error Message: ';' expected. At File: D:/HUAWEI/Lab2/Lab2/ndk-opengl-master/entry/src/main/ets/pages/Index.ets:275:13
[39m
[39m
[31m10 ERROR: [31m10505001 ArkTS Compiler Error
Error Message: Declaration or statement expected. At File: D:/HUAWEI/Lab2/Lab2/ndk-opengl-master/entry/src/main/ets/pages/Index.ets:302:7
[39m
[39m
[31m11 ERROR: [31m10505001 ArkTS Compiler Error
Error Message: ';' expected. At File: D:/HUAWEI/Lab2/Lab2/ndk-opengl-master/entry/src/main/ets/pages/Index.ets:305:25
[39m
[39m
[31m12 ERROR: [31m10505001 ArkTS Compiler Error
Error Message: Declaration or statement expected. At File: D:/HUAWEI/Lab2/Lab2/ndk-opengl-master/entry/src/main/ets/pages/Index.ets:337:7
[39m
[39m
[31m13 ERROR: [31m10505001 ArkTS Compiler Error
Error Message: Module '"@kit.AbilityKit"' has no exported member 'abilityDelegatorRegistry'. At File: D:/HUAWEI/Lab2/Lab2/ndk-opengl-master/entry/src/main/ets/entryability/EntryAbility.ets:1:27
[39m
[39m
[31m14 ERROR: [31m10905236 ArkTS Compiler Error
Error Message: UI component 'Column' cannot be used in this place. At File: D:/HUAWEI/Lab2/Lab2/ndk-opengl-master/entry/src/main/ets/pages/Index.ets:212:5
[39m
[39m
[31m15 ERROR: [31m10905236 ArkTS Compiler Error
Error Message: UI component 'XComponent' cannot be used in this place. At File: D:/HUAWEI/Lab2/Lab2/ndk-opengl-master/entry/src/main/ets/pages/Index.ets:213:7
[39m
[39m
[31m16 ERROR: [31m10505001 ArkTS Compiler Error
Error Message: Cannot find name 'justifyContent'. At File: D:/HUAWEI/Lab2/Lab2/ndk-opengl-master/entry/src/main/ets/pages/Index.ets:224:6
[39m
[39m
[31m17 ERROR: [31m10905236 ArkTS Compiler Error
Error Message: UI component 'Column' cannot be used in this place. At File: D:/HUAWEI/Lab2/Lab2/ndk-opengl-master/entry/src/main/ets/pages/Index.ets:233:5
[39m
[39m
[31m18 ERROR: [31m10905236 ArkTS Compiler Error
Error Message: UI component 'Text' cannot be used in this place. At File: D:/HUAWEI/Lab2/Lab2/ndk-opengl-master/entry/src/main/ets/pages/Index.ets:235:9
[39m
[39m
[31m19 ERROR: [31m10905236 ArkTS Compiler Error
Error Message: UI component 'Row' cannot be used in this place. At File: D:/HUAWEI/Lab2/Lab2/ndk-opengl-master/entry/src/main/ets/pages/Index.ets:244:7
[39m
[39m
[31m20 ERROR: [31m10905236 ArkTS Compiler Error
Error Message: UI component 'Button' cannot be used in this place. At File: D:/HUAWEI/Lab2/Lab2/ndk-opengl-master/entry/src/main/ets/pages/Index.ets:245:9
[39m
[39m
[31m21 ERROR: [31m10905236 ArkTS Compiler Error
Error Message: UI component 'Row' cannot be used in this place. At File: D:/HUAWEI/Lab2/Lab2/ndk-opengl-master/entry/src/main/ets/pages/Index.ets:246:11
[39m
[39m
[31m22 ERROR: [31m10905236 ArkTS Compiler Error
Error Message: UI component 'Text' cannot be used in this place. At File: D:/HUAWEI/Lab2/Lab2/ndk-opengl-master/entry/src/main/ets/pages/Index.ets:247:13
[39m
[39m
[31m23 ERROR: [31m10905236 ArkTS Compiler Error
Error Message: UI component 'Text' cannot be used in this place. At File: D:/HUAWEI/Lab2/Lab2/ndk-opengl-master/entry/src/main/ets/pages/Index.ets:250:13
[39m
[39m
[31m24 ERROR: [31m10505001 ArkTS Compiler Error
Error Message: Cannot find name 'type'. At File: D:/HUAWEI/Lab2/Lab2/ndk-opengl-master/entry/src/main/ets/pages/Index.ets:256:10
[39m
[39m
[31m25 ERROR: [31m10505001 ArkTS Compiler Error
Error Message: Cannot find name 'width'. Did you mean the instance member 'this.width'? At File: D:/HUAWEI/Lab2/Lab2/ndk-opengl-master/entry/src/main/ets/pages/Index.ets:263:8
[39m
[39m
[31m26 ERROR: [31m10905236 ArkTS Compiler Error
Error Message: UI component 'Text' cannot be used in this place. At File: D:/HUAWEI/Lab2/Lab2/ndk-opengl-master/entry/src/main/ets/pages/Index.ets:267:7
[39m
[39m
[31m27 ERROR: [31m10905236 ArkTS Compiler Error
Error Message: UI component 'Row' cannot be used in this place. At File: D:/HUAWEI/Lab2/Lab2/ndk-opengl-master/entry/src/main/ets/pages/Index.ets:275:7
[39m
[39m
[31m28 ERROR: [31m10905236 ArkTS Compiler Error
Error Message: UI component 'Text' cannot be used in this place. At File: D:/HUAWEI/Lab2/Lab2/ndk-opengl-master/entry/src/main/ets/pages/Index.ets:276:9
[39m
[39m
[31m29 ERROR: [31m10905236 ArkTS Compiler Error
Error Message: UI component 'Slider' cannot be used in this place. At File: D:/HUAWEI/Lab2/Lab2/ndk-opengl-master/entry/src/main/ets/pages/Index.ets:281:9
[39m
[39m
[31m30 ERROR: [31m10905236 ArkTS Compiler Error
Error Message: UI component 'Text' cannot be used in this place. At File: D:/HUAWEI/Lab2/Lab2/ndk-opengl-master/entry/src/main/ets/pages/Index.ets:297:9
[39m
[39m
[31m31 ERROR: [31m10505001 ArkTS Compiler Error
Error Message: Cannot find name 'width'. Did you mean the instance member 'this.width'? At File: D:/HUAWEI/Lab2/Lab2/ndk-opengl-master/entry/src/main/ets/pages/Index.ets:302:8
[39m
[39m
[31m32 ERROR: [31m10905236 ArkTS Compiler Error
Error Message: UI component 'Row' cannot be used in this place. At File: D:/HUAWEI/Lab2/Lab2/ndk-opengl-master/entry/src/main/ets/pages/Index.ets:305:7
[39m
[39m
[31m33 ERROR: [31m10905236 ArkTS Compiler Error
Error Message: UI component 'Button' cannot be used in this place. At File: D:/HUAWEI/Lab2/Lab2/ndk-opengl-master/entry/src/main/ets/pages/Index.ets:306:9
[39m
[39m
[31m34 ERROR: [31m10905236 ArkTS Compiler Error
Error Message: UI component 'Button' cannot be used in this place. At File: D:/HUAWEI/Lab2/Lab2/ndk-opengl-master/entry/src/main/ets/pages/Index.ets:320:9
[39m
[39m
[31m35 ERROR: [31m10905236 ArkTS Compiler Error
Error Message: UI component 'Button' cannot be used in this place. At File: D:/HUAWEI/Lab2/Lab2/ndk-opengl-master/entry/src/main/ets/pages/Index.ets:328:9
[39m
[39m
[31m36 ERROR: [31m10505001 ArkTS Compiler Error
Error Message: Cannot find name 'width'. Did you mean the instance member 'this.width'? At File: D:/HUAWEI/Lab2/Lab2/ndk-opengl-master/entry/src/main/ets/pages/Index.ets:337:8
[39m
[39m
[31m37 ERROR: [31mArkTS:ERROR File: D:/HUAWEI/Lab2/Lab2/ndk-opengl-master/entry/src/main/ets/entryability/EntryAbility.ets:1:27
 ERROR Code: 10311006 ArkTS: ERROR
Error Message: 'abilityDelegatorRegistry' is not exported from Kit '@kit.AbilityKit'.

* Try the following: 
  > Please make sure the Kit apis are consistent with SDK and there's no local modification on Kit apis.
  > For more details on Kit apis, please refer to https://developer.huawei.com/consumer/cn/doc/harmonyos-references-V5/development-intro-api-V5.
[39m
[39m
[31m38 ERROR: [31m10905204 ArkTS Compiler Error
Error Message: 'this.buildCanvas()' does not meet UI component syntax. At File: D:/HUAWEI/Lab2/Lab2/ndk-opengl-master/entry/src/main/ets/pages/Index.ets:346:13
[39m
[39m
[31m39 ERROR: [31m10905204 ArkTS Compiler Error
Error Message: 'this.buildControls()' does not meet UI component syntax. At File: D:/HUAWEI/Lab2/Lab2/ndk-opengl-master/entry/src/main/ets/pages/Index.ets:362:13
[39m
[39m
[31m40 ERROR: [31m10905204 ArkTS Compiler Error
Error Message: 'this.buildCanvas()' does not meet UI component syntax. At File: D:/HUAWEI/Lab2/Lab2/ndk-opengl-master/entry/src/main/ets/pages/Index.ets:375:13
[39m
[39m
[31m41 ERROR: [31m10905204 ArkTS Compiler Error
Error Message: 'this.buildControls()' does not meet UI component syntax. At File: D:/HUAWEI/Lab2/Lab2/ndk-opengl-master/entry/src/main/ets/pages/Index.ets:391:13
[39m
[39m
[31mCOMPILE RESULT:FAIL {ERROR:42 WARN:5}[39m
    at runArkPack (D:\HUAWEI\DevEco\DevEco Studio\tools\hvigor\hvigor-ohos-plugin\node_modules\@ohos\hvigor-arkts-compose\dist\src\arkts-pack.js:1:5860)
ArkTSCompilerError: ArkTS Compiler Error
    at throwArkTsCompilerError (D:\HUAWEI\DevEco\DevEco Studio\tools\hvigor\hvigor-ohos-plugin\node_modules\@ohos\hvigor-arkts-compose\dist\src\data\compose-error.js:1:423)
    at throwErrorIfHasErrorInfo (D:\HUAWEI\DevEco\DevEco Studio\tools\hvigor\hvigor-ohos-plugin\node_modules\@ohos\hvigor-arkts-compose\dist\src\plugins\common-plugin.js:1:4478)
    at Object.handler (D:\HUAWEI\DevEco\DevEco Studio\tools\hvigor\hvigor-ohos-plugin\node_modules\@ohos\hvigor-arkts-compose\dist\src\plugins\common-plugin.js:1:2547)
    at D:\HUAWEI\DevEco\DevEco Studio\tools\hvigor\hvigor-ohos-plugin\node_modules\@ohos\hvigor-arkts-base\node_modules\rollup\dist\shared\rollup.js:27765:40
[2026-06-23T17:52:48.907] [ERROR] debug-file - Error: ArkTS Compiler Error
[31m1 ERROR: [31m10505001 ArkTS Compiler Error
Error Message: ';' expected. At File: D:/HUAWEI/Lab2/Lab2/ndk-opengl-master/entry/src/main/ets/pages/Index.ets:212:14
[39m
[39m
[31m2 ERROR: [31m10505001 ArkTS Compiler Error
Error Message: Declaration or statement expected. At File: D:/HUAWEI/Lab2/Lab2/ndk-opengl-master/entry/src/main/ets/pages/Index.ets:224:5
[39m
[39m
[31m3 ERROR: [31m10505001 ArkTS Compiler Error
Error Message: ';' expected. At File: D:/HUAWEI/Lab2/Lab2/ndk-opengl-master/entry/src/main/ets/pages/Index.ets:233:14
[39m
[39m
[31m4 ERROR: [31m10505001 ArkTS Compiler Error
Error Message: ';' expected. At File: D:/HUAWEI/Lab2/Lab2/ndk-opengl-master/entry/src/main/ets/pages/Index.ets:244:13
[39m
[39m
[31m5 ERROR: [31m10505001 ArkTS Compiler Error
Error Message: ';' expected. At File: D:/HUAWEI/Lab2/Lab2/ndk-opengl-master/entry/src/main/ets/pages/Index.ets:245:18
[39m
[39m
[31m6 ERROR: [31m10505001 ArkTS Compiler Error
Error Message: ';' expected. At File: D:/HUAWEI/Lab2/Lab2/ndk-opengl-master/entry/src/main/ets/pages/Index.ets:246:29
[39m
[39m
[31m7 ERROR: [31m10505001 ArkTS Compiler Error
Error Message: Declaration or statement expected. At File: D:/HUAWEI/Lab2/Lab2/ndk-opengl-master/entry/src/main/ets/pages/Index.ets:256:9
[39m
[39m
[31m8 ERROR: [31m10505001 ArkTS Compiler Error
Error Message: Declaration or statement expected. At File: D:/HUAWEI/Lab2/Lab2/ndk-opengl-master/entry/src/main/ets/pages/Index.ets:263:7
[39m
[39m
[31m9 ERROR: [31m10505001 ArkTS Compiler Error
Error Message: ';' expected. At File: D:/HUAWEI/Lab2/Lab2/ndk-opengl-master/entry/src/main/ets/pages/Index.ets:275:13
[39m
[39m
[31m10 ERROR: [31m10505001 ArkTS Compiler Error
Error Message: Declaration or statement expected. At File: D:/HUAWEI/Lab2/Lab2/ndk-opengl-master/entry/src/main/ets/pages/Index.ets:302:7
[39m
[39m
[31m11 ERROR: [31m10505001 ArkTS Compiler Error
Error Message: ';' expected. At File: D:/HUAWEI/Lab2/Lab2/ndk-opengl-master/entry/src/main/ets/pages/Index.ets:305:25
[39m
[39m
[31m12 ERROR: [31m10505001 ArkTS Compiler Error
Error Message: Declaration or statement expected. At File: D:/HUAWEI/Lab2/Lab2/ndk-opengl-master/entry/src/main/ets/pages/Index.ets:337:7
[39m
[39m
[31m13 ERROR: [31m10505001 ArkTS Compiler Error
Error Message: Module '"@kit.AbilityKit"' has no exported member 'abilityDelegatorRegistry'. At File: D:/HUAWEI/Lab2/Lab2/ndk-opengl-master/entry/src/main/ets/entryability/EntryAbility.ets:1:27
[39m
[39m
[31m14 ERROR: [31m10905236 ArkTS Compiler Error
Error Message: UI component 'Column' cannot be used in this place. At File: D:/HUAWEI/Lab2/Lab2/ndk-opengl-master/entry/src/main/ets/pages/Index.ets:212:5
[39m
[39m
[31m15 ERROR: [31m10905236 ArkTS Compiler Error
Error Message: UI component 'XComponent' cannot be used in this place. At File: D:/HUAWEI/Lab2/Lab2/ndk-opengl-master/entry/src/main/ets/pages/Index.ets:213:7
[39m
[39m
[31m16 ERROR: [31m10505001 ArkTS Compiler Error
Error Message: Cannot find name 'justifyContent'. At File: D:/HUAWEI/Lab2/Lab2/ndk-opengl-master/entry/src/main/ets/pages/Index.ets:224:6
[39m
[39m
[31m17 ERROR: [31m10905236 ArkTS Compiler Error
Error Message: UI component 'Column' cannot be used in this place. At File: D:/HUAWEI/Lab2/Lab2/ndk-opengl-master/entry/src/main/ets/pages/Index.ets:233:5
[39m
[39m
[31m18 ERROR: [31m10905236 ArkTS Compiler Error
Error Message: UI component 'Text' cannot be used in this place. At File: D:/HUAWEI/Lab2/Lab2/ndk-opengl-master/entry/src/main/ets/pages/Index.ets:235:9
[39m
[39m
[31m19 ERROR: [31m10905236 ArkTS Compiler Error
Error Message: UI component 'Row' cannot be used in this place. At File: D:/HUAWEI/Lab2/Lab2/ndk-opengl-master/entry/src/main/ets/pages/Index.ets:244:7
[39m
[39m
[31m20 ERROR: [31m10905236 ArkTS Compiler Error
Error Message: UI component 'Button' cannot be used in this place. At File: D:/HUAWEI/Lab2/Lab2/ndk-opengl-master/entry/src/main/ets/pages/Index.ets:245:9
[39m
[39m
[31m21 ERROR: [31m10905236 ArkTS Compiler Error
Error Message: UI component 'Row' cannot be used in this place. At File: D:/HUAWEI/Lab2/Lab2/ndk-opengl-master/entry/src/main/ets/pages/Index.ets:246:11
[39m
[39m
[31m22 ERROR: [31m10905236 ArkTS Compiler Error
Error Message: UI component 'Text' cannot be used in this place. At File: D:/HUAWEI/Lab2/Lab2/ndk-opengl-master/entry/src/main/ets/pages/Index.ets:247:13
[39m
[39m
[31m23 ERROR: [31m10905236 ArkTS Compiler Error
Error Message: UI component 'Text' cannot be used in this place. At File: D:/HUAWEI/Lab2/Lab2/ndk-opengl-master/entry/src/main/ets/pages/Index.ets:250:13
[39m
[39m
[31m24 ERROR: [31m10505001 ArkTS Compiler Error
Error Message: Cannot find name 'type'. At File: D:/HUAWEI/Lab2/Lab2/ndk-opengl-master/entry/src/main/ets/pages/Index.ets:256:10
[39m
[39m
[31m25 ERROR: [31m10505001 ArkTS Compiler Error
Error Message: Cannot find name 'width'. Did you mean the instance member 'this.width'? At File: D:/HUAWEI/Lab2/Lab2/ndk-opengl-master/entry/src/main/ets/pages/Index.ets:263:8
[39m
[39m
[31m26 ERROR: [31m10905236 ArkTS Compiler Error
Error Message: UI component 'Text' cannot be used in this place. At File: D:/HUAWEI/Lab2/Lab2/ndk-opengl-master/entry/src/main/ets/pages/Index.ets:267:7
[39m
[39m
[31m27 ERROR: [31m10905236 ArkTS Compiler Error
Error Message: UI component 'Row' cannot be used in this place. At File: D:/HUAWEI/Lab2/Lab2/ndk-opengl-master/entry/src/main/ets/pages/Index.ets:275:7
[39m
[39m
[31m28 ERROR: [31m10905236 ArkTS Compiler Error
Error Message: UI component 'Text' cannot be used in this place. At File: D:/HUAWEI/Lab2/Lab2/ndk-opengl-master/entry/src/main/ets/pages/Index.ets:276:9
[39m
[39m
[31m29 ERROR: [31m10905236 ArkTS Compiler Error
Error Message: UI component 'Slider' cannot be used in this place. At File: D:/HUAWEI/Lab2/Lab2/ndk-opengl-master/entry/src/main/ets/pages/Index.ets:281:9
[39m
[39m
[31m30 ERROR: [31m10905236 ArkTS Compiler Error
Error Message: UI component 'Text' cannot be used in this place. At File: D:/HUAWEI/Lab2/Lab2/ndk-opengl-master/entry/src/main/ets/pages/Index.ets:297:9
[39m
[39m
[31m31 ERROR: [31m10505001 ArkTS Compiler Error
Error Message: Cannot find name 'width'. Did you mean the instance member 'this.width'? At File: D:/HUAWEI/Lab2/Lab2/ndk-opengl-master/entry/src/main/ets/pages/Index.ets:302:8
[39m
[39m
[31m32 ERROR: [31m10905236 ArkTS Compiler Error
Error Message: UI component 'Row' cannot be used in this place. At File: D:/HUAWEI/Lab2/Lab2/ndk-opengl-master/entry/src/main/ets/pages/Index.ets:305:7
[39m
[39m
[31m33 ERROR: [31m10905236 ArkTS Compiler Error
Error Message: UI component 'Button' cannot be used in this place. At File: D:/HUAWEI/Lab2/Lab2/ndk-opengl-master/entry/src/main/ets/pages/Index.ets:306:9
[39m
[39m
[31m34 ERROR: [31m10905236 ArkTS Compiler Error
Error Message: UI component 'Button' cannot be used in this place. At File: D:/HUAWEI/Lab2/Lab2/ndk-opengl-master/entry/src/main/ets/pages/Index.ets:320:9
[39m
[39m
[31m35 ERROR: [31m10905236 ArkTS Compiler Error
Error Message: UI component 'Button' cannot be used in this place. At File: D:/HUAWEI/Lab2/Lab2/ndk-opengl-master/entry/src/main/ets/pages/Index.ets:328:9
[39m
[39m
[31m36 ERROR: [31m10505001 ArkTS Compiler Error
Error Message: Cannot find name 'width'. Did you mean the instance member 'this.width'? At File: D:/HUAWEI/Lab2/Lab2/ndk-opengl-master/entry/src/main/ets/pages/Index.ets:337:8
[39m
[39m
[31m37 ERROR: [31mArkTS:ERROR File: D:/HUAWEI/Lab2/Lab2/ndk-opengl-master/entry/src/main/ets/entryability/EntryAbility.ets:1:27
 ERROR Code: 10311006 ArkTS: ERROR
Error Message: 'abilityDelegatorRegistry' is not exported from Kit '@kit.AbilityKit'.

* Try the following: 
  > Please make sure the Kit apis are consistent with SDK and there's no local modification on Kit apis.
  > For more details on Kit apis, please refer to https://developer.huawei.com/consumer/cn/doc/harmonyos-references-V5/development-intro-api-V5.
[39m
[39m
[31m38 ERROR: [31m10905204 ArkTS Compiler Error
Error Message: 'this.buildCanvas()' does not meet UI component syntax. At File: D:/HUAWEI/Lab2/Lab2/ndk-opengl-master/entry/src/main/ets/pages/Index.ets:346:13
[39m
[39m
[31m39 ERROR: [31m10905204 ArkTS Compiler Error
Error Message: 'this.buildControls()' does not meet UI component syntax. At File: D:/HUAWEI/Lab2/Lab2/ndk-opengl-master/entry/src/main/ets/pages/Index.ets:362:13
[39m
[39m
[31m40 ERROR: [31m10905204 ArkTS Compiler Error
Error Message: 'this.buildCanvas()' does not meet UI component syntax. At File: D:/HUAWEI/Lab2/Lab2/ndk-opengl-master/entry/src/main/ets/pages/Index.ets:375:13
[39m
[39m
[31m41 ERROR: [31m10905204 ArkTS Compiler Error
Error Message: 'this.buildControls()' does not meet UI component syntax. At File: D:/HUAWEI/Lab2/Lab2/ndk-opengl-master/entry/src/main/ets/pages/Index.ets:391:13
[39m
[39m
[31mCOMPILE RESULT:FAIL {ERROR:42 WARN:5}[39m
    at runArkPack (D:\HUAWEI\DevEco\DevEco Studio\tools\hvigor\hvigor-ohos-plugin\node_modules\@ohos\hvigor-arkts-compose\dist\src\arkts-pack.js:1:5860)
ArkTSCompilerError: ArkTS Compiler Error
    at throwArkTsCompilerError (D:\HUAWEI\DevEco\DevEco Studio\tools\hvigor\hvigor-ohos-plugin\node_modules\@ohos\hvigor-arkts-compose\dist\src\data\compose-error.js:1:423)
    at throwErrorIfHasErrorInfo (D:\HUAWEI\DevEco\DevEco Studio\tools\hvigor\hvigor-ohos-plugin\node_modules\@ohos\hvigor-arkts-compose\dist\src\plugins\common-plugin.js:1:4478)
    at Object.handler (D:\HUAWEI\DevEco\DevEco Studio\tools\hvigor\hvigor-ohos-plugin\node_modules\@ohos\hvigor-arkts-compose\dist\src\plugins\common-plugin.js:1:2547)
    at D:\HUAWEI\DevEco\DevEco Studio\tools\hvigor\hvigor-ohos-plugin\node_modules\@ohos\hvigor-arkts-base\node_modules\rollup\dist\shared\rollup.js:27765:40
[2026-06-23T17:52:48.918] [ERROR] debug-file - BUILD FAILED in 10 s 106 ms 
[2026-06-23T17:52:48.919] [DEBUG] debug-file - Update task entry:default@PreBuild input file:D:\HUAWEI\Lab2\Lab2\ndk-opengl-master\AppScope\app.json5 cache from map.
[2026-06-23T17:52:48.919] [DEBUG] debug-file - Update task entry:default@PreBuild input file:D:\HUAWEI\Lab2\Lab2\ndk-opengl-master\entry\src\main\module.json5 cache by regenerate.
[2026-06-23T17:52:48.920] [DEBUG] debug-file - Update task entry:default@PreBuild input file:D:\HUAWEI\Lab2\Lab2\ndk-opengl-master\build-profile.json5 cache by regenerate.
[2026-06-23T17:52:48.920] [DEBUG] debug-file - Update task entry:default@PreBuild input file:D:\HUAWEI\Lab2\Lab2\ndk-opengl-master\entry\build-profile.json5 cache by regenerate.
[2026-06-23T17:52:48.920] [DEBUG] debug-file - Update task entry:default@PreBuild input file:D:\HUAWEI\Lab2\Lab2\ndk-opengl-master\entry\src\main\resources\base\profile\main_pages.json cache by regenerate.
[2026-06-23T17:52:48.920] [DEBUG] debug-file - Update task entry:default@PreBuild input file:D:\HUAWEI\Lab2\Lab2\ndk-opengl-master\hvigor\hvigor-config.json5 cache by regenerate.
[2026-06-23T17:52:48.920] [DEBUG] debug-file - Update task entry:default@PreBuild input file:D:\HUAWEI\Lab2\Lab2\ndk-opengl-master\entry\oh-package.json5 cache by regenerate.
[2026-06-23T17:52:48.920] [DEBUG] debug-file - Update task entry:default@PreBuild input file:D:\HUAWEI\Lab2\Lab2\ndk-opengl-master\oh-package.json5 cache by regenerate.
[2026-06-23T17:52:48.921] [DEBUG] debug-file - Incremental task entry:default@PreBuild post-execution cost:3 ms .
[2026-06-23T17:52:48.921] [DEBUG] debug-file - Update task entry:default@CreateModuleInfo output file:D:\HUAWEI\Lab2\Lab2\ndk-opengl-master\entry\build\default\generated\profile\default\ModuleInfo.ts cache.
[2026-06-23T17:52:48.921] [DEBUG] debug-file - Incremental task entry:default@CreateModuleInfo post-execution cost:1 ms .
[2026-06-23T17:52:48.921] [DEBUG] debug-file - Update task entry:default@GenerateMetadata input file:D:\HUAWEI\Lab2\Lab2\ndk-opengl-master\entry\src\main\module.json5 cache from map.
[2026-06-23T17:52:48.921] [DEBUG] debug-file - Update task entry:default@GenerateMetadata output file:D:\HUAWEI\Lab2\Lab2\ndk-opengl-master\entry\build\default\intermediates\hap_metadata\default\output_metadata.json cache.
[2026-06-23T17:52:48.921] [DEBUG] debug-file - Incremental task entry:default@GenerateMetadata post-execution cost:1 ms .
[2026-06-23T17:52:48.921] [DEBUG] debug-file - Update task entry:default@MergeProfile input file:D:\HUAWEI\Lab2\Lab2\ndk-opengl-master\AppScope\app.json5 cache from map.
[2026-06-23T17:52:48.921] [DEBUG] debug-file - Update task entry:default@MergeProfile input file:D:\HUAWEI\Lab2\Lab2\ndk-opengl-master\build-profile.json5 cache by regenerate.
[2026-06-23T17:52:48.922] [DEBUG] debug-file - Update task entry:default@MergeProfile input file:D:\HUAWEI\Lab2\Lab2\ndk-opengl-master\entry\src\main\module.json5 cache by regenerate.
[2026-06-23T17:52:48.922] [DEBUG] debug-file - Update task entry:default@MergeProfile output file:D:\HUAWEI\Lab2\Lab2\ndk-opengl-master\entry\build\default\intermediates\merge_profile\default\module.json cache.
[2026-06-23T17:52:48.922] [DEBUG] debug-file - Incremental task entry:default@MergeProfile post-execution cost:1 ms .
[2026-06-23T17:52:48.923] [DEBUG] debug-file - Update task entry:default@CreateBuildProfile input file:D:\HUAWEI\Lab2\Lab2\ndk-opengl-master\AppScope\app.json5 cache from map.
[2026-06-23T17:52:48.923] [DEBUG] debug-file - Update task entry:default@CreateBuildProfile input file:D:\HUAWEI\Lab2\Lab2\ndk-opengl-master\build-profile.json5 cache by regenerate.
[2026-06-23T17:52:48.923] [DEBUG] debug-file - Update task entry:default@CreateBuildProfile output file:D:\HUAWEI\Lab2\Lab2\ndk-opengl-master\entry\build\default\generated\profile\default\BuildProfile.ets cache.
[2026-06-23T17:52:48.923] [DEBUG] debug-file - Incremental task entry:default@CreateBuildProfile post-execution cost:1 ms .
[2026-06-23T17:52:48.923] [DEBUG] debug-file - Update task entry:default@GeneratePkgContextInfo output file:D:\HUAWEI\Lab2\Lab2\ndk-opengl-master\entry\build\default\intermediates\loader\default\pkgContextInfo.json cache.
[2026-06-23T17:52:48.923] [DEBUG] debug-file - Incremental task entry:default@GeneratePkgContextInfo post-execution cost:1 ms .
[2026-06-23T17:52:48.924] [DEBUG] debug-file - Update task entry:default@ProcessIntegratedHsp output file:D:\HUAWEI\Lab2\Lab2\ndk-opengl-master\build\cache\default\integrated_hsp\integratedHspCache.json cache.
[2026-06-23T17:52:48.924] [DEBUG] debug-file - Incremental task entry:default@ProcessIntegratedHsp post-execution cost:1 ms .
[2026-06-23T17:52:48.924] [DEBUG] debug-file - Update task entry:default@MakePackInfo input file:D:\HUAWEI\Lab2\Lab2\ndk-opengl-master\AppScope\app.json5 cache from map.
[2026-06-23T17:52:48.924] [DEBUG] debug-file - Update task entry:default@MakePackInfo input file:D:\HUAWEI\Lab2\Lab2\ndk-opengl-master\entry\src\main\module.json5 cache by regenerate.
[2026-06-23T17:52:48.924] [DEBUG] debug-file - Update task entry:default@MakePackInfo input file:D:\HUAWEI\Lab2\Lab2\ndk-opengl-master\build-profile.json5 cache by regenerate.
[2026-06-23T17:52:48.924] [DEBUG] debug-file - Update task entry:default@MakePackInfo output file:D:\HUAWEI\Lab2\Lab2\ndk-opengl-master\entry\build\default\outputs\default\pack.info cache.
[2026-06-23T17:52:48.925] [DEBUG] debug-file - Incremental task entry:default@MakePackInfo post-execution cost:1 ms .
[2026-06-23T17:52:48.925] [DEBUG] debug-file - Update task entry:default@SyscapTransform input file:D:\HUAWEI\DevEco\DevEco Studio\sdk\default\openharmony\toolchains\syscap_tool.exe cache by regenerate.
[2026-06-23T17:52:48.925] [DEBUG] debug-file - Update task entry:default@SyscapTransform input file:D:\HUAWEI\DevEco\DevEco Studio\sdk\default\openharmony\ets\api\device-define cache by regenerate.
[2026-06-23T17:52:48.926] [DEBUG] debug-file - Update task entry:default@SyscapTransform output file:D:\HUAWEI\Lab2\Lab2\ndk-opengl-master\entry\build\default\intermediates\syscap\default\rpcid.sc cache.
[2026-06-23T17:52:48.926] [DEBUG] debug-file - Incremental task entry:default@SyscapTransform post-execution cost:2 ms .
[2026-06-23T17:52:48.926] [DEBUG] debug-file - Update task entry:default@ProcessProfile input file:D:\HUAWEI\Lab2\Lab2\ndk-opengl-master\entry\build\default\intermediates\merge_profile\default\module.json cache from map.
[2026-06-23T17:52:48.926] [DEBUG] debug-file - Update task entry:default@ProcessProfile output file:D:\HUAWEI\Lab2\Lab2\ndk-opengl-master\entry\build\default\intermediates\process_profile\default\module.json cache.
[2026-06-23T17:52:48.926] [DEBUG] debug-file - Incremental task entry:default@ProcessProfile post-execution cost:1 ms .
[2026-06-23T17:52:48.926] [DEBUG] debug-file - Update task entry:default@ProcessRouterMap input file:D:\HUAWEI\Lab2\Lab2\ndk-opengl-master\entry\oh-package.json5 cache from map.
[2026-06-23T17:52:48.926] [DEBUG] debug-file - Update task entry:default@ProcessRouterMap input file:D:\HUAWEI\Lab2\Lab2\ndk-opengl-master\oh-package.json5 cache by regenerate.
[2026-06-23T17:52:48.927] [DEBUG] debug-file - Update task entry:default@ProcessRouterMap input file:D:\HUAWEI\Lab2\Lab2\ndk-opengl-master\entry\src\main\module.json5 cache by regenerate.
[2026-06-23T17:52:48.927] [DEBUG] debug-file - Update task entry:default@ProcessRouterMap output file:D:\HUAWEI\Lab2\Lab2\ndk-opengl-master\entry\build\default\intermediates\router_map\default\temp-router-map.json cache.
[2026-06-23T17:52:48.927] [DEBUG] debug-file - Update task entry:default@ProcessRouterMap output file:D:\HUAWEI\Lab2\Lab2\ndk-opengl-master\entry\build\default\intermediates\router_map\default\loader-router-map.json cache.
[2026-06-23T17:52:48.927] [DEBUG] debug-file - Incremental task entry:default@ProcessRouterMap post-execution cost:1 ms .
[2026-06-23T17:52:48.928] [DEBUG] debug-file - Update task entry:default@ProcessShareConfig input file:D:\HUAWEI\Lab2\Lab2\ndk-opengl-master\entry\oh-package.json5 cache from map.
[2026-06-23T17:52:48.928] [DEBUG] debug-file - Update task entry:default@ProcessShareConfig input file:D:\HUAWEI\Lab2\Lab2\ndk-opengl-master\oh-package.json5 cache by regenerate.
[2026-06-23T17:52:48.928] [DEBUG] debug-file - Update task entry:default@ProcessShareConfig input file:D:\HUAWEI\Lab2\Lab2\ndk-opengl-master\entry\src\main\module.json5 cache by regenerate.
[2026-06-23T17:52:48.928] [DEBUG] debug-file - Update task entry:default@ProcessShareConfig output file:D:\HUAWEI\Lab2\Lab2\ndk-opengl-master\entry\build\default\intermediates\share_config\default\temp-share-config.json cache.
[2026-06-23T17:52:48.928] [DEBUG] debug-file - Incremental task entry:default@ProcessShareConfig post-execution cost:1 ms .
[2026-06-23T17:52:48.928] [DEBUG] debug-file - Update task entry:default@ProcessStartupConfig output file:D:\HUAWEI\Lab2\Lab2\ndk-opengl-master\entry\build\default\intermediates\startup\default\startup_config.json cache.
[2026-06-23T17:52:48.928] [DEBUG] debug-file - Incremental task entry:default@ProcessStartupConfig post-execution cost:1 ms .
[2026-06-23T17:52:48.928] [DEBUG] debug-file - Update task entry:default@ProcessResource output file:D:\HUAWEI\Lab2\Lab2\ndk-opengl-master\entry\build\default\intermediates\res\default\resConfig.json cache.
[2026-06-23T17:52:48.929] [DEBUG] debug-file - Update task entry:default@ProcessResource output file:D:\HUAWEI\Lab2\Lab2\ndk-opengl-master\entry\build\default\intermediates\res\default\opt-compression.json cache.
[2026-06-23T17:52:48.929] [DEBUG] debug-file - Incremental task entry:default@ProcessResource post-execution cost:1 ms .
[2026-06-23T17:52:48.930] [DEBUG] debug-file - Update task entry:default@GenerateLoaderJson input file:D:\HUAWEI\Lab2\Lab2\ndk-opengl-master\entry\build\default\intermediates\router_map\default\temp-router-map.json cache from map.
[2026-06-23T17:52:48.930] [DEBUG] debug-file - Update task entry:default@GenerateLoaderJson output file:D:\HUAWEI\Lab2\Lab2\ndk-opengl-master\entry\build\default\intermediates\loader\default\loader.json cache.
[2026-06-23T17:52:48.930] [DEBUG] debug-file - Incremental task entry:default@GenerateLoaderJson post-execution cost:1 ms .
[2026-06-23T17:52:48.931] [DEBUG] debug-file - Update task entry:default@CompileResource input file:D:\HUAWEI\Lab2\Lab2\ndk-opengl-master\entry\src\main\resources cache from map.
[2026-06-23T17:52:48.931] [DEBUG] debug-file - Update task entry:default@CompileResource input file:D:\HUAWEI\Lab2\Lab2\ndk-opengl-master\AppScope\resources cache by regenerate.
[2026-06-23T17:52:48.932] [DEBUG] debug-file - Update task entry:default@CompileResource input file:D:\HUAWEI\Lab2\Lab2\ndk-opengl-master\entry\build\default\intermediates\process_profile\default\module.json cache by regenerate.
[2026-06-23T17:52:48.932] [DEBUG] debug-file - Update task entry:default@CompileResource input file:D:\HUAWEI\Lab2\Lab2\ndk-opengl-master\entry\build\default\intermediates\res\default\resConfig.json cache by regenerate.
[2026-06-23T17:52:48.932] [DEBUG] debug-file - Update task entry:default@CompileResource output file:D:\HUAWEI\Lab2\Lab2\ndk-opengl-master\entry\build\default\intermediates\res\default cache.
[2026-06-23T17:52:48.934] [DEBUG] debug-file - Update task entry:default@CompileResource output file:D:\HUAWEI\Lab2\Lab2\ndk-opengl-master\entry\build\default\generated\r\default\ResourceTable.h cache.
[2026-06-23T17:52:48.935] [DEBUG] debug-file - Update task entry:default@CompileResource output file:D:\HUAWEI\Lab2\Lab2\ndk-opengl-master\entry\build\default\generated\r\default cache.
[2026-06-23T17:52:48.935] [DEBUG] debug-file - Incremental task entry:default@CompileResource post-execution cost:6 ms .
[2026-06-23T17:52:48.936] [DEBUG] debug-file - Update task entry:default@CompileArkTS input file:D:\HUAWEI\Lab2\Lab2\ndk-opengl-master\entry\build\default\intermediates\loader\default cache from map.
[2026-06-23T17:52:48.936] [DEBUG] debug-file - Update task entry:default@CompileArkTS input file:D:\HUAWEI\Lab2\Lab2\ndk-opengl-master\entry\build\default\intermediates\res\default\ResourceTable.txt cache by regenerate.
[2026-06-23T17:52:48.936] [DEBUG] debug-file - Update task entry:default@CompileArkTS input file:D:\HUAWEI\Lab2\Lab2\ndk-opengl-master\entry\build\default\intermediates\res\default\ark_module.json cache by regenerate.
[2026-06-23T17:52:48.937] [DEBUG] debug-file - Update task entry:default@CompileArkTS input file:D:\HUAWEI\Lab2\Lab2\ndk-opengl-master\entry\build\default\intermediates\res\default\resources\base\profile cache by regenerate.
[2026-06-23T17:52:48.937] [DEBUG] debug-file - Update task entry:default@CompileArkTS input file:D:\HUAWEI\Lab2\Lab2\ndk-opengl-master\entry\src\main\ets cache by regenerate.
[2026-06-23T17:52:48.938] [DEBUG] debug-file - Update task entry:default@CompileArkTS input file:D:\HUAWEI\Lab2\Lab2\ndk-opengl-master\entry\build\default\generated\profile\default\BuildProfile.ets cache by regenerate.
[2026-06-23T17:52:48.938] [DEBUG] debug-file - Update task entry:default@CompileArkTS output file:D:\HUAWEI\Lab2\Lab2\ndk-opengl-master\entry\build\default\intermediates\loader_out\default\ets cache.
[2026-06-23T17:52:48.939] [DEBUG] debug-file - Incremental task entry:default@CompileArkTS post-execution cost:4 ms .
[2026-06-23T17:52:48.940] [DEBUG] debug-file - Update task entry:default@BuildJS input file:D:\HUAWEI\Lab2\Lab2\ndk-opengl-master\entry\build\default\intermediates\loader\default cache by regenerate.
[2026-06-23T17:52:48.940] [DEBUG] debug-file - Update task entry:default@BuildJS input file:D:\HUAWEI\Lab2\Lab2\ndk-opengl-master\entry\build\default\intermediates\res\default\ResourceTable.txt cache by regenerate.
[2026-06-23T17:52:48.940] [DEBUG] debug-file - Update task entry:default@BuildJS input file:D:\HUAWEI\Lab2\Lab2\ndk-opengl-master\entry\build\default\intermediates\res\default\ark_module.json cache by regenerate.
[2026-06-23T17:52:48.940] [DEBUG] debug-file - Update task entry:default@BuildJS input file:D:\HUAWEI\Lab2\Lab2\ndk-opengl-master\entry\build\default\intermediates\res\default\resources\base\profile cache by regenerate.
[2026-06-23T17:52:48.941] [DEBUG] debug-file - Update task entry:default@BuildJS output file:D:\HUAWEI\Lab2\Lab2\ndk-opengl-master\entry\build\default\intermediates\loader_out\default\js cache.
[2026-06-23T17:52:48.941] [DEBUG] debug-file - Incremental task entry:default@BuildJS post-execution cost:3 ms .
[2026-06-23T17:52:48.941] [DEBUG] debug-file - Update task entry:default@ProcessLibs input file:D:\HUAWEI\Lab2\Lab2\ndk-opengl-master\build-profile.json5 cache from map.
[2026-06-23T17:52:48.941] [DEBUG] debug-file - Update task entry:default@ProcessLibs input file:D:\HUAWEI\Lab2\Lab2\ndk-opengl-master\entry\build-profile.json5 cache by regenerate.
[2026-06-23T17:52:48.941] [DEBUG] debug-file - Update task entry:default@ProcessLibs output file:D:\HUAWEI\Lab2\Lab2\ndk-opengl-master\entry\build\default\intermediates\libs\default cache.
[2026-06-23T17:52:48.942] [DEBUG] debug-file - Incremental task entry:default@ProcessLibs post-execution cost:2 ms .
[2026-06-23T17:52:48.942] [DEBUG] debug-file - Update task entry:default@DoNativeStrip input file:D:\HUAWEI\Lab2\Lab2\ndk-opengl-master\entry\build\default\intermediates\libs\default cache from map.
[2026-06-23T17:52:48.942] [DEBUG] debug-file - Update task entry:default@DoNativeStrip output file:D:\HUAWEI\Lab2\Lab2\ndk-opengl-master\entry\build\default\intermediates\stripped_native_libs\default cache.
[2026-06-23T17:52:48.943] [DEBUG] debug-file - Incremental task entry:default@DoNativeStrip post-execution cost:2 ms .
[2026-06-23T17:52:48.944] [DEBUG] debug-file - Update task entry:default@CacheNativeLibs input file:D:\HUAWEI\Lab2\Lab2\ndk-opengl-master\entry\build\default\intermediates\stripped_native_libs\default cache from map.
[2026-06-23T17:52:48.944] [DEBUG] debug-file - Update task entry:default@CacheNativeLibs input file:D:\HUAWEI\Lab2\Lab2\ndk-opengl-master\entry\build\default\intermediates\libs\default cache by regenerate.
[2026-06-23T17:52:48.944] [DEBUG] debug-file - Update task entry:default@CacheNativeLibs output file:D:\HUAWEI\Lab2\Lab2\ndk-opengl-master\entry\build\default\intermediates\patch\default\base_native_libs.json cache.
[2026-06-23T17:52:48.945] [DEBUG] debug-file - Incremental task entry:default@CacheNativeLibs post-execution cost:2 ms .
[2026-06-23T17:52:48.985] [DEBUG] debug-file - Current worker pool is stopped or closed.
[2026-06-23T17:52:48.985] [DEBUG] debug-file - Clear worker 0.
[2026-06-23T17:52:48.986] [DEBUG] debug-file - Worker 0 has been cleared.
[2026-06-23T17:52:48.986] [DEBUG] debug-file - Current idle worker size: 5.
[2026-06-23T17:52:48.986] [DEBUG] debug-file - Current busy worker size: 0.
[2026-06-23T17:52:48.986] [DEBUG] debug-file - Clear worker 1.
[2026-06-23T17:52:48.986] [DEBUG] debug-file - Worker 1 has been cleared.
[2026-06-23T17:52:48.986] [DEBUG] debug-file - Current idle worker size: 4.
[2026-06-23T17:52:48.986] [DEBUG] debug-file - Current busy worker size: 0.
[2026-06-23T17:52:48.986] [DEBUG] debug-file - Clear worker 16.
[2026-06-23T17:52:48.986] [DEBUG] debug-file - Worker 16 has been cleared.
[2026-06-23T17:52:48.986] [DEBUG] debug-file - Current idle worker size: 3.
[2026-06-23T17:52:48.986] [DEBUG] debug-file - Current busy worker size: 0.
[2026-06-23T17:52:48.986] [DEBUG] debug-file - Clear worker 17.
[2026-06-23T17:52:48.986] [DEBUG] debug-file - Worker 17 has been cleared.
[2026-06-23T17:52:48.986] [DEBUG] debug-file - Current idle worker size: 2.
[2026-06-23T17:52:48.986] [DEBUG] debug-file - Current busy worker size: 0.
[2026-06-23T17:52:48.986] [DEBUG] debug-file - Clear worker 18.
[2026-06-23T17:52:48.986] [DEBUG] debug-file - Worker 18 has been cleared.
[2026-06-23T17:52:48.986] [DEBUG] debug-file - Current idle worker size: 1.
[2026-06-23T17:52:48.986] [DEBUG] debug-file - Current busy worker size: 0.
[2026-06-23T17:52:48.986] [DEBUG] debug-file - Clear worker 4.
[2026-06-23T17:52:48.986] [DEBUG] debug-file - Worker 4 has been cleared.
[2026-06-23T17:52:48.986] [DEBUG] debug-file - Current idle worker size: 0.
[2026-06-23T17:52:48.987] [DEBUG] debug-file - Current busy worker size: 0.
[2026-06-23T17:52:48.991] [DEBUG] debug-file - hvigor build process will be closed.
[2026-06-23T17:52:48.997] [DEBUG] debug-file - Current worker pool is terminated.
[2026-06-23T17:52:49.002] [DEBUG] debug-file - worker[0] exits with exit code 1.
[2026-06-23T17:52:49.011] [DEBUG] debug-file - worker[1] exits with exit code 1.
[2026-06-23T17:52:49.015] [DEBUG] debug-file - worker[16] exits with exit code 1.
[2026-06-23T17:52:49.024] [DEBUG] debug-file - worker[17] exits with exit code 1.
[2026-06-23T17:52:49.026] [DEBUG] debug-file - worker[18] exits with exit code 1.
[2026-06-23T17:52:49.059] [DEBUG] debug-file - worker[4] exits with exit code 1.
[2026-06-23T17:53:54.275] [DEBUG] debug-file - env: nodejsVersion=v18.20.1
[2026-06-23T17:53:54.627] [DEBUG] debug-file - Hvigor init with startParameters:{
  hvigorfileTypeCheck: false,
  parallelExecution: true,
  incrementalExecution: true,
  printStackTrace: false,
  daemon: false,
  analyze: 0,
  logLevel: Level { level: 20000, levelStr: 'INFO', colour: 'green' },
  optimizationStrategy: 'memory',
  hotCompile: undefined,
  hotReloadBuild: undefined,
  customizedParam: undefined
}
[2026-06-23T17:53:56.088] [DEBUG] debug-file - hvigorfile, require result:  { appTasks: [Getter] }
[2026-06-23T17:53:56.090] [DEBUG] debug-file - Starting plugin build process
[2026-06-23T17:53:56.261] [DEBUG] debug-file - App plugin register hook start...
[2026-06-23T17:53:56.263] [DEBUG] debug-file - Start initialize project's product build option map with build mode debug.
[2026-06-23T17:53:56.267] [DEBUG] debug-file - Obtain build option for product 'default'in this build.
[2026-06-23T17:53:56.277] [DEBUG] debug-file - Start recording SDK configuration permission data.
[2026-06-23T17:53:56.320] [DEBUG] debug-file - Project task initialization takes 9 ms 
[2026-06-23T17:53:56.341] [DEBUG] debug-file - Start initialize module-target build option map, moduleName=entry, buildMode=debug
[2026-06-23T17:53:56.328] [DEBUG] debug-file - failed to load cangjie to dynamically generate schemas: Error: Cannot find module '@ohos/cangjie-build-support/index'
Require stack:
- D:\HUAWEI\DevEco\DevEco Studio\tools\hvigor\hvigor-ohos-plugin\src\plugin\hooks\cangjie-register.js
- D:\HUAWEI\DevEco\DevEco Studio\tools\hvigor\hvigor-ohos-plugin\src\plugin\strategy\stage-init-strategy.js
- D:\HUAWEI\DevEco\DevEco Studio\tools\hvigor\hvigor-ohos-plugin\src\plugin\builder\abstract-plugin-builder.js
- D:\HUAWEI\DevEco\DevEco Studio\tools\hvigor\hvigor-ohos-plugin\src\plugin\builder\app-plugin-builder.js
- D:\HUAWEI\DevEco\DevEco Studio\tools\hvigor\hvigor-ohos-plugin\src\plugin\factory\plugin-factory.js
- D:\HUAWEI\DevEco\DevEco Studio\tools\hvigor\hvigor-ohos-plugin\index.js
- D:\HUAWEI\Lab2\Lab2\ndk-opengl-master\hvigorfile.ts
- D:\HUAWEI\DevEco\DevEco Studio\tools\hvigor\hvigor\src\base\internal\lifecycle\configuration.js
- D:\HUAWEI\DevEco\DevEco Studio\tools\hvigor\hvigor\src\base\boot\index.js
- D:\HUAWEI\DevEco\DevEco Studio\tools\hvigor\hvigor\src\cli\main\cli.js
- D:\HUAWEI\DevEco\DevEco Studio\tools\hvigor\hvigor\bin\hvigor.js
[2026-06-23T17:53:56.350] [DEBUG] debug-file - project has submodules:entry
[2026-06-23T17:53:56.352] [DEBUG] debug-file - start to load updatedOhPackageInfo to the disk
[2026-06-23T17:53:54.276] [DEBUG] debug-file - env: hvigor-config.json5 content = { modelVersion: '5.0.4', dependencies: {} }
[2026-06-23T17:53:56.365] [DEBUG] debug-file - Start to initialize dependency information.
[2026-06-23T17:53:56.384] [DEBUG] debug-file - Executing task :entry:default@PreBuild
[2026-06-23T17:53:56.402] [DEBUG] debug-file - Executing task :entry:default@GenerateMetadata
[2026-06-23T17:53:54.631] [DEBUG] debug-file - Cache service initialization finished in 4 ms 
[2026-06-23T17:53:56.088] [DEBUG] debug-file - hvigorfile, binding system plugins { appTasks: [Getter] }
[2026-06-23T17:53:56.090] [DEBUG] debug-file - App plugin prepare start...
[2026-06-23T17:53:56.261] [DEBUG] debug-file - App plugin register hook end...
[2026-06-23T17:53:56.263] [DEBUG] debug-file - Picking option from product 'default' with build mode 'debug'.
[2026-06-23T17:53:56.269] [DEBUG] debug-file - No signingConfig found, initRemoteHspCache failed.
[2026-06-23T17:53:56.309] [DEBUG] debug-file - Sdk init in 40 ms 
[2026-06-23T17:53:56.320] [DEBUG] debug-file - hvigorfile, resolve finished D:\HUAWEI\Lab2\Lab2\ndk-opengl-master\hvigorfile.ts
[2026-06-23T17:53:56.342] [DEBUG] debug-file - Target 'default' config initialized
[2026-06-23T17:53:56.360] [DEBUG] debug-file - load to the disk finished
[2026-06-23T17:53:54.278] [DEBUG] debug-file - env: daemon=false
[2026-06-23T17:53:56.370] [DEBUG] debug-file - Module entry Collected Dependency: 
[2026-06-23T17:53:56.386] [DEBUG] debug-file - Task 'entry:default@PreBuild' cost while wrapping incremental declarations: 1 ms 
[2026-06-23T17:53:56.403] [DEBUG] debug-file - Task 'entry:default@GenerateMetadata' cost while wrapping incremental declarations: 1 ms 
[2026-06-23T17:53:54.632] [DEBUG] debug-file - hvigorfile, resolving D:\HUAWEI\Lab2\Lab2\ndk-opengl-master\hvigorfile.ts
[2026-06-23T17:53:56.090] [DEBUG] debug-file - App plugin prepare end...
[2026-06-23T17:53:56.261] [DEBUG] debug-file - Plugin build process completed
[2026-06-23T17:53:56.264] [DEBUG] debug-file - Product 'default' build option initialized
[2026-06-23T17:53:56.271] [DEBUG] debug-file - Local scan or download HarmonyOS sdk components toolchains,ets,js,native,previewer
[2026-06-23T17:53:56.321] [DEBUG] debug-file - hvigorfile, resolving D:\HUAWEI\Lab2\Lab2\ndk-opengl-master\entry\hvigorfile.ts
[2026-06-23T17:53:56.342] [DEBUG] debug-file - Module 'entry' target 'default' build option initialized
[2026-06-23T17:53:56.360] [DEBUG] debug-file - Start to initialize dependency information.
[2026-06-23T17:53:54.279] [DEBUG] debug-file - no-daemon, use the parent process.execArgv --max-old-space-size=8192,--max-semi-space-size=16,--expose-gc
[2026-06-23T17:53:56.370] [DEBUG] debug-file - Module entry's total dependency: 0
[2026-06-23T17:53:56.395] [DEBUG] debug-file - Incremental task entry:default@PreBuild pre-execution cost: 6 ms .
[2026-06-23T17:53:56.404] [DEBUG] debug-file - Incremental task entry:default@GenerateMetadata pre-execution cost: 1 ms .
[2026-06-23T17:53:56.090] [DEBUG] debug-file - App plugin creating...
[2026-06-23T17:53:56.264] [DEBUG] debug-file - End initialize project's product build option map with build mode 'debug'.
[2026-06-23T17:53:56.273] [DEBUG] debug-file - Local scan or download hmscore sdk components toolchains,ets,native
[2026-06-23T17:53:56.342] [DEBUG] debug-file - End initialize module-target build option map, moduleName=entry
[2026-06-23T17:53:56.326] [DEBUG] debug-file - hvigorfile, require result:  { hapTasks: [Getter] }
[2026-06-23T17:53:56.363] [DEBUG] debug-file - Module ndk-opengl-master Collected Dependency: 
[2026-06-23T17:53:56.443] [DEBUG] debug-file - Executing task :entry:default@PreCheckSyscap
[2026-06-23T17:53:56.445] [DEBUG] debug-file - Executing task :entry:default@GeneratePkgContextInfo
[2026-06-23T17:53:56.374] [DEBUG] debug-file - Configuration phase cost:1 s 743 ms 
[2026-06-23T17:53:56.395] [DEBUG] debug-file - entry : default@PreBuild cost memory 0.5280838012695312
[2026-06-23T17:53:56.439] [DEBUG] debug-file - Executing task :entry:default@CreateBuildProfile
[2026-06-23T17:53:56.404] [DEBUG] debug-file - entry : default@GenerateMetadata cost memory 0.08164215087890625
[2026-06-23T17:53:56.327] [DEBUG] debug-file - hvigorfile, binding system plugins { hapTasks: [Getter] }
[2026-06-23T17:53:56.363] [DEBUG] debug-file - Module ndk-opengl-master's total dependency: 0
[2026-06-23T17:53:56.443] [DEBUG] debug-file - entry : default@PreCheckSyscap cost memory 0.01348876953125
[2026-06-23T17:53:56.454] [DEBUG] debug-file - Task 'entry:default@GeneratePkgContextInfo' cost while wrapping incremental declarations: 1 ms 
[2026-06-23T17:53:56.376] [DEBUG] debug-file - Configuration task cost before running: 1 s 758 ms 
[2026-06-23T17:53:56.342] [DEBUG] debug-file - Start initialize module-target build option map, moduleName=entry, buildMode=release
[2026-06-23T17:53:56.397] [INFO] debug-file - UP-TO-DATE :entry:default@PreBuild...  
[2026-06-23T17:53:56.440] [DEBUG] debug-file - Task 'entry:default@CreateBuildProfile' cost while wrapping incremental declarations: 1 ms 
[2026-06-23T17:53:56.459] [DEBUG] debug-file - Executing task :entry:default@ProcessIntegratedHsp
[2026-06-23T17:53:56.404] [INFO] debug-file - UP-TO-DATE :entry:default@GenerateMetadata...  
[2026-06-23T17:53:56.443] [DEBUG] debug-file - runTaskFromQueue task cost before running: 1 s 825 ms 
[2026-06-23T17:53:56.327] [DEBUG] debug-file - Starting plugin build process
[2026-06-23T17:53:56.342] [DEBUG] debug-file - Target 'default' config initialized
[2026-06-23T17:53:56.398] [DEBUG] debug-file - Executing task :entry:default@CreateModuleInfo
[2026-06-23T17:53:56.441] [DEBUG] debug-file - Incremental task entry:default@CreateBuildProfile pre-execution cost: 1 ms .
[2026-06-23T17:53:56.454] [DEBUG] debug-file - entry : default@GeneratePkgContextInfo cost memory 0.5109786987304688
[2026-06-23T17:53:56.460] [DEBUG] debug-file - entry:default@ProcessIntegratedHsp is not up-to-date, since the output file 'D:\HUAWEI\Lab2\Lab2\ndk-opengl-master\build\cache\default\integrated_hsp\integratedHspCache.json' does not exist.
[2026-06-23T17:53:56.466] [DEBUG] debug-file - Use tool [Cmake]
 [
  'D:\\HUAWEI\\DevEco\\DevEco Studio\\sdk\\default\\openharmony\\native\\build-tools\\cmake\\bin\\cmake.exe',
  '-HD:\\HUAWEI\\Lab2\\Lab2\\ndk-opengl-master\\entry\\src\\main\\cpp',
  '-BD:\\HUAWEI\\Lab2\\Lab2\\ndk-opengl-master\\entry\\.cxx\\default\\default\\debug\\arm64-v8a',
  '-DOHOS_ARCH=arm64-v8a',
  '-DCMAKE_LIBRARY_OUTPUT_DIRECTORY=D:\\HUAWEI\\Lab2\\Lab2\\ndk-opengl-master\\entry\\build\\default\\intermediates\\cmake\\default\\obj\\arm64-v8a',
  '-DCMAKE_BUILD_TYPE=Debug',
  '-DOHOS_SDK_NATIVE=D:\\HUAWEI\\DevEco\\DevEco Studio\\sdk\\default\\openharmony\\native',
  '-DCMAKE_SYSTEM_NAME=OHOS',
  '-DCMAKE_OHOS_ARCH_ABI=arm64-v8a',
  '-DCMAKE_EXPORT_COMPILE_COMMANDS=ON',
  '-DCMAKE_TOOLCHAIN_FILE=D:\\HUAWEI\\DevEco\\DevEco Studio\\sdk\\default\\hms\\native\\build\\cmake\\hmos.toolchain.cmake',
  '-GNinja',
  '-DCMAKE_MAKE_PROGRAM=D:\\HUAWEI\\DevEco\\DevEco Studio\\sdk\\default\\openharmony\\native\\build-tools\\cmake\\bin\\ninja.exe',
  '-DCMAKE_FIND_ROOT_PATH=D:\\HUAWEI\\Lab2\\Lab2\\ndk-opengl-master\\entry\\.cxx\\default\\default\\debug\\hvigor\\arm64-v8a',
  '-DPACKAGE_FIND_FILE=D:\\HUAWEI\\Lab2\\Lab2\\ndk-opengl-master\\entry\\.cxx\\default\\default\\debug\\hvigor\\arm64-v8a\\summary.cmake',
  '--no-warn-unused-cli',
  '-DHMOS_SDK_NATIVE=D:\\HUAWEI\\DevEco\\DevEco Studio\\sdk\\default\\hms\\native'
]
[2026-06-23T17:53:56.462] [DEBUG] debug-file - Executing task :entry:default@BuildNativeWithCmake
[2026-06-23T17:53:56.405] [DEBUG] debug-file - Executing task :entry:default@ConfigureCmake
[2026-06-23T17:53:56.443] [INFO] debug-file - Finished :entry:default@PreCheckSyscap... after 1 ms 
[2026-06-23T17:53:56.327] [DEBUG] debug-file - Hap plugin creating...
[2026-06-23T17:53:56.343] [DEBUG] debug-file - Module 'entry' target 'default' build option initialized
[2026-06-23T17:53:56.399] [DEBUG] debug-file - Task 'entry:default@CreateModuleInfo' cost while wrapping incremental declarations: 1 ms 
[2026-06-23T17:53:56.441] [DEBUG] debug-file - entry : default@CreateBuildProfile cost memory 0.08992767333984375
[2026-06-23T17:53:56.454] [DEBUG] debug-file - runTaskFromQueue task cost before running: 1 s 836 ms 
[2026-06-23T17:53:56.460] [DEBUG] debug-file - Incremental task entry:default@ProcessIntegratedHsp pre-execution cost: 1 ms .
[2026-06-23T17:53:56.432] [DEBUG] debug-file - entry : default@ConfigureCmake cost memory 1.1437225341796875
[2026-06-23T17:53:56.343] [DEBUG] debug-file - End initialize module-target build option map, moduleName=entry
[2026-06-23T17:53:56.399] [DEBUG] debug-file - entry : default@CreateModuleInfo cost memory 0.03775787353515625
[2026-06-23T17:53:56.454] [INFO] debug-file - Finished :entry:default@GeneratePkgContextInfo... after 9 ms 
[2026-06-23T17:53:56.441] [INFO] debug-file - UP-TO-DATE :entry:default@CreateBuildProfile...  
[2026-06-23T17:53:56.460] [DEBUG] debug-file - entry : default@ProcessIntegratedHsp cost memory 0.0493621826171875
[2026-06-23T17:53:56.433] [DEBUG] debug-file - runTaskFromQueue task cost before running: 1 s 815 ms 
[2026-06-23T17:53:56.343] [DEBUG] debug-file - Start initialize module-target build option map, moduleName=entry, buildMode=debug
[2026-06-23T17:53:56.399] [DEBUG] debug-file - runTaskFromQueue task cost before running: 1 s 781 ms 
[2026-06-23T17:53:56.460] [DEBUG] debug-file - runTaskFromQueue task cost before running: 1 s 842 ms 
[2026-06-23T17:53:56.343] [DEBUG] debug-file - Target 'default' config initialized
[2026-06-23T17:53:56.433] [INFO] debug-file - Finished :entry:default@ConfigureCmake... after 28 ms 
[2026-06-23T17:53:56.400] [INFO] debug-file - Finished :entry:default@CreateModuleInfo... after 1 ms 
[2026-06-23T17:53:56.460] [INFO] debug-file - Finished :entry:default@ProcessIntegratedHsp... after 1 ms 
[2026-06-23T17:53:56.343] [DEBUG] debug-file - Module 'entry' target 'default' build option initialized
[2026-06-23T17:53:56.343] [DEBUG] debug-file - End initialize module-target build option map, moduleName=entry
[2026-06-23T17:53:56.435] [DEBUG] debug-file - Executing task :entry:default@MergeProfile
[2026-06-23T17:53:56.344] [DEBUG] debug-file - Obtain build option for module 'entry' target 'default'in this build.
[2026-06-23T17:53:56.435] [DEBUG] debug-file - Task 'entry:default@MergeProfile' cost while wrapping incremental declarations: 1 ms 
[2026-06-23T17:53:56.348] [DEBUG] debug-file - Module entry task initialization takes 4 ms 
[2026-06-23T17:53:56.437] [DEBUG] debug-file - Incremental task entry:default@MergeProfile pre-execution cost: 2 ms .
[2026-06-23T17:53:56.348] [DEBUG] debug-file - Hap plugin register hook start...
[2026-06-23T17:53:56.437] [DEBUG] debug-file - entry : default@MergeProfile cost memory 0.13118743896484375
[2026-06-23T17:53:56.475] [DEBUG] debug-file - CMake configuration was up-to-date
[2026-06-23T17:53:56.348] [DEBUG] debug-file - Hap plugin register hook end...
[2026-06-23T17:53:56.438] [INFO] debug-file - UP-TO-DATE :entry:default@MergeProfile...  
[2026-06-23T17:53:56.348] [DEBUG] debug-file - Plugin build process completed
[2026-06-23T17:53:56.348] [DEBUG] debug-file - hvigorfile, resolve finished D:\HUAWEI\Lab2\Lab2\ndk-opengl-master\entry\hvigorfile.ts
[2026-06-23T17:53:56.481] [DEBUG] debug-file - Use tool [Cmake]
 [
  'D:\\HUAWEI\\DevEco\\DevEco Studio\\sdk\\default\\openharmony\\native\\build-tools\\cmake\\bin\\cmake.exe',
  '-HD:\\HUAWEI\\Lab2\\Lab2\\ndk-opengl-master\\entry\\src\\main\\cpp',
  '-BD:\\HUAWEI\\Lab2\\Lab2\\ndk-opengl-master\\entry\\.cxx\\default\\default\\debug\\x86_64',
  '-DOHOS_ARCH=x86_64',
  '-DCMAKE_LIBRARY_OUTPUT_DIRECTORY=D:\\HUAWEI\\Lab2\\Lab2\\ndk-opengl-master\\entry\\build\\default\\intermediates\\cmake\\default\\obj\\x86_64',
  '-DCMAKE_BUILD_TYPE=Debug',
  '-DOHOS_SDK_NATIVE=D:\\HUAWEI\\DevEco\\DevEco Studio\\sdk\\default\\openharmony\\native',
  '-DCMAKE_SYSTEM_NAME=OHOS',
  '-DCMAKE_OHOS_ARCH_ABI=x86_64',
  '-DCMAKE_EXPORT_COMPILE_COMMANDS=ON',
  '-DCMAKE_TOOLCHAIN_FILE=D:\\HUAWEI\\DevEco\\DevEco Studio\\sdk\\default\\hms\\native\\build\\cmake\\hmos.toolchain.cmake',
  '-GNinja',
  '-DCMAKE_MAKE_PROGRAM=D:\\HUAWEI\\DevEco\\DevEco Studio\\sdk\\default\\openharmony\\native\\build-tools\\cmake\\bin\\ninja.exe',
  '-DCMAKE_FIND_ROOT_PATH=D:\\HUAWEI\\Lab2\\Lab2\\ndk-opengl-master\\entry\\.cxx\\default\\default\\debug\\hvigor\\x86_64',
  '-DPACKAGE_FIND_FILE=D:\\HUAWEI\\Lab2\\Lab2\\ndk-opengl-master\\entry\\.cxx\\default\\default\\debug\\hvigor\\x86_64\\summary.cmake',
  '--no-warn-unused-cli',
  '-DHMOS_SDK_NATIVE=D:\\HUAWEI\\DevEco\\DevEco Studio\\sdk\\default\\hms\\native'
]
[2026-06-23T17:53:56.485] [DEBUG] debug-file - CMake configuration was up-to-date
[2026-06-23T17:53:56.488] [DEBUG] debug-file - entry : default@BuildNativeWithCmake cost memory 1.5632858276367188
[2026-06-23T17:53:56.488] [DEBUG] debug-file - runTaskFromQueue task cost before running: 1 s 870 ms 
[2026-06-23T17:53:56.494] [DEBUG] debug-file - Executing task :entry:default@SyscapTransform
[2026-06-23T17:53:56.510] [DEBUG] debug-file - Executing task :entry:default@ProcessProfile
[2026-06-23T17:53:56.518] [DEBUG] debug-file - Executing task :entry:default@ProcessShareConfig
[2026-06-23T17:53:56.490] [DEBUG] debug-file - Executing task :entry:default@MakePackInfo
[2026-06-23T17:53:56.488] [INFO] debug-file - Finished :entry:default@BuildNativeWithCmake... after 26 ms 
[2026-06-23T17:53:56.524] [DEBUG] debug-file - Executing task :entry:default@BuildNativeWithNinja
[2026-06-23T17:53:56.515] [DEBUG] debug-file - Executing task :entry:default@ProcessRouterMap
[2026-06-23T17:53:56.521] [DEBUG] debug-file - Executing task :entry:default@ProcessStartupConfig
[2026-06-23T17:53:56.543] [DEBUG] debug-file - OHOS_STL is c++_shared
[2026-06-23T17:53:56.527] [DEBUG] debug-file - Create  resident worker with id: 0.
[2026-06-23T17:53:56.561] [DEBUG] debug-file - Executing task :entry:default@ProcessResource
[2026-06-23T17:53:56.583] [DEBUG] debug-file - Executing task :entry:default@CompileResource
[2026-06-23T17:53:56.511] [DEBUG] debug-file - Task 'entry:default@ProcessProfile' cost while wrapping incremental declarations: 1 ms 
[2026-06-23T17:53:56.519] [DEBUG] debug-file - Incremental task entry:default@ProcessShareConfig pre-execution cost: 1 ms .
[2026-06-23T17:53:56.492] [DEBUG] debug-file - Incremental task entry:default@MakePackInfo pre-execution cost: 1 ms .
[2026-06-23T17:53:56.526] [DEBUG] debug-file - Use tool [Ninja]
 [
  'D:\\HUAWEI\\DevEco\\DevEco Studio\\sdk\\default\\openharmony\\native\\build-tools\\cmake\\bin\\ninja.exe',
  '-C',
  'D:\\HUAWEI\\Lab2\\Lab2\\ndk-opengl-master\\entry\\.cxx\\default\\default\\debug\\arm64-v8a'
]
[2026-06-23T17:53:56.516] [DEBUG] debug-file - Incremental task entry:default@ProcessRouterMap pre-execution cost: 1 ms .
[2026-06-23T17:53:56.494] [DEBUG] debug-file - File: 'D:\HUAWEI\Lab2\Lab2\ndk-opengl-master\entry\src\main\syscap.json' from 'sysCapJsonPath' is not exists, just ignore.
[2026-06-23T17:53:56.521] [DEBUG] debug-file - Task 'entry:default@ProcessStartupConfig' cost while wrapping incremental declarations: 1 ms 
[2026-06-23T17:53:56.543] [DEBUG] debug-file - Copy STL libc++_shared.so to D:\HUAWEI\Lab2\Lab2\ndk-opengl-master\entry\build\default\intermediates\cmake\default\obj\arm64-v8a due to OHOS_STL is 'c++_shared'
[2026-06-23T17:53:56.529] [DEBUG] debug-file - Create  resident worker with id: 1.
[2026-06-23T17:53:56.561] [DEBUG] debug-file - Task 'entry:default@ProcessResource' cost while wrapping incremental declarations: 1 ms 
[2026-06-23T17:53:56.592] [DEBUG] debug-file - Incremental task entry:default@CompileResource pre-execution cost: 8 ms .
[2026-06-23T17:53:56.512] [DEBUG] debug-file - Incremental task entry:default@ProcessProfile pre-execution cost: 1 ms .
[2026-06-23T17:53:56.519] [DEBUG] debug-file - entry : default@ProcessShareConfig cost memory 0.10852813720703125
[2026-06-23T17:53:56.492] [DEBUG] debug-file - entry : default@MakePackInfo cost memory 0.10527801513671875
[2026-06-23T17:53:56.526] [DEBUG] debug-file - Since there is no instance or instance is terminated, create a new worker pool.
[2026-06-23T17:53:56.516] [DEBUG] debug-file - entry : default@ProcessRouterMap cost memory 0.13165283203125
[2026-06-23T17:53:56.597] [DEBUG] debug-file - Executing task :entry:default@CompileArkTS
[2026-06-23T17:53:56.494] [DEBUG] debug-file - Task 'entry:default@SyscapTransform' cost while wrapping incremental declarations: 1 ms 
[2026-06-23T17:53:56.621] [DEBUG] debug-file - Executing task :entry:default@BuildJS
[2026-06-23T17:53:56.567] [DEBUG] debug-file - Executing task :entry:default@GenerateLoaderJson
[2026-06-23T17:53:56.522] [DEBUG] debug-file - entry:default@ProcessStartupConfig is not up-to-date, since the output file 'D:\HUAWEI\Lab2\Lab2\ndk-opengl-master\entry\build\default\intermediates\startup\default\startup_config.json' does not exist.
[2026-06-23T17:53:56.531] [DEBUG] debug-file - default@BuildNativeWithNinja work[0] is submitted.
[2026-06-23T17:53:56.563] [DEBUG] debug-file - Incremental task entry:default@ProcessResource pre-execution cost: 1 ms .
[2026-06-23T17:53:56.544] [DEBUG] debug-file - Use tool [Ninja]
 [
  'D:\\HUAWEI\\DevEco\\DevEco Studio\\sdk\\default\\openharmony\\native\\build-tools\\cmake\\bin\\ninja.exe',
  '-C',
  'D:\\HUAWEI\\Lab2\\Lab2\\ndk-opengl-master\\entry\\.cxx\\default\\default\\debug\\x86_64'
]
[2026-06-23T17:53:56.592] [DEBUG] debug-file - entry : default@CompileResource cost memory 0.5941696166992188
[2026-06-23T17:53:56.512] [DEBUG] debug-file - entry : default@ProcessProfile cost memory 0.13018035888671875
[2026-06-23T17:53:56.520] [INFO] debug-file - UP-TO-DATE :entry:default@ProcessShareConfig...  
[2026-06-23T17:53:56.492] [INFO] debug-file - UP-TO-DATE :entry:default@MakePackInfo...  
[2026-06-23T17:53:56.517] [INFO] debug-file - UP-TO-DATE :entry:default@ProcessRouterMap...  
[2026-06-23T17:53:56.598] [DEBUG] debug-file - obfuscationOptions: undefined
[2026-06-23T17:53:56.526] [DEBUG] debug-file - Worker pool is initialized with config:  {
  minPoolNum: 2,
  maxPoolNum: undefined,
  maxCoreSize: undefined,
  cacheCapacity: undefined,
  cacheTtl: undefined
}
[2026-06-23T17:53:56.507] [DEBUG] debug-file - entry:default@SyscapTransform is not up-to-date, since the output file 'D:\HUAWEI\Lab2\Lab2\ndk-opengl-master\entry\build\default\intermediates\syscap\default\rpcid.sc' does not exist.
[2026-06-23T17:53:56.621] [DEBUG] debug-file - Task 'entry:default@BuildJS' cost while wrapping incremental declarations: 1 ms 
[2026-06-23T17:53:56.567] [DEBUG] debug-file - Task 'entry:default@GenerateLoaderJson' cost while wrapping incremental declarations: 1 ms 
[2026-06-23T17:53:56.522] [DEBUG] debug-file - Incremental task entry:default@ProcessStartupConfig pre-execution cost: 1 ms .
[2026-06-23T17:53:56.532] [DEBUG] debug-file - default@BuildNativeWithNinja work[0] is pushed to ready queue.
[2026-06-23T17:53:56.563] [DEBUG] debug-file - entry : default@ProcessResource cost memory 0.13060760498046875
[2026-06-23T17:53:56.544] [DEBUG] debug-file - default@BuildNativeWithNinja work[1] is submitted.
[2026-06-23T17:53:56.594] [INFO] debug-file - UP-TO-DATE :entry:default@CompileResource...  
[2026-06-23T17:53:56.513] [INFO] debug-file - UP-TO-DATE :entry:default@ProcessProfile...  
[2026-06-23T17:53:56.599] [DEBUG] debug-file - Task 'entry:default@CompileArkTS' cost while wrapping incremental declarations: 1 ms 
[2026-06-23T17:53:56.507] [DEBUG] debug-file - Incremental task entry:default@SyscapTransform pre-execution cost: 13 ms .
[2026-06-23T17:53:56.623] [DEBUG] debug-file - entry : default@BuildJS cost memory 0.15613555908203125
[2026-06-23T17:53:56.577] [DEBUG] debug-file - Incremental task entry:default@GenerateLoaderJson pre-execution cost: 8 ms .
[2026-06-23T17:53:56.522] [DEBUG] debug-file - entry : default@ProcessStartupConfig cost memory 0.08392333984375
[2026-06-23T17:53:56.532] [DEBUG] debug-file - A work dispatched to worker[19] failed because unable to get work from ready queue.
[2026-06-23T17:53:56.564] [INFO] debug-file - UP-TO-DATE :entry:default@ProcessResource...  
[2026-06-23T17:53:56.545] [DEBUG] debug-file - default@BuildNativeWithNinja work[1] is pushed to ready queue.
[2026-06-23T17:53:56.614] [DEBUG] debug-file - build config:
[2026-06-23T17:53:56.507] [DEBUG] debug-file - entry : default@SyscapTransform cost memory 0.13671112060546875
[2026-06-23T17:53:56.624] [DEBUG] debug-file - runTaskFromQueue task cost before running: 2 s 6 ms 
[2026-06-23T17:53:56.577] [DEBUG] debug-file - entry : default@GenerateLoaderJson cost memory -11.558563232421875
[2026-06-23T17:53:56.532] [DEBUG] debug-file - Create  resident worker with id: 18.
[2026-06-23T17:53:56.523] [DEBUG] debug-file - runTaskFromQueue task cost before running: 1 s 905 ms 
[2026-06-23T17:53:56.545] [DEBUG] debug-file - A work dispatched to worker[19] failed because unable to get work from ready queue.
[2026-06-23T17:53:56.507] [DEBUG] debug-file - runTaskFromQueue task cost before running: 1 s 889 ms 
[2026-06-23T17:53:56.580] [INFO] debug-file - UP-TO-DATE :entry:default@GenerateLoaderJson...  
[2026-06-23T17:53:56.624] [INFO] debug-file - Finished :entry:default@BuildJS... after 3 ms 
[2026-06-23T17:53:56.533] [DEBUG] debug-file - default@BuildNativeWithNinja work[0] has been dispatched to worker[18].
[2026-06-23T17:53:56.614] [DEBUG] debug-file - {
  moduleType: 'entry',
  perf: 0,
  targetName: '.default',
  packageManagerType: 'ohpm',
  localPropertiesPath: 'D:\\HUAWEI\\Lab2\\Lab2\\ndk-opengl-master\\local.properties',
  isPreview: false,
  isOhosTest: false,
  isLocalTest: false,
  buildMode: 'Debug',
  hotReloadBuild: undefined,
  watchMode: 'false',
  aceProfilePath: 'D:\\HUAWEI\\Lab2\\Lab2\\ndk-opengl-master\\entry\\build\\default\\intermediates\\res\\default\\resources\\base\\profile',
  etsLoaderPath: 'D:\\HUAWEI\\DevEco\\DevEco Studio\\sdk\\default\\openharmony\\ets\\build-tools\\ets-loader',
  modulePath: 'D:\\HUAWEI\\Lab2\\Lab2\\ndk-opengl-master\\entry',
  testFrameworkPar: {
    testMode: undefined,
    coveragePathFilter: undefined,
    coverageMode: undefined
  },
  needCoverageInsert: false,
  debugLine: false,
  projectTopDir: 'D:\\HUAWEI\\Lab2\\Lab2\\ndk-opengl-master',
  compileSdkVersion: 22,
  compatibleSdkVersion: 17,
  originCompatibleSdkVersion: '5.0.5(17)',
  compatibleSdkVersionStage: undefined,
  bundleName: 'c***l',
  etsLoaderVersion: '6.0.2.130',
  etsLoaderReleaseType: 'Release',
  aotCompileMode: 'type',
  apPath: 'D:\\HUAWEI\\Lab2\\Lab2\\ndk-opengl-master\\entry\\modules.ap',
  entryModuleName: 'entry',
  entryModuleVersion: '1.0.0',
  entryPackageName: 'entry',
  allModuleNameHash: '66f3c8041c023c38db49f629f07ca7e98f6276f17f4308e3f90230a419a9692b',
  externalApiPaths: [ 'D:\\HUAWEI\\DevEco\\DevEco Studio\\sdk\\default\\hms\\ets' ],
  compilerTypes: [],
  isCrossplatform: false,
  hvigorPluginFile: undefined,
  compilePluginPath: undefined,
  buildGeneratedProfilePath: 'D:\\HUAWEI\\Lab2\\Lab2\\ndk-opengl-master\\entry\\build\\default\\generated\\profile\\default',
  bundleType: 'app',
  arkTSVersion: undefined,
  apiVersion: 22,
  needCompleteSourcesMap: false,
  isFaMode: false,
  buildDir: 'D:\\HUAWEI\\Lab2\\Lab2\\ndk-opengl-master\\entry\\build',
  deviceTypes: [ 'phone', 'tablet', '2in1' ],
  pkgContextInfo: undefined,
  ohPackagePathMap: {},
  dependencyAliasMap: {},
  permission: { requestPermissions: [ [Object] ], definePermissions: undefined },
  useGetCurrentBundleName: false,
  projectArkOption: undefined,
  sourceMapDir: undefined,
  branchElimination: false,
  transformLib: undefined,
  tsImportSendable: false,
  resolveConflictMode: true,
  depName2RootPath: {},
  depName2DepInfo: {},
  rootPathSet: [ 'D:\\HUAWEI\\Lab2\\Lab2\\ndk-opengl-master' ],
  useNativeResolver: true,
  shouldEmitJs: true,
  useTscResolve: false,
  singleFileEmit: false,
  userProjectConfig: {
    autoLazyImport: false,
    allowEmptyBundleName: false,
    reExportCheckMode: 'noCheck',
    executionMode: 'memory',
    usePathPlaceholder: false,
    writeRollupCache: true,
    isExpandImportEnabled: false,
    expandImportExclude: '',
    lazyImportExclude: '',
    lazyImportInclude: '',
    ignoreCrossplatformCheck: false,
    isHarDeduplicateEnabled: false,
    skipOhModulesLint: false,
    enableStrictCheckOHModule: false,
    disableSendableCheckRules: [],
    useDeclarationFileSignature: false,
    customizedOptions: undefined,
    integratedHsp: false,
    isPreloadSoEnabled: false
  },
  executionMode: 'memory',
  arkCompileCachePath: 'D:\\HUAWEI\\Lab2\\Lab2\\ndk-opengl-master\\entry\\build\\default\\cache\\default\\default@CompileArkTS\\esmodule',
  autoLazyFilter: undefined,
  isHarDeduplicateEnabled: false,
  intermediateHarDuplicateDirPath: 'D:\\HUAWEI\\Lab2\\Lab2\\ndk-opengl-master\\entry\\build\\default\\intermediates\\har_duplicate\\default',
  autoLazyImport: false,
  allowEmptyBundleName: false,
  reExportCheckMode: 'noCheck',
  usePathPlaceholder: false,
  writeRollupCache: true,
  isExpandImportEnabled: false,
  expandImportExclude: '',
  lazyImportExclude: '',
  lazyImportInclude: '',
  ignoreCrossplatformCheck: false,
  skipOhModulesLint: false,
  enableStrictCheckOHModule: false,
  disableSendableCheckRules: [],
  useDeclarationFileSignature: false,
  customizedOptions: undefined,
  integratedHsp: false,
  isPreloadSoEnabled: false,
  strictMode: undefined,
  useNormalizedOHMUrl: false,
  caseSensitiveCheck: false,
  aceModuleJsonPath: 'D:\\HUAWEI\\Lab2\\Lab2\\ndk-opengl-master\\entry\\build\\default\\intermediates\\res\\default\\ark_module.json',
  appResource: 'D:\\HUAWEI\\Lab2\\Lab2\\ndk-opengl-master\\entry\\build\\default\\intermediates\\res\\default\\ResourceTable.txt',
  rawFileResource: 'D:\\HUAWEI\\Lab2\\Lab2\\ndk-opengl-master\\entry\\build\\default\\intermediates\\res\\default\\resources\\rawfile',
  resourceTableHash: 'd7d45636b8d66845e20a67332eb9a7f24c9ae80d61db5fd2cdc83c719964a04e',
  runtimeOS: 'HarmonyOS',
  sdkInfo: 'false:22:6.0.2.130:Release',
  aceModuleRoot: 'D:\\HUAWEI\\Lab2\\Lab2\\ndk-opengl-master\\entry\\src\\main\\ets',
  compileMode: 'esmodule',
  aceSuperVisualPath: 'D:\\HUAWEI\\Lab2\\Lab2\\ndk-opengl-master\\entry\\src\\main\\supervisual',
  aceBuildJson: 'D:\\HUAWEI\\Lab2\\Lab2\\ndk-opengl-master\\entry\\build\\default\\intermediates\\loader\\default\\loader.json',
  cachePath: 'D:\\HUAWEI\\Lab2\\Lab2\\ndk-opengl-master\\entry\\build\\default\\cache\\default\\default@CompileArkTS\\esmodule\\debug',
  aceModuleBuild: 'D:\\HUAWEI\\Lab2\\Lab2\\ndk-opengl-master\\entry\\build\\default\\intermediates\\loader_out\\default\\ets',
  supportChunks: true,
  declaredFilesPath: undefined,
  shouldCollectDirectImportees: false,
  isByteCodeHarOptimize: false,
  expandImportPath: undefined,
  pkgNameToPkgBriefInfo: {
    entry: {
      pkgRoot: 'D:\\HUAWEI\\Lab2\\Lab2\\ndk-opengl-master\\entry',
      originalSourceRoots: undefined,
      sourceRoots: [Array],
      pkgName: 'entry'
    }
  },
  projectModel: {
    'D:\\HUAWEI\\Lab2\\Lab2\\ndk-opengl-master\\entry\\src\\main': {
      moduleName: 'entry',
      modulePkgPath: 'D:\\HUAWEI\\Lab2\\Lab2\\ndk-opengl-master\\entry',
      belongProjectPath: 'D:\\HUAWEI\\Lab2\\Lab2\\ndk-opengl-master'
    },
    'D:\\HUAWEI\\Lab2\\Lab2\\ndk-opengl-master\\entry': {
      moduleName: 'entry',
      modulePkgPath: 'D:\\HUAWEI\\Lab2\\Lab2\\ndk-opengl-master\\entry',
      belongProjectPath: 'D:\\HUAWEI\\Lab2\\Lab2\\ndk-opengl-master'
    },
    'D:\\HUAWEI\\Lab2\\Lab2\\ndk-opengl-master': {
      moduleName: 'ndk-opengl-master',
      modulePkgPath: 'D:\\HUAWEI\\Lab2\\Lab2\\ndk-opengl-master',
      belongProjectPath: 'D:\\HUAWEI\\Lab2\\Lab2\\ndk-opengl-master'
    }
  },
  pkgJsonFileHash: '8697a744fece5f253756dfbef32bca746d8a3cbf1dc4911b3a4766bf5c08e877',
  allModulePaths: [ 'D:\\HUAWEI\\Lab2\\Lab2\\ndk-opengl-master\\entry' ],
  routerMap: {},
  obfuscationOptions: undefined,
  byteCodeHarToDependencyKeys: undefined,
  compileBlockPkg: [],
  mockParams: {
    decorator: '@MockSetup',
    packageName: '@ohos/hamock',
    etsSourceRootPath: 'src/main/ets',
    mockConfigPath: undefined,
    mockConfigKey2ModuleInfo: {},
    source2ModuleIdMap: {}
  },
  copyCodeResourceEnable: true,
  copyCodeResourceExcludes: [],
  copyCodeResourceIncludes: undefined,
  uiTransformOptimization: false,
  sdkPath: 'D:/HUAWEI/DevEco/DevEco Studio/sdk',
  needPreloadSoFileSet: {},
  preloadSoFilePath: 'D:\\HUAWEI\\Lab2\\Lab2\\ndk-opengl-master\\entry\\build\\default\\intermediates\\preload\\default\\preload.json',
  useSourceHash: false,
  localModuleParamMap: {},
  otherPaths: {
    'entry/*': [
      '..\\*',
      '..\\..\\..\\build\\default\\generated\\profile\\default\\*'
    ]
  },
  collectImportersConfig: undefined
}
[2026-06-23T17:53:56.523] [INFO] debug-file - Finished :entry:default@ProcessStartupConfig... after 2 ms 
[2026-06-23T17:53:56.545] [DEBUG] debug-file - A work dispatched to worker[18] failed because of worker busy.
[2026-06-23T17:53:56.508] [INFO] debug-file - Finished :entry:default@SyscapTransform... after 14 ms 
[2026-06-23T17:53:56.582] [DEBUG] debug-file - restool module names: entry; moduleName=entry, taskName=default@CompileResource
[2026-06-23T17:53:56.533] [DEBUG] debug-file - default@BuildNativeWithNinja work[0] is dispatched.
[2026-06-23T17:53:56.615] [DEBUG] debug-file - Compile arkts with external api path: D:\HUAWEI\DevEco\DevEco Studio\sdk\default\hms\ets
[2026-06-23T17:53:56.545] [DEBUG] debug-file - Create  resident worker with id: 17.
[2026-06-23T17:53:56.617] [DEBUG] debug-file - default@CompileArkTS work[2] is submitted.
[2026-06-23T17:53:56.546] [DEBUG] debug-file - default@BuildNativeWithNinja work[1] has been dispatched to worker[17].
[2026-06-23T17:53:56.617] [DEBUG] debug-file - default@CompileArkTS work[2] is pushed to ready queue.
[2026-06-23T17:53:56.546] [DEBUG] debug-file - default@BuildNativeWithNinja work[1] is dispatched.
[2026-06-23T17:53:56.617] [DEBUG] debug-file - A work dispatched to worker[19] failed because unable to get work from ready queue.
[2026-06-23T17:53:56.555] [DEBUG] debug-file - OHOS_STL is c++_shared
[2026-06-23T17:53:56.617] [DEBUG] debug-file - A work dispatched to worker[18] failed because of worker busy.
[2026-06-23T17:53:56.555] [DEBUG] debug-file - Copy STL libc++_shared.so to D:\HUAWEI\Lab2\Lab2\ndk-opengl-master\entry\build\default\intermediates\cmake\default\obj\x86_64 due to OHOS_STL is 'c++_shared'
[2026-06-23T17:53:56.617] [DEBUG] debug-file - A work dispatched to worker[17] failed because of worker busy.
[2026-06-23T17:53:56.555] [DEBUG] debug-file - entry : default@BuildNativeWithNinja cost memory 3.046478271484375
[2026-06-23T17:53:56.617] [DEBUG] debug-file - A work dispatched to worker[16] failed because unable to get work from ready queue.
[2026-06-23T17:53:56.559] [DEBUG] debug-file - restool module names: entry; moduleName=entry, taskName=default@ProcessResource
[2026-06-23T17:53:56.617] [DEBUG] debug-file - A work dispatched to worker[15] failed because unable to get work from ready queue.
[2026-06-23T17:53:56.617] [DEBUG] debug-file - A work dispatched to worker[14] failed because unable to get work from ready queue.
[2026-06-23T17:53:56.617] [DEBUG] debug-file - A work dispatched to worker[13] failed because unable to get work from ready queue.
[2026-06-23T17:53:56.617] [DEBUG] debug-file - A work dispatched to worker[12] failed because unable to get work from ready queue.
[2026-06-23T17:53:56.617] [DEBUG] debug-file - A work dispatched to worker[11] failed because unable to get work from ready queue.
[2026-06-23T17:53:56.617] [DEBUG] debug-file - A work dispatched to worker[10] failed because unable to get work from ready queue.
[2026-06-23T17:53:56.617] [DEBUG] debug-file - A work dispatched to worker[9] failed because unable to get work from ready queue.
[2026-06-23T17:53:56.617] [DEBUG] debug-file - A work dispatched to worker[8] failed because unable to get work from ready queue.
[2026-06-23T17:53:56.617] [DEBUG] debug-file - A work dispatched to worker[7] failed because unable to get work from ready queue.
[2026-06-23T17:53:56.617] [DEBUG] debug-file - A work dispatched to worker[6] failed because unable to get work from ready queue.
[2026-06-23T17:53:56.617] [DEBUG] debug-file - A work dispatched to worker[5] failed because unable to get work from ready queue.
[2026-06-23T17:53:56.617] [DEBUG] debug-file - Create  resident worker with id: 4.
[2026-06-23T17:53:56.618] [DEBUG] debug-file - default@CompileArkTS work[2] has been dispatched to worker[4].
[2026-06-23T17:53:56.618] [DEBUG] debug-file - default@CompileArkTS work[2] is dispatched.
[2026-06-23T17:53:56.618] [DEBUG] debug-file - CopyResources startTime: 3757957060900
[2026-06-23T17:53:56.618] [DEBUG] debug-file - default@CompileArkTS work[3] is submitted.
[2026-06-23T17:53:56.618] [DEBUG] debug-file - default@CompileArkTS work[3] is pushed to ready queue.
[2026-06-23T17:53:56.618] [DEBUG] debug-file - A work dispatched to worker[19] failed because unable to get work from ready queue.
[2026-06-23T17:53:56.618] [DEBUG] debug-file - A work dispatched to worker[18] failed because of worker busy.
[2026-06-23T17:53:56.618] [DEBUG] debug-file - A work dispatched to worker[17] failed because of worker busy.
[2026-06-23T17:53:56.618] [DEBUG] debug-file - Create  resident worker with id: 16.
[2026-06-23T17:53:56.619] [DEBUG] debug-file - default@CompileArkTS work[3] has been dispatched to worker[16].
[2026-06-23T17:53:56.619] [DEBUG] debug-file - default@CompileArkTS work[3] is dispatched.
[2026-06-23T17:53:56.619] [DEBUG] debug-file - entry : default@CompileArkTS cost memory 2.1643447875976562
[2026-06-23T17:53:57.430] [DEBUG] debug-file - worker[16] has one work done.
[2026-06-23T17:53:57.430] [DEBUG] debug-file - CopyResources is end, endTime: 3758769230500
[2026-06-23T17:53:57.431] [DEBUG] debug-file - default@CompileArkTS work[3] done.
[2026-06-23T17:53:57.431] [DEBUG] debug-file - A work dispatched to worker[16] failed because unable to get work from ready queue.
[2026-06-23T17:53:57.839] [DEBUG] debug-file - ninja: Entering directory `D:\HUAWEI\Lab2\Lab2\ndk-opengl-master\entry\.cxx\default\default\debug\arm64-v8a'
ninja: no work to do.

[2026-06-23T17:53:57.844] [DEBUG] debug-file - ninja: Entering directory `D:\HUAWEI\Lab2\Lab2\ndk-opengl-master\entry\.cxx\default\default\debug\x86_64'
ninja: no work to do.

[2026-06-23T17:53:57.841] [DEBUG] debug-file - worker[18] has one work done.
[2026-06-23T17:53:57.848] [DEBUG] debug-file - default@BuildNativeWithNinja work[0] done.
[2026-06-23T17:53:57.848] [DEBUG] debug-file - A work dispatched to worker[18] failed because unable to get work from ready queue.
[2026-06-23T17:53:57.848] [DEBUG] debug-file - worker[17] has one work done.
[2026-06-23T17:53:57.857] [DEBUG] debug-file - Executing task :entry:default@ProcessLibs
[2026-06-23T17:53:57.855] [DEBUG] debug-file - default@BuildNativeWithNinja work[1] done.
[2026-06-23T17:53:57.872] [DEBUG] debug-file - Check content hash for D:\HUAWEI\Lab2\Lab2\ndk-opengl-master\entry\build\default\intermediates\cmake\default\obj\x86_64\libtetrahedron_napi.so
[2026-06-23T17:53:57.855] [DEBUG] debug-file - A work dispatched to worker[17] failed because unable to get work from ready queue.
[2026-06-23T17:53:57.855] [INFO] debug-file - Finished :entry:default@BuildNativeWithNinja... after 85 ms 
[2026-06-23T17:53:57.882] [DEBUG] debug-file - Check content hash for D:\HUAWEI\Lab2\Lab2\ndk-opengl-master\entry\build\default\intermediates\cmake\default\obj\x86_64\libc++_shared.so
[2026-06-23T17:53:57.886] [DEBUG] debug-file - Check content hash for D:\HUAWEI\Lab2\Lab2\ndk-opengl-master\entry\build\default\intermediates\cmake\default\obj\arm64-v8a\libtetrahedron_napi.so
[2026-06-23T17:53:57.893] [DEBUG] debug-file - Check content hash for D:\HUAWEI\Lab2\Lab2\ndk-opengl-master\entry\build\default\intermediates\cmake\default\obj\arm64-v8a\libc++_shared.so
[2026-06-23T17:53:57.898] [DEBUG] debug-file - Incremental task entry:default@ProcessLibs pre-execution cost: 2 ms .
[2026-06-23T17:53:57.899] [DEBUG] debug-file - entry : default@ProcessLibs cost memory 3.5129318237304688
[2026-06-23T17:53:57.899] [INFO] debug-file - UP-TO-DATE :entry:default@ProcessLibs...  
[2026-06-23T17:53:57.901] [DEBUG] debug-file - Executing task :entry:default@DoNativeStrip
[2026-06-23T17:53:57.904] [DEBUG] debug-file - Executing task :entry:default@CacheNativeLibs
[2026-06-23T17:53:57.901] [DEBUG] debug-file - Task 'entry:default@DoNativeStrip' cost while wrapping incremental declarations: 1 ms 
[2026-06-23T17:53:57.905] [DEBUG] debug-file - Task 'entry:default@CacheNativeLibs' cost while wrapping incremental declarations: 1 ms 
[2026-06-23T17:53:57.903] [DEBUG] debug-file - Incremental task entry:default@DoNativeStrip pre-execution cost: 2 ms .
[2026-06-23T17:53:57.907] [DEBUG] debug-file - Incremental task entry:default@CacheNativeLibs pre-execution cost: 2 ms .
[2026-06-23T17:53:57.903] [DEBUG] debug-file - entry : default@DoNativeStrip cost memory 0.20441436767578125
[2026-06-23T17:53:57.907] [DEBUG] debug-file - entry : default@CacheNativeLibs cost memory 0.21956634521484375
[2026-06-23T17:53:57.903] [INFO] debug-file - UP-TO-DATE :entry:default@DoNativeStrip...  
[2026-06-23T17:53:57.907] [INFO] debug-file - UP-TO-DATE :entry:default@CacheNativeLibs...  
[2026-06-23T17:54:02.425] [WARN] debug-file - [33mWARN: [33m[33mArkTS:WARN File: D:/HUAWEI/Lab2/Lab2/ndk-opengl-master/entry/src/main/ets/pages/Index.ets:184:25
 'getParams' has been deprecated.
[39m[39m
[33mWARN: [33m[33mArkTS:WARN File: D:/HUAWEI/Lab2/Lab2/ndk-opengl-master/entry/src/main/ets/pages/Index.ets:187:14
 'clear' has been deprecated.
[39m[39m
[33mWARN: [33m[33mArkTS:WARN File: D:/HUAWEI/Lab2/Lab2/ndk-opengl-master/entry/src/main/ets/pages/Index.ets:264:18
 'pushUrl' has been deprecated.
[39m[39m
[33mWARN: [33m[33mArkTS:WARN File: D:/HUAWEI/Lab2/Lab2/ndk-opengl-master/entry/src/main/ets/pages/ModelSelectPage.ets:22:18
 'back' has been deprecated.
[39m[39m
[33mWARN: [33m[33mArkTS:WARN File: D:/HUAWEI/Lab2/Lab2/ndk-opengl-master/entry/src/main/ets/pages/ModelSelectPage.ets:85:20
 'back' has been deprecated.
[39m[39m

[2026-06-23T17:54:02.426] [DEBUG] debug-file - Ark compile task finished.finished time is 3763764709200
[2026-06-23T17:54:02.426] [DEBUG] debug-file - worker[4] has one work done.
[2026-06-23T17:54:02.428] [DEBUG] debug-file - default@CompileArkTS work[2] done.
[2026-06-23T17:54:02.437] [DEBUG] debug-file - Executing task :entry:default@PackageHap
[2026-06-23T17:54:02.428] [DEBUG] debug-file - A work dispatched to worker[4] failed because unable to get work from ready queue.
[2026-06-23T17:54:02.440] [DEBUG] debug-file - entry:default@PackageHap is not up-to-date, since the input file 'D:\HUAWEI\Lab2\Lab2\ndk-opengl-master\entry\build\default\intermediates\res\default\module.json' has been changed.
[2026-06-23T17:54:02.429] [INFO] debug-file - Finished :entry:default@CompileArkTS... after 3 s 955 ms 
[2026-06-23T17:54:02.440] [DEBUG] debug-file - Incremental task entry:default@PackageHap pre-execution cost: 3 ms .
[2026-06-23T17:54:02.452] [DEBUG] debug-file - default@PackageHap work[4] is submitted.
[2026-06-23T17:54:02.430] [DEBUG] debug-file - Executing task :entry:default@GeneratePkgModuleJson
[2026-06-23T17:54:02.441] [DEBUG] debug-file - Use tool [D:\HUAWEI\DevEco\DevEco Studio\sdk\default\openharmony\toolchains\lib\app_packing_tool.jar]
 [
  'java',
  '-Dfile.encoding=GBK',
  '-jar',
  'D:\\HUAWEI\\DevEco\\DevEco Studio\\sdk\\default\\openharmony\\toolchains\\lib\\app_packing_tool.jar',
  '--mode',
  'hap',
  '--force',
  'true',
  '--lib-path',
  'D:\\HUAWEI\\Lab2\\Lab2\\ndk-opengl-master\\entry\\build\\default\\intermediates\\stripped_native_libs\\default',
  '--json-path',
  'D:\\HUAWEI\\Lab2\\Lab2\\ndk-opengl-master\\entry\\build\\default\\intermediates\\package\\default\\module.json',
  '--resources-path',
  'D:\\HUAWEI\\Lab2\\Lab2\\ndk-opengl-master\\entry\\build\\default\\intermediates\\res\\default\\resources',
  '--index-path',
  'D:\\HUAWEI\\Lab2\\Lab2\\ndk-opengl-master\\entry\\build\\default\\intermediates\\res\\default\\resources.index',
  '--pack-info-path',
  'D:\\HUAWEI\\Lab2\\Lab2\\ndk-opengl-master\\entry\\build\\default\\outputs\\default\\pack.info',
  '--out-path',
  'D:\\HUAWEI\\Lab2\\Lab2\\ndk-opengl-master\\entry\\build\\default\\outputs\\default\\entry-default-unsigned.hap',
  '--ets-path',
  'D:\\HUAWEI\\Lab2\\Lab2\\ndk-opengl-master\\entry\\build\\default\\intermediates\\loader_out\\default\\ets'
]
[2026-06-23T17:54:02.452] [DEBUG] debug-file - default@PackageHap work[4] is pushed to ready queue.
[2026-06-23T17:54:02.430] [DEBUG] debug-file - File: 'D:\HUAWEI\Lab2\Lab2\ndk-opengl-master\entry\build\default\intermediates\preload\default\preload.json' from 'preloadSoJsonPath' is not exists, just ignore.
[2026-06-23T17:54:02.450] [DEBUG] debug-file - java daemon socket close code:1006 reason:
[2026-06-23T17:54:02.452] [DEBUG] debug-file - A work dispatched to worker[19] failed because unable to get work from ready queue.
[2026-06-23T17:54:02.431] [DEBUG] debug-file - Error occurs while handling @Input 'shouldDeduplicateHar': The "data" argument must be of type string or an instance of Buffer, TypedArray, or DataView. Received undefined
[2026-06-23T17:54:02.451] [DEBUG] debug-file - java daemon remote pack failed: connect ECONNREFUSED 127.0.0.1:45050. fallback to local java -jar pack
[2026-06-23T17:54:02.452] [DEBUG] debug-file - default@PackageHap work[4] has been dispatched to worker[18].
[2026-06-23T17:54:02.431] [DEBUG] debug-file - Task 'entry:default@GeneratePkgModuleJson' cost while wrapping incremental declarations: 1 ms 
[2026-06-23T17:54:02.452] [DEBUG] debug-file - default@PackageHap work[4] is dispatched.
[2026-06-23T17:54:02.431] [DEBUG] debug-file - entry:default@GeneratePkgModuleJson is not up-to-date, since the input file 'D:\HUAWEI\Lab2\Lab2\ndk-opengl-master\entry\build\default\intermediates\res\default\module.json' has been changed.
[2026-06-23T17:54:02.455] [DEBUG] debug-file - entry : default@PackageHap cost memory -10.119384765625
[2026-06-23T17:54:02.431] [DEBUG] debug-file - Incremental task entry:default@GeneratePkgModuleJson pre-execution cost: 1 ms .
[2026-06-23T17:54:02.433] [DEBUG] debug-file - entry : default@GeneratePkgModuleJson cost memory 0.16568756103515625
[2026-06-23T17:54:02.433] [DEBUG] debug-file - runTaskFromQueue task cost before running: 7 s 815 ms 
[2026-06-23T17:54:02.433] [INFO] debug-file - Finished :entry:default@GeneratePkgModuleJson... after 3 ms 
[2026-06-23T17:54:02.434] [DEBUG] debug-file - Executing task :entry:default@ProcessCompiledResources
[2026-06-23T17:54:02.434] [DEBUG] debug-file - File: 'D:\HUAWEI\Lab2\Lab2\ndk-opengl-master\entry\build\default\intermediates\preload\default\preload.json' from 'preloadSoJsonPath' is not exists, just ignore.
[2026-06-23T17:54:02.434] [DEBUG] debug-file - Task 'entry:default@ProcessCompiledResources' cost while wrapping incremental declarations: 1 ms 
[2026-06-23T17:54:02.434] [DEBUG] debug-file - entry : default@ProcessCompiledResources cost memory 0.04871368408203125
[2026-06-23T17:54:02.434] [DEBUG] debug-file - runTaskFromQueue task cost before running: 7 s 816 ms 
[2026-06-23T17:54:02.434] [INFO] debug-file - Finished :entry:default@ProcessCompiledResources... after 1 ms 
[2026-06-23T17:54:02.457] [DEBUG] debug-file - current process  memoryUsage: {
  rss: 845770752,
  heapTotal: 89042944,
  heapUsed: 59075352,
  external: 4131135,
  arrayBuffers: 135259
} os memoryUsage :13.514999389648438
[2026-06-23T17:54:02.879] [DEBUG] debug-file - worker[18] has one work done.
[2026-06-23T17:54:02.879] [DEBUG] debug-file - default@PackageHap work[4] done.
[2026-06-23T17:54:02.882] [DEBUG] debug-file - Executing task :entry:default@PackingCheck
[2026-06-23T17:54:02.893] [DEBUG] debug-file - Executing task :entry:default@CollectDebugSymbol
[2026-06-23T17:54:02.889] [DEBUG] debug-file - Executing task :entry:default@SignHap
[2026-06-23T17:54:02.879] [DEBUG] debug-file - A work dispatched to worker[18] failed because unable to get work from ready queue.
[2026-06-23T17:54:02.887] [DEBUG] debug-file - entry : default@PackingCheck cost memory 0.589599609375
[2026-06-23T17:54:02.894] [DEBUG] debug-file - entry : default@CollectDebugSymbol cost memory 0.09410858154296875
[2026-06-23T17:54:02.889] [WARN] debug-file - Will skip sign 'hos_hap'. No signingConfigs profile is configured in current project.
             If needed, configure the signingConfigs in D:\HUAWEI\Lab2\Lab2\ndk-opengl-master\build-profile.json5.
[2026-06-23T17:54:02.880] [INFO] debug-file - Finished :entry:default@PackageHap... after 441 ms 
[2026-06-23T17:54:02.887] [DEBUG] debug-file - runTaskFromQueue task cost before running: 8 s 269 ms 
[2026-06-23T17:54:02.894] [DEBUG] debug-file - runTaskFromQueue task cost before running: 8 s 276 ms 
[2026-06-23T17:54:02.890] [DEBUG] debug-file - entry:default@SignHap is not up-to-date, since the input file 'D:\HUAWEI\Lab2\Lab2\ndk-opengl-master\entry\build\default\outputs\default\entry-default-unsigned.hap' has been changed.
[2026-06-23T17:54:02.887] [INFO] debug-file - Finished :entry:default@PackingCheck... after 6 ms 
[2026-06-23T17:54:02.894] [INFO] debug-file - Finished :entry:default@CollectDebugSymbol... after 1 ms 
[2026-06-23T17:54:02.890] [DEBUG] debug-file - Incremental task entry:default@SignHap pre-execution cost: 1 ms .
[2026-06-23T17:54:02.894] [DEBUG] debug-file - Executing task :entry:assembleHap
[2026-06-23T17:54:02.891] [DEBUG] debug-file - entry : default@SignHap cost memory 0.07599639892578125
[2026-06-23T17:54:02.894] [DEBUG] debug-file - entry : assembleHap cost memory 0.01038360595703125
[2026-06-23T17:54:02.891] [DEBUG] debug-file - runTaskFromQueue task cost before running: 8 s 273 ms 
[2026-06-23T17:54:02.894] [DEBUG] debug-file - runTaskFromQueue task cost before running: 8 s 276 ms 
[2026-06-23T17:54:02.891] [INFO] debug-file - Finished :entry:default@SignHap... after 2 ms 
[2026-06-23T17:54:02.894] [INFO] debug-file - Finished :entry:assembleHap... after 1 ms 
[2026-06-23T17:54:02.902] [INFO] debug-file - BUILD SUCCESSFUL in 8 s 284 ms 
[2026-06-23T17:54:02.903] [DEBUG] debug-file - There is no need to refresh cache, since the incremental task entry:default@PreBuild is up-to-date.
[2026-06-23T17:54:02.903] [DEBUG] debug-file - Update task entry:default@CreateModuleInfo output file:D:\HUAWEI\Lab2\Lab2\ndk-opengl-master\entry\build\default\generated\profile\default\ModuleInfo.ts cache.
[2026-06-23T17:54:02.903] [DEBUG] debug-file - Incremental task entry:default@CreateModuleInfo post-execution cost:1 ms .
[2026-06-23T17:54:02.904] [DEBUG] debug-file - There is no need to refresh cache, since the incremental task entry:default@GenerateMetadata is up-to-date.
[2026-06-23T17:54:02.904] [DEBUG] debug-file - There is no need to refresh cache, since the incremental task entry:default@MergeProfile is up-to-date.
[2026-06-23T17:54:02.904] [DEBUG] debug-file - There is no need to refresh cache, since the incremental task entry:default@CreateBuildProfile is up-to-date.
[2026-06-23T17:54:02.904] [DEBUG] debug-file - Update task entry:default@GeneratePkgContextInfo output file:D:\HUAWEI\Lab2\Lab2\ndk-opengl-master\entry\build\default\intermediates\loader\default\pkgContextInfo.json cache.
[2026-06-23T17:54:02.904] [DEBUG] debug-file - Incremental task entry:default@GeneratePkgContextInfo post-execution cost:1 ms .
[2026-06-23T17:54:02.904] [DEBUG] debug-file - Update task entry:default@ProcessIntegratedHsp output file:D:\HUAWEI\Lab2\Lab2\ndk-opengl-master\build\cache\default\integrated_hsp\integratedHspCache.json cache.
[2026-06-23T17:54:02.904] [DEBUG] debug-file - Incremental task entry:default@ProcessIntegratedHsp post-execution cost:1 ms .
[2026-06-23T17:54:02.904] [DEBUG] debug-file - There is no need to refresh cache, since the incremental task entry:default@MakePackInfo is up-to-date.
[2026-06-23T17:54:02.904] [DEBUG] debug-file - Update task entry:default@SyscapTransform input file:D:\HUAWEI\DevEco\DevEco Studio\sdk\default\openharmony\toolchains\syscap_tool.exe cache by regenerate.
[2026-06-23T17:54:02.904] [DEBUG] debug-file - Update task entry:default@SyscapTransform input file:D:\HUAWEI\DevEco\DevEco Studio\sdk\default\openharmony\ets\api\device-define cache by regenerate.
[2026-06-23T17:54:02.905] [DEBUG] debug-file - Update task entry:default@SyscapTransform output file:D:\HUAWEI\Lab2\Lab2\ndk-opengl-master\entry\build\default\intermediates\syscap\default\rpcid.sc cache.
[2026-06-23T17:54:02.905] [DEBUG] debug-file - Incremental task entry:default@SyscapTransform post-execution cost:2 ms .
[2026-06-23T17:54:02.905] [DEBUG] debug-file - There is no need to refresh cache, since the incremental task entry:default@ProcessProfile is up-to-date.
[2026-06-23T17:54:02.905] [DEBUG] debug-file - There is no need to refresh cache, since the incremental task entry:default@ProcessRouterMap is up-to-date.
[2026-06-23T17:54:02.905] [DEBUG] debug-file - There is no need to refresh cache, since the incremental task entry:default@ProcessShareConfig is up-to-date.
[2026-06-23T17:54:02.905] [DEBUG] debug-file - Update task entry:default@ProcessStartupConfig output file:D:\HUAWEI\Lab2\Lab2\ndk-opengl-master\entry\build\default\intermediates\startup\default\startup_config.json cache.
[2026-06-23T17:54:02.905] [DEBUG] debug-file - Incremental task entry:default@ProcessStartupConfig post-execution cost:1 ms .
[2026-06-23T17:54:02.905] [DEBUG] debug-file - There is no need to refresh cache, since the incremental task entry:default@ProcessResource is up-to-date.
[2026-06-23T17:54:02.905] [DEBUG] debug-file - There is no need to refresh cache, since the incremental task entry:default@GenerateLoaderJson is up-to-date.
[2026-06-23T17:54:02.905] [DEBUG] debug-file - There is no need to refresh cache, since the incremental task entry:default@CompileResource is up-to-date.
[2026-06-23T17:54:02.906] [DEBUG] debug-file - Update task entry:default@CompileArkTS input file:D:\HUAWEI\Lab2\Lab2\ndk-opengl-master\entry\build\default\intermediates\loader\default cache by regenerate.
[2026-06-23T17:54:02.907] [DEBUG] debug-file - Update task entry:default@CompileArkTS input file:D:\HUAWEI\Lab2\Lab2\ndk-opengl-master\entry\build\default\intermediates\res\default\ResourceTable.txt cache by regenerate.
[2026-06-23T17:54:02.907] [DEBUG] debug-file - Update task entry:default@CompileArkTS input file:D:\HUAWEI\Lab2\Lab2\ndk-opengl-master\entry\build\default\intermediates\res\default\ark_module.json cache by regenerate.
[2026-06-23T17:54:02.907] [DEBUG] debug-file - Update task entry:default@CompileArkTS input file:D:\HUAWEI\Lab2\Lab2\ndk-opengl-master\entry\build\default\intermediates\res\default\resources\base\profile cache by regenerate.
[2026-06-23T17:54:02.907] [DEBUG] debug-file - Update task entry:default@CompileArkTS input file:D:\HUAWEI\Lab2\Lab2\ndk-opengl-master\entry\src\main\ets cache by regenerate.
[2026-06-23T17:54:02.908] [DEBUG] debug-file - Update task entry:default@CompileArkTS input file:D:\HUAWEI\Lab2\Lab2\ndk-opengl-master\entry\build\default\generated\profile\default\BuildProfile.ets cache by regenerate.
[2026-06-23T17:54:02.908] [DEBUG] debug-file - Update task entry:default@CompileArkTS output file:D:\HUAWEI\Lab2\Lab2\ndk-opengl-master\entry\build\default\intermediates\loader_out\default\ets cache.
[2026-06-23T17:54:02.909] [DEBUG] debug-file - Incremental task entry:default@CompileArkTS post-execution cost:4 ms .
[2026-06-23T17:54:02.909] [DEBUG] debug-file - Update task entry:default@BuildJS input file:D:\HUAWEI\Lab2\Lab2\ndk-opengl-master\entry\build\default\intermediates\loader\default cache by regenerate.
[2026-06-23T17:54:02.910] [DEBUG] debug-file - Update task entry:default@BuildJS input file:D:\HUAWEI\Lab2\Lab2\ndk-opengl-master\entry\build\default\intermediates\res\default\ResourceTable.txt cache by regenerate.
[2026-06-23T17:54:02.910] [DEBUG] debug-file - Update task entry:default@BuildJS input file:D:\HUAWEI\Lab2\Lab2\ndk-opengl-master\entry\build\default\intermediates\res\default\ark_module.json cache by regenerate.
[2026-06-23T17:54:02.910] [DEBUG] debug-file - Update task entry:default@BuildJS input file:D:\HUAWEI\Lab2\Lab2\ndk-opengl-master\entry\build\default\intermediates\res\default\resources\base\profile cache by regenerate.
[2026-06-23T17:54:02.910] [DEBUG] debug-file - Update task entry:default@BuildJS output file:D:\HUAWEI\Lab2\Lab2\ndk-opengl-master\entry\build\default\intermediates\loader_out\default\js cache.
[2026-06-23T17:54:02.910] [DEBUG] debug-file - Incremental task entry:default@BuildJS post-execution cost:2 ms .
[2026-06-23T17:54:02.910] [DEBUG] debug-file - There is no need to refresh cache, since the incremental task entry:default@ProcessLibs is up-to-date.
[2026-06-23T17:54:02.910] [DEBUG] debug-file - There is no need to refresh cache, since the incremental task entry:default@DoNativeStrip is up-to-date.
[2026-06-23T17:54:02.910] [DEBUG] debug-file - There is no need to refresh cache, since the incremental task entry:default@CacheNativeLibs is up-to-date.
[2026-06-23T17:54:02.910] [DEBUG] debug-file - Update task entry:default@GeneratePkgModuleJson input file:D:\HUAWEI\Lab2\Lab2\ndk-opengl-master\entry\build\default\intermediates\res\default\module.json cache from map.
[2026-06-23T17:54:02.910] [DEBUG] debug-file - Update task entry:default@GeneratePkgModuleJson output file:D:\HUAWEI\Lab2\Lab2\ndk-opengl-master\entry\build\default\intermediates\package\default\module.json cache.
[2026-06-23T17:54:02.911] [DEBUG] debug-file - Incremental task entry:default@GeneratePkgModuleJson post-execution cost:1 ms .
[2026-06-23T17:54:02.911] [DEBUG] debug-file - Incremental task entry:default@ProcessCompiledResources post-execution cost:1 ms .
[2026-06-23T17:54:02.911] [DEBUG] debug-file - Update task entry:default@PackageHap input file:D:\HUAWEI\Lab2\Lab2\ndk-opengl-master\entry\build\default\intermediates\stripped_native_libs\default cache by regenerate.
[2026-06-23T17:54:02.912] [DEBUG] debug-file - Update task entry:default@PackageHap input file:D:\HUAWEI\Lab2\Lab2\ndk-opengl-master\entry\build\default\intermediates\res\default\module.json cache from map.
[2026-06-23T17:54:02.912] [DEBUG] debug-file - Update task entry:default@PackageHap input file:D:\HUAWEI\Lab2\Lab2\ndk-opengl-master\entry\build\default\intermediates\res\default\resources cache by regenerate.
[2026-06-23T17:54:02.912] [DEBUG] debug-file - Update task entry:default@PackageHap input file:D:\HUAWEI\Lab2\Lab2\ndk-opengl-master\entry\build\default\intermediates\res\default\resources.index cache by regenerate.
[2026-06-23T17:54:02.912] [DEBUG] debug-file - Update task entry:default@PackageHap input file:D:\HUAWEI\Lab2\Lab2\ndk-opengl-master\entry\build\default\outputs\default\pack.info cache by regenerate.
[2026-06-23T17:54:02.912] [DEBUG] debug-file - Update task entry:default@PackageHap input file:D:\HUAWEI\Lab2\Lab2\ndk-opengl-master\entry\build\default\intermediates\loader_out\default\ets cache by regenerate.
[2026-06-23T17:54:02.913] [DEBUG] debug-file - Update task entry:default@PackageHap input file:D:\HUAWEI\Lab2\Lab2\ndk-opengl-master\entry\build\default\intermediates\loader_out\default\ets\sourceMaps.map cache by regenerate.
[2026-06-23T17:54:02.913] [DEBUG] debug-file - Update task entry:default@PackageHap input file:D:\HUAWEI\Lab2\Lab2\ndk-opengl-master\entry\build\default\generated\profile\default\BuildProfile.ets cache by regenerate.
[2026-06-23T17:54:02.913] [DEBUG] debug-file - Update task entry:default@PackageHap output file:D:\HUAWEI\Lab2\Lab2\ndk-opengl-master\entry\build\default\outputs\default\entry-default-unsigned.hap cache.
[2026-06-23T17:54:02.913] [DEBUG] debug-file - Update task entry:default@PackageHap output file:D:\HUAWEI\Lab2\Lab2\ndk-opengl-master\entry\build\default\intermediates\source_map\default\sourceMaps.map cache.
[2026-06-23T17:54:02.913] [DEBUG] debug-file - Update task entry:default@PackageHap output file:D:\HUAWEI\Lab2\Lab2\ndk-opengl-master\entry\build\default\outputs\default\mapping\sourceMaps.map cache.
[2026-06-23T17:54:02.913] [DEBUG] debug-file - Incremental task entry:default@PackageHap post-execution cost:3 ms .
[2026-06-23T17:54:02.913] [DEBUG] debug-file - Update task entry:default@SignHap input file:D:\HUAWEI\Lab2\Lab2\ndk-opengl-master\entry\build\default\outputs\default\entry-default-unsigned.hap cache from map.
[2026-06-23T17:54:02.913] [DEBUG] debug-file - Update task entry:default@SignHap output file:D:\HUAWEI\Lab2\Lab2\ndk-opengl-master\entry\build\default\outputs\default\entry-default-signed.hap cache.
[2026-06-23T17:54:02.914] [DEBUG] debug-file - Incremental task entry:default@SignHap post-execution cost:1 ms .
[2026-06-23T17:54:02.914] [DEBUG] debug-file - Update task entry:default@CollectDebugSymbol input file:D:\HUAWEI\Lab2\Lab2\ndk-opengl-master\entry\build\default\intermediates\loader_out\default\ets\sourceMaps.map cache by regenerate.
[2026-06-23T17:54:02.914] [DEBUG] debug-file - Update task entry:default@CollectDebugSymbol input file:D:\HUAWEI\Lab2\Lab2\ndk-opengl-master\entry\build\default\intermediates\libs\default cache by regenerate.
[2026-06-23T17:54:02.915] [DEBUG] debug-file - Update task entry:default@CollectDebugSymbol output file:D:\HUAWEI\Lab2\Lab2\ndk-opengl-master\entry\build\default\outputs\default\symbol cache.
[2026-06-23T17:54:02.915] [DEBUG] debug-file - Incremental task entry:default@CollectDebugSymbol post-execution cost:2 ms .
[2026-06-23T17:54:02.934] [DEBUG] debug-file - Current worker pool is stopped or closed.
[2026-06-23T17:54:02.935] [DEBUG] debug-file - Clear worker 0.
[2026-06-23T17:54:02.935] [DEBUG] debug-file - Worker 0 has been cleared.
[2026-06-23T17:54:02.935] [DEBUG] debug-file - Current idle worker size: 5.
[2026-06-23T17:54:02.935] [DEBUG] debug-file - Current busy worker size: 0.
[2026-06-23T17:54:02.935] [DEBUG] debug-file - Clear worker 1.
[2026-06-23T17:54:02.935] [DEBUG] debug-file - Worker 1 has been cleared.
[2026-06-23T17:54:02.935] [DEBUG] debug-file - Current idle worker size: 4.
[2026-06-23T17:54:02.935] [DEBUG] debug-file - Current busy worker size: 0.
[2026-06-23T17:54:02.935] [DEBUG] debug-file - Clear worker 16.
[2026-06-23T17:54:02.935] [DEBUG] debug-file - Worker 16 has been cleared.
[2026-06-23T17:54:02.935] [DEBUG] debug-file - Current idle worker size: 3.
[2026-06-23T17:54:02.935] [DEBUG] debug-file - Current busy worker size: 0.
[2026-06-23T17:54:02.935] [DEBUG] debug-file - Clear worker 17.
[2026-06-23T17:54:02.935] [DEBUG] debug-file - Worker 17 has been cleared.
[2026-06-23T17:54:02.935] [DEBUG] debug-file - Current idle worker size: 2.
[2026-06-23T17:54:02.935] [DEBUG] debug-file - Current busy worker size: 0.
[2026-06-23T17:54:02.935] [DEBUG] debug-file - Clear worker 4.
[2026-06-23T17:54:02.935] [DEBUG] debug-file - Worker 4 has been cleared.
[2026-06-23T17:54:02.935] [DEBUG] debug-file - Current idle worker size: 1.
[2026-06-23T17:54:02.935] [DEBUG] debug-file - Current busy worker size: 0.
[2026-06-23T17:54:02.935] [DEBUG] debug-file - Clear worker 18.
[2026-06-23T17:54:02.935] [DEBUG] debug-file - Worker 18 has been cleared.
[2026-06-23T17:54:02.935] [DEBUG] debug-file - Current idle worker size: 0.
[2026-06-23T17:54:02.935] [DEBUG] debug-file - Current busy worker size: 0.
[2026-06-23T17:54:02.937] [DEBUG] debug-file - hvigor build process will be closed.
[2026-06-23T17:54:02.942] [DEBUG] debug-file - Current worker pool is terminated.
[2026-06-23T17:54:02.945] [DEBUG] debug-file - worker[1] exits with exit code 1.
[2026-06-23T17:54:02.946] [DEBUG] debug-file - worker[0] exits with exit code 1.
[2026-06-23T17:54:02.949] [DEBUG] debug-file - worker[16] exits with exit code 1.
[2026-06-23T17:54:02.953] [DEBUG] debug-file - worker[17] exits with exit code 1.
[2026-06-23T17:54:02.954] [DEBUG] debug-file - worker[18] exits with exit code 1.
[2026-06-23T17:54:02.973] [DEBUG] debug-file - worker[4] exits with exit code 1.
[2026-06-23T17:55:31.540] [DEBUG] debug-file - env: nodejsVersion=v18.20.1
[2026-06-23T17:55:31.626] [DEBUG] debug-file - env: daemon=true
[2026-06-23T17:55:31.541] [DEBUG] debug-file - env: hvigor-config.json5 content = { modelVersion: '5.0.4', dependencies: {} }
[2026-06-23T17:55:32.334] [DEBUG] debug-file - java daemon tryConnect failed Error: connect ECONNREFUSED 127.0.0.1:45050
[2026-06-23T17:55:32.345] [DEBUG] debug-file - java daemon started at port 45050 pid 11280
[2026-06-23T17:55:32.369] [DEBUG] debug-file - session manager: set active socket. socketId=kx_fK-MmSCEpML4FAAAB
[2026-06-23T17:55:33.054] [DEBUG] debug-file - watch worker: worker id should be larger than 0. Nothing will be sent to any worker thread.
[2026-06-23T17:55:33.056] [DEBUG] debug-file - Since there is no instance or instance is terminated, create a new worker pool.
[2026-06-23T17:55:33.057] [DEBUG] debug-file - Worker pool is initialized with config:  {
  minPoolNum: 2,
  maxPoolNum: undefined,
  maxCoreSize: undefined,
  cacheCapacity: undefined,
  cacheTtl: undefined
}
[2026-06-23T17:55:33.058] [DEBUG] debug-file - Create  resident worker with id: 0.
[2026-06-23T17:55:33.060] [DEBUG] debug-file - Create  resident worker with id: 1.
[2026-06-23T17:55:33.062] [DEBUG] debug-file - Workers' log level updated to INFO
[2026-06-23T17:55:33.069] [DEBUG] debug-file - Hvigor init with startParameters:{
  hvigorfileTypeCheck: false,
  parallelExecution: true,
  incrementalExecution: true,
  printStackTrace: false,
  daemon: true,
  analyze: 0,
  logLevel: Level { level: 20000, levelStr: 'INFO', colour: 'green' },
  optimizationStrategy: 'memory',
  hotCompile: undefined,
  hotReloadBuild: undefined,
  customizedParam: undefined
}
[2026-06-23T17:55:33.073] [DEBUG] debug-file - Cache service initialization finished in 4 ms 
[2026-06-23T17:55:33.075] [DEBUG] debug-file - hvigorfile, resolving D:\HUAWEI\Lab2\Lab2\ndk-opengl-master\hvigorfile.ts
[2026-06-23T17:55:34.551] [DEBUG] debug-file - hvigorfile, require result:  {}
[2026-06-23T17:55:34.551] [DEBUG] debug-file - hvigorfile, binding system plugins {}
[2026-06-23T17:55:34.552] [DEBUG] debug-file - Starting plugin build process
[2026-06-23T17:55:34.552] [DEBUG] debug-file - App plugin prepare start...
[2026-06-23T17:55:34.552] [DEBUG] debug-file - App plugin prepare end...
[2026-06-23T17:55:34.552] [DEBUG] debug-file - App plugin creating...
[2026-06-23T17:55:34.743] [DEBUG] debug-file - App plugin register hook start...
[2026-06-23T17:55:34.744] [DEBUG] debug-file - App plugin register hook end...
[2026-06-23T17:55:34.744] [DEBUG] debug-file - Plugin build process completed
[2026-06-23T17:55:34.745] [DEBUG] debug-file - Start initialize project's product build option map with build mode debug.
[2026-06-23T17:55:34.746] [DEBUG] debug-file - Picking option from product 'default' with build mode 'debug'.
[2026-06-23T17:55:34.746] [DEBUG] debug-file - Product 'default' build option initialized
[2026-06-23T17:55:34.746] [DEBUG] debug-file - End initialize project's product build option map with build mode 'debug'.
[2026-06-23T17:55:34.748] [DEBUG] debug-file - Obtain build option for product 'default'in this build.
[2026-06-23T17:55:34.750] [DEBUG] debug-file - No signingConfig found, initRemoteHspCache failed.
[2026-06-23T17:55:34.752] [DEBUG] debug-file - Local scan or download HarmonyOS sdk components toolchains,ets,js,native,previewer
[2026-06-23T17:55:34.755] [DEBUG] debug-file - Local scan or download hmscore sdk components toolchains,ets,native
[2026-06-23T17:55:34.757] [DEBUG] debug-file - Start recording SDK configuration permission data.
[2026-06-23T17:55:34.795] [DEBUG] debug-file - Sdk init in 45 ms 
[2026-06-23T17:55:34.802] [DEBUG] debug-file - Project task initialization takes 5 ms 
[2026-06-23T17:55:34.802] [DEBUG] debug-file - hvigorfile, resolve finished D:\HUAWEI\Lab2\Lab2\ndk-opengl-master\hvigorfile.ts
[2026-06-23T17:55:34.803] [DEBUG] debug-file - hvigorfile, resolving D:\HUAWEI\Lab2\Lab2\ndk-opengl-master\entry\hvigorfile.ts
[2026-06-23T17:55:34.809] [DEBUG] debug-file - hvigorfile, require result:  {}
[2026-06-23T17:55:34.809] [DEBUG] debug-file - hvigorfile, binding system plugins {}
[2026-06-23T17:55:34.809] [DEBUG] debug-file - Starting plugin build process
[2026-06-23T17:55:34.809] [DEBUG] debug-file - Hap plugin creating...
[2026-06-23T17:55:34.810] [DEBUG] debug-file - failed to load cangjie to dynamically generate schemas: Error: Cannot find module '@ohos/cangjie-build-support/index'
Require stack:
- D:\HUAWEI\DevEco\DevEco Studio\tools\hvigor\hvigor-ohos-plugin\src\plugin\hooks\cangjie-register.js
- D:\HUAWEI\DevEco\DevEco Studio\tools\hvigor\hvigor-ohos-plugin\src\plugin\strategy\stage-init-strategy.js
- D:\HUAWEI\DevEco\DevEco Studio\tools\hvigor\hvigor-ohos-plugin\src\plugin\builder\abstract-plugin-builder.js
- D:\HUAWEI\DevEco\DevEco Studio\tools\hvigor\hvigor-ohos-plugin\src\plugin\builder\app-plugin-builder.js
- D:\HUAWEI\DevEco\DevEco Studio\tools\hvigor\hvigor-ohos-plugin\src\plugin\factory\plugin-factory.js
- D:\HUAWEI\DevEco\DevEco Studio\tools\hvigor\hvigor-ohos-plugin\index.js
- D:\HUAWEI\Lab2\Lab2\ndk-opengl-master\hvigorfile.ts
- D:\HUAWEI\DevEco\DevEco Studio\tools\hvigor\hvigor\src\base\internal\lifecycle\configuration.js
- D:\HUAWEI\DevEco\DevEco Studio\tools\hvigor\hvigor\src\base\boot\index.js
- D:\HUAWEI\DevEco\DevEco Studio\tools\hvigor\hvigor\src\base\daemon\cluster\worker-process-lifecycle.js
- D:\HUAWEI\DevEco\DevEco Studio\tools\hvigor\hvigor\src\base\daemon\process\daemon-process-boot-script.js
[2026-06-23T17:55:34.824] [DEBUG] debug-file - Start initialize module-target build option map, moduleName=entry, buildMode=debug
[2026-06-23T17:55:34.825] [DEBUG] debug-file - Target 'default' config initialized
[2026-06-23T17:55:34.826] [DEBUG] debug-file - Module 'entry' target 'default' build option initialized
[2026-06-23T17:55:34.826] [DEBUG] debug-file - End initialize module-target build option map, moduleName=entry
[2026-06-23T17:55:34.826] [DEBUG] debug-file - Start initialize module-target build option map, moduleName=entry, buildMode=release
[2026-06-23T17:55:34.826] [DEBUG] debug-file - Target 'default' config initialized
[2026-06-23T17:55:34.827] [DEBUG] debug-file - Module 'entry' target 'default' build option initialized
[2026-06-23T17:55:34.827] [DEBUG] debug-file - End initialize module-target build option map, moduleName=entry
[2026-06-23T17:55:34.827] [DEBUG] debug-file - Start initialize module-target build option map, moduleName=entry, buildMode=debug
[2026-06-23T17:55:34.827] [DEBUG] debug-file - Target 'default' config initialized
[2026-06-23T17:55:34.827] [DEBUG] debug-file - Module 'entry' target 'default' build option initialized
[2026-06-23T17:55:34.828] [DEBUG] debug-file - End initialize module-target build option map, moduleName=entry
[2026-06-23T17:55:34.828] [DEBUG] debug-file - Obtain build option for module 'entry' target 'default'in this build.
[2026-06-23T17:55:34.833] [DEBUG] debug-file - Module entry task initialization takes 5 ms 
[2026-06-23T17:55:34.833] [DEBUG] debug-file - Hap plugin register hook start...
[2026-06-23T17:55:34.833] [DEBUG] debug-file - Hap plugin register hook end...
[2026-06-23T17:55:34.833] [DEBUG] debug-file - Plugin build process completed
[2026-06-23T17:55:34.834] [DEBUG] debug-file - hvigorfile, resolve finished D:\HUAWEI\Lab2\Lab2\ndk-opengl-master\entry\hvigorfile.ts
[2026-06-23T17:55:34.854] [DEBUG] debug-file - hvigorfile, resolve hvigorfile dependencies in 21 ms 
[2026-06-23T17:55:34.855] [DEBUG] debug-file - project has submodules:entry
[2026-06-23T17:55:34.856] [DEBUG] debug-file - start to load updatedOhPackageInfo to the disk
[2026-06-23T17:55:34.865] [DEBUG] debug-file - load to the disk finished
[2026-06-23T17:55:34.866] [DEBUG] debug-file - Start to initialize dependency information.
[2026-06-23T17:55:34.869] [DEBUG] debug-file - Module ndk-opengl-master Collected Dependency: 
[2026-06-23T17:55:34.869] [DEBUG] debug-file - Module ndk-opengl-master's total dependency: 0
[2026-06-23T17:55:34.870] [DEBUG] debug-file - Start to initialize dependency information.
[2026-06-23T17:55:34.876] [DEBUG] debug-file - Module entry Collected Dependency: 
[2026-06-23T17:55:34.877] [DEBUG] debug-file - Module entry's total dependency: 0
[2026-06-23T17:55:34.880] [DEBUG] debug-file - Configuration phase cost:1 s 807 ms 
[2026-06-23T17:55:34.882] [DEBUG] debug-file - Configuration task cost before running: 1 s 821 ms 
[2026-06-23T17:55:34.883] [DEBUG] debug-file - Executing task :entry:init
[2026-06-23T17:55:34.883] [DEBUG] debug-file - entry : init cost memory 0.01642608642578125
[2026-06-23T17:55:34.884] [DEBUG] debug-file - runTaskFromQueue task cost before running: 1 s 822 ms 
[2026-06-23T17:55:34.884] [INFO] debug-file - Finished :entry:init... after 1 ms 
[2026-06-23T17:55:34.884] [DEBUG] debug-file - Executing task ::init
[2026-06-23T17:55:34.885] [DEBUG] debug-file - ndk-opengl-master : init cost memory 0.01377105712890625
[2026-06-23T17:55:34.885] [DEBUG] debug-file - runTaskFromQueue task cost before running: 1 s 823 ms 
[2026-06-23T17:55:34.885] [INFO] debug-file - Finished ::init... after 1 ms 
[2026-06-23T17:55:34.894] [DEBUG] debug-file - Obtain build option for module 'entry' target 'default'in this build.
[2026-06-23T17:55:34.902] [DEBUG] debug-file - Cleanup worker 0.
[2026-06-23T17:55:34.902] [DEBUG] debug-file - Worker 0 has been cleaned up.
[2026-06-23T17:55:34.902] [DEBUG] debug-file - Current idle worker size: 1.
[2026-06-23T17:55:34.902] [DEBUG] debug-file - Current resident worker size: 2.
[2026-06-23T17:55:34.903] [DEBUG] debug-file - Cleanup worker 1.
[2026-06-23T17:55:34.903] [DEBUG] debug-file - Worker 1 has been cleaned up.
[2026-06-23T17:55:34.903] [DEBUG] debug-file - Current idle worker size: 0.
[2026-06-23T17:55:34.903] [DEBUG] debug-file - Current resident worker size: 2.
[2026-06-23T17:55:34.905] [DEBUG] debug-file - session manager: send message to worker process.
[2026-06-23T17:55:34.905] [DEBUG] debug-file - session manager: send message to worker process.
[2026-06-23T17:55:34.903] [DEBUG] debug-file - hvigor build process will be closed.
[2026-06-23T17:55:34.909] [DEBUG] debug-file - watch worker: worker id should be larger than 0. Nothing will be sent to any worker thread.
[2026-06-23T17:55:34.909] [DEBUG] debug-file - watch worker: worker id should be larger than 0. Nothing will be sent to any worker thread.
[2026-06-23T17:55:34.910] [DEBUG] debug-file - worker[0] exits with exit code 1.
[2026-06-23T17:55:34.913] [DEBUG] debug-file - worker[1] exits with exit code 1.
[2026-06-23T17:55:37.296] [DEBUG] debug-file - session manager: set active socket. socketId=i6QQN0RPUJl7OX1tAAAD
[2026-06-23T17:55:37.307] [DEBUG] debug-file - watch worker: worker id should be larger than 0. Nothing will be sent to any worker thread.
[2026-06-23T17:55:37.310] [DEBUG] debug-file - Workers' log level updated to INFO
[2026-06-23T17:55:37.313] [DEBUG] debug-file - Hvigor init with startParameters:{
  hvigorfileTypeCheck: false,
  parallelExecution: true,
  incrementalExecution: true,
  printStackTrace: false,
  daemon: true,
  analyze: 0,
  logLevel: Level { level: 20000, levelStr: 'INFO', colour: 'green' },
  optimizationStrategy: 'memory',
  hotCompile: undefined,
  hotReloadBuild: undefined,
  customizedParam: undefined
}
[2026-06-23T17:55:37.316] [DEBUG] debug-file - Cache service initialization finished in 3 ms 
[2026-06-23T17:55:37.316] [DEBUG] debug-file - hvigorfile, resolving D:\HUAWEI\Lab2\Lab2\ndk-opengl-master\hvigorfile.ts
[2026-06-23T17:55:37.321] [DEBUG] debug-file - hvigorfile, require result:  {}
[2026-06-23T17:55:37.321] [DEBUG] debug-file - hvigorfile, binding system plugins {}
[2026-06-23T17:55:37.321] [DEBUG] debug-file - Starting plugin build process
[2026-06-23T17:55:37.321] [DEBUG] debug-file - App plugin prepare start...
[2026-06-23T17:55:37.322] [DEBUG] debug-file - App plugin prepare end...
[2026-06-23T17:55:37.322] [DEBUG] debug-file - App plugin creating...
[2026-06-23T17:55:37.326] [DEBUG] debug-file - App plugin register hook start...
[2026-06-23T17:55:37.326] [DEBUG] debug-file - App plugin register hook end...
[2026-06-23T17:55:37.326] [DEBUG] debug-file - Plugin build process completed
[2026-06-23T17:55:37.326] [DEBUG] debug-file - Start initialize project's product build option map with build mode debug.
[2026-06-23T17:55:37.326] [DEBUG] debug-file - Picking option from product 'default' with build mode 'debug'.
[2026-06-23T17:55:37.326] [DEBUG] debug-file - Product 'default' build option initialized
[2026-06-23T17:55:37.326] [DEBUG] debug-file - End initialize project's product build option map with build mode 'debug'.
[2026-06-23T17:55:37.327] [DEBUG] debug-file - Obtain build option for product 'default'in this build.
[2026-06-23T17:55:37.327] [DEBUG] debug-file - No signingConfig found, initRemoteHspCache failed.
[2026-06-23T17:55:37.330] [DEBUG] debug-file - Start recording SDK configuration permission data.
[2026-06-23T17:55:37.360] [DEBUG] debug-file - Sdk init in 32 ms 
[2026-06-23T17:55:37.365] [DEBUG] debug-file - Project task initialization takes 4 ms 
[2026-06-23T17:55:37.365] [DEBUG] debug-file - hvigorfile, resolve finished D:\HUAWEI\Lab2\Lab2\ndk-opengl-master\hvigorfile.ts
[2026-06-23T17:55:37.365] [DEBUG] debug-file - hvigorfile, resolving D:\HUAWEI\Lab2\Lab2\ndk-opengl-master\entry\hvigorfile.ts
[2026-06-23T17:55:37.370] [DEBUG] debug-file - hvigorfile, require result:  {}
[2026-06-23T17:55:37.370] [DEBUG] debug-file - hvigorfile, binding system plugins {}
[2026-06-23T17:55:37.370] [DEBUG] debug-file - Starting plugin build process
[2026-06-23T17:55:37.370] [DEBUG] debug-file - Hap plugin creating...
[2026-06-23T17:55:37.371] [DEBUG] debug-file - failed to load cangjie to dynamically generate schemas: Error: Cannot find module '@ohos/cangjie-build-support/index'
Require stack:
- D:\HUAWEI\DevEco\DevEco Studio\tools\hvigor\hvigor-ohos-plugin\src\plugin\hooks\cangjie-register.js
- D:\HUAWEI\DevEco\DevEco Studio\tools\hvigor\hvigor-ohos-plugin\src\plugin\strategy\stage-init-strategy.js
- D:\HUAWEI\DevEco\DevEco Studio\tools\hvigor\hvigor-ohos-plugin\src\plugin\builder\abstract-plugin-builder.js
- D:\HUAWEI\DevEco\DevEco Studio\tools\hvigor\hvigor-ohos-plugin\src\plugin\builder\app-plugin-builder.js
- D:\HUAWEI\DevEco\DevEco Studio\tools\hvigor\hvigor-ohos-plugin\src\plugin\factory\plugin-factory.js
- D:\HUAWEI\DevEco\DevEco Studio\tools\hvigor\hvigor-ohos-plugin\index.js
- D:\HUAWEI\Lab2\Lab2\ndk-opengl-master\hvigorfile.ts
- D:\HUAWEI\DevEco\DevEco Studio\tools\hvigor\hvigor\src\base\internal\lifecycle\configuration.js
- D:\HUAWEI\DevEco\DevEco Studio\tools\hvigor\hvigor\src\base\boot\index.js
- D:\HUAWEI\DevEco\DevEco Studio\tools\hvigor\hvigor\src\base\daemon\cluster\worker-process-lifecycle.js
- D:\HUAWEI\DevEco\DevEco Studio\tools\hvigor\hvigor\src\base\daemon\process\daemon-process-boot-script.js
[2026-06-23T17:55:37.373] [DEBUG] debug-file - Start initialize module-target build option map, moduleName=entry, buildMode=debug
[2026-06-23T17:55:37.373] [DEBUG] debug-file - Target 'default' config initialized
[2026-06-23T17:55:37.374] [DEBUG] debug-file - Module 'entry' target 'default' build option initialized
[2026-06-23T17:55:37.374] [DEBUG] debug-file - End initialize module-target build option map, moduleName=entry
[2026-06-23T17:55:37.374] [DEBUG] debug-file - Start initialize module-target build option map, moduleName=entry, buildMode=release
[2026-06-23T17:55:37.374] [DEBUG] debug-file - Target 'default' config initialized
[2026-06-23T17:55:37.374] [DEBUG] debug-file - Module 'entry' target 'default' build option initialized
[2026-06-23T17:55:37.374] [DEBUG] debug-file - End initialize module-target build option map, moduleName=entry
[2026-06-23T17:55:37.374] [DEBUG] debug-file - Start initialize module-target build option map, moduleName=entry, buildMode=debug
[2026-06-23T17:55:37.374] [DEBUG] debug-file - Target 'default' config initialized
[2026-06-23T17:55:37.375] [DEBUG] debug-file - Module 'entry' target 'default' build option initialized
[2026-06-23T17:55:37.375] [DEBUG] debug-file - End initialize module-target build option map, moduleName=entry
[2026-06-23T17:55:37.375] [DEBUG] debug-file - Obtain build option for module 'entry' target 'default'in this build.
[2026-06-23T17:55:37.376] [DEBUG] debug-file - Module entry task initialization takes 1 ms 
[2026-06-23T17:55:37.376] [DEBUG] debug-file - Hap plugin register hook start...
[2026-06-23T17:55:37.376] [DEBUG] debug-file - Hap plugin register hook end...
[2026-06-23T17:55:37.376] [DEBUG] debug-file - Plugin build process completed
[2026-06-23T17:55:37.376] [DEBUG] debug-file - hvigorfile, resolve finished D:\HUAWEI\Lab2\Lab2\ndk-opengl-master\entry\hvigorfile.ts
[2026-06-23T17:55:37.396] [DEBUG] debug-file - hvigorfile, resolve hvigorfile dependencies in 20 ms 
[2026-06-23T17:55:37.396] [DEBUG] debug-file - project has submodules:entry
[2026-06-23T17:55:37.398] [DEBUG] debug-file - start to load updatedOhPackageInfo to the disk
[2026-06-23T17:55:37.403] [DEBUG] debug-file - load to the disk finished
[2026-06-23T17:55:37.403] [DEBUG] debug-file - Start to initialize dependency information.
[2026-06-23T17:55:37.404] [DEBUG] debug-file - Module ndk-opengl-master Collected Dependency: 
[2026-06-23T17:55:37.404] [DEBUG] debug-file - Module ndk-opengl-master's total dependency: 0
[2026-06-23T17:55:37.405] [DEBUG] debug-file - Start to initialize dependency information.
[2026-06-23T17:55:37.407] [DEBUG] debug-file - Module entry Collected Dependency: 
[2026-06-23T17:55:37.407] [DEBUG] debug-file - Module entry's total dependency: 0
[2026-06-23T17:55:37.409] [DEBUG] debug-file - Configuration phase cost:94 ms 
[2026-06-23T17:55:37.410] [DEBUG] debug-file - Configuration task cost before running: 100 ms 
[2026-06-23T17:55:37.417] [DEBUG] debug-file - Executing task :entry:default@PreBuild
[2026-06-23T17:55:37.419] [DEBUG] debug-file - Task 'entry:default@PreBuild' cost while wrapping incremental declarations: 1 ms 
[2026-06-23T17:55:37.428] [DEBUG] debug-file - Incremental task entry:default@PreBuild pre-execution cost: 7 ms .
[2026-06-23T17:55:37.428] [DEBUG] debug-file - entry : default@PreBuild cost memory 0.6701889038085938
[2026-06-23T17:55:37.430] [INFO] debug-file - UP-TO-DATE :entry:default@PreBuild...  
[2026-06-23T17:55:37.431] [DEBUG] debug-file - Executing task :entry:default@ConfigureCmake
[2026-06-23T17:55:37.435] [DEBUG] debug-file - entry : default@ConfigureCmake cost memory -11.84783935546875
[2026-06-23T17:55:37.435] [DEBUG] debug-file - runTaskFromQueue task cost before running: 125 ms 
[2026-06-23T17:55:37.435] [INFO] debug-file - Finished :entry:default@ConfigureCmake... after 4 ms 
[2026-06-23T17:55:37.436] [DEBUG] debug-file - Executing task :entry:default@BuildNativeWithCmake
[2026-06-23T17:55:37.440] [DEBUG] debug-file - Use tool [Cmake]
 [
  'D:\\HUAWEI\\DevEco\\DevEco Studio\\sdk\\default\\openharmony\\native\\build-tools\\cmake\\bin\\cmake.exe',
  '-HD:\\HUAWEI\\Lab2\\Lab2\\ndk-opengl-master\\entry\\src\\main\\cpp',
  '-BD:\\HUAWEI\\Lab2\\Lab2\\ndk-opengl-master\\entry\\.cxx\\default\\default\\debug\\arm64-v8a',
  '-DOHOS_ARCH=arm64-v8a',
  '-DCMAKE_LIBRARY_OUTPUT_DIRECTORY=D:\\HUAWEI\\Lab2\\Lab2\\ndk-opengl-master\\entry\\build\\default\\intermediates\\cmake\\default\\obj\\arm64-v8a',
  '-DCMAKE_BUILD_TYPE=Debug',
  '-DOHOS_SDK_NATIVE=D:\\HUAWEI\\DevEco\\DevEco Studio\\sdk\\default\\openharmony\\native',
  '-DCMAKE_SYSTEM_NAME=OHOS',
  '-DCMAKE_OHOS_ARCH_ABI=arm64-v8a',
  '-DCMAKE_EXPORT_COMPILE_COMMANDS=ON',
  '-DCMAKE_TOOLCHAIN_FILE=D:\\HUAWEI\\DevEco\\DevEco Studio\\sdk\\default\\hms\\native\\build\\cmake\\hmos.toolchain.cmake',
  '-GNinja',
  '-DCMAKE_MAKE_PROGRAM=D:\\HUAWEI\\DevEco\\DevEco Studio\\sdk\\default\\openharmony\\native\\build-tools\\cmake\\bin\\ninja.exe',
  '-DCMAKE_FIND_ROOT_PATH=D:\\HUAWEI\\Lab2\\Lab2\\ndk-opengl-master\\entry\\.cxx\\default\\default\\debug\\hvigor\\arm64-v8a',
  '-DPACKAGE_FIND_FILE=D:\\HUAWEI\\Lab2\\Lab2\\ndk-opengl-master\\entry\\.cxx\\default\\default\\debug\\hvigor\\arm64-v8a\\summary.cmake',
  '--no-warn-unused-cli',
  '-DHMOS_SDK_NATIVE=D:\\HUAWEI\\DevEco\\DevEco Studio\\sdk\\default\\hms\\native'
]
[2026-06-23T17:55:37.448] [DEBUG] debug-file - CMake configuration was up-to-date
[2026-06-23T17:55:37.453] [DEBUG] debug-file - Use tool [Cmake]
 [
  'D:\\HUAWEI\\DevEco\\DevEco Studio\\sdk\\default\\openharmony\\native\\build-tools\\cmake\\bin\\cmake.exe',
  '-HD:\\HUAWEI\\Lab2\\Lab2\\ndk-opengl-master\\entry\\src\\main\\cpp',
  '-BD:\\HUAWEI\\Lab2\\Lab2\\ndk-opengl-master\\entry\\.cxx\\default\\default\\debug\\x86_64',
  '-DOHOS_ARCH=x86_64',
  '-DCMAKE_LIBRARY_OUTPUT_DIRECTORY=D:\\HUAWEI\\Lab2\\Lab2\\ndk-opengl-master\\entry\\build\\default\\intermediates\\cmake\\default\\obj\\x86_64',
  '-DCMAKE_BUILD_TYPE=Debug',
  '-DOHOS_SDK_NATIVE=D:\\HUAWEI\\DevEco\\DevEco Studio\\sdk\\default\\openharmony\\native',
  '-DCMAKE_SYSTEM_NAME=OHOS',
  '-DCMAKE_OHOS_ARCH_ABI=x86_64',
  '-DCMAKE_EXPORT_COMPILE_COMMANDS=ON',
  '-DCMAKE_TOOLCHAIN_FILE=D:\\HUAWEI\\DevEco\\DevEco Studio\\sdk\\default\\hms\\native\\build\\cmake\\hmos.toolchain.cmake',
  '-GNinja',
  '-DCMAKE_MAKE_PROGRAM=D:\\HUAWEI\\DevEco\\DevEco Studio\\sdk\\default\\openharmony\\native\\build-tools\\cmake\\bin\\ninja.exe',
  '-DCMAKE_FIND_ROOT_PATH=D:\\HUAWEI\\Lab2\\Lab2\\ndk-opengl-master\\entry\\.cxx\\default\\default\\debug\\hvigor\\x86_64',
  '-DPACKAGE_FIND_FILE=D:\\HUAWEI\\Lab2\\Lab2\\ndk-opengl-master\\entry\\.cxx\\default\\default\\debug\\hvigor\\x86_64\\summary.cmake',
  '--no-warn-unused-cli',
  '-DHMOS_SDK_NATIVE=D:\\HUAWEI\\DevEco\\DevEco Studio\\sdk\\default\\hms\\native'
]
[2026-06-23T17:55:37.461] [DEBUG] debug-file - CMake configuration was up-to-date
[2026-06-23T17:55:37.464] [DEBUG] debug-file - entry : default@BuildNativeWithCmake cost memory 1.05816650390625
[2026-06-23T17:55:37.464] [DEBUG] debug-file - runTaskFromQueue task cost before running: 154 ms 
[2026-06-23T17:55:37.464] [INFO] debug-file - Finished :entry:default@BuildNativeWithCmake... after 28 ms 
[2026-06-23T17:55:37.465] [DEBUG] debug-file - Executing task :entry:compileNative
[2026-06-23T17:55:37.465] [DEBUG] debug-file - entry : compileNative cost memory 0.0128631591796875
[2026-06-23T17:55:37.465] [DEBUG] debug-file - runTaskFromQueue task cost before running: 155 ms 
[2026-06-23T17:55:37.465] [INFO] debug-file - Finished :entry:compileNative... after 1 ms 
[2026-06-23T17:55:37.473] [INFO] debug-file - BUILD SUCCESSFUL in 163 ms 
[2026-06-23T17:55:37.473] [DEBUG] debug-file - There is no need to refresh cache, since the incremental task entry:default@PreBuild is up-to-date.
[2026-06-23T17:55:37.491] [DEBUG] debug-file - There's no busy workers and idle workers need cleanup.
[2026-06-23T17:55:37.492] [DEBUG] debug-file - hvigor build process will be closed.
[2026-06-23T17:55:37.500] [DEBUG] debug-file - session manager: send message to worker process.
[2026-06-23T17:55:37.501] [DEBUG] debug-file - session manager: send message to worker process.
[2026-06-23T17:55:37.501] [DEBUG] debug-file - watch worker: worker id should be larger than 0. Nothing will be sent to any worker thread.
[2026-06-23T17:55:37.501] [DEBUG] debug-file - watch worker: worker id should be larger than 0. Nothing will be sent to any worker thread.
